[10dic2025 19:46:01.066] [main/INFO] [cpw.mods.modlauncher.Launcher/MODLAUNCHER]: ModLauncher running: args [--mod, pipezretriever, --all, --output, /Users/joshua.morotti/dev/personal/pipezretriever/src/generated/resources, --existing, /Users/joshua.morotti/dev/personal/pipezretriever/src/main/resources, --launchTarget, forgedatauserdev, --assetIndex, asset-index, --assetsDir, /Users/joshua.morotti/.gradle/caches/minecraft/assets, --gameDir, ., --fml.neoForgeVersion, 21.1.77, --fml.fmlVersion, 4.0.31, --fml.mcVersion, 1.21.1, --fml.neoFormVersion, 20240808.144430]
[10dic2025 19:46:01.067] [main/INFO] [cpw.mods.modlauncher.Launcher/MODLAUNCHER]: JVM identified as Microsoft OpenJDK 64-Bit Server VM 21.0.9+10-LTS
[10dic2025 19:46:01.068] [main/INFO] [cpw.mods.modlauncher.Launcher/MODLAUNCHER]: ModLauncher 11.0.4+main.d2e20e43 starting: java version 21.0.9 by Microsoft; OS Mac OS X arch aarch64 version 15.7.2
[10dic2025 19:46:01.080] [main/DEBUG] [cpw.mods.modlauncher.LaunchServiceHandler/MODLAUNCHER]: Found launch services [minecraft,forgeclient,forgedatauserdev,testharness,forgeserverdev,forgeserveruserdev,forgejunitdev,forgeclientdev,forgeclientuserdev,forgeserver,forgejunituserdev,forgedatadev]
[10dic2025 19:46:01.094] [main/DEBUG] [cpw.mods.modlauncher.LaunchPluginHandler/MODLAUNCHER]: Found launch plugins: [mixin,slf4jfixer,runtime_enum_extender,accesstransformer,runtimedistcleaner]
[10dic2025 19:46:01.099] [main/DEBUG] [cpw.mods.modlauncher.TransformationServicesHandler/MODLAUNCHER]: Discovering transformation services
[10dic2025 19:46:01.101] [main/DEBUG] [net.neoforged.fml.loading.FMLPaths/CORE]: Path GAMEDIR is /Users/joshua.morotti/dev/personal/pipezretriever/runs/data
[10dic2025 19:46:01.101] [main/DEBUG] [net.neoforged.fml.loading.FMLPaths/CORE]: Path MODSDIR is /Users/joshua.morotti/dev/personal/pipezretriever/runs/data/mods
[10dic2025 19:46:01.101] [main/DEBUG] [net.neoforged.fml.loading.FMLPaths/CORE]: Path CONFIGDIR is /Users/joshua.morotti/dev/personal/pipezretriever/runs/data/config
[10dic2025 19:46:01.101] [main/DEBUG] [net.neoforged.fml.loading.FMLPaths/CORE]: Path FMLCONFIG is /Users/joshua.morotti/dev/personal/pipezretriever/runs/data/config/fml.toml
[10dic2025 19:46:01.122] [main/WARN] [net.neoforged.fml.loading.FMLConfig/CORE]: Configuration file /Users/joshua.morotti/dev/personal/pipezretriever/runs/data/config/fml.toml is not correct. Correcting
[10dic2025 19:46:01.123] [main/INFO] [net.neoforged.fml.loading.FMLConfig/CORE]: Incorrect key [disableConfigWatcher] was corrected from null to false
[10dic2025 19:46:01.124] [main/INFO] [net.neoforged.fml.loading.FMLConfig/CORE]: Incorrect key [earlyWindowSkipGLVersions] was corrected from null to []
[10dic2025 19:46:01.124] [main/INFO] [net.neoforged.fml.loading.FMLConfig/CORE]: Incorrect key [earlyWindowSquir] was corrected from null to false
[10dic2025 19:46:01.131] [main/TRACE] [net.neoforged.fml.loading.FMLConfig/CORE]: Loaded FML config from /Users/joshua.morotti/dev/personal/pipezretriever/runs/data/config/fml.toml
[10dic2025 19:46:01.131] [main/TRACE] [net.neoforged.fml.loading.FMLConfig/CORE]: FMLConfig disableConfigWatcher is false
[10dic2025 19:46:01.131] [main/TRACE] [net.neoforged.fml.loading.FMLConfig/CORE]: FMLConfig earlyWindowControl is true
[10dic2025 19:46:01.131] [main/TRACE] [net.neoforged.fml.loading.FMLConfig/CORE]: FMLConfig maxThreads is 10
[10dic2025 19:46:01.131] [main/TRACE] [net.neoforged.fml.loading.FMLConfig/CORE]: FMLConfig versionCheck is true
[10dic2025 19:46:01.131] [main/TRACE] [net.neoforged.fml.loading.FMLConfig/CORE]: FMLConfig defaultConfigPath is defaultconfigs
[10dic2025 19:46:01.131] [main/TRACE] [net.neoforged.fml.loading.FMLConfig/CORE]: FMLConfig disableOptimizedDFU is true
[10dic2025 19:46:01.131] [main/TRACE] [net.neoforged.fml.loading.FMLConfig/CORE]: FMLConfig earlyWindowProvider is fmlearlywindow
[10dic2025 19:46:01.131] [main/TRACE] [net.neoforged.fml.loading.FMLConfig/CORE]: FMLConfig earlyWindowWidth is 854
[10dic2025 19:46:01.131] [main/TRACE] [net.neoforged.fml.loading.FMLConfig/CORE]: FMLConfig earlyWindowHeight is 480
[10dic2025 19:46:01.131] [main/TRACE] [net.neoforged.fml.loading.FMLConfig/CORE]: FMLConfig earlyWindowFBScale is 1
[10dic2025 19:46:01.131] [main/TRACE] [net.neoforged.fml.loading.FMLConfig/CORE]: FMLConfig earlyWindowMaximized is false
[10dic2025 19:46:01.132] [main/TRACE] [net.neoforged.fml.loading.FMLConfig/CORE]: FMLConfig earlyWindowSkipGLVersions is []
[10dic2025 19:46:01.132] [main/TRACE] [net.neoforged.fml.loading.FMLConfig/CORE]: FMLConfig earlyWindowSquir is false
[10dic2025 19:46:01.137] [main/DEBUG] [net.neoforged.fml.loading.targets.CommonLaunchHandler/CORE]: Got mod coordinates pipezretriever%%/Users/joshua.morotti/dev/personal/pipezretriever/build/resources/main:pipezretriever%%/Users/joshua.morotti/dev/personal/pipezretriever/build/classes/java/main from env
[10dic2025 19:46:01.138] [main/DEBUG] [net.neoforged.fml.loading.targets.CommonLaunchHandler/CORE]: Found supplied mod coordinates [{pipezretriever=[/Users/joshua.morotti/dev/personal/pipezretriever/build/resources/main, /Users/joshua.morotti/dev/personal/pipezretriever/build/classes/java/main]}]
[10dic2025 19:46:01.139] [main/DEBUG] [cpw.mods.modlauncher.TransformationServicesHandler/MODLAUNCHER]: Found additional transformation services from discovery services: 
[10dic2025 19:46:01.143] [main/INFO] [net.neoforged.fml.loading.ImmediateWindowHandler/]: ImmediateWindowProvider not loading because launch target is forgedatauserdev
[10dic2025 19:46:01.148] [main/DEBUG] [cpw.mods.modlauncher.TransformationServicesHandler/MODLAUNCHER]: Found transformer services : [mixin,fml]
[10dic2025 19:46:01.148] [main/DEBUG] [cpw.mods.modlauncher.TransformationServicesHandler/MODLAUNCHER]: Transformation services loading
[10dic2025 19:46:01.148] [main/DEBUG] [cpw.mods.modlauncher.TransformationServiceDecorator/MODLAUNCHER]: Loading service mixin
[10dic2025 19:46:01.149] [main/DEBUG] [cpw.mods.modlauncher.TransformationServiceDecorator/MODLAUNCHER]: Loaded service mixin
[10dic2025 19:46:01.149] [main/DEBUG] [cpw.mods.modlauncher.TransformationServiceDecorator/MODLAUNCHER]: Loading service fml
[10dic2025 19:46:01.149] [main/DEBUG] [net.neoforged.fml.loading.FMLLoader/CORE]: FML 4.0.31 loading
[10dic2025 19:46:01.149] [main/DEBUG] [net.neoforged.fml.loading.FMLLoader/CORE]: FML found ModLauncher version : 11.0.4+main.d2e20e43
[10dic2025 19:46:01.149] [main/DEBUG] [net.neoforged.fml.loading.FMLLoader/CORE]: FML found AccessTransformer version : 10.0.1+139da711
[10dic2025 19:46:01.149] [main/DEBUG] [net.neoforged.fml.loading.FMLLoader/CORE]: FML found EventBus version : null
[10dic2025 19:46:01.149] [main/DEBUG] [net.neoforged.fml.loading.FMLLoader/CORE]: Found Runtime Dist Cleaner
[10dic2025 19:46:01.149] [main/DEBUG] [cpw.mods.modlauncher.TransformationServiceDecorator/MODLAUNCHER]: Loaded service fml
[10dic2025 19:46:01.150] [main/DEBUG] [cpw.mods.modlauncher.TransformationServicesHandler/MODLAUNCHER]: Configuring option handling for services
[10dic2025 19:46:01.159] [main/DEBUG] [net.neoforged.fml.loading.FMLServiceProvider/CORE]: Received command line version data  : VersionInfo[neoForgeVersion=21.1.77, fmlVersion=4.0.31, mcVersion=1.21.1, neoFormVersion=20240808.144430]
[10dic2025 19:46:01.159] [main/DEBUG] [cpw.mods.modlauncher.TransformationServicesHandler/MODLAUNCHER]: Transformation services initializing
[10dic2025 19:46:01.160] [main/DEBUG] [cpw.mods.modlauncher.TransformationServiceDecorator/MODLAUNCHER]: Initializing transformation service mixin
[10dic2025 19:46:01.167] [main/DEBUG] [mixin/]: MixinService [ModLauncher] was successfully booted in cpw.mods.cl.ModuleClassLoader@43738a82
[10dic2025 19:46:01.176] [main/INFO] [mixin/]: SpongePowered MIXIN Subsystem Version=0.8.7 Source=union:/Users/joshua.morotti/.gradle/caches/modules-2/files-2.1/net.fabricmc/sponge-mixin/0.15.2+mixin.0.8.7/2af2f021d8e02a0220dc27a7a72b4666d66d44ca/sponge-mixin-0.15.2+mixin.0.8.7.jar%23127!/ Service=ModLauncher Env=CLIENT
[10dic2025 19:46:01.183] [main/DEBUG] [mixin/]: Initialising Mixin Platform Manager
[10dic2025 19:46:01.183] [main/DEBUG] [mixin/]: Adding mixin platform agents for container ModLauncher Root Container(ModLauncher:4f56a0a2)
[10dic2025 19:46:01.183] [main/DEBUG] [mixin/]: Instancing new MixinPlatformAgentMinecraftForge for ModLauncher Root Container(ModLauncher:4f56a0a2)
[10dic2025 19:46:01.184] [main/DEBUG] [mixin/]: MixinPlatformAgentMinecraftForge rejected container ModLauncher Root Container(ModLauncher:4f56a0a2)
[10dic2025 19:46:01.184] [main/DEBUG] [mixin/]: Instancing new MixinPlatformAgentDefault for ModLauncher Root Container(ModLauncher:4f56a0a2)
[10dic2025 19:46:01.184] [main/DEBUG] [mixin/]: MixinPlatformAgentDefault accepted container ModLauncher Root Container(ModLauncher:4f56a0a2)
[10dic2025 19:46:01.185] [main/DEBUG] [cpw.mods.modlauncher.TransformationServiceDecorator/MODLAUNCHER]: Initialized transformation service mixin
[10dic2025 19:46:01.185] [main/DEBUG] [cpw.mods.modlauncher.TransformationServiceDecorator/MODLAUNCHER]: Initializing transformation service fml
[10dic2025 19:46:01.185] [main/DEBUG] [net.neoforged.fml.loading.FMLServiceProvider/CORE]: Setting up basic FML game directories
[10dic2025 19:46:01.186] [main/DEBUG] [net.neoforged.fml.loading.FMLPaths/CORE]: Path GAMEDIR is /Users/joshua.morotti/dev/personal/pipezretriever/runs/data
[10dic2025 19:46:01.186] [main/DEBUG] [net.neoforged.fml.loading.FMLPaths/CORE]: Path MODSDIR is /Users/joshua.morotti/dev/personal/pipezretriever/runs/data/mods
[10dic2025 19:46:01.186] [main/DEBUG] [net.neoforged.fml.loading.FMLPaths/CORE]: Path CONFIGDIR is /Users/joshua.morotti/dev/personal/pipezretriever/runs/data/config
[10dic2025 19:46:01.186] [main/DEBUG] [net.neoforged.fml.loading.FMLPaths/CORE]: Path FMLCONFIG is /Users/joshua.morotti/dev/personal/pipezretriever/runs/data/config/fml.toml
[10dic2025 19:46:01.186] [main/DEBUG] [net.neoforged.fml.loading.FMLServiceProvider/CORE]: Loading configuration
[10dic2025 19:46:01.187] [main/TRACE] [net.neoforged.fml.loading.FMLConfig/CORE]: Loaded FML config from /Users/joshua.morotti/dev/personal/pipezretriever/runs/data/config/fml.toml
[10dic2025 19:46:01.187] [main/TRACE] [net.neoforged.fml.loading.FMLConfig/CORE]: FMLConfig disableConfigWatcher is false
[10dic2025 19:46:01.187] [main/TRACE] [net.neoforged.fml.loading.FMLConfig/CORE]: FMLConfig earlyWindowControl is true
[10dic2025 19:46:01.187] [main/TRACE] [net.neoforged.fml.loading.FMLConfig/CORE]: FMLConfig maxThreads is 10
[10dic2025 19:46:01.187] [main/TRACE] [net.neoforged.fml.loading.FMLConfig/CORE]: FMLConfig versionCheck is true
[10dic2025 19:46:01.187] [main/TRACE] [net.neoforged.fml.loading.FMLConfig/CORE]: FMLConfig defaultConfigPath is defaultconfigs
[10dic2025 19:46:01.187] [main/TRACE] [net.neoforged.fml.loading.FMLConfig/CORE]: FMLConfig disableOptimizedDFU is true
[10dic2025 19:46:01.188] [main/TRACE] [net.neoforged.fml.loading.FMLConfig/CORE]: FMLConfig earlyWindowProvider is fmlearlywindow
[10dic2025 19:46:01.188] [main/TRACE] [net.neoforged.fml.loading.FMLConfig/CORE]: FMLConfig earlyWindowWidth is 854
[10dic2025 19:46:01.188] [main/TRACE] [net.neoforged.fml.loading.FMLConfig/CORE]: FMLConfig earlyWindowHeight is 480
[10dic2025 19:46:01.188] [main/TRACE] [net.neoforged.fml.loading.FMLConfig/CORE]: FMLConfig earlyWindowFBScale is 1
[10dic2025 19:46:01.188] [main/TRACE] [net.neoforged.fml.loading.FMLConfig/CORE]: FMLConfig earlyWindowMaximized is false
[10dic2025 19:46:01.188] [main/TRACE] [net.neoforged.fml.loading.FMLConfig/CORE]: FMLConfig earlyWindowSkipGLVersions is []
[10dic2025 19:46:01.188] [main/TRACE] [net.neoforged.fml.loading.FMLConfig/CORE]: FMLConfig earlyWindowSquir is false
[10dic2025 19:46:01.189] [main/DEBUG] [net.neoforged.fml.loading.LaunchContext/SCAN]: Located paths when launch context was created: [/Users/joshua.morotti/.gradle/caches/modules-2/files-2.1/org.lwjgl/lwjgl-jemalloc/3.3.3/b543467b7ff3c6920539a88ee602d34098628be5/lwjgl-jemalloc-3.3.3.jar, /Users/joshua.morotti/.gradle/caches/modules-2/files-2.1/org.lwjgl/lwjgl-freetype/3.3.3/a0db6c84a8becc8ca05f9dbfa985edc348a824c7/lwjgl-freetype-3.3.3.jar, /Users/joshua.morotti/.gradle/caches/modules-2/files-2.1/net.sf.jopt-simple/jopt-simple/5.0.4/4fdac2fbe92dfad86aa6e9301736f6b4342a3f5c/jopt-simple-5.0.4.jar, /Users/joshua.morotti/.gradle/caches/modules-2/files-2.1/org.lwjgl/lwjgl-stb/3.3.3/25dd6161988d7e65f71d5065c99902402ee32746/lwjgl-stb-3.3.3.jar, /Users/joshua.morotti/.gradle/caches/modules-2/files-2.1/com.google.code.findbugs/jsr305/3.0.2/25ea2e8b0c338a877313bd4672d3fe056ea78f0d/jsr305-3.0.2.jar, /Users/joshua.morotti/.gradle/caches/modules-2/files-2.1/it.unimi.dsi/fastutil/8.5.12/c24946d46824bd528054bface3231d2ecb7e95e8/fastutil-8.5.12.jar, /Users/joshua.morotti/.gradle/caches/modules-2/files-2.1/com.mojang/patchy/2.2.10/da05971b07cbb379d002cf7eaec6a2048211fefc/patchy-2.2.10.jar, /Users/joshua.morotti/.gradle/caches/modules-2/files-2.1/org.apache.logging.log4j/log4j-core/2.22.1/7183a25510a02ad00cc6a95d3b3d2a7d3c5a8dc4/log4j-core-2.22.1.jar, /Users/joshua.morotti/.gradle/caches/modules-2/files-2.1/net.java.dev.jna/jna/5.14.0/67bf3eaea4f0718cb376a181a629e5f88fa1c9dd/jna-5.14.0.jar, /Users/joshua.morotti/.gradle/caches/modules-2/files-2.1/org.lz4/lz4-java/1.8.0/4b986a99445e49ea5fbf5d149c4b63f6ed6c6780/lz4-java-1.8.0.jar, /Users/joshua.morotti/.gradle/caches/modules-2/files-2.1/org.openjdk.nashorn/nashorn-core/15.4/f67f5ffaa5f5130cf6fb9b133da00c7df3b532a5/nashorn-core-15.4.jar, /Users/joshua.morotti/.gradle/caches/modules-2/files-2.1/org.lwjgl/lwjgl-tinyfd/3.3.3/82d755ca94b102e9ca77283b9e2dc46d1b15fbe5/lwjgl-tinyfd-3.3.3.jar, /Users/joshua.morotti/.gradle/caches/modules-2/files-2.1/io.netty/netty-resolver/4.1.97.Final/cec8348108dc76c47cf87c669d514be52c922144/netty-resolver-4.1.97.Final.jar, /Users/joshua.morotti/.gradle/caches/modules-2/files-2.1/net.neoforged/accesstransformers/10.0.1/fd83b5725f76eae9115e9355fa1c456a6a441400/accesstransformers-10.0.1.jar, /Users/joshua.morotti/.gradle/caches/modules-2/files-2.1/org.apache.logging.log4j/log4j-slf4j2-impl/2.22.1/d7e6693c2606cb7e7335047d7bb96dec52db5665/log4j-slf4j2-impl-2.22.1.jar, /Users/joshua.morotti/.gradle/caches/modules-2/files-2.1/commons-logging/commons-logging/1.2/4bfc12adfe4842bf07b657f0369c4cb522955686/commons-logging-1.2.jar, /Users/joshua.morotti/.gradle/caches/modules-2/files-2.1/net.minecraftforge/srgutils/0.4.15/ca408b131759478f164e010fae0d73997e125fb5/srgutils-0.4.15.jar, /Users/joshua.morotti/.gradle/caches/modules-2/files-2.1/org.jetbrains/annotations/24.1.0/7af6a669488450c4a07c2c3254e2151df42d7d04/annotations-24.1.0.jar, /Users/joshua.morotti/.gradle/caches/modules-2/files-2.1/io.netty/netty-transport-classes-epoll/4.1.97.Final/795da37ded759e862457a82d9d92c4d39ce8ecee/netty-transport-classes-epoll-4.1.97.Final.jar, /Users/joshua.morotti/.gradle/caches/modules-2/files-2.1/commons-io/commons-io/2.15.1/f11560da189ab563a5c8e351941415430e9304ea/commons-io-2.15.1.jar, /Users/joshua.morotti/.gradle/caches/modules-2/files-2.1/org.antlr/antlr4-runtime/4.13.1/17125bae1d965624e265ef49552f6465a2bfa307/antlr4-runtime-4.13.1.jar, /Users/joshua.morotti/.gradle/caches/modules-2/files-2.1/com.mojang/brigadier/1.3.10/d15b53a14cf20fdcaa98f731af5dda654452c010/brigadier-1.3.10.jar, /Users/joshua.morotti/.gradle/caches/modules-2/files-2.1/com.electronwill.night-config/toml/3.8.0/861dbcf2757dd6701c98b3949198549ccb5f62ff/toml-3.8.0.jar, /Users/joshua.morotti/.gradle/caches/modules-2/files-2.1/net.neoforged/JarJarMetadata/0.4.1/f8da03683dc81694556dc3e177c5e3bb77ae6fcb/JarJarMetadata-0.4.1.jar, /Users/joshua.morotti/.gradle/caches/modules-2/files-2.1/com.google.j2objc/j2objc-annotations/2.8/c85270e307e7b822f1086b93689124b89768e273/j2objc-annotations-2.8.jar, /Users/joshua.morotti/.gradle/caches/modules-2/files-2.1/net.neoforged/JarJarSelector/0.4.1/fb3cc7a58af22ad2880adb98af6d518128c47dae/JarJarSelector-0.4.1.jar, /Users/joshua.morotti/.gradle/caches/modules-2/files-2.1/org.jline/jline-reader/3.20.0/8f15415b022a25b473e8e16c28ae913186ffb9c4/jline-reader-3.20.0.jar, /Users/joshua.morotti/.gradle/caches/modules-2/files-2.1/io.netty/netty-codec/4.1.97.Final/384ba4d75670befbedb45c4d3b497a93639c206d/netty-codec-4.1.97.Final.jar, /Users/joshua.morotti/.gradle/caches/modules-2/files-2.1/org.jline/jline-terminal/3.20.0/d0ddcc708ddf527a3454c941b7b9225cc83a15ff/jline-terminal-3.20.0.jar, /Users/joshua.morotti/.gradle/caches/modules-2/files-2.1/io.netty/netty-common/4.1.97.Final/7cceacaf11df8dc63f23d0fb58e9d4640fc88404/netty-common-4.1.97.Final.jar, /Users/joshua.morotti/.gradle/caches/modules-2/files-2.1/net.neoforged/neoform/1.21.1-20240808.144430/811e2bd86fa2cda2812e5e8e51d718ea8bd6d3f4/neoform-1.21.1-20240808.144430.zip, /Users/joshua.morotti/.gradle/caches/modules-2/files-2.1/net.java.dev.jna/jna-platform/5.14.0/28934d48aed814f11e4c584da55c49fa7032b31b/jna-platform-5.14.0.jar, /Users/joshua.morotti/.gradle/caches/modules-2/files-2.1/org.slf4j/slf4j-api/2.0.9/7cf2726fdcfbc8610f9a71fb3ed639871f315340/slf4j-api-2.0.9.jar, /Users/joshua.morotti/.gradle/caches/modules-2/files-2.1/com.mojang/datafixerupper/8.0.16/67d4de6d7f95d89bcf5862995fb854ebaec02a34/datafixerupper-8.0.16.jar, /Users/joshua.morotti/.gradle/caches/modules-2/files-2.1/org.lwjgl/lwjgl/3.3.3/29589b5f87ed335a6c7e7ee6a5775f81f97ecb84/lwjgl-3.3.3.jar, /Users/joshua.morotti/.gradle/caches/modules-2/files-2.1/com.google.guava/guava/32.1.2-jre/5e64ec7e056456bef3a4bc4c6fdaef71e8ab6318/guava-32.1.2-jre.jar, /Users/joshua.morotti/.gradle/caches/modules-2/files-2.1/net.minecrell/terminalconsoleappender/1.3.0/b562e9bb61235c9520e26282cdee71f8f802d1fc/terminalconsoleappender-1.3.0.jar, /Users/joshua.morotti/.gradle/caches/modules-2/files-2.1/com.mojang/logging/1.2.7/24cb95ffb0e3433fd6e844c04e68009e504ca1c0/logging-1.2.7.jar, /Users/joshua.morotti/.gradle/caches/modules-2/files-2.1/com.mojang/text2speech/1.17.9/3cad216e3a7f0c19b4b394388bc9ffc446f13b14/text2speech-1.17.9.jar, /Users/joshua.morotti/.gradle/caches/modules-2/files-2.1/org.lwjgl/lwjgl-tinyfd/3.3.3/406feedb977372085a61eb0fee358183f4f4c67a/lwjgl-tinyfd-3.3.3-natives-macos-arm64.jar, /Users/joshua.morotti/.gradle/caches/modules-2/files-2.1/com.machinezoo.noexception/noexception/1.7.1/b65330c98e38a1f915fa54a6e5eca496505e3f0a/noexception-1.7.1.jar, /Users/joshua.morotti/.gradle/caches/modules-2/files-2.1/com.google.guava/failureaccess/1.0.1/1dcf1de382a0bf95a3d8b0849546c88bac1292c9/failureaccess-1.0.1.jar, /Users/joshua.morotti/.gradle/caches/modules-2/files-2.1/com.ibm.icu/icu4j/73.2/61ad4ef7f9131fcf6d25c34b817f90d6da06c9e9/icu4j-73.2.jar, /Users/joshua.morotti/.gradle/caches/modules-2/files-2.1/io.netty/netty-transport/4.1.97.Final/f37380d23c9bb079bc702910833b2fd532c9abd0/netty-transport-4.1.97.Final.jar, /Users/joshua.morotti/.gradle/caches/modules-2/files-2.1/net.neoforged/bus/8.0.2/163c9ef7c4bcca6d850c34e95261b606af91fe06/bus-8.0.2.jar, /Users/joshua.morotti/.gradle/caches/modules-2/files-2.1/org.joml/joml/1.10.5/22566d58af70ad3d72308bab63b8339906deb649/joml-1.10.5.jar, /Users/joshua.morotti/.gradle/caches/modules-2/files-2.1/com.github.oshi/oshi-core/6.4.10/b1d8ab82d11d92fd639b56d639f8f46f739dd5fa/oshi-core-6.4.10.jar, /Users/joshua.morotti/.gradle/caches/modules-2/files-2.1/org.lwjgl/lwjgl-openal/3.3.3/daada81ceb5fc0c291fbfdd4433cb8d9423577f2/lwjgl-openal-3.3.3.jar, /Users/joshua.morotti/.gradle/caches/modules-2/files-2.1/commons-codec/commons-codec/1.16.0/4e3eb3d79888d76b54e28b350915b5dc3919c9de/commons-codec-1.16.0.jar, /Users/joshua.morotti/.gradle/caches/modules-2/files-2.1/cpw.mods/modlauncher/11.0.4/6619d4812a3c092310d521ebc4c9503727563df7/modlauncher-11.0.4.jar, /Users/joshua.morotti/.gradle/caches/modules-2/files-2.1/com.electronwill.night-config/core/3.8.0/2498dd2b3120dd49e963e2feab8fa5d0c5f80e0a/core-3.8.0.jar, /Users/joshua.morotti/.gradle/caches/modules-2/files-2.1/net.fabricmc/sponge-mixin/0.15.2+mixin.0.8.7/2af2f021d8e02a0220dc27a7a72b4666d66d44ca/sponge-mixin-0.15.2+mixin.0.8.7.jar, /Users/joshua.morotti/.gradle/caches/modules-2/files-2.1/net.neoforged.fancymodloader/loader/4.0.31/3218703063e576c5c1f3edcccc1f3c06cb95bf48/loader-4.0.31.jar, /Users/joshua.morotti/.gradle/caches/modules-2/files-2.1/net.jodah/typetools/0.6.3/a01aaa6ddaea9ec07ec4f209487b7a46a526283a/typetools-0.6.3.jar, /Users/joshua.morotti/.gradle/caches/modules-2/files-2.1/net.neoforged.fancymodloader/earlydisplay/4.0.31/1aa78304adfb2e2830f6aa99d9c6bdebf0b14e0/earlydisplay-4.0.31.jar, /Users/joshua.morotti/.gradle/caches/modules-2/files-2.1/ca.weblite/java-objc-bridge/1.1/1227f9e0666314f9de41477e3ec277e542ed7f7b/java-objc-bridge-1.1.jar, /Users/joshua.morotti/.gradle/caches/modules-2/files-2.1/com.google.code.gson/gson/2.10.1/b3add478d4382b78ea20b1671390a858002feb6c/gson-2.10.1.jar, /Users/joshua.morotti/.gradle/caches/modules-2/files-2.1/org.apache.commons/commons-compress/1.26.0/659feffdd12280201c8aacb8f7be94f9a883c824/commons-compress-1.26.0.jar, /Users/joshua.morotti/.gradle/caches/modules-2/files-2.1/com.mojang/blocklist/1.0.10/5c685c5ffa94c4cd39496c7184c1d122e515ecef/blocklist-1.0.10.jar, /Users/joshua.morotti/.gradle/caches/modules-2/files-2.1/org.lwjgl/lwjgl-glfw/3.3.3/efa1eb78c5ccd840e9f329717109b5e892d72f8e/lwjgl-glfw-3.3.3.jar, /Users/joshua.morotti/.gradle/caches/modules-2/files-2.1/org.lwjgl/lwjgl-opengl/3.3.3/1bd45997551ae8a28469f3a2b678f4b7289e12c0/lwjgl-opengl-3.3.3-natives-macos.jar, /Users/joshua.morotti/.gradle/caches/modules-2/files-2.1/com.mojang/authlib/6.0.54/de8bc95660e1b2fe8793fd427a7a10dcec5b3ea7/authlib-6.0.54.jar, /Users/joshua.morotti/.gradle/caches/modules-2/files-2.1/org.lwjgl/lwjgl-jemalloc/3.3.3/2906637657a57579847238c9c72d2c4bde7083f8/lwjgl-jemalloc-3.3.3-natives-macos.jar, /Users/joshua.morotti/.gradle/caches/modules-2/files-2.1/org.apache.maven/maven-artifact/3.8.5/4433f50c07debefaed0553bd0068f4f48d449313/maven-artifact-3.8.5.jar, /Users/joshua.morotti/.gradle/caches/modules-2/files-2.1/org.apache.commons/commons-lang3/3.14.0/1ed471194b02f2c6cb734a0cd6f6f107c673afae/commons-lang3-3.14.0.jar, /Users/joshua.morotti/.gradle/caches/modules-2/files-2.1/org.lwjgl/lwjgl-freetype/3.3.3/b0a8c9baa9d1f54ac61e1ab9640c7659e7fa700c/lwjgl-freetype-3.3.3-natives-macos-arm64.jar, /Users/joshua.morotti/dev/personal/pipezretriever/.gradle/repositories/ng_dummy_ng/net/minecraft/client/1.21.1/client-1.21.1-client-extra.jar, /Users/joshua.morotti/.gradle/caches/modules-2/files-2.1/net.neoforged/mergetool/2.0.3/1275202cbbb248f49345cf6787ce299afd9a02fb/mergetool-2.0.3-api.jar, /Users/joshua.morotti/.gradle/caches/modules-2/files-2.1/org.lwjgl/lwjgl-glfw/3.3.3/a1bf400f6bc64e6195596cb1430dafda46090751/lwjgl-glfw-3.3.3-natives-macos.jar, /Users/joshua.morotti/.gradle/caches/modules-2/files-2.1/org.checkerframework/checker-qual/3.33.0/de2b60b62da487644fc11f734e73c8b0b431238f/checker-qual-3.33.0.jar, /Users/joshua.morotti/.gradle/caches/modules-2/files-2.1/io.netty/netty-buffer/4.1.97.Final/f8f3d8644afa5e6e1a40a3a6aeb9d9aa970ecb4f/netty-buffer-4.1.97.Final.jar, /Users/joshua.morotti/.gradle/caches/modules-2/files-2.1/org.apache.httpcomponents/httpclient/4.5.13/e5f6cae5ca7ecaac1ec2827a9e2d65ae2869cada/httpclient-4.5.13.jar, /Users/joshua.morotti/.gradle/caches/modules-2/files-2.1/org.lwjgl/lwjgl-freetype/3.3.3/806d869f37ce0df388a24e17aaaf5ca0894d851b/lwjgl-freetype-3.3.3-natives-macos-patch.jar, /Users/joshua.morotti/.gradle/caches/modules-2/files-2.1/net.neoforged.accesstransformers/at-modlauncher/10.0.1/5aba50202aceead086bc09fbc2751c9f05cb4890/at-modlauncher-10.0.1.jar, /Users/joshua.morotti/.gradle/caches/modules-2/files-2.1/org.apache.logging.log4j/log4j-api/2.22.1/bea6fede6328fabafd7e68363161a7ea6605abd1/log4j-api-2.22.1.jar, /Users/joshua.morotti/.gradle/caches/modules-2/files-2.1/org.lwjgl/lwjgl-opengl/3.3.3/2f6b0147078396a58979125a4c947664e98293a/lwjgl-opengl-3.3.3.jar, /Users/joshua.morotti/.gradle/caches/modules-2/files-2.1/com.google.errorprone/error_prone_annotations/2.18.0/89b684257096f548fa39a7df9fdaa409d4d4df91/error_prone_annotations-2.18.0.jar, /Users/joshua.morotti/.gradle/caches/modules-2/files-2.1/org.lwjgl/lwjgl/3.3.3/226246e75f6bd8d4e1895bdce8638ef87808d114/lwjgl-3.3.3-natives-macos-arm64.jar, /Users/joshua.morotti/.gradle/caches/modules-2/files-2.1/org.lwjgl/lwjgl-openal/3.3.3/8df8338bfa77f2ebabef4e58964bd04d24805cbf/lwjgl-openal-3.3.3-natives-macos.jar, /Users/joshua.morotti/.gradle/caches/modules-2/files-2.1/org.codehaus.plexus/plexus-utils/3.3.0/cf43b5391de623b36fe066a21127baef82c64022/plexus-utils-3.3.0.jar, /Users/joshua.morotti/.gradle/caches/modules-2/files-2.1/org.lwjgl/lwjgl-stb/3.3.3/472792c98fb2c1557c060cb9da5fca6a9773621f/lwjgl-stb-3.3.3-natives-macos.jar, /Users/joshua.morotti/.gradle/caches/modules-2/files-2.1/io.netty/netty-transport-native-unix-common/4.1.97.Final/d469d84265ab70095b01b40886cabdd433b6e664/netty-transport-native-unix-common-4.1.97.Final.jar, /Users/joshua.morotti/.gradle/caches/modules-2/files-2.1/com.google.guava/listenablefuture/9999.0-empty-to-avoid-conflict-with-guava/b421526c5f297295adef1c886e5246c39d4ac629/listenablefuture-9999.0-empty-to-avoid-conflict-with-guava.jar, /Users/joshua.morotti/.gradle/caches/modules-2/files-2.1/net.neoforged/coremods/7.0.3/9147e6f638b4272b3bd5fc8f92ad37802512c6c/coremods-7.0.3.jar, /Users/joshua.morotti/.gradle/caches/modules-2/files-2.1/io.netty/netty-handler/4.1.97.Final/abb86c6906bf512bf2b797a41cd7d2e8d3cd7c36/netty-handler-4.1.97.Final.jar, /Users/joshua.morotti/.gradle/caches/modules-2/files-2.1/org.jcraft/jorbis/0.0.17/8872d22b293e8f5d7d56ff92be966e6dc28ebdc6/jorbis-0.0.17.jar, /Users/joshua.morotti/.gradle/caches/modules-2/files-2.1/org.apache.httpcomponents/httpcore/4.4.16/51cf043c87253c9f58b539c9f7e44c8894223850/httpcore-4.4.16.jar]
[10dic2025 19:46:01.190] [main/DEBUG] [net.neoforged.fml.loading.FMLServiceProvider/CORE]: Preparing launch handler
[10dic2025 19:46:01.190] [main/DEBUG] [net.neoforged.fml.loading.FMLLoader/CORE]: Using forgedatauserdev as launch service
[10dic2025 19:46:01.190] [main/DEBUG] [net.neoforged.fml.common.asm.RuntimeDistCleaner/DISTXFORM]: Configuring for Dist CLIENT
[10dic2025 19:46:01.190] [main/DEBUG] [cpw.mods.modlauncher.TransformationServiceDecorator/MODLAUNCHER]: Initialized transformation service fml
[10dic2025 19:46:01.190] [main/DEBUG] [cpw.mods.modlauncher.TransformationServicesHandler/MODLAUNCHER]: Transformation services begin scanning
[10dic2025 19:46:01.191] [main/DEBUG] [cpw.mods.modlauncher.TransformationServiceDecorator/MODLAUNCHER]: Beginning scan trigger - transformation service mixin
[10dic2025 19:46:01.191] [main/DEBUG] [cpw.mods.modlauncher.TransformationServiceDecorator/MODLAUNCHER]: End scan trigger - transformation service mixin
[10dic2025 19:46:01.191] [main/DEBUG] [cpw.mods.modlauncher.TransformationServiceDecorator/MODLAUNCHER]: Beginning scan trigger - transformation service fml
[10dic2025 19:46:01.191] [main/DEBUG] [net.neoforged.fml.loading.FMLServiceProvider/CORE]: Initiating mod scan
[10dic2025 19:46:01.192] [main/DEBUG] [net.neoforged.fml.loading.targets.CommonLaunchHandler/CORE]: Got mod coordinates pipezretriever%%/Users/joshua.morotti/dev/personal/pipezretriever/build/resources/main:pipezretriever%%/Users/joshua.morotti/dev/personal/pipezretriever/build/classes/java/main from env
[10dic2025 19:46:01.192] [main/DEBUG] [net.neoforged.fml.loading.targets.CommonLaunchHandler/CORE]: Found supplied mod coordinates [{pipezretriever=[/Users/joshua.morotti/dev/personal/pipezretriever/build/resources/main, /Users/joshua.morotti/dev/personal/pipezretriever/build/classes/java/main]}]
[10dic2025 19:46:01.201] [main/DEBUG] [net.neoforged.fml.util.ServiceLoaderUtil/CORE]: Found 4 implementations of IModFileCandidateLocator:
[10dic2025 19:46:01.201] [main/DEBUG] [net.neoforged.fml.util.ServiceLoaderUtil/CORE]: 	       0 - [built-in] net.neoforged.fml.loading.moddiscovery.locators.NeoForgeDevProvider from loader-4.0.31.jar
[10dic2025 19:46:01.202] [main/DEBUG] [net.neoforged.fml.util.ServiceLoaderUtil/CORE]: 	       0 - net.neoforged.fml.loading.moddiscovery.locators.ModsFolderLocator from loader-4.0.31.jar
[10dic2025 19:46:01.202] [main/DEBUG] [net.neoforged.fml.util.ServiceLoaderUtil/CORE]: 	       0 - net.neoforged.fml.loading.moddiscovery.locators.MavenDirectoryLocator from loader-4.0.31.jar
[10dic2025 19:46:01.202] [main/DEBUG] [net.neoforged.fml.util.ServiceLoaderUtil/CORE]: 	   -1000 - [built-in] net.neoforged.fml.loading.moddiscovery.locators.UserdevLocator from loader-4.0.31.jar
[10dic2025 19:46:01.203] [main/DEBUG] [net.neoforged.fml.util.ServiceLoaderUtil/CORE]: Found 2 implementations of IModFileReader:
[10dic2025 19:46:01.203] [main/DEBUG] [net.neoforged.fml.util.ServiceLoaderUtil/CORE]: 	       0 - net.neoforged.fml.loading.moddiscovery.readers.JarModsDotTomlModFileReader from loader-4.0.31.jar
[10dic2025 19:46:01.203] [main/DEBUG] [net.neoforged.fml.util.ServiceLoaderUtil/CORE]: 	   -1000 - net.neoforged.fml.loading.moddiscovery.readers.NestedLibraryModReader from loader-4.0.31.jar
[10dic2025 19:46:01.203] [main/DEBUG] [net.neoforged.fml.util.ServiceLoaderUtil/CORE]: Found 1 implementations of IDependencyLocator:
[10dic2025 19:46:01.203] [main/DEBUG] [net.neoforged.fml.util.ServiceLoaderUtil/CORE]: 	       0 - net.neoforged.fml.loading.moddiscovery.locators.JarInJarDependencyLocator from loader-4.0.31.jar
[10dic2025 19:46:01.203] [main/DEBUG] [net.neoforged.fml.loading.moddiscovery.ModDiscoverer/SCAN]: Scanning for mods and other resources to load. We know 4 ways to find mods
[10dic2025 19:46:01.204] [main/DEBUG] [net.neoforged.fml.loading.moddiscovery.ModDiscoverer/SCAN]: Trying locator neoforge devenv provider ([/Users/joshua.morotti/dev/personal/pipezretriever/.gradle/repositories/ng_dummy_ng/net/neoforged/neoforge/21.1.77/neoforge-21.1.77.jar])
[10dic2025 19:46:01.246] [main/DEBUG] [net.neoforged.fml.loading.moddiscovery.ModFileInfo/LOADING]: Found valid mod file neoforge-21.1.77.jar with {minecraft} mods - versions {1.21.1}
[10dic2025 19:46:01.247] [main/INFO] [net.neoforged.fml.loading.moddiscovery.ModDiscoverer/SCAN]: Found mod file "neoforge-21.1.77.jar" [locator: neoforge devenv provider ([/Users/joshua.morotti/dev/personal/pipezretriever/.gradle/repositories/ng_dummy_ng/net/neoforged/neoforge/21.1.77/neoforge-21.1.77.jar])]
[10dic2025 19:46:01.254] [main/DEBUG] [net.neoforged.fml.loading.moddiscovery.readers.JarModsDotTomlModFileReader/SCAN]: Found META-INF/neoforge.mods.toml mod of type null: /Users/joshua.morotti/dev/personal/pipezretriever/.gradle/repositories/ng_dummy_ng/net/neoforged/neoforge/21.1.77/neoforge-21.1.77.jar
[10dic2025 19:46:01.254] [main/DEBUG] [net.neoforged.fml.loading.moddiscovery.ModFileParser/LOADING]: Considering mod file candidate /Users/joshua.morotti/dev/personal/pipezretriever/.gradle/repositories/ng_dummy_ng/net/neoforged/neoforge/21.1.77/neoforge-21.1.77.jar
[10dic2025 19:46:01.260] [main/DEBUG] [net.neoforged.fml.loading.moddiscovery.ModFileInfo/LOADING]: Found valid mod file neoforge-21.1.77.jar with {neoforge} mods - versions {21.1.77}
[10dic2025 19:46:01.260] [main/INFO] [net.neoforged.fml.loading.moddiscovery.ModDiscoverer/SCAN]: Found mod file "neoforge-21.1.77.jar" [locator: neoforge devenv provider ([/Users/joshua.morotti/dev/personal/pipezretriever/.gradle/repositories/ng_dummy_ng/net/neoforged/neoforge/21.1.77/neoforge-21.1.77.jar])]
[10dic2025 19:46:01.261] [main/DEBUG] [net.neoforged.fml.loading.moddiscovery.ModDiscoverer/SCAN]: Locator neoforge devenv provider ([/Users/joshua.morotti/dev/personal/pipezretriever/.gradle/repositories/ng_dummy_ng/net/neoforged/neoforge/21.1.77/neoforge-21.1.77.jar]) found 2 mods, 0 warnings, 0 errors and skipped 0 candidates
[10dic2025 19:46:01.261] [main/DEBUG] [net.neoforged.fml.loading.moddiscovery.ModDiscoverer/SCAN]: Trying locator {mods folder locator at /Users/joshua.morotti/dev/personal/pipezretriever/runs/data/mods}
[10dic2025 19:46:01.261] [main/DEBUG] [net.neoforged.fml.loading.moddiscovery.locators.ModsFolderLocator/SCAN]: Scanning mods dir /Users/joshua.morotti/dev/personal/pipezretriever/runs/data/mods for mods
[10dic2025 19:46:01.261] [main/DEBUG] [net.neoforged.fml.loading.moddiscovery.ModDiscoverer/SCAN]: Locator {mods folder locator at /Users/joshua.morotti/dev/personal/pipezretriever/runs/data/mods} found 0 mods, 0 warnings, 0 errors and skipped 0 candidates
[10dic2025 19:46:01.261] [main/DEBUG] [net.neoforged.fml.loading.moddiscovery.ModDiscoverer/SCAN]: Trying locator maven libs
[10dic2025 19:46:01.263] [main/DEBUG] [net.neoforged.fml.loading.moddiscovery.ModListHandler/CORE]: Found mod coordinates from lists: []
[10dic2025 19:46:01.263] [main/DEBUG] [net.neoforged.fml.loading.moddiscovery.ModDiscoverer/SCAN]: Locator maven libs found 0 mods, 0 warnings, 0 errors and skipped 0 candidates
[10dic2025 19:46:01.263] [main/DEBUG] [net.neoforged.fml.loading.moddiscovery.ModDiscoverer/SCAN]: Trying locator userdev mods and services
[10dic2025 19:46:01.264] [main/DEBUG] [net.neoforged.fml.loading.moddiscovery.readers.JarModsDotTomlModFileReader/SCAN]: Found META-INF/neoforge.mods.toml mod of type null: /Users/joshua.morotti/dev/personal/pipezretriever/build/resources/main
[10dic2025 19:46:01.264] [main/DEBUG] [net.neoforged.fml.loading.moddiscovery.ModFileParser/LOADING]: Considering mod file candidate /Users/joshua.morotti/dev/personal/pipezretriever/build/resources/main
[10dic2025 19:46:01.268] [main/DEBUG] [net.neoforged.fml.loading.moddiscovery.ModFileInfo/LOADING]: Found valid mod file main with {pipezretriever} mods - versions {1.0.0}
[10dic2025 19:46:01.268] [main/INFO] [net.neoforged.fml.loading.moddiscovery.ModDiscoverer/SCAN]: Found mod file "main" [locator: userdev mods and services, reader: mod manifest]
[10dic2025 19:46:01.274] [main/DEBUG] [net.neoforged.fml.loading.moddiscovery.readers.JarModsDotTomlModFileReader/SCAN]: Found META-INF/neoforge.mods.toml mod of type null: /Users/joshua.morotti/dev/personal/pipezretriever/.gradle/repositories/ng_dummy_ng/net/neoforged/neoforge/21.1.77/neoforge-21.1.77.jar
[10dic2025 19:46:01.274] [main/DEBUG] [net.neoforged.fml.loading.moddiscovery.ModFileParser/LOADING]: Considering mod file candidate /Users/joshua.morotti/dev/personal/pipezretriever/.gradle/repositories/ng_dummy_ng/net/neoforged/neoforge/21.1.77/neoforge-21.1.77.jar
[10dic2025 19:46:01.275] [main/DEBUG] [net.neoforged.fml.loading.moddiscovery.ModFileInfo/LOADING]: Found valid mod file neoforge-21.1.77.jar with {neoforge} mods - versions {21.1.77}
[10dic2025 19:46:01.275] [main/INFO] [net.neoforged.fml.loading.moddiscovery.ModDiscoverer/SCAN]: Found mod file "neoforge-21.1.77.jar" [locator: userdev mods and services, reader: mod manifest]
[10dic2025 19:46:01.276] [main/DEBUG] [net.neoforged.fml.loading.moddiscovery.readers.JarModsDotTomlModFileReader/SCAN]: Found META-INF/neoforge.mods.toml mod of type null: /Users/joshua.morotti/.gradle/caches/modules-2/files-2.1/curse.maven/pipez-443900/5757713/760c1cd20e6e47ef86bd48ece413873cccddc972/pipez-443900-5757713.jar
[10dic2025 19:46:01.276] [main/DEBUG] [net.neoforged.fml.loading.moddiscovery.ModFileParser/LOADING]: Considering mod file candidate /Users/joshua.morotti/.gradle/caches/modules-2/files-2.1/curse.maven/pipez-443900/5757713/760c1cd20e6e47ef86bd48ece413873cccddc972/pipez-443900-5757713.jar
[10dic2025 19:46:01.278] [main/DEBUG] [net.neoforged.fml.loading.moddiscovery.ModFileInfo/LOADING]: Found valid mod file pipez-443900-5757713.jar with {pipez} mods - versions {1.21.1-1.2.19}
[10dic2025 19:46:01.278] [main/INFO] [net.neoforged.fml.loading.moddiscovery.ModDiscoverer/SCAN]: Found mod file "pipez-443900-5757713.jar" [locator: userdev mods and services, reader: mod manifest]
[10dic2025 19:46:01.278] [main/DEBUG] [net.neoforged.fml.loading.moddiscovery.readers.JarModsDotTomlModFileReader/SCAN]: Found META-INF/neoforge.mods.toml mod of type null: /Users/joshua.morotti/.gradle/caches/modules-2/files-2.1/curse.maven/titanium-287342/6443608/af61f1fa339ab8b11900cbafc8618491341b26c8/titanium-287342-6443608.jar
[10dic2025 19:46:01.279] [main/DEBUG] [net.neoforged.fml.loading.moddiscovery.ModFileParser/LOADING]: Considering mod file candidate /Users/joshua.morotti/.gradle/caches/modules-2/files-2.1/curse.maven/titanium-287342/6443608/af61f1fa339ab8b11900cbafc8618491341b26c8/titanium-287342-6443608.jar
[10dic2025 19:46:01.284] [main/DEBUG] [net.neoforged.fml.loading.moddiscovery.ModFileInfo/LOADING]: Found valid mod file titanium-287342-6443608.jar with {titanium} mods - versions {4.0.37}
[10dic2025 19:46:01.284] [main/INFO] [net.neoforged.fml.loading.moddiscovery.ModDiscoverer/SCAN]: Found mod file "titanium-287342-6443608.jar" [locator: userdev mods and services, reader: mod manifest]
[10dic2025 19:46:01.287] [main/DEBUG] [net.neoforged.fml.loading.moddiscovery.readers.JarModsDotTomlModFileReader/SCAN]: Found META-INF/neoforge.mods.toml mod of type null: /Users/joshua.morotti/.gradle/caches/modules-2/files-2.1/curse.maven/guideme-1173950/6488254/7a50b822de6519a796e25d79201c865cfc6b8e3d/guideme-1173950-6488254.jar
[10dic2025 19:46:01.287] [main/DEBUG] [net.neoforged.fml.loading.moddiscovery.ModFileParser/LOADING]: Considering mod file candidate /Users/joshua.morotti/.gradle/caches/modules-2/files-2.1/curse.maven/guideme-1173950/6488254/7a50b822de6519a796e25d79201c865cfc6b8e3d/guideme-1173950-6488254.jar
[10dic2025 19:46:01.289] [main/DEBUG] [net.neoforged.fml.loading.moddiscovery.ModFileInfo/LOADING]: Found valid mod file guideme-1173950-6488254.jar with {guideme} mods - versions {21.1.9}
[10dic2025 19:46:01.289] [main/INFO] [net.neoforged.fml.loading.moddiscovery.ModDiscoverer/SCAN]: Found mod file "guideme-1173950-6488254.jar" [locator: userdev mods and services, reader: mod manifest]
[10dic2025 19:46:01.290] [main/DEBUG] [net.neoforged.fml.loading.moddiscovery.readers.JarModsDotTomlModFileReader/SCAN]: Found META-INF/neoforge.mods.toml mod of type null: /Users/joshua.morotti/.gradle/caches/modules-2/files-2.1/curse.maven/athena-841890/5629395/36b80d2340718b22432e2761142cb4bdb2629a42/athena-841890-5629395.jar
[10dic2025 19:46:01.290] [main/DEBUG] [net.neoforged.fml.loading.moddiscovery.ModFileParser/LOADING]: Considering mod file candidate /Users/joshua.morotti/.gradle/caches/modules-2/files-2.1/curse.maven/athena-841890/5629395/36b80d2340718b22432e2761142cb4bdb2629a42/athena-841890-5629395.jar
[10dic2025 19:46:01.291] [main/DEBUG] [net.neoforged.fml.loading.moddiscovery.ModFileInfo/LOADING]: Found valid mod file athena-841890-5629395.jar with {athena} mods - versions {4.0.1}
[10dic2025 19:46:01.291] [main/INFO] [net.neoforged.fml.loading.moddiscovery.ModDiscoverer/SCAN]: Found mod file "athena-841890-5629395.jar" [locator: userdev mods and services, reader: mod manifest]
[10dic2025 19:46:01.292] [main/DEBUG] [net.neoforged.fml.loading.moddiscovery.readers.JarModsDotTomlModFileReader/SCAN]: Found META-INF/neoforge.mods.toml mod of type null: /Users/joshua.morotti/.gradle/caches/modules-2/files-2.1/curse.maven/architectury-419699/5786327/6ca11d3cc136bf69bb8f4d56982481eb85b5100b/architectury-419699-5786327.jar
[10dic2025 19:46:01.292] [main/DEBUG] [net.neoforged.fml.loading.moddiscovery.ModFileParser/LOADING]: Considering mod file candidate /Users/joshua.morotti/.gradle/caches/modules-2/files-2.1/curse.maven/architectury-419699/5786327/6ca11d3cc136bf69bb8f4d56982481eb85b5100b/architectury-419699-5786327.jar
[10dic2025 19:46:01.293] [main/DEBUG] [net.neoforged.fml.loading.moddiscovery.ModFileInfo/LOADING]: Found valid mod file architectury-419699-5786327.jar with {architectury} mods - versions {13.0.8}
[10dic2025 19:46:01.293] [main/INFO] [net.neoforged.fml.loading.moddiscovery.ModDiscoverer/SCAN]: Found mod file "architectury-419699-5786327.jar" [locator: userdev mods and services, reader: mod manifest]
[10dic2025 19:46:01.294] [main/DEBUG] [net.neoforged.fml.loading.moddiscovery.readers.JarModsDotTomlModFileReader/SCAN]: Found META-INF/neoforge.mods.toml mod of type null: /Users/joshua.morotti/.gradle/caches/modules-2/files-2.1/curse.maven/owolib-532610/5945693/f58392fa41845f377084be3e34f9818a5f672179/owolib-532610-5945693.jar
[10dic2025 19:46:01.294] [main/DEBUG] [net.neoforged.fml.loading.moddiscovery.ModFileParser/LOADING]: Considering mod file candidate /Users/joshua.morotti/.gradle/caches/modules-2/files-2.1/curse.maven/owolib-532610/5945693/f58392fa41845f377084be3e34f9818a5f672179/owolib-532610-5945693.jar
[10dic2025 19:46:01.296] [main/DEBUG] [net.neoforged.fml.loading.moddiscovery.ModFileInfo/LOADING]: Found valid mod file owolib-532610-5945693.jar with {owo} mods - versions {0.12.15-beta.12+1.21}
[10dic2025 19:46:01.296] [main/INFO] [net.neoforged.fml.loading.moddiscovery.ModDiscoverer/SCAN]: Found mod file "owolib-532610-5945693.jar" [locator: userdev mods and services, reader: mod manifest]
[10dic2025 19:46:01.297] [main/DEBUG] [net.neoforged.fml.loading.moddiscovery.readers.JarModsDotTomlModFileReader/SCAN]: Found META-INF/neoforge.mods.toml mod of type null: /Users/joshua.morotti/.gradle/caches/modules-2/files-2.1/curse.maven/geckolib-388172/6920810/36883f8ea9117932bb5f2643a29578c6506e2339/geckolib-388172-6920810.jar
[10dic2025 19:46:01.297] [main/DEBUG] [net.neoforged.fml.loading.moddiscovery.ModFileParser/LOADING]: Considering mod file candidate /Users/joshua.morotti/.gradle/caches/modules-2/files-2.1/curse.maven/geckolib-388172/6920810/36883f8ea9117932bb5f2643a29578c6506e2339/geckolib-388172-6920810.jar
[10dic2025 19:46:01.310] [main/DEBUG] [net.neoforged.fml.loading.moddiscovery.ModFileInfo/LOADING]: Found valid mod file geckolib-388172-6920810.jar with {geckolib} mods - versions {4.7.7}
[10dic2025 19:46:01.310] [main/INFO] [net.neoforged.fml.loading.moddiscovery.ModDiscoverer/SCAN]: Found mod file "geckolib-388172-6920810.jar" [locator: userdev mods and services, reader: mod manifest]
[10dic2025 19:46:01.311] [main/DEBUG] [net.neoforged.fml.loading.moddiscovery.readers.JarModsDotTomlModFileReader/SCAN]: Found META-INF/neoforge.mods.toml mod of type null: /Users/joshua.morotti/.gradle/caches/modules-2/files-2.1/curse.maven/glodium-957920/5821676/9f61a3162665ad0b37f6f268339ac98097af1a87/glodium-957920-5821676.jar
[10dic2025 19:46:01.311] [main/DEBUG] [net.neoforged.fml.loading.moddiscovery.ModFileParser/LOADING]: Considering mod file candidate /Users/joshua.morotti/.gradle/caches/modules-2/files-2.1/curse.maven/glodium-957920/5821676/9f61a3162665ad0b37f6f268339ac98097af1a87/glodium-957920-5821676.jar
[10dic2025 19:46:01.312] [main/DEBUG] [net.neoforged.fml.loading.moddiscovery.ModFileInfo/LOADING]: Found valid mod file glodium-957920-5821676.jar with {glodium} mods - versions {1.21-2.2-neoforge}
[10dic2025 19:46:01.312] [main/INFO] [net.neoforged.fml.loading.moddiscovery.ModDiscoverer/SCAN]: Found mod file "glodium-957920-5821676.jar" [locator: userdev mods and services, reader: mod manifest]
[10dic2025 19:46:01.313] [main/DEBUG] [net.neoforged.fml.loading.moddiscovery.readers.JarModsDotTomlModFileReader/SCAN]: Found META-INF/neoforge.mods.toml mod of type null: /Users/joshua.morotti/.gradle/caches/modules-2/files-2.1/curse.maven/ftlibrary-404465/6466106/8e97cffb520971410c9e007a17deaf1ccad831ca/ftlibrary-404465-6466106.jar
[10dic2025 19:46:01.313] [main/DEBUG] [net.neoforged.fml.loading.moddiscovery.ModFileParser/LOADING]: Considering mod file candidate /Users/joshua.morotti/.gradle/caches/modules-2/files-2.1/curse.maven/ftlibrary-404465/6466106/8e97cffb520971410c9e007a17deaf1ccad831ca/ftlibrary-404465-6466106.jar
[10dic2025 19:46:01.314] [main/DEBUG] [net.neoforged.fml.loading.moddiscovery.ModFileInfo/LOADING]: Found valid mod file ftlibrary-404465-6466106.jar with {ftblibrary} mods - versions {2101.1.13}
[10dic2025 19:46:01.314] [main/INFO] [net.neoforged.fml.loading.moddiscovery.ModDiscoverer/SCAN]: Found mod file "ftlibrary-404465-6466106.jar" [locator: userdev mods and services, reader: mod manifest]
[10dic2025 19:46:01.315] [main/DEBUG] [net.neoforged.fml.loading.moddiscovery.readers.JarModsDotTomlModFileReader/SCAN]: Found META-INF/neoforge.mods.toml mod of type null: /Users/joshua.morotti/.gradle/caches/modules-2/files-2.1/curse.maven/ftpessential-410811/6179042/c639625861cfb585a2897771e605b325f2e0addf/ftpessential-410811-6179042.jar
[10dic2025 19:46:01.315] [main/DEBUG] [net.neoforged.fml.loading.moddiscovery.ModFileParser/LOADING]: Considering mod file candidate /Users/joshua.morotti/.gradle/caches/modules-2/files-2.1/curse.maven/ftpessential-410811/6179042/c639625861cfb585a2897771e605b325f2e0addf/ftpessential-410811-6179042.jar
[10dic2025 19:46:01.315] [main/DEBUG] [net.neoforged.fml.loading.moddiscovery.ModFileInfo/LOADING]: Found valid mod file ftpessential-410811-6179042.jar with {ftbessentials} mods - versions {2101.1.6}
[10dic2025 19:46:01.316] [main/INFO] [net.neoforged.fml.loading.moddiscovery.ModDiscoverer/SCAN]: Found mod file "ftpessential-410811-6179042.jar" [locator: userdev mods and services, reader: mod manifest]
[10dic2025 19:46:01.316] [main/DEBUG] [net.neoforged.fml.loading.moddiscovery.readers.JarModsDotTomlModFileReader/SCAN]: Found META-INF/neoforge.mods.toml mod of type null: /Users/joshua.morotti/.gradle/caches/modules-2/files-2.1/curse.maven/rhino-416294/6000610/bd2652b47431bda7d567f9fd1af77b7ed700ae9a/rhino-416294-6000610.jar
[10dic2025 19:46:01.316] [main/DEBUG] [net.neoforged.fml.loading.moddiscovery.ModFileParser/LOADING]: Considering mod file candidate /Users/joshua.morotti/.gradle/caches/modules-2/files-2.1/curse.maven/rhino-416294/6000610/bd2652b47431bda7d567f9fd1af77b7ed700ae9a/rhino-416294-6000610.jar
[10dic2025 19:46:01.317] [main/DEBUG] [net.neoforged.fml.loading.moddiscovery.ModFileInfo/LOADING]: Found valid mod file rhino-416294-6000610.jar with {rhino} mods - versions {2101.2.6-build.58}
[10dic2025 19:46:01.317] [main/INFO] [net.neoforged.fml.loading.moddiscovery.ModDiscoverer/SCAN]: Found mod file "rhino-416294-6000610.jar" [locator: userdev mods and services, reader: mod manifest]
[10dic2025 19:46:01.317] [main/DEBUG] [net.neoforged.fml.loading.moddiscovery.readers.JarModsDotTomlModFileReader/SCAN]: Found META-INF/neoforge.mods.toml mod of type null: /Users/joshua.morotti/.gradle/caches/modules-2/files-2.1/curse.maven/kubejs-238086/5810100/be525f7d4d8d71a18b07718352035b3e59e50ebd/kubejs-238086-5810100.jar
[10dic2025 19:46:01.317] [main/DEBUG] [net.neoforged.fml.loading.moddiscovery.ModFileParser/LOADING]: Considering mod file candidate /Users/joshua.morotti/.gradle/caches/modules-2/files-2.1/curse.maven/kubejs-238086/5810100/be525f7d4d8d71a18b07718352035b3e59e50ebd/kubejs-238086-5810100.jar
[10dic2025 19:46:01.319] [main/DEBUG] [net.neoforged.fml.loading.moddiscovery.ModFileInfo/LOADING]: Found valid mod file kubejs-238086-5810100.jar with {kubejs} mods - versions {2101.7.1-build.181}
[10dic2025 19:46:01.319] [main/INFO] [net.neoforged.fml.loading.moddiscovery.ModDiscoverer/SCAN]: Found mod file "kubejs-238086-5810100.jar" [locator: userdev mods and services, reader: mod manifest]
[10dic2025 19:46:01.319] [main/DEBUG] [net.neoforged.fml.loading.moddiscovery.readers.JarModsDotTomlModFileReader/SCAN]: Found META-INF/neoforge.mods.toml mod of type null: /Users/joshua.morotti/.gradle/caches/modules-2/files-2.1/curse.maven/jade-324717/6011258/6b150830f1f38e9f8930af846719b9fc94818c9c/jade-324717-6011258.jar
[10dic2025 19:46:01.319] [main/DEBUG] [net.neoforged.fml.loading.moddiscovery.ModFileParser/LOADING]: Considering mod file candidate /Users/joshua.morotti/.gradle/caches/modules-2/files-2.1/curse.maven/jade-324717/6011258/6b150830f1f38e9f8930af846719b9fc94818c9c/jade-324717-6011258.jar
[10dic2025 19:46:01.320] [main/DEBUG] [net.neoforged.fml.loading.moddiscovery.ModFileInfo/LOADING]: Found valid mod file jade-324717-6011258.jar with {jade} mods - versions {15.9.2+neoforge}
[10dic2025 19:46:01.320] [main/INFO] [net.neoforged.fml.loading.moddiscovery.ModDiscoverer/SCAN]: Found mod file "jade-324717-6011258.jar" [locator: userdev mods and services, reader: mod manifest]
[10dic2025 19:46:01.321] [main/DEBUG] [net.neoforged.fml.loading.moddiscovery.readers.JarModsDotTomlModFileReader/SCAN]: Found META-INF/neoforge.mods.toml mod of type null: /Users/joshua.morotti/.gradle/caches/modules-2/files-2.1/curse.maven/trashcans-394535/5891067/8e853e0784b01b36b4503ef5599be2724be74b07/trashcans-394535-5891067.jar
[10dic2025 19:46:01.321] [main/DEBUG] [net.neoforged.fml.loading.moddiscovery.ModFileParser/LOADING]: Considering mod file candidate /Users/joshua.morotti/.gradle/caches/modules-2/files-2.1/curse.maven/trashcans-394535/5891067/8e853e0784b01b36b4503ef5599be2724be74b07/trashcans-394535-5891067.jar
[10dic2025 19:46:01.322] [main/DEBUG] [net.neoforged.fml.loading.moddiscovery.ModFileInfo/LOADING]: Found valid mod file trashcans-394535-5891067.jar with {trashcans} mods - versions {1.0.18+c}
[10dic2025 19:46:01.322] [main/INFO] [net.neoforged.fml.loading.moddiscovery.ModDiscoverer/SCAN]: Found mod file "trashcans-394535-5891067.jar" [locator: userdev mods and services, reader: mod manifest]
[10dic2025 19:46:01.323] [main/DEBUG] [net.neoforged.fml.loading.moddiscovery.readers.JarModsDotTomlModFileReader/SCAN]: Found META-INF/neoforge.mods.toml mod of type null: /Users/joshua.morotti/.gradle/caches/modules-2/files-2.1/curse.maven/supermarticonfig-438332/5546996/7452242e389975e8a88b97066f4bae6a4ebe574/supermarticonfig-438332-5546996.jar
[10dic2025 19:46:01.323] [main/DEBUG] [net.neoforged.fml.loading.moddiscovery.ModFileParser/LOADING]: Considering mod file candidate /Users/joshua.morotti/.gradle/caches/modules-2/files-2.1/curse.maven/supermarticonfig-438332/5546996/7452242e389975e8a88b97066f4bae6a4ebe574/supermarticonfig-438332-5546996.jar
[10dic2025 19:46:01.324] [main/DEBUG] [net.neoforged.fml.loading.moddiscovery.ModFileInfo/LOADING]: Found valid mod file supermarticonfig-438332-5546996.jar with {supermartijn642configlib} mods - versions {1.1.8}
[10dic2025 19:46:01.324] [main/INFO] [net.neoforged.fml.loading.moddiscovery.ModDiscoverer/SCAN]: Found mod file "supermarticonfig-438332-5546996.jar" [locator: userdev mods and services, reader: mod manifest]
[10dic2025 19:46:01.324] [main/DEBUG] [net.neoforged.fml.loading.moddiscovery.readers.JarModsDotTomlModFileReader/SCAN]: Found META-INF/neoforge.mods.toml mod of type null: /Users/joshua.morotti/.gradle/caches/modules-2/files-2.1/curse.maven/supermarticore-454372/6076757/21c75db63ca1d8b8972a94a71c9c7ec0549e1be0/supermarticore-454372-6076757.jar
[10dic2025 19:46:01.324] [main/DEBUG] [net.neoforged.fml.loading.moddiscovery.ModFileParser/LOADING]: Considering mod file candidate /Users/joshua.morotti/.gradle/caches/modules-2/files-2.1/curse.maven/supermarticore-454372/6076757/21c75db63ca1d8b8972a94a71c9c7ec0549e1be0/supermarticore-454372-6076757.jar
[10dic2025 19:46:01.325] [main/DEBUG] [net.neoforged.fml.loading.moddiscovery.ModFileInfo/LOADING]: Found valid mod file supermarticore-454372-6076757.jar with {supermartijn642corelib} mods - versions {1.1.18+a}
[10dic2025 19:46:01.326] [main/INFO] [net.neoforged.fml.loading.moddiscovery.ModDiscoverer/SCAN]: Found mod file "supermarticore-454372-6076757.jar" [locator: userdev mods and services, reader: mod manifest]
[10dic2025 19:46:01.326] [main/DEBUG] [net.neoforged.fml.loading.moddiscovery.readers.JarModsDotTomlModFileReader/SCAN]: Found META-INF/neoforge.mods.toml mod of type null: /Users/joshua.morotti/.gradle/caches/modules-2/files-2.1/curse.maven/jei-238222/6829086/ad7cd1f890ef4924c62c39534d186396cde66868/jei-238222-6829086.jar
[10dic2025 19:46:01.327] [main/DEBUG] [net.neoforged.fml.loading.moddiscovery.ModFileParser/LOADING]: Considering mod file candidate /Users/joshua.morotti/.gradle/caches/modules-2/files-2.1/curse.maven/jei-238222/6829086/ad7cd1f890ef4924c62c39534d186396cde66868/jei-238222-6829086.jar
[10dic2025 19:46:01.328] [main/DEBUG] [net.neoforged.fml.loading.moddiscovery.ModFileInfo/LOADING]: Found valid mod file jei-238222-6829086.jar with {jei} mods - versions {19.22.1.316}
[10dic2025 19:46:01.328] [main/INFO] [net.neoforged.fml.loading.moddiscovery.ModDiscoverer/SCAN]: Found mod file "jei-238222-6829086.jar" [locator: userdev mods and services, reader: mod manifest]
[10dic2025 19:46:01.331] [main/DEBUG] [net.neoforged.fml.loading.moddiscovery.ModDiscoverer/]: Skipping /Users/joshua.morotti/.gradle/caches/modules-2/files-2.1/com.mojang/text2speech/1.17.9/3cad216e3a7f0c19b4b394388bc9ffc446f13b14/text2speech-1.17.9.jar because it was already located earlier
[10dic2025 19:46:01.331] [main/DEBUG] [net.neoforged.fml.loading.moddiscovery.ModDiscoverer/]: Skipping /Users/joshua.morotti/.gradle/caches/modules-2/files-2.1/ca.weblite/java-objc-bridge/1.1/1227f9e0666314f9de41477e3ec277e542ed7f7b/java-objc-bridge-1.1.jar because it was already located earlier
[10dic2025 19:46:01.331] [main/DEBUG] [net.neoforged.fml.loading.moddiscovery.ModDiscoverer/]: Skipping /Users/joshua.morotti/.gradle/caches/modules-2/files-2.1/com.github.oshi/oshi-core/6.4.10/b1d8ab82d11d92fd639b56d639f8f46f739dd5fa/oshi-core-6.4.10.jar because it was already located earlier
[10dic2025 19:46:01.331] [main/DEBUG] [net.neoforged.fml.loading.moddiscovery.ModDiscoverer/]: Skipping /Users/joshua.morotti/.gradle/caches/modules-2/files-2.1/com.mojang/authlib/6.0.54/de8bc95660e1b2fe8793fd427a7a10dcec5b3ea7/authlib-6.0.54.jar because it was already located earlier
[10dic2025 19:46:01.331] [main/DEBUG] [net.neoforged.fml.loading.moddiscovery.ModDiscoverer/]: Skipping /Users/joshua.morotti/.gradle/caches/modules-2/files-2.1/com.mojang/datafixerupper/8.0.16/67d4de6d7f95d89bcf5862995fb854ebaec02a34/datafixerupper-8.0.16.jar because it was already located earlier
[10dic2025 19:46:01.331] [main/DEBUG] [net.neoforged.fml.loading.moddiscovery.ModDiscoverer/]: Skipping /Users/joshua.morotti/.gradle/caches/modules-2/files-2.1/com.google.code.gson/gson/2.10.1/b3add478d4382b78ea20b1671390a858002feb6c/gson-2.10.1.jar because it was already located earlier
[10dic2025 19:46:01.331] [main/DEBUG] [net.neoforged.fml.loading.moddiscovery.ModDiscoverer/]: Skipping /Users/joshua.morotti/.gradle/caches/modules-2/files-2.1/com.mojang/patchy/2.2.10/da05971b07cbb379d002cf7eaec6a2048211fefc/patchy-2.2.10.jar because it was already located earlier
[10dic2025 19:46:01.331] [main/DEBUG] [net.neoforged.fml.loading.moddiscovery.ModDiscoverer/]: Skipping /Users/joshua.morotti/.gradle/caches/modules-2/files-2.1/com.google.guava/guava/32.1.2-jre/5e64ec7e056456bef3a4bc4c6fdaef71e8ab6318/guava-32.1.2-jre.jar because it was already located earlier
[10dic2025 19:46:01.331] [main/DEBUG] [net.neoforged.fml.loading.moddiscovery.ModDiscoverer/]: Skipping /Users/joshua.morotti/.gradle/caches/modules-2/files-2.1/com.google.guava/failureaccess/1.0.1/1dcf1de382a0bf95a3d8b0849546c88bac1292c9/failureaccess-1.0.1.jar because it was already located earlier
[10dic2025 19:46:01.331] [main/DEBUG] [net.neoforged.fml.loading.moddiscovery.ModDiscoverer/]: Skipping /Users/joshua.morotti/.gradle/caches/modules-2/files-2.1/com.ibm.icu/icu4j/73.2/61ad4ef7f9131fcf6d25c34b817f90d6da06c9e9/icu4j-73.2.jar because it was already located earlier
[10dic2025 19:46:01.331] [main/DEBUG] [net.neoforged.fml.loading.moddiscovery.ModDiscoverer/]: Skipping /Users/joshua.morotti/.gradle/caches/modules-2/files-2.1/com.mojang/blocklist/1.0.10/5c685c5ffa94c4cd39496c7184c1d122e515ecef/blocklist-1.0.10.jar because it was already located earlier
[10dic2025 19:46:01.332] [main/DEBUG] [net.neoforged.fml.loading.moddiscovery.ModDiscoverer/]: Skipping /Users/joshua.morotti/.gradle/caches/modules-2/files-2.1/com.mojang/brigadier/1.3.10/d15b53a14cf20fdcaa98f731af5dda654452c010/brigadier-1.3.10.jar because it was already located earlier
[10dic2025 19:46:01.332] [main/DEBUG] [net.neoforged.fml.loading.moddiscovery.ModDiscoverer/]: Skipping /Users/joshua.morotti/.gradle/caches/modules-2/files-2.1/com.mojang/logging/1.2.7/24cb95ffb0e3433fd6e844c04e68009e504ca1c0/logging-1.2.7.jar because it was already located earlier
[10dic2025 19:46:01.332] [main/DEBUG] [net.neoforged.fml.loading.moddiscovery.ModDiscoverer/]: Skipping /Users/joshua.morotti/.gradle/caches/modules-2/files-2.1/org.apache.httpcomponents/httpclient/4.5.13/e5f6cae5ca7ecaac1ec2827a9e2d65ae2869cada/httpclient-4.5.13.jar because it was already located earlier
[10dic2025 19:46:01.332] [main/DEBUG] [net.neoforged.fml.loading.moddiscovery.ModDiscoverer/]: Skipping /Users/joshua.morotti/.gradle/caches/modules-2/files-2.1/commons-codec/commons-codec/1.16.0/4e3eb3d79888d76b54e28b350915b5dc3919c9de/commons-codec-1.16.0.jar because it was already located earlier
[10dic2025 19:46:01.332] [main/DEBUG] [net.neoforged.fml.loading.moddiscovery.ModDiscoverer/]: Skipping /Users/joshua.morotti/.gradle/caches/modules-2/files-2.1/org.apache.commons/commons-compress/1.26.0/659feffdd12280201c8aacb8f7be94f9a883c824/commons-compress-1.26.0.jar because it was already located earlier
[10dic2025 19:46:01.332] [main/DEBUG] [net.neoforged.fml.loading.moddiscovery.ModDiscoverer/]: Skipping /Users/joshua.morotti/.gradle/caches/modules-2/files-2.1/commons-io/commons-io/2.15.1/f11560da189ab563a5c8e351941415430e9304ea/commons-io-2.15.1.jar because it was already located earlier
[10dic2025 19:46:01.332] [main/DEBUG] [net.neoforged.fml.loading.moddiscovery.ModDiscoverer/]: Skipping /Users/joshua.morotti/.gradle/caches/modules-2/files-2.1/commons-logging/commons-logging/1.2/4bfc12adfe4842bf07b657f0369c4cb522955686/commons-logging-1.2.jar because it was already located earlier
[10dic2025 19:46:01.332] [main/DEBUG] [net.neoforged.fml.loading.moddiscovery.ModDiscoverer/]: Skipping /Users/joshua.morotti/.gradle/caches/modules-2/files-2.1/io.netty/netty-handler/4.1.97.Final/abb86c6906bf512bf2b797a41cd7d2e8d3cd7c36/netty-handler-4.1.97.Final.jar because it was already located earlier
[10dic2025 19:46:01.332] [main/DEBUG] [net.neoforged.fml.loading.moddiscovery.ModDiscoverer/]: Skipping /Users/joshua.morotti/.gradle/caches/modules-2/files-2.1/io.netty/netty-codec/4.1.97.Final/384ba4d75670befbedb45c4d3b497a93639c206d/netty-codec-4.1.97.Final.jar because it was already located earlier
[10dic2025 19:46:01.332] [main/DEBUG] [net.neoforged.fml.loading.moddiscovery.ModDiscoverer/]: Skipping /Users/joshua.morotti/.gradle/caches/modules-2/files-2.1/io.netty/netty-transport-classes-epoll/4.1.97.Final/795da37ded759e862457a82d9d92c4d39ce8ecee/netty-transport-classes-epoll-4.1.97.Final.jar because it was already located earlier
[10dic2025 19:46:01.332] [main/DEBUG] [net.neoforged.fml.loading.moddiscovery.ModDiscoverer/]: Skipping /Users/joshua.morotti/.gradle/caches/modules-2/files-2.1/io.netty/netty-transport-native-unix-common/4.1.97.Final/d469d84265ab70095b01b40886cabdd433b6e664/netty-transport-native-unix-common-4.1.97.Final.jar because it was already located earlier
[10dic2025 19:46:01.332] [main/DEBUG] [net.neoforged.fml.loading.moddiscovery.ModDiscoverer/]: Skipping /Users/joshua.morotti/.gradle/caches/modules-2/files-2.1/io.netty/netty-transport/4.1.97.Final/f37380d23c9bb079bc702910833b2fd532c9abd0/netty-transport-4.1.97.Final.jar because it was already located earlier
[10dic2025 19:46:01.332] [main/DEBUG] [net.neoforged.fml.loading.moddiscovery.ModDiscoverer/]: Skipping /Users/joshua.morotti/.gradle/caches/modules-2/files-2.1/io.netty/netty-buffer/4.1.97.Final/f8f3d8644afa5e6e1a40a3a6aeb9d9aa970ecb4f/netty-buffer-4.1.97.Final.jar because it was already located earlier
[10dic2025 19:46:01.332] [main/DEBUG] [net.neoforged.fml.loading.moddiscovery.ModDiscoverer/]: Skipping /Users/joshua.morotti/.gradle/caches/modules-2/files-2.1/io.netty/netty-resolver/4.1.97.Final/cec8348108dc76c47cf87c669d514be52c922144/netty-resolver-4.1.97.Final.jar because it was already located earlier
[10dic2025 19:46:01.332] [main/DEBUG] [net.neoforged.fml.loading.moddiscovery.ModDiscoverer/]: Skipping /Users/joshua.morotti/.gradle/caches/modules-2/files-2.1/io.netty/netty-common/4.1.97.Final/7cceacaf11df8dc63f23d0fb58e9d4640fc88404/netty-common-4.1.97.Final.jar because it was already located earlier
[10dic2025 19:46:01.332] [main/DEBUG] [net.neoforged.fml.loading.moddiscovery.ModDiscoverer/]: Skipping /Users/joshua.morotti/.gradle/caches/modules-2/files-2.1/it.unimi.dsi/fastutil/8.5.12/c24946d46824bd528054bface3231d2ecb7e95e8/fastutil-8.5.12.jar because it was already located earlier
[10dic2025 19:46:01.332] [main/DEBUG] [net.neoforged.fml.loading.moddiscovery.ModDiscoverer/]: Skipping /Users/joshua.morotti/.gradle/caches/modules-2/files-2.1/net.java.dev.jna/jna-platform/5.14.0/28934d48aed814f11e4c584da55c49fa7032b31b/jna-platform-5.14.0.jar because it was already located earlier
[10dic2025 19:46:01.332] [main/DEBUG] [net.neoforged.fml.loading.moddiscovery.ModDiscoverer/]: Skipping /Users/joshua.morotti/.gradle/caches/modules-2/files-2.1/net.java.dev.jna/jna/5.14.0/67bf3eaea4f0718cb376a181a629e5f88fa1c9dd/jna-5.14.0.jar because it was already located earlier
[10dic2025 19:46:01.332] [main/DEBUG] [net.neoforged.fml.loading.moddiscovery.ModDiscoverer/]: Skipping /Users/joshua.morotti/.gradle/caches/modules-2/files-2.1/net.neoforged/mergetool/2.0.3/1275202cbbb248f49345cf6787ce299afd9a02fb/mergetool-2.0.3-api.jar because it was already located earlier
[10dic2025 19:46:01.332] [main/DEBUG] [net.neoforged.fml.loading.moddiscovery.ModDiscoverer/]: Skipping /Users/joshua.morotti/.gradle/caches/modules-2/files-2.1/net.sf.jopt-simple/jopt-simple/5.0.4/4fdac2fbe92dfad86aa6e9301736f6b4342a3f5c/jopt-simple-5.0.4.jar because it was already located earlier
[10dic2025 19:46:01.332] [main/DEBUG] [net.neoforged.fml.loading.moddiscovery.ModDiscoverer/]: Skipping /Users/joshua.morotti/.gradle/caches/modules-2/files-2.1/org.apache.commons/commons-lang3/3.14.0/1ed471194b02f2c6cb734a0cd6f6f107c673afae/commons-lang3-3.14.0.jar because it was already located earlier
[10dic2025 19:46:01.332] [main/DEBUG] [net.neoforged.fml.loading.moddiscovery.ModDiscoverer/]: Skipping /Users/joshua.morotti/.gradle/caches/modules-2/files-2.1/org.apache.httpcomponents/httpcore/4.4.16/51cf043c87253c9f58b539c9f7e44c8894223850/httpcore-4.4.16.jar because it was already located earlier
[10dic2025 19:46:01.332] [main/DEBUG] [net.neoforged.fml.loading.moddiscovery.ModDiscoverer/]: Skipping /Users/joshua.morotti/.gradle/caches/modules-2/files-2.1/org.apache.logging.log4j/log4j-slf4j2-impl/2.22.1/d7e6693c2606cb7e7335047d7bb96dec52db5665/log4j-slf4j2-impl-2.22.1.jar because it was already located earlier
[10dic2025 19:46:01.332] [main/DEBUG] [net.neoforged.fml.loading.moddiscovery.ModDiscoverer/]: Skipping /Users/joshua.morotti/.gradle/caches/modules-2/files-2.1/org.apache.logging.log4j/log4j-core/2.22.1/7183a25510a02ad00cc6a95d3b3d2a7d3c5a8dc4/log4j-core-2.22.1.jar because it was already located earlier
[10dic2025 19:46:01.332] [main/DEBUG] [net.neoforged.fml.loading.moddiscovery.ModDiscoverer/]: Skipping /Users/joshua.morotti/.gradle/caches/modules-2/files-2.1/org.apache.logging.log4j/log4j-api/2.22.1/bea6fede6328fabafd7e68363161a7ea6605abd1/log4j-api-2.22.1.jar because it was already located earlier
[10dic2025 19:46:01.332] [main/DEBUG] [net.neoforged.fml.loading.moddiscovery.ModDiscoverer/]: Skipping /Users/joshua.morotti/.gradle/caches/modules-2/files-2.1/org.jcraft/jorbis/0.0.17/8872d22b293e8f5d7d56ff92be966e6dc28ebdc6/jorbis-0.0.17.jar because it was already located earlier
[10dic2025 19:46:01.332] [main/DEBUG] [net.neoforged.fml.loading.moddiscovery.ModDiscoverer/]: Skipping /Users/joshua.morotti/.gradle/caches/modules-2/files-2.1/org.joml/joml/1.10.5/22566d58af70ad3d72308bab63b8339906deb649/joml-1.10.5.jar because it was already located earlier
[10dic2025 19:46:01.332] [main/DEBUG] [net.neoforged.fml.loading.moddiscovery.ModDiscoverer/]: Skipping /Users/joshua.morotti/.gradle/caches/modules-2/files-2.1/org.lwjgl/lwjgl-freetype/3.3.3/a0db6c84a8becc8ca05f9dbfa985edc348a824c7/lwjgl-freetype-3.3.3.jar because it was already located earlier
[10dic2025 19:46:01.332] [main/DEBUG] [net.neoforged.fml.loading.moddiscovery.ModDiscoverer/]: Skipping /Users/joshua.morotti/.gradle/caches/modules-2/files-2.1/org.lwjgl/lwjgl-freetype/3.3.3/b0a8c9baa9d1f54ac61e1ab9640c7659e7fa700c/lwjgl-freetype-3.3.3-natives-macos-arm64.jar because it was already located earlier
[10dic2025 19:46:01.332] [main/DEBUG] [net.neoforged.fml.loading.moddiscovery.ModDiscoverer/]: Skipping /Users/joshua.morotti/.gradle/caches/modules-2/files-2.1/org.lwjgl/lwjgl-freetype/3.3.3/806d869f37ce0df388a24e17aaaf5ca0894d851b/lwjgl-freetype-3.3.3-natives-macos-patch.jar because it was already located earlier
[10dic2025 19:46:01.332] [main/DEBUG] [net.neoforged.fml.loading.moddiscovery.ModDiscoverer/]: Skipping /Users/joshua.morotti/.gradle/caches/modules-2/files-2.1/org.lwjgl/lwjgl-glfw/3.3.3/efa1eb78c5ccd840e9f329717109b5e892d72f8e/lwjgl-glfw-3.3.3.jar because it was already located earlier
[10dic2025 19:46:01.332] [main/DEBUG] [net.neoforged.fml.loading.moddiscovery.ModDiscoverer/]: Skipping /Users/joshua.morotti/.gradle/caches/modules-2/files-2.1/org.lwjgl/lwjgl-glfw/3.3.3/a1bf400f6bc64e6195596cb1430dafda46090751/lwjgl-glfw-3.3.3-natives-macos.jar because it was already located earlier
[10dic2025 19:46:01.333] [main/DEBUG] [net.neoforged.fml.loading.moddiscovery.ModDiscoverer/]: Skipping /Users/joshua.morotti/.gradle/caches/modules-2/files-2.1/org.lwjgl/lwjgl-jemalloc/3.3.3/b543467b7ff3c6920539a88ee602d34098628be5/lwjgl-jemalloc-3.3.3.jar because it was already located earlier
[10dic2025 19:46:01.333] [main/DEBUG] [net.neoforged.fml.loading.moddiscovery.ModDiscoverer/]: Skipping /Users/joshua.morotti/.gradle/caches/modules-2/files-2.1/org.lwjgl/lwjgl-jemalloc/3.3.3/2906637657a57579847238c9c72d2c4bde7083f8/lwjgl-jemalloc-3.3.3-natives-macos.jar because it was already located earlier
[10dic2025 19:46:01.333] [main/DEBUG] [net.neoforged.fml.loading.moddiscovery.ModDiscoverer/]: Skipping /Users/joshua.morotti/.gradle/caches/modules-2/files-2.1/org.lwjgl/lwjgl-openal/3.3.3/daada81ceb5fc0c291fbfdd4433cb8d9423577f2/lwjgl-openal-3.3.3.jar because it was already located earlier
[10dic2025 19:46:01.333] [main/DEBUG] [net.neoforged.fml.loading.moddiscovery.ModDiscoverer/]: Skipping /Users/joshua.morotti/.gradle/caches/modules-2/files-2.1/org.lwjgl/lwjgl-openal/3.3.3/8df8338bfa77f2ebabef4e58964bd04d24805cbf/lwjgl-openal-3.3.3-natives-macos.jar because it was already located earlier
[10dic2025 19:46:01.334] [main/DEBUG] [net.neoforged.fml.loading.moddiscovery.ModDiscoverer/]: Skipping /Users/joshua.morotti/.gradle/caches/modules-2/files-2.1/org.lwjgl/lwjgl-opengl/3.3.3/2f6b0147078396a58979125a4c947664e98293a/lwjgl-opengl-3.3.3.jar because it was already located earlier
[10dic2025 19:46:01.334] [main/DEBUG] [net.neoforged.fml.loading.moddiscovery.ModDiscoverer/]: Skipping /Users/joshua.morotti/.gradle/caches/modules-2/files-2.1/org.lwjgl/lwjgl-opengl/3.3.3/1bd45997551ae8a28469f3a2b678f4b7289e12c0/lwjgl-opengl-3.3.3-natives-macos.jar because it was already located earlier
[10dic2025 19:46:01.334] [main/DEBUG] [net.neoforged.fml.loading.moddiscovery.ModDiscoverer/]: Skipping /Users/joshua.morotti/.gradle/caches/modules-2/files-2.1/org.lwjgl/lwjgl-stb/3.3.3/25dd6161988d7e65f71d5065c99902402ee32746/lwjgl-stb-3.3.3.jar because it was already located earlier
[10dic2025 19:46:01.334] [main/DEBUG] [net.neoforged.fml.loading.moddiscovery.ModDiscoverer/]: Skipping /Users/joshua.morotti/.gradle/caches/modules-2/files-2.1/org.lwjgl/lwjgl-stb/3.3.3/472792c98fb2c1557c060cb9da5fca6a9773621f/lwjgl-stb-3.3.3-natives-macos.jar because it was already located earlier
[10dic2025 19:46:01.334] [main/DEBUG] [net.neoforged.fml.loading.moddiscovery.ModDiscoverer/]: Skipping /Users/joshua.morotti/.gradle/caches/modules-2/files-2.1/org.lwjgl/lwjgl-tinyfd/3.3.3/82d755ca94b102e9ca77283b9e2dc46d1b15fbe5/lwjgl-tinyfd-3.3.3.jar because it was already located earlier
[10dic2025 19:46:01.335] [main/DEBUG] [net.neoforged.fml.loading.moddiscovery.ModDiscoverer/]: Skipping /Users/joshua.morotti/.gradle/caches/modules-2/files-2.1/org.lwjgl/lwjgl-tinyfd/3.3.3/406feedb977372085a61eb0fee358183f4f4c67a/lwjgl-tinyfd-3.3.3-natives-macos-arm64.jar because it was already located earlier
[10dic2025 19:46:01.335] [main/DEBUG] [net.neoforged.fml.loading.moddiscovery.ModDiscoverer/]: Skipping /Users/joshua.morotti/.gradle/caches/modules-2/files-2.1/org.lwjgl/lwjgl/3.3.3/29589b5f87ed335a6c7e7ee6a5775f81f97ecb84/lwjgl-3.3.3.jar because it was already located earlier
[10dic2025 19:46:01.335] [main/DEBUG] [net.neoforged.fml.loading.moddiscovery.ModDiscoverer/]: Skipping /Users/joshua.morotti/.gradle/caches/modules-2/files-2.1/org.lwjgl/lwjgl/3.3.3/226246e75f6bd8d4e1895bdce8638ef87808d114/lwjgl-3.3.3-natives-macos-arm64.jar because it was already located earlier
[10dic2025 19:46:01.335] [main/DEBUG] [net.neoforged.fml.loading.moddiscovery.ModDiscoverer/]: Skipping /Users/joshua.morotti/.gradle/caches/modules-2/files-2.1/org.lz4/lz4-java/1.8.0/4b986a99445e49ea5fbf5d149c4b63f6ed6c6780/lz4-java-1.8.0.jar because it was already located earlier
[10dic2025 19:46:01.335] [main/DEBUG] [net.neoforged.fml.loading.moddiscovery.ModDiscoverer/]: Skipping /Users/joshua.morotti/.gradle/caches/modules-2/files-2.1/org.slf4j/slf4j-api/2.0.9/7cf2726fdcfbc8610f9a71fb3ed639871f315340/slf4j-api-2.0.9.jar because it was already located earlier
[10dic2025 19:46:01.335] [main/DEBUG] [net.neoforged.fml.loading.moddiscovery.ModDiscoverer/]: Skipping /Users/joshua.morotti/.gradle/caches/modules-2/files-2.1/com.google.code.findbugs/jsr305/3.0.2/25ea2e8b0c338a877313bd4672d3fe056ea78f0d/jsr305-3.0.2.jar because it was already located earlier
[10dic2025 19:46:01.335] [main/DEBUG] [net.neoforged.fml.loading.moddiscovery.ModDiscoverer/]: Skipping /Users/joshua.morotti/.gradle/caches/modules-2/files-2.1/org.jetbrains/annotations/24.1.0/7af6a669488450c4a07c2c3254e2151df42d7d04/annotations-24.1.0.jar because it was already located earlier
[10dic2025 19:46:01.335] [main/DEBUG] [net.neoforged.fml.loading.moddiscovery.ModDiscoverer/]: Skipping /Users/joshua.morotti/.gradle/caches/modules-2/files-2.1/net.neoforged.fancymodloader/earlydisplay/4.0.31/1aa78304adfb2e2830f6aa99d9c6bdebf0b14e0/earlydisplay-4.0.31.jar because it was already located earlier
[10dic2025 19:46:01.335] [main/DEBUG] [net.neoforged.fml.loading.moddiscovery.ModDiscoverer/]: Skipping /Users/joshua.morotti/.gradle/caches/modules-2/files-2.1/net.neoforged.fancymodloader/loader/4.0.31/3218703063e576c5c1f3edcccc1f3c06cb95bf48/loader-4.0.31.jar because it was already located earlier
[10dic2025 19:46:01.335] [main/DEBUG] [net.neoforged.fml.loading.moddiscovery.ModDiscoverer/]: Skipping /Users/joshua.morotti/.gradle/caches/modules-2/files-2.1/net.neoforged/coremods/7.0.3/9147e6f638b4272b3bd5fc8f92ad37802512c6c/coremods-7.0.3.jar because it was already located earlier
[10dic2025 19:46:01.335] [main/DEBUG] [net.neoforged.fml.loading.moddiscovery.ModDiscoverer/]: Skipping /Users/joshua.morotti/.gradle/caches/modules-2/files-2.1/cpw.mods/modlauncher/11.0.4/6619d4812a3c092310d521ebc4c9503727563df7/modlauncher-11.0.4.jar because it was already located earlier
[10dic2025 19:46:01.335] [main/DEBUG] [net.neoforged.fml.loading.moddiscovery.ModDiscoverer/]: Skipping /Users/joshua.morotti/.gradle/caches/modules-2/files-2.1/net.neoforged.accesstransformers/at-modlauncher/10.0.1/5aba50202aceead086bc09fbc2751c9f05cb4890/at-modlauncher-10.0.1.jar because it was already located earlier
[10dic2025 19:46:01.335] [main/DEBUG] [net.neoforged.fml.loading.moddiscovery.ModDiscoverer/]: Skipping /Users/joshua.morotti/.gradle/caches/modules-2/files-2.1/net.neoforged/accesstransformers/10.0.1/fd83b5725f76eae9115e9355fa1c456a6a441400/accesstransformers-10.0.1.jar because it was already located earlier
[10dic2025 19:46:01.335] [main/DEBUG] [net.neoforged.fml.loading.moddiscovery.ModDiscoverer/]: Skipping /Users/joshua.morotti/.gradle/caches/modules-2/files-2.1/org.openjdk.nashorn/nashorn-core/15.4/f67f5ffaa5f5130cf6fb9b133da00c7df3b532a5/nashorn-core-15.4.jar because it was already located earlier
[10dic2025 19:46:01.335] [main/DEBUG] [net.neoforged.fml.loading.moddiscovery.ModDiscoverer/]: Skipping /Users/joshua.morotti/.gradle/caches/modules-2/files-2.1/net.neoforged/bus/8.0.2/163c9ef7c4bcca6d850c34e95261b606af91fe06/bus-8.0.2.jar because it was already located earlier
[10dic2025 19:46:01.335] [main/DEBUG] [net.neoforged.fml.loading.moddiscovery.ModDiscoverer/]: Skipping /Users/joshua.morotti/.gradle/caches/modules-2/files-2.1/com.electronwill.night-config/toml/3.8.0/861dbcf2757dd6701c98b3949198549ccb5f62ff/toml-3.8.0.jar because it was already located earlier
[10dic2025 19:46:01.335] [main/DEBUG] [net.neoforged.fml.loading.moddiscovery.ModDiscoverer/]: Skipping /Users/joshua.morotti/.gradle/caches/modules-2/files-2.1/com.electronwill.night-config/core/3.8.0/2498dd2b3120dd49e963e2feab8fa5d0c5f80e0a/core-3.8.0.jar because it was already located earlier
[10dic2025 19:46:01.335] [main/DEBUG] [net.neoforged.fml.loading.moddiscovery.ModDiscoverer/]: Skipping /Users/joshua.morotti/.gradle/caches/modules-2/files-2.1/net.neoforged/JarJarSelector/0.4.1/fb3cc7a58af22ad2880adb98af6d518128c47dae/JarJarSelector-0.4.1.jar because it was already located earlier
[10dic2025 19:46:01.335] [main/DEBUG] [net.neoforged.fml.loading.moddiscovery.ModDiscoverer/]: Skipping /Users/joshua.morotti/.gradle/caches/modules-2/files-2.1/net.neoforged/JarJarMetadata/0.4.1/f8da03683dc81694556dc3e177c5e3bb77ae6fcb/JarJarMetadata-0.4.1.jar because it was already located earlier
[10dic2025 19:46:01.336] [main/DEBUG] [net.neoforged.fml.loading.moddiscovery.ModDiscoverer/]: Skipping /Users/joshua.morotti/.gradle/caches/modules-2/files-2.1/org.apache.maven/maven-artifact/3.8.5/4433f50c07debefaed0553bd0068f4f48d449313/maven-artifact-3.8.5.jar because it was already located earlier
[10dic2025 19:46:01.336] [main/DEBUG] [net.neoforged.fml.loading.moddiscovery.ModDiscoverer/]: Skipping /Users/joshua.morotti/.gradle/caches/modules-2/files-2.1/net.jodah/typetools/0.6.3/a01aaa6ddaea9ec07ec4f209487b7a46a526283a/typetools-0.6.3.jar because it was already located earlier
[10dic2025 19:46:01.336] [main/DEBUG] [net.neoforged.fml.loading.moddiscovery.ModDiscoverer/]: Skipping /Users/joshua.morotti/.gradle/caches/modules-2/files-2.1/net.minecrell/terminalconsoleappender/1.3.0/b562e9bb61235c9520e26282cdee71f8f802d1fc/terminalconsoleappender-1.3.0.jar because it was already located earlier
[10dic2025 19:46:01.336] [main/DEBUG] [net.neoforged.fml.loading.moddiscovery.ModDiscoverer/]: Skipping /Users/joshua.morotti/.gradle/caches/modules-2/files-2.1/net.fabricmc/sponge-mixin/0.15.2+mixin.0.8.7/2af2f021d8e02a0220dc27a7a72b4666d66d44ca/sponge-mixin-0.15.2+mixin.0.8.7.jar because it was already located earlier
[10dic2025 19:46:01.336] [main/DEBUG] [net.neoforged.fml.loading.moddiscovery.readers.JarModsDotTomlModFileReader/SCAN]: Found META-INF/MANIFEST.MF mod of type GAMELIBRARY: /Users/joshua.morotti/.gradle/caches/modules-2/files-2.1/io.github.llamalad7/mixinextras-neoforge/0.4.1/eff97772ecd0dcf8e52cdbafd3b3ccec425f8314/mixinextras-neoforge-0.4.1.jar
[10dic2025 19:46:01.337] [main/INFO] [net.neoforged.fml.loading.moddiscovery.ModDiscoverer/SCAN]: Found gamelibrary file "mixinextras-neoforge-0.4.1.jar" [locator: userdev mods and services, reader: mod manifest]
[10dic2025 19:46:01.337] [main/DEBUG] [net.neoforged.fml.loading.moddiscovery.ModDiscoverer/]: Skipping /Users/joshua.morotti/.gradle/caches/modules-2/files-2.1/com.google.guava/listenablefuture/9999.0-empty-to-avoid-conflict-with-guava/b421526c5f297295adef1c886e5246c39d4ac629/listenablefuture-9999.0-empty-to-avoid-conflict-with-guava.jar because it was already located earlier
[10dic2025 19:46:01.337] [main/DEBUG] [net.neoforged.fml.loading.moddiscovery.ModDiscoverer/]: Skipping /Users/joshua.morotti/.gradle/caches/modules-2/files-2.1/org.checkerframework/checker-qual/3.33.0/de2b60b62da487644fc11f734e73c8b0b431238f/checker-qual-3.33.0.jar because it was already located earlier
[10dic2025 19:46:01.337] [main/DEBUG] [net.neoforged.fml.loading.moddiscovery.ModDiscoverer/]: Skipping /Users/joshua.morotti/.gradle/caches/modules-2/files-2.1/com.google.errorprone/error_prone_annotations/2.18.0/89b684257096f548fa39a7df9fdaa409d4d4df91/error_prone_annotations-2.18.0.jar because it was already located earlier
[10dic2025 19:46:01.337] [main/DEBUG] [net.neoforged.fml.loading.moddiscovery.ModDiscoverer/]: Skipping /Users/joshua.morotti/.gradle/caches/modules-2/files-2.1/com.google.j2objc/j2objc-annotations/2.8/c85270e307e7b822f1086b93689124b89768e273/j2objc-annotations-2.8.jar because it was already located earlier
[10dic2025 19:46:01.337] [main/DEBUG] [net.neoforged.fml.loading.moddiscovery.ModDiscoverer/]: Skipping /Users/joshua.morotti/.gradle/caches/modules-2/files-2.1/net.minecraftforge/srgutils/0.4.15/ca408b131759478f164e010fae0d73997e125fb5/srgutils-0.4.15.jar because it was already located earlier
[10dic2025 19:46:01.337] [main/DEBUG] [net.neoforged.fml.loading.moddiscovery.ModDiscoverer/]: Skipping /Users/joshua.morotti/.gradle/caches/modules-2/files-2.1/org.antlr/antlr4-runtime/4.13.1/17125bae1d965624e265ef49552f6465a2bfa307/antlr4-runtime-4.13.1.jar because it was already located earlier
[10dic2025 19:46:01.337] [main/DEBUG] [net.neoforged.fml.loading.moddiscovery.ModDiscoverer/]: Skipping /Users/joshua.morotti/.gradle/caches/modules-2/files-2.1/org.jline/jline-reader/3.20.0/8f15415b022a25b473e8e16c28ae913186ffb9c4/jline-reader-3.20.0.jar because it was already located earlier
[10dic2025 19:46:01.337] [main/DEBUG] [net.neoforged.fml.loading.moddiscovery.ModDiscoverer/]: Skipping /Users/joshua.morotti/.gradle/caches/modules-2/files-2.1/org.jline/jline-terminal/3.20.0/d0ddcc708ddf527a3454c941b7b9225cc83a15ff/jline-terminal-3.20.0.jar because it was already located earlier
[10dic2025 19:46:01.337] [main/DEBUG] [net.neoforged.fml.loading.moddiscovery.ModDiscoverer/]: Skipping /Users/joshua.morotti/.gradle/caches/modules-2/files-2.1/org.codehaus.plexus/plexus-utils/3.3.0/cf43b5391de623b36fe066a21127baef82c64022/plexus-utils-3.3.0.jar because it was already located earlier
[10dic2025 19:46:01.337] [main/DEBUG] [net.neoforged.fml.loading.moddiscovery.ModDiscoverer/]: Skipping /Users/joshua.morotti/.gradle/caches/modules-2/files-2.1/com.machinezoo.noexception/noexception/1.7.1/b65330c98e38a1f915fa54a6e5eca496505e3f0a/noexception-1.7.1.jar because it was already located earlier
[10dic2025 19:46:01.337] [main/DEBUG] [net.neoforged.fml.loading.moddiscovery.ModDiscoverer/]: Skipping /Users/joshua.morotti/dev/personal/pipezretriever/.gradle/repositories/ng_dummy_ng/net/minecraft/client/1.21.1/client-1.21.1-client-extra.jar because it was already located earlier
[10dic2025 19:46:01.337] [main/DEBUG] [net.neoforged.fml.loading.moddiscovery.ModDiscoverer/SCAN]: Locator userdev mods and services found 20 mods, 0 warnings, 0 errors and skipped 86 candidates
[10dic2025 19:46:01.338] [main/DEBUG] [net.neoforged.fml.loading.UniqueModListBuilder/]: Found 2 mods for first modid neoforge, selecting most recent based on version data
[10dic2025 19:46:01.338] [main/DEBUG] [net.neoforged.fml.loading.UniqueModListBuilder/]: Selected file neoforge-21.1.77.jar for modid neoforge with version 21.1.77
[10dic2025 19:46:01.339] [main/DEBUG] [net.neoforged.fml.loading.moddiscovery.ModDiscoverer/SCAN]: Successfully Loaded 21 mods. Attempting to load dependencies...
[10dic2025 19:46:01.339] [main/DEBUG] [net.neoforged.fml.loading.moddiscovery.ModDiscoverer/SCAN]: Trying locator jarinjar
[10dic2025 19:46:01.342] [main/TRACE] [net.neoforged.fml.loading.moddiscovery.locators.JarInJarDependencyLocator/]: Failed to load resource META-INF/jarjar/metadata.json from neoforge-21.1.77.jar, it does not contain dependency information.
[10dic2025 19:46:01.342] [main/TRACE] [net.neoforged.fml.loading.moddiscovery.locators.JarInJarDependencyLocator/]: Failed to load resource META-INF/jarjar/metadata.json from rhino-416294-6000610.jar, it does not contain dependency information.
[10dic2025 19:46:01.342] [main/TRACE] [net.neoforged.fml.loading.moddiscovery.locators.JarInJarDependencyLocator/]: Failed to load resource META-INF/jarjar/metadata.json from ftpessential-410811-6179042.jar, it does not contain dependency information.
[10dic2025 19:46:01.342] [main/TRACE] [net.neoforged.fml.loading.moddiscovery.locators.JarInJarDependencyLocator/]: Failed to load resource META-INF/jarjar/metadata.json from supermarticonfig-438332-5546996.jar, it does not contain dependency information.
[10dic2025 19:46:01.342] [main/TRACE] [net.neoforged.fml.loading.moddiscovery.locators.JarInJarDependencyLocator/]: Failed to load resource META-INF/jarjar/metadata.json from titanium-287342-6443608.jar, it does not contain dependency information.
[10dic2025 19:46:01.342] [main/TRACE] [net.neoforged.fml.loading.moddiscovery.locators.JarInJarDependencyLocator/]: Failed to load resource META-INF/jarjar/metadata.json from ftlibrary-404465-6466106.jar, it does not contain dependency information.
[10dic2025 19:46:01.342] [main/TRACE] [net.neoforged.fml.loading.moddiscovery.locators.JarInJarDependencyLocator/]: Failed to load resource META-INF/jarjar/metadata.json from jade-324717-6011258.jar, it does not contain dependency information.
[10dic2025 19:46:01.343] [main/TRACE] [net.neoforged.fml.loading.moddiscovery.locators.JarInJarDependencyLocator/]: Failed to load resource META-INF/jarjar/metadata.json from geckolib-388172-6920810.jar, it does not contain dependency information.
[10dic2025 19:46:01.343] [main/TRACE] [net.neoforged.fml.loading.moddiscovery.locators.JarInJarDependencyLocator/]: Failed to load resource META-INF/jarjar/metadata.json from architectury-419699-5786327.jar, it does not contain dependency information.
[10dic2025 19:46:01.343] [main/TRACE] [net.neoforged.fml.loading.moddiscovery.locators.JarInJarDependencyLocator/]: Failed to load resource META-INF/jarjar/metadata.json from guideme-1173950-6488254.jar, it does not contain dependency information.
[10dic2025 19:46:01.343] [main/TRACE] [net.neoforged.fml.loading.moddiscovery.locators.JarInJarDependencyLocator/]: Failed to load resource META-INF/jarjar/metadata.json from jei-238222-6829086.jar, it does not contain dependency information.
[10dic2025 19:46:01.343] [main/TRACE] [net.neoforged.fml.loading.moddiscovery.locators.JarInJarDependencyLocator/]: Failed to load resource META-INF/jarjar/metadata.json from supermarticore-454372-6076757.jar, it does not contain dependency information.
[10dic2025 19:46:01.343] [main/TRACE] [net.neoforged.fml.loading.moddiscovery.locators.JarInJarDependencyLocator/]: Failed to load resource META-INF/jarjar/metadata.json from trashcans-394535-5891067.jar, it does not contain dependency information.
[10dic2025 19:46:01.343] [main/TRACE] [net.neoforged.fml.loading.moddiscovery.locators.JarInJarDependencyLocator/]: Failed to load resource META-INF/jarjar/metadata.json from main, it does not contain dependency information.
[10dic2025 19:46:01.343] [main/TRACE] [net.neoforged.fml.loading.moddiscovery.locators.JarInJarDependencyLocator/]: Failed to load resource META-INF/jarjar/metadata.json from mixinextras-neoforge-0.4.1.jar, it does not contain dependency information.
[10dic2025 19:46:01.343] [main/TRACE] [net.neoforged.fml.loading.moddiscovery.locators.JarInJarDependencyLocator/]: Failed to load resource META-INF/jarjar/metadata.json from pipez-443900-5757713.jar, it does not contain dependency information.
[10dic2025 19:46:01.343] [main/TRACE] [net.neoforged.fml.loading.moddiscovery.locators.JarInJarDependencyLocator/]: Failed to load resource META-INF/jarjar/metadata.json from athena-841890-5629395.jar, it does not contain dependency information.
[10dic2025 19:46:01.343] [main/TRACE] [net.neoforged.fml.loading.moddiscovery.locators.JarInJarDependencyLocator/]: Failed to load resource META-INF/jarjar/metadata.json from glodium-957920-5821676.jar, it does not contain dependency information.
[10dic2025 19:46:01.374] [main/DEBUG] [net.neoforged.fml.loading.moddiscovery.readers.JarModsDotTomlModFileReader/SCAN]: Found META-INF/MANIFEST.MF mod of type GAMELIBRARY: 
[10dic2025 19:46:01.374] [main/DEBUG] [net.neoforged.fml.loading.moddiscovery.readers.JarModsDotTomlModFileReader/SCAN]: Found META-INF/MANIFEST.MF mod of type LIBRARY: 
[10dic2025 19:46:01.378] [main/DEBUG] [net.neoforged.fml.loading.moddiscovery.readers.JarModsDotTomlModFileReader/SCAN]: Found META-INF/neoforge.mods.toml mod of type null: 
[10dic2025 19:46:01.378] [main/DEBUG] [net.neoforged.fml.loading.moddiscovery.ModFileParser/LOADING]: Considering mod file candidate 
[10dic2025 19:46:01.379] [main/DEBUG] [net.neoforged.fml.loading.moddiscovery.ModFileInfo/LOADING]: Found valid mod file fabric-api-base-0.4.42+d1308dedd1.jar with {fabric_api_base} mods - versions {0.4.42+d1308dedd1}
[10dic2025 19:46:01.382] [main/DEBUG] [net.neoforged.fml.loading.moddiscovery.readers.JarModsDotTomlModFileReader/SCAN]: Found META-INF/neoforge.mods.toml mod of type null: 
[10dic2025 19:46:01.382] [main/DEBUG] [net.neoforged.fml.loading.moddiscovery.ModFileParser/LOADING]: Considering mod file candidate 
[10dic2025 19:46:01.383] [main/DEBUG] [net.neoforged.fml.loading.moddiscovery.ModFileInfo/LOADING]: Found valid mod file fabric-networking-api-v1-4.2.2+a92978fd19.jar with {fabric_networking_api_v1} mods - versions {4.2.2+a92978fd19}
[10dic2025 19:46:01.384] [main/DEBUG] [net.neoforged.fml.loading.moddiscovery.readers.JarModsDotTomlModFileReader/SCAN]: Found META-INF/neoforge.mods.toml mod of type null: 
[10dic2025 19:46:01.384] [main/DEBUG] [net.neoforged.fml.loading.moddiscovery.ModFileParser/LOADING]: Considering mod file candidate 
[10dic2025 19:46:01.384] [main/DEBUG] [net.neoforged.fml.loading.moddiscovery.ModFileInfo/LOADING]: Found valid mod file fabric-screen-api-v1-2.0.24+79a4c2b0d1.jar with {fabric_screen_api_v1} mods - versions {2.0.24+79a4c2b0d1}
[10dic2025 19:46:01.407] [main/DEBUG] [net.neoforged.fml.loading.moddiscovery.readers.JarModsDotTomlModFileReader/SCAN]: Found META-INF/MANIFEST.MF mod of type LIBRARY: 
[10dic2025 19:46:01.423] [main/TRACE] [net.neoforged.fml.loading.moddiscovery.locators.JarInJarDependencyLocator/]: Failed to load resource META-INF/jarjar/metadata.json from animated-gif-lib-for-java-animated-gif-lib-1.7.jar, it does not contain dependency information.
[10dic2025 19:46:01.423] [main/TRACE] [net.neoforged.fml.loading.moddiscovery.locators.JarInJarDependencyLocator/]: Failed to load resource META-INF/jarjar/metadata.json from tiny-java-server-1.0.0-build.6.jar, it does not contain dependency information.
[10dic2025 19:46:01.423] [main/TRACE] [net.neoforged.fml.loading.moddiscovery.locators.JarInJarDependencyLocator/]: Failed to load resource META-INF/jarjar/metadata.json from mixinextras-neoforge-0.4.1.jar, it does not contain dependency information.
[10dic2025 19:46:01.423] [main/TRACE] [net.neoforged.fml.loading.moddiscovery.locators.JarInJarDependencyLocator/]: Failed to load resource META-INF/jarjar/metadata.json from neoforge-coremods-21.1.77.jar, it does not contain dependency information.
[10dic2025 19:46:01.423] [main/TRACE] [net.neoforged.fml.loading.moddiscovery.locators.JarInJarDependencyLocator/]: Failed to load resource META-INF/jarjar/metadata.json from endec-0.1.8.jar, it does not contain dependency information.
[10dic2025 19:46:01.423] [main/TRACE] [net.neoforged.fml.loading.moddiscovery.locators.JarInJarDependencyLocator/]: Failed to load resource META-INF/jarjar/metadata.json from fabric-api-base-0.4.42+d1308dedd1.jar, it does not contain dependency information.
[10dic2025 19:46:01.423] [main/TRACE] [net.neoforged.fml.loading.moddiscovery.locators.JarInJarDependencyLocator/]: Failed to load resource META-INF/jarjar/metadata.json from fabric-networking-api-v1-4.2.2+a92978fd19.jar, it does not contain dependency information.
[10dic2025 19:46:01.423] [main/TRACE] [net.neoforged.fml.loading.moddiscovery.locators.JarInJarDependencyLocator/]: Failed to load resource META-INF/jarjar/metadata.json from fabric-screen-api-v1-2.0.24+79a4c2b0d1.jar, it does not contain dependency information.
[10dic2025 19:46:01.423] [main/TRACE] [net.neoforged.fml.loading.moddiscovery.locators.JarInJarDependencyLocator/]: Failed to load resource META-INF/jarjar/metadata.json from forgified-fabric-loader-2.5.29+0.16.0+1.21-full.jar, it does not contain dependency information.
[10dic2025 19:46:01.423] [main/TRACE] [net.neoforged.fml.loading.moddiscovery.locators.JarInJarDependencyLocator/]: Failed to load resource META-INF/jarjar/metadata.json from gson-0.1.5.jar, it does not contain dependency information.
[10dic2025 19:46:01.423] [main/TRACE] [net.neoforged.fml.loading.moddiscovery.locators.JarInJarDependencyLocator/]: Failed to load resource META-INF/jarjar/metadata.json from jankson-0.1.5.jar, it does not contain dependency information.
[10dic2025 19:46:01.423] [main/TRACE] [net.neoforged.fml.loading.moddiscovery.locators.JarInJarDependencyLocator/]: Failed to load resource META-INF/jarjar/metadata.json from jankson-1.2.2.jar, it does not contain dependency information.
[10dic2025 19:46:01.424] [main/TRACE] [net.neoforged.fml.loading.moddiscovery.locators.JarInJarDependencyLocator/]: Failed to load resource META-INF/jarjar/metadata.json from netty-0.1.4.jar, it does not contain dependency information.
[10dic2025 19:46:01.448] [main/DEBUG] [net.neoforged.fml.loading.moddiscovery.readers.JarModsDotTomlModFileReader/SCAN]: Found META-INF/neoforge.mods.toml mod of type null: 
[10dic2025 19:46:01.448] [main/DEBUG] [net.neoforged.fml.loading.moddiscovery.ModFileParser/LOADING]: Considering mod file candidate 
[10dic2025 19:46:01.449] [main/DEBUG] [net.neoforged.fml.loading.moddiscovery.ModFileInfo/LOADING]: Found valid mod file fabric-screen-api-v1-2.0.24+79a4c2b0d1.jar with {fabric_screen_api_v1} mods - versions {2.0.24+79a4c2b0d1}
[10dic2025 19:46:01.462] [main/DEBUG] [net.neoforged.fml.loading.moddiscovery.readers.JarModsDotTomlModFileReader/SCAN]: Found META-INF/MANIFEST.MF mod of type LIBRARY: 
[10dic2025 19:46:01.467] [main/DEBUG] [net.neoforged.fml.loading.moddiscovery.readers.JarModsDotTomlModFileReader/SCAN]: Found META-INF/neoforge.mods.toml mod of type null: 
[10dic2025 19:46:01.467] [main/DEBUG] [net.neoforged.fml.loading.moddiscovery.ModFileParser/LOADING]: Considering mod file candidate 
[10dic2025 19:46:01.468] [main/DEBUG] [net.neoforged.fml.loading.moddiscovery.ModFileInfo/LOADING]: Found valid mod file fabric-networking-api-v1-4.2.2+a92978fd19.jar with {fabric_networking_api_v1} mods - versions {4.2.2+a92978fd19}
[10dic2025 19:46:01.469] [main/DEBUG] [net.neoforged.fml.loading.moddiscovery.readers.JarModsDotTomlModFileReader/SCAN]: Found META-INF/neoforge.mods.toml mod of type null: 
[10dic2025 19:46:01.469] [main/DEBUG] [net.neoforged.fml.loading.moddiscovery.ModFileParser/LOADING]: Considering mod file candidate 
[10dic2025 19:46:01.470] [main/DEBUG] [net.neoforged.fml.loading.moddiscovery.ModFileInfo/LOADING]: Found valid mod file fabric-api-base-0.4.42+d1308dedd1.jar with {fabric_api_base} mods - versions {0.4.42+d1308dedd1}
[10dic2025 19:46:01.470] [main/DEBUG] [net.neoforged.fml.loading.moddiscovery.readers.JarModsDotTomlModFileReader/SCAN]: Found META-INF/MANIFEST.MF mod of type LIBRARY: 
[10dic2025 19:46:01.474] [main/DEBUG] [net.neoforged.fml.loading.moddiscovery.readers.JarModsDotTomlModFileReader/SCAN]: Found META-INF/MANIFEST.MF mod of type GAMELIBRARY: 
[10dic2025 19:46:01.475] [main/WARN] [net.neoforged.jarjar.selection.JarSelector/]: Attempted to select a dependency jar for JarJar which was passed in as source: library:mixinextras.neoforge. Using Mod File: /Users/joshua.morotti/.gradle/caches/modules-2/files-2.1/io.github.llamalad7/mixinextras-neoforge/0.4.1/eff97772ecd0dcf8e52cdbafd3b3ccec425f8314/mixinextras-neoforge-0.4.1.jar
[10dic2025 19:46:01.475] [main/INFO] [net.neoforged.fml.loading.moddiscovery.locators.JarInJarDependencyLocator/]: Found 12 dependencies adding them to mods collection
[10dic2025 19:46:01.475] [main/INFO] [net.neoforged.fml.loading.moddiscovery.ModDiscoverer/SCAN]: Found mod file "fabric-networking-api-v1-4.2.2+a92978fd19.jar" [parent: owolib-532610-5945693.jar, locator: jarinjar, reader: mod manifest]
[10dic2025 19:46:01.475] [main/INFO] [net.neoforged.fml.loading.moddiscovery.ModDiscoverer/SCAN]: Found library file "gson-0.1.5.jar" [parent: owolib-532610-5945693.jar, locator: jarinjar]
[10dic2025 19:46:01.475] [main/INFO] [net.neoforged.fml.loading.moddiscovery.ModDiscoverer/SCAN]: Found library file "animated-gif-lib-for-java-animated-gif-lib-1.7.jar" [parent: kubejs-238086-5810100.jar, locator: jarinjar]
[10dic2025 19:46:01.476] [main/INFO] [net.neoforged.fml.loading.moddiscovery.ModDiscoverer/SCAN]: Found mod file "fabric-api-base-0.4.42+d1308dedd1.jar" [parent: owolib-532610-5945693.jar, locator: jarinjar, reader: mod manifest]
[10dic2025 19:46:01.476] [main/INFO] [net.neoforged.fml.loading.moddiscovery.ModDiscoverer/SCAN]: Found library file "forgified-fabric-loader-2.5.29+0.16.0+1.21-full.jar" [parent: owolib-532610-5945693.jar, locator: jarinjar, reader: mod manifest]
[10dic2025 19:46:01.476] [main/INFO] [net.neoforged.fml.loading.moddiscovery.ModDiscoverer/SCAN]: Found library file "tiny-java-server-1.0.0-build.6.jar" [parent: kubejs-238086-5810100.jar, locator: jarinjar]
[10dic2025 19:46:01.476] [main/INFO] [net.neoforged.fml.loading.moddiscovery.ModDiscoverer/SCAN]: Found library file "jankson-0.1.5.jar" [parent: owolib-532610-5945693.jar, locator: jarinjar]
[10dic2025 19:46:01.476] [main/INFO] [net.neoforged.fml.loading.moddiscovery.ModDiscoverer/SCAN]: Found library file "endec-0.1.8.jar" [parent: owolib-532610-5945693.jar, locator: jarinjar]
[10dic2025 19:46:01.476] [main/INFO] [net.neoforged.fml.loading.moddiscovery.ModDiscoverer/SCAN]: Found library file "netty-0.1.4.jar" [parent: owolib-532610-5945693.jar, locator: jarinjar]
[10dic2025 19:46:01.476] [main/INFO] [net.neoforged.fml.loading.moddiscovery.ModDiscoverer/SCAN]: Found library file "neoforge-coremods-21.1.77.jar" [parent: neoforge-21.1.77.jar, locator: jarinjar, reader: mod manifest]
[10dic2025 19:46:01.476] [main/INFO] [net.neoforged.fml.loading.moddiscovery.ModDiscoverer/SCAN]: Found mod file "fabric-screen-api-v1-2.0.24+79a4c2b0d1.jar" [parent: owolib-532610-5945693.jar, locator: jarinjar, reader: mod manifest]
[10dic2025 19:46:01.476] [main/INFO] [net.neoforged.fml.loading.moddiscovery.ModDiscoverer/SCAN]: Found library file "jankson-1.2.2.jar" [parent: owolib-532610-5945693.jar, locator: jarinjar]
[10dic2025 19:46:01.477] [main/INFO] [net.neoforged.fml.loading.moddiscovery.ModDiscoverer/]: 
     Mod List:
		Name Version (Mod Id)

		Architectury 13.0.8 (architectury)
		Athena 4.0.1 (athena)
		Forgified Fabric API Base 0.4.42+d1308dedd1 (fabric_api_base)
		Forgified Fabric Networking API (v1) 4.2.2+a92978fd19 (fabric_networking_api_v1)
		Forgified Fabric Screen API (v1) 2.0.24+79a4c2b0d1 (fabric_screen_api_v1)
		FTB Essentials 2101.1.6 (ftbessentials)
		FTB Library 2101.1.13 (ftblibrary)
		GeckoLib 4 4.7.7 (geckolib)
		Glodium 1.21-2.2-neoforge (glodium)
		GuideME 21.1.9 (guideme)
		Jade 15.9.2+neoforge (jade)
		Just Enough Items 19.22.1.316 (jei)
		KubeJS 2101.7.1-build.181 (kubejs)
		Minecraft 1.21.1 (minecraft)
		NeoForge 21.1.77 (neoforge)
		oωo 0.12.15-beta.12+1.21 (owo)
		Pipez 1.21.1-1.2.19 (pipez)
		Pipez Retriever 1.0.0 (pipezretriever)
		Rhino 2101.2.6-build.58 (rhino)
		SuperMartijn642's Config Library 1.1.8 (supermartijn642configlib)
		SuperMartijn642's Core Lib 1.1.18+a (supermartijn642corelib)
		Titanium 4.0.37 (titanium)
		Trash Cans 1.0.18+c (trashcans)
[10dic2025 19:46:01.478] [main/DEBUG] [net.neoforged.fml.loading.moddiscovery.ModFileInfo/LOADING]: Found valid mod file neoforge-21.1.77.jar with {minecraft} mods - versions {1.21.1}
[10dic2025 19:46:01.479] [main/DEBUG] [net.neoforged.fml.loading.moddiscovery.ModFile/LOADING]: Loading mod file /Users/joshua.morotti/dev/personal/pipezretriever/.gradle/repositories/ng_dummy_ng/net/neoforged/neoforge/21.1.77/neoforge-21.1.77.jar with languages [LanguageSpec[languageName=minecraft, acceptedVersions=1]]
[10dic2025 19:46:01.480] [main/DEBUG] [net.neoforged.fml.loading.moddiscovery.ModFileParser/LOADING]: Considering mod file candidate /Users/joshua.morotti/.gradle/caches/modules-2/files-2.1/curse.maven/rhino-416294/6000610/bd2652b47431bda7d567f9fd1af77b7ed700ae9a/rhino-416294-6000610.jar
[10dic2025 19:46:01.483] [main/DEBUG] [net.neoforged.fml.loading.moddiscovery.ModFileInfo/LOADING]: Found valid mod file rhino-416294-6000610.jar with {rhino} mods - versions {2101.2.6-build.58}
[10dic2025 19:46:01.483] [main/DEBUG] [net.neoforged.fml.loading.moddiscovery.ModFile/LOADING]: Loading mod file /Users/joshua.morotti/.gradle/caches/modules-2/files-2.1/curse.maven/rhino-416294/6000610/bd2652b47431bda7d567f9fd1af77b7ed700ae9a/rhino-416294-6000610.jar with languages [LanguageSpec[languageName=lowcodefml, acceptedVersions=[2,)]]
[10dic2025 19:46:01.483] [main/DEBUG] [net.neoforged.fml.loading.moddiscovery.ModFileParser/LOADING]: Considering mod file candidate /Users/joshua.morotti/.gradle/caches/modules-2/files-2.1/curse.maven/kubejs-238086/5810100/be525f7d4d8d71a18b07718352035b3e59e50ebd/kubejs-238086-5810100.jar
[10dic2025 19:46:01.485] [main/DEBUG] [net.neoforged.fml.loading.moddiscovery.ModFileInfo/LOADING]: Found valid mod file kubejs-238086-5810100.jar with {kubejs} mods - versions {2101.7.1-build.181}
[10dic2025 19:46:01.485] [main/DEBUG] [net.neoforged.fml.loading.moddiscovery.ModFile/LOADING]: Loading mod file /Users/joshua.morotti/.gradle/caches/modules-2/files-2.1/curse.maven/kubejs-238086/5810100/be525f7d4d8d71a18b07718352035b3e59e50ebd/kubejs-238086-5810100.jar with languages [LanguageSpec[languageName=javafml, acceptedVersions=[2,)]]
[10dic2025 19:46:01.485] [main/DEBUG] [net.neoforged.fml.loading.moddiscovery.ModFile/LOADING]: Found mixin config kubejs.mixins.json
[10dic2025 19:46:01.485] [main/DEBUG] [net.neoforged.fml.loading.moddiscovery.ModFileParser/LOADING]: Considering mod file candidate 
[10dic2025 19:46:01.485] [main/DEBUG] [net.neoforged.fml.loading.moddiscovery.ModFileInfo/LOADING]: Found valid mod file fabric-api-base-0.4.42+d1308dedd1.jar with {fabric_api_base} mods - versions {0.4.42+d1308dedd1}
[10dic2025 19:46:01.486] [main/DEBUG] [net.neoforged.fml.loading.moddiscovery.ModFile/LOADING]: Loading mod file  with languages [LanguageSpec[languageName=javafml, acceptedVersions=[1,)]]
[10dic2025 19:46:01.486] [main/DEBUG] [net.neoforged.fml.loading.moddiscovery.ModFileParser/LOADING]: Considering mod file candidate /Users/joshua.morotti/.gradle/caches/modules-2/files-2.1/curse.maven/ftpessential-410811/6179042/c639625861cfb585a2897771e605b325f2e0addf/ftpessential-410811-6179042.jar
[10dic2025 19:46:01.486] [main/DEBUG] [net.neoforged.fml.loading.moddiscovery.ModFileInfo/LOADING]: Found valid mod file ftpessential-410811-6179042.jar with {ftbessentials} mods - versions {2101.1.6}
[10dic2025 19:46:01.486] [main/DEBUG] [net.neoforged.fml.loading.moddiscovery.ModFile/LOADING]: Loading mod file /Users/joshua.morotti/.gradle/caches/modules-2/files-2.1/curse.maven/ftpessential-410811/6179042/c639625861cfb585a2897771e605b325f2e0addf/ftpessential-410811-6179042.jar with languages [LanguageSpec[languageName=javafml, acceptedVersions=[4,)]]
[10dic2025 19:46:01.495] [main/DEBUG] [net.neoforged.fml.loading.moddiscovery.ModFile/LOADING]: Found mixin config ftbessentials-common.mixins.json
[10dic2025 19:46:01.505] [main/DEBUG] [net.neoforged.fml.loading.moddiscovery.ModFileParser/LOADING]: Considering mod file candidate /Users/joshua.morotti/.gradle/caches/modules-2/files-2.1/curse.maven/titanium-287342/6443608/af61f1fa339ab8b11900cbafc8618491341b26c8/titanium-287342-6443608.jar
[10dic2025 19:46:01.521] [main/DEBUG] [net.neoforged.fml.loading.moddiscovery.ModFileInfo/LOADING]: Found valid mod file titanium-287342-6443608.jar with {titanium} mods - versions {4.0.37}
[10dic2025 19:46:01.521] [main/DEBUG] [net.neoforged.fml.loading.moddiscovery.ModFile/LOADING]: Loading mod file /Users/joshua.morotti/.gradle/caches/modules-2/files-2.1/curse.maven/titanium-287342/6443608/af61f1fa339ab8b11900cbafc8618491341b26c8/titanium-287342-6443608.jar with languages [LanguageSpec[languageName=javafml, acceptedVersions=[1,)]]
[10dic2025 19:46:01.521] [main/DEBUG] [net.neoforged.fml.loading.moddiscovery.ModFileParser/LOADING]: Considering mod file candidate /Users/joshua.morotti/.gradle/caches/modules-2/files-2.1/curse.maven/owolib-532610/5945693/f58392fa41845f377084be3e34f9818a5f672179/owolib-532610-5945693.jar
[10dic2025 19:46:01.539] [main/DEBUG] [net.neoforged.fml.loading.moddiscovery.ModFileInfo/LOADING]: Found valid mod file owolib-532610-5945693.jar with {owo} mods - versions {0.12.15-beta.12+1.21}
[10dic2025 19:46:01.539] [main/DEBUG] [net.neoforged.fml.loading.moddiscovery.ModFile/LOADING]: Loading mod file /Users/joshua.morotti/.gradle/caches/modules-2/files-2.1/curse.maven/owolib-532610/5945693/f58392fa41845f377084be3e34f9818a5f672179/owolib-532610-5945693.jar with languages [LanguageSpec[languageName=javafml, acceptedVersions=[1,)]]
[10dic2025 19:46:01.539] [main/DEBUG] [net.neoforged.fml.loading.moddiscovery.ModFile/LOADING]: Found mixin config owo.mixins.json
[10dic2025 19:46:01.545] [main/DEBUG] [net.neoforged.fml.loading.moddiscovery.ModFileParser/LOADING]: Considering mod file candidate /Users/joshua.morotti/.gradle/caches/modules-2/files-2.1/curse.maven/supermarticonfig-438332/5546996/7452242e389975e8a88b97066f4bae6a4ebe574/supermarticonfig-438332-5546996.jar
[10dic2025 19:46:01.547] [main/DEBUG] [net.neoforged.fml.loading.moddiscovery.ModFileInfo/LOADING]: Found valid mod file supermarticonfig-438332-5546996.jar with {supermartijn642configlib} mods - versions {1.1.8}
[10dic2025 19:46:01.547] [main/DEBUG] [net.neoforged.fml.loading.moddiscovery.ModFile/LOADING]: Loading mod file /Users/joshua.morotti/.gradle/caches/modules-2/files-2.1/curse.maven/supermarticonfig-438332/5546996/7452242e389975e8a88b97066f4bae6a4ebe574/supermarticonfig-438332-5546996.jar with languages [LanguageSpec[languageName=javafml, acceptedVersions=[1,)]]
[10dic2025 19:46:01.547] [main/DEBUG] [net.neoforged.fml.loading.moddiscovery.ModFileParser/LOADING]: Considering mod file candidate /Users/joshua.morotti/.gradle/caches/modules-2/files-2.1/curse.maven/ftlibrary-404465/6466106/8e97cffb520971410c9e007a17deaf1ccad831ca/ftlibrary-404465-6466106.jar
[10dic2025 19:46:01.547] [main/DEBUG] [net.neoforged.fml.loading.moddiscovery.ModFileInfo/LOADING]: Found valid mod file ftlibrary-404465-6466106.jar with {ftblibrary} mods - versions {2101.1.13}
[10dic2025 19:46:01.547] [main/DEBUG] [net.neoforged.fml.loading.moddiscovery.ModFile/LOADING]: Loading mod file /Users/joshua.morotti/.gradle/caches/modules-2/files-2.1/curse.maven/ftlibrary-404465/6466106/8e97cffb520971410c9e007a17deaf1ccad831ca/ftlibrary-404465-6466106.jar with languages [LanguageSpec[languageName=javafml, acceptedVersions=[4,)]]
[10dic2025 19:46:01.547] [main/DEBUG] [net.neoforged.fml.loading.moddiscovery.ModFile/LOADING]: Found mixin config ftblibrary-common.mixins.json
[10dic2025 19:46:01.548] [main/DEBUG] [net.neoforged.fml.loading.moddiscovery.ModFileParser/LOADING]: Considering mod file candidate /Users/joshua.morotti/.gradle/caches/modules-2/files-2.1/curse.maven/jade-324717/6011258/6b150830f1f38e9f8930af846719b9fc94818c9c/jade-324717-6011258.jar
[10dic2025 19:46:01.548] [main/DEBUG] [net.neoforged.fml.loading.moddiscovery.ModFileInfo/LOADING]: Found valid mod file jade-324717-6011258.jar with {jade} mods - versions {15.9.2+neoforge}
[10dic2025 19:46:01.548] [main/DEBUG] [net.neoforged.fml.loading.moddiscovery.ModFile/LOADING]: Loading mod file /Users/joshua.morotti/.gradle/caches/modules-2/files-2.1/curse.maven/jade-324717/6011258/6b150830f1f38e9f8930af846719b9fc94818c9c/jade-324717-6011258.jar with languages [LanguageSpec[languageName=javafml, acceptedVersions=[1,)]]
[10dic2025 19:46:01.548] [main/DEBUG] [net.neoforged.fml.loading.moddiscovery.ModFile/LOADING]: Found mixin config jade.mixins.json
[10dic2025 19:46:01.549] [main/DEBUG] [net.neoforged.fml.loading.moddiscovery.ModFileParser/LOADING]: Considering mod file candidate /Users/joshua.morotti/.gradle/caches/modules-2/files-2.1/curse.maven/geckolib-388172/6920810/36883f8ea9117932bb5f2643a29578c6506e2339/geckolib-388172-6920810.jar
[10dic2025 19:46:01.549] [main/DEBUG] [net.neoforged.fml.loading.moddiscovery.ModFileInfo/LOADING]: Found valid mod file geckolib-388172-6920810.jar with {geckolib} mods - versions {4.7.7}
[10dic2025 19:46:01.549] [main/DEBUG] [net.neoforged.fml.loading.moddiscovery.ModFile/LOADING]: Loading mod file /Users/joshua.morotti/.gradle/caches/modules-2/files-2.1/curse.maven/geckolib-388172/6920810/36883f8ea9117932bb5f2643a29578c6506e2339/geckolib-388172-6920810.jar with languages [LanguageSpec[languageName=javafml, acceptedVersions=[4,)]]
[10dic2025 19:46:01.549] [main/DEBUG] [net.neoforged.fml.loading.moddiscovery.ModFile/LOADING]: Found mixin config geckolib.mixins.json
[10dic2025 19:46:01.549] [main/DEBUG] [net.neoforged.fml.loading.moddiscovery.ModFileParser/LOADING]: Considering mod file candidate /Users/joshua.morotti/.gradle/caches/modules-2/files-2.1/curse.maven/jei-238222/6829086/ad7cd1f890ef4924c62c39534d186396cde66868/jei-238222-6829086.jar
[10dic2025 19:46:01.550] [main/DEBUG] [net.neoforged.fml.loading.moddiscovery.ModFileInfo/LOADING]: Found valid mod file jei-238222-6829086.jar with {jei} mods - versions {19.22.1.316}
[10dic2025 19:46:01.550] [main/DEBUG] [net.neoforged.fml.loading.moddiscovery.ModFile/LOADING]: Loading mod file /Users/joshua.morotti/.gradle/caches/modules-2/files-2.1/curse.maven/jei-238222/6829086/ad7cd1f890ef4924c62c39534d186396cde66868/jei-238222-6829086.jar with languages [LanguageSpec[languageName=javafml, acceptedVersions=[4,)]]
[10dic2025 19:46:01.550] [main/DEBUG] [net.neoforged.fml.loading.moddiscovery.ModFileParser/LOADING]: Considering mod file candidate /Users/joshua.morotti/.gradle/caches/modules-2/files-2.1/curse.maven/supermarticore-454372/6076757/21c75db63ca1d8b8972a94a71c9c7ec0549e1be0/supermarticore-454372-6076757.jar
[10dic2025 19:46:01.550] [main/DEBUG] [net.neoforged.fml.loading.moddiscovery.ModFileInfo/LOADING]: Found valid mod file supermarticore-454372-6076757.jar with {supermartijn642corelib} mods - versions {1.1.18+a}
[10dic2025 19:46:01.550] [main/DEBUG] [net.neoforged.fml.loading.moddiscovery.ModFile/LOADING]: Loading mod file /Users/joshua.morotti/.gradle/caches/modules-2/files-2.1/curse.maven/supermarticore-454372/6076757/21c75db63ca1d8b8972a94a71c9c7ec0549e1be0/supermarticore-454372-6076757.jar with languages [LanguageSpec[languageName=javafml, acceptedVersions=[1,)]]
[10dic2025 19:46:01.550] [main/DEBUG] [net.neoforged.fml.loading.moddiscovery.ModFile/LOADING]: Found mixin config supermartijn642corelib.mixins.json
[10dic2025 19:46:01.553] [main/DEBUG] [net.neoforged.fml.loading.moddiscovery.ModFileParser/LOADING]: Considering mod file candidate /Users/joshua.morotti/.gradle/caches/modules-2/files-2.1/curse.maven/pipez-443900/5757713/760c1cd20e6e47ef86bd48ece413873cccddc972/pipez-443900-5757713.jar
[10dic2025 19:46:01.554] [main/DEBUG] [net.neoforged.fml.loading.moddiscovery.ModFileInfo/LOADING]: Found valid mod file pipez-443900-5757713.jar with {pipez} mods - versions {1.21.1-1.2.19}
[10dic2025 19:46:01.554] [main/DEBUG] [net.neoforged.fml.loading.moddiscovery.ModFile/LOADING]: Loading mod file /Users/joshua.morotti/.gradle/caches/modules-2/files-2.1/curse.maven/pipez-443900/5757713/760c1cd20e6e47ef86bd48ece413873cccddc972/pipez-443900-5757713.jar with languages [LanguageSpec[languageName=javafml, acceptedVersions=*]]
[10dic2025 19:46:01.554] [main/DEBUG] [net.neoforged.fml.loading.moddiscovery.ModFileParser/LOADING]: Considering mod file candidate /Users/joshua.morotti/dev/personal/pipezretriever/.gradle/repositories/ng_dummy_ng/net/neoforged/neoforge/21.1.77/neoforge-21.1.77.jar
[10dic2025 19:46:01.554] [main/DEBUG] [net.neoforged.fml.loading.moddiscovery.ModFileInfo/LOADING]: Found valid mod file neoforge-21.1.77.jar with {neoforge} mods - versions {21.1.77}
[10dic2025 19:46:01.554] [main/DEBUG] [net.neoforged.fml.loading.moddiscovery.ModFile/LOADING]: Loading mod file /Users/joshua.morotti/dev/personal/pipezretriever/.gradle/repositories/ng_dummy_ng/net/neoforged/neoforge/21.1.77/neoforge-21.1.77.jar with languages [LanguageSpec[languageName=javafml, acceptedVersions=[3,]]]
[10dic2025 19:46:01.555] [main/DEBUG] [net.neoforged.fml.loading.moddiscovery.ModFile/LOADING]: Found mixin config neoforge.mixins.json
[10dic2025 19:46:01.555] [main/DEBUG] [net.neoforged.fml.loading.moddiscovery.ModFileParser/LOADING]: Considering mod file candidate /Users/joshua.morotti/.gradle/caches/modules-2/files-2.1/curse.maven/guideme-1173950/6488254/7a50b822de6519a796e25d79201c865cfc6b8e3d/guideme-1173950-6488254.jar
[10dic2025 19:46:01.555] [main/DEBUG] [net.neoforged.fml.loading.moddiscovery.ModFileInfo/LOADING]: Found valid mod file guideme-1173950-6488254.jar with {guideme} mods - versions {21.1.9}
[10dic2025 19:46:01.555] [main/DEBUG] [net.neoforged.fml.loading.moddiscovery.ModFile/LOADING]: Loading mod file /Users/joshua.morotti/.gradle/caches/modules-2/files-2.1/curse.maven/guideme-1173950/6488254/7a50b822de6519a796e25d79201c865cfc6b8e3d/guideme-1173950-6488254.jar with languages [LanguageSpec[languageName=javafml, acceptedVersions=*]]
[10dic2025 19:46:01.555] [main/DEBUG] [net.neoforged.fml.loading.moddiscovery.ModFileParser/LOADING]: Considering mod file candidate /Users/joshua.morotti/.gradle/caches/modules-2/files-2.1/curse.maven/architectury-419699/5786327/6ca11d3cc136bf69bb8f4d56982481eb85b5100b/architectury-419699-5786327.jar
[10dic2025 19:46:01.556] [main/DEBUG] [net.neoforged.fml.loading.moddiscovery.ModFileInfo/LOADING]: Found valid mod file architectury-419699-5786327.jar with {architectury} mods - versions {13.0.8}
[10dic2025 19:46:01.556] [main/DEBUG] [net.neoforged.fml.loading.moddiscovery.ModFile/LOADING]: Loading mod file /Users/joshua.morotti/.gradle/caches/modules-2/files-2.1/curse.maven/architectury-419699/5786327/6ca11d3cc136bf69bb8f4d56982481eb85b5100b/architectury-419699-5786327.jar with languages [LanguageSpec[languageName=javafml, acceptedVersions=[1,)]]
[10dic2025 19:46:01.556] [main/DEBUG] [net.neoforged.fml.loading.moddiscovery.ModFile/LOADING]: Found mixin config architectury.mixins.json
[10dic2025 19:46:01.556] [main/DEBUG] [net.neoforged.fml.loading.moddiscovery.ModFile/LOADING]: Found mixin config architectury-common.mixins.json
[10dic2025 19:46:01.556] [main/DEBUG] [net.neoforged.fml.loading.moddiscovery.ModFileParser/LOADING]: Considering mod file candidate 
[10dic2025 19:46:01.558] [main/DEBUG] [net.neoforged.fml.loading.moddiscovery.ModFileInfo/LOADING]: Found valid mod file fabric-screen-api-v1-2.0.24+79a4c2b0d1.jar with {fabric_screen_api_v1} mods - versions {2.0.24+79a4c2b0d1}
[10dic2025 19:46:01.558] [main/DEBUG] [net.neoforged.fml.loading.moddiscovery.ModFile/LOADING]: Loading mod file  with languages [LanguageSpec[languageName=javafml, acceptedVersions=[1,)]]
[10dic2025 19:46:01.558] [main/DEBUG] [net.neoforged.fml.loading.moddiscovery.ModFile/LOADING]: Found mixin config fabric-screen-api-v1.mixins.json
[10dic2025 19:46:01.558] [main/DEBUG] [net.neoforged.fml.loading.moddiscovery.ModFileParser/LOADING]: Considering mod file candidate /Users/joshua.morotti/dev/personal/pipezretriever/build/resources/main
[10dic2025 19:46:01.559] [main/DEBUG] [net.neoforged.fml.loading.moddiscovery.ModFileInfo/LOADING]: Found valid mod file main with {pipezretriever} mods - versions {1.0.0}
[10dic2025 19:46:01.562] [main/DEBUG] [net.neoforged.fml.loading.moddiscovery.ModFile/LOADING]: Loading mod file /Users/joshua.morotti/dev/personal/pipezretriever/build/resources/main with languages [LanguageSpec[languageName=javafml, acceptedVersions=[4,)]]
[10dic2025 19:46:01.563] [main/DEBUG] [net.neoforged.fml.loading.moddiscovery.ModFile/LOADING]: Found mixin config pipezretriever.mixins.json
[10dic2025 19:46:01.563] [main/DEBUG] [net.neoforged.fml.loading.moddiscovery.ModFileParser/LOADING]: Considering mod file candidate /Users/joshua.morotti/.gradle/caches/modules-2/files-2.1/curse.maven/trashcans-394535/5891067/8e853e0784b01b36b4503ef5599be2724be74b07/trashcans-394535-5891067.jar
[10dic2025 19:46:01.564] [main/DEBUG] [net.neoforged.fml.loading.moddiscovery.ModFileInfo/LOADING]: Found valid mod file trashcans-394535-5891067.jar with {trashcans} mods - versions {1.0.18+c}
[10dic2025 19:46:01.564] [main/DEBUG] [net.neoforged.fml.loading.moddiscovery.ModFile/LOADING]: Loading mod file /Users/joshua.morotti/.gradle/caches/modules-2/files-2.1/curse.maven/trashcans-394535/5891067/8e853e0784b01b36b4503ef5599be2724be74b07/trashcans-394535-5891067.jar with languages [LanguageSpec[languageName=javafml, acceptedVersions=[1,)]]
[10dic2025 19:46:01.565] [main/DEBUG] [net.neoforged.fml.loading.moddiscovery.ModFile/LOADING]: Found mixin config trashcans.mixins.json
[10dic2025 19:46:01.565] [main/DEBUG] [net.neoforged.fml.loading.moddiscovery.ModFileParser/LOADING]: Considering mod file candidate 
[10dic2025 19:46:01.565] [main/DEBUG] [net.neoforged.fml.loading.moddiscovery.ModFileInfo/LOADING]: Found valid mod file fabric-networking-api-v1-4.2.2+a92978fd19.jar with {fabric_networking_api_v1} mods - versions {4.2.2+a92978fd19}
[10dic2025 19:46:01.565] [main/DEBUG] [net.neoforged.fml.loading.moddiscovery.ModFile/LOADING]: Loading mod file  with languages [LanguageSpec[languageName=javafml, acceptedVersions=[1,)]]
[10dic2025 19:46:01.565] [main/DEBUG] [net.neoforged.fml.loading.moddiscovery.ModFile/LOADING]: Found mixin config fabric-networking-api-v1.mixins.json
[10dic2025 19:46:01.565] [main/DEBUG] [net.neoforged.fml.loading.moddiscovery.ModFile/LOADING]: Found mixin config fabric-networking-api-v1.client.mixins.json
[10dic2025 19:46:01.565] [main/DEBUG] [net.neoforged.fml.loading.moddiscovery.ModFileParser/LOADING]: Considering mod file candidate /Users/joshua.morotti/.gradle/caches/modules-2/files-2.1/curse.maven/athena-841890/5629395/36b80d2340718b22432e2761142cb4bdb2629a42/athena-841890-5629395.jar
[10dic2025 19:46:01.566] [main/DEBUG] [net.neoforged.fml.loading.moddiscovery.ModFileInfo/LOADING]: Found valid mod file athena-841890-5629395.jar with {athena} mods - versions {4.0.1}
[10dic2025 19:46:01.566] [main/DEBUG] [net.neoforged.fml.loading.moddiscovery.ModFile/LOADING]: Loading mod file /Users/joshua.morotti/.gradle/caches/modules-2/files-2.1/curse.maven/athena-841890/5629395/36b80d2340718b22432e2761142cb4bdb2629a42/athena-841890-5629395.jar with languages [LanguageSpec[languageName=javafml, acceptedVersions=[1,)]]
[10dic2025 19:46:01.569] [main/DEBUG] [net.neoforged.fml.loading.moddiscovery.ModFile/LOADING]: Found mixin config athena.mixins.json
[10dic2025 19:46:01.569] [main/DEBUG] [net.neoforged.fml.loading.moddiscovery.ModFile/LOADING]: Found mixin config athena-neoforge.mixins.json
[10dic2025 19:46:01.569] [main/DEBUG] [net.neoforged.fml.loading.moddiscovery.ModFileParser/LOADING]: Considering mod file candidate /Users/joshua.morotti/.gradle/caches/modules-2/files-2.1/curse.maven/glodium-957920/5821676/9f61a3162665ad0b37f6f268339ac98097af1a87/glodium-957920-5821676.jar
[10dic2025 19:46:01.570] [main/DEBUG] [net.neoforged.fml.loading.moddiscovery.ModFileInfo/LOADING]: Found valid mod file glodium-957920-5821676.jar with {glodium} mods - versions {1.21-2.2-neoforge}
[10dic2025 19:46:01.570] [main/DEBUG] [net.neoforged.fml.loading.moddiscovery.ModFile/LOADING]: Loading mod file /Users/joshua.morotti/.gradle/caches/modules-2/files-2.1/curse.maven/glodium-957920/5821676/9f61a3162665ad0b37f6f268339ac98097af1a87/glodium-957920-5821676.jar with languages [LanguageSpec[languageName=javafml, acceptedVersions=[1,)]]
[10dic2025 19:46:01.570] [main/DEBUG] [net.neoforged.fml.loading.moddiscovery.ModFile/LOADING]: Loading mod file /Users/joshua.morotti/.gradle/caches/modules-2/files-2.1/io.github.llamalad7/mixinextras-neoforge/0.4.1/eff97772ecd0dcf8e52cdbafd3b3ccec425f8314/mixinextras-neoforge-0.4.1.jar with languages []
[10dic2025 19:46:01.571] [main/DEBUG] [net.neoforged.fml.loading.moddiscovery.ModValidator/SCAN]: Found 24 mod files with 23 mods
[10dic2025 19:46:01.572] [main/DEBUG] [cpw.mods.modlauncher.TransformationServiceDecorator/MODLAUNCHER]: End scan trigger - transformation service fml
[10dic2025 19:46:01.585] [main/DEBUG] [net.neoforged.fml.util.ServiceLoaderUtil/CORE]: Found 4 implementations of IModLanguageLoader:
[10dic2025 19:46:01.586] [main/DEBUG] [net.neoforged.fml.util.ServiceLoaderUtil/CORE]: 	net.fabricmc.loader.impl.bootstrap.FabricLoaderHackyInjector from owolib-532610-5945693.jar > forgified-fabric-loader-2.5.29+0.16.0+1.21-full.jar
[10dic2025 19:46:01.586] [main/DEBUG] [net.neoforged.fml.util.ServiceLoaderUtil/CORE]: 	net.neoforged.fml.javafmlmod.FMLJavaModLanguageProvider from loader-4.0.31.jar
[10dic2025 19:46:01.586] [main/DEBUG] [net.neoforged.fml.util.ServiceLoaderUtil/CORE]: 	net.neoforged.fml.lowcodemod.LowCodeModLanguageProvider from loader-4.0.31.jar
[10dic2025 19:46:01.586] [main/DEBUG] [net.neoforged.fml.util.ServiceLoaderUtil/CORE]: 	net.neoforged.fml.mclanguageprovider.MinecraftModLanguageProvider from loader-4.0.31.jar
[10dic2025 19:46:01.586] [main/DEBUG] [net.neoforged.fml.loading.LanguageProviderLoader/CORE]: Found language provider __fabric_loader_bootstrap, version 2.5.29+0.16.0+1.21-full
[10dic2025 19:46:01.586] [main/DEBUG] [net.neoforged.fml.loading.LanguageProviderLoader/CORE]: Found language provider javafml, version 4.0.31
[10dic2025 19:46:01.586] [main/DEBUG] [net.neoforged.fml.loading.LanguageProviderLoader/CORE]: Found language provider lowcodefml, version 4.0.31
[10dic2025 19:46:01.586] [main/DEBUG] [net.neoforged.fml.loading.LanguageProviderLoader/CORE]: Found language provider minecraft, version 4.0.31
[10dic2025 19:46:01.589] [main/DEBUG] [net.neoforged.fml.loading.ModSorter/]: Configured system mods: [minecraft, neoforge]
[10dic2025 19:46:01.589] [main/DEBUG] [net.neoforged.fml.loading.ModSorter/]: Found system mod: minecraft
[10dic2025 19:46:01.589] [main/DEBUG] [net.neoforged.fml.loading.ModSorter/]: Found system mod: neoforge
[10dic2025 19:46:01.590] [main/DEBUG] [net.neoforged.fml.loading.ModSorter/LOADING]: Found 53 mod requirements (45 mandatory, 8 optional)
[10dic2025 19:46:01.591] [main/DEBUG] [net.neoforged.fml.loading.ModSorter/LOADING]: Found 0 mod requirements missing (0 mandatory, 0 optional)
[10dic2025 19:46:01.598] [main/DEBUG] [net.neoforged.fml.loading.FMLLoader/SCAN]: Adding Access Transformer in /Users/joshua.morotti/.gradle/caches/modules-2/files-2.1/curse.maven/ftpessential-410811/6179042/c639625861cfb585a2897771e605b325f2e0addf/ftpessential-410811-6179042.jar
[10dic2025 19:46:01.600] [main/DEBUG] [AXFORM/AXFORM]: Loading access transformer accesstransformer.cfg
[10dic2025 19:46:01.638] [main/DEBUG] [AXFORM/AXFORM]: Loaded access transformer accesstransformer.cfg
[10dic2025 19:46:01.638] [main/DEBUG] [net.neoforged.fml.loading.FMLLoader/SCAN]: Adding Access Transformer in /Users/joshua.morotti/.gradle/caches/modules-2/files-2.1/curse.maven/owolib-532610/5945693/f58392fa41845f377084be3e34f9818a5f672179/owolib-532610-5945693.jar
[10dic2025 19:46:01.639] [main/DEBUG] [AXFORM/AXFORM]: Loading access transformer owo.accesstransformer.cfg
[10dic2025 19:46:01.643] [main/DEBUG] [AXFORM/AXFORM]: Loaded access transformer owo.accesstransformer.cfg
[10dic2025 19:46:01.644] [main/DEBUG] [net.neoforged.fml.loading.FMLLoader/SCAN]: Adding Access Transformer in /Users/joshua.morotti/.gradle/caches/modules-2/files-2.1/curse.maven/titanium-287342/6443608/af61f1fa339ab8b11900cbafc8618491341b26c8/titanium-287342-6443608.jar
[10dic2025 19:46:01.644] [main/DEBUG] [AXFORM/AXFORM]: Loading access transformer accesstransformer.cfg
[10dic2025 19:46:01.646] [main/DEBUG] [AXFORM/AXFORM]: Loaded access transformer accesstransformer.cfg
[10dic2025 19:46:01.646] [main/DEBUG] [net.neoforged.fml.loading.FMLLoader/SCAN]: Adding Access Transformer in /Users/joshua.morotti/.gradle/caches/modules-2/files-2.1/curse.maven/jade-324717/6011258/6b150830f1f38e9f8930af846719b9fc94818c9c/jade-324717-6011258.jar
[10dic2025 19:46:01.646] [main/DEBUG] [AXFORM/AXFORM]: Loading access transformer accesstransformer.cfg
[10dic2025 19:46:01.650] [main/DEBUG] [AXFORM/AXFORM]: Loaded access transformer accesstransformer.cfg
[10dic2025 19:46:01.650] [main/DEBUG] [net.neoforged.fml.loading.FMLLoader/SCAN]: Adding Access Transformer in /Users/joshua.morotti/.gradle/caches/modules-2/files-2.1/curse.maven/geckolib-388172/6920810/36883f8ea9117932bb5f2643a29578c6506e2339/geckolib-388172-6920810.jar
[10dic2025 19:46:01.651] [main/DEBUG] [AXFORM/AXFORM]: Loading access transformer accesstransformer-nf.cfg
[10dic2025 19:46:01.652] [main/DEBUG] [AXFORM/AXFORM]: Loaded access transformer accesstransformer-nf.cfg
[10dic2025 19:46:01.653] [main/DEBUG] [net.neoforged.fml.loading.FMLLoader/SCAN]: Adding Access Transformer in /Users/joshua.morotti/.gradle/caches/modules-2/files-2.1/curse.maven/architectury-419699/5786327/6ca11d3cc136bf69bb8f4d56982481eb85b5100b/architectury-419699-5786327.jar
[10dic2025 19:46:01.653] [main/DEBUG] [AXFORM/AXFORM]: Loading access transformer accesstransformer.cfg
[10dic2025 19:46:01.665] [main/DEBUG] [AXFORM/AXFORM]: Loaded access transformer accesstransformer.cfg
[10dic2025 19:46:01.665] [main/DEBUG] [net.neoforged.fml.loading.FMLLoader/SCAN]: Adding Access Transformer in /Users/joshua.morotti/.gradle/caches/modules-2/files-2.1/curse.maven/ftlibrary-404465/6466106/8e97cffb520971410c9e007a17deaf1ccad831ca/ftlibrary-404465-6466106.jar
[10dic2025 19:46:01.666] [main/DEBUG] [AXFORM/AXFORM]: Loading access transformer accesstransformer.cfg
[10dic2025 19:46:01.666] [main/DEBUG] [AXFORM/AXFORM]: Loaded access transformer accesstransformer.cfg
[10dic2025 19:46:01.666] [main/DEBUG] [net.neoforged.fml.loading.FMLLoader/SCAN]: Adding Access Transformer in /Users/joshua.morotti/.gradle/caches/modules-2/files-2.1/curse.maven/guideme-1173950/6488254/7a50b822de6519a796e25d79201c865cfc6b8e3d/guideme-1173950-6488254.jar
[10dic2025 19:46:01.666] [main/DEBUG] [AXFORM/AXFORM]: Loading access transformer accesstransformer.cfg
[10dic2025 19:46:01.668] [main/DEBUG] [AXFORM/AXFORM]: Loaded access transformer accesstransformer.cfg
[10dic2025 19:46:01.668] [main/DEBUG] [net.neoforged.fml.loading.FMLLoader/SCAN]: Adding Access Transformer in /Users/joshua.morotti/.gradle/caches/modules-2/files-2.1/curse.maven/jei-238222/6829086/ad7cd1f890ef4924c62c39534d186396cde66868/jei-238222-6829086.jar
[10dic2025 19:46:01.668] [main/DEBUG] [AXFORM/AXFORM]: Loading access transformer accesstransformer.cfg
[10dic2025 19:46:01.669] [main/DEBUG] [AXFORM/AXFORM]: Loaded access transformer accesstransformer.cfg
[10dic2025 19:46:01.669] [main/DEBUG] [net.neoforged.fml.loading.FMLLoader/SCAN]: Adding Access Transformer in /Users/joshua.morotti/.gradle/caches/modules-2/files-2.1/curse.maven/kubejs-238086/5810100/be525f7d4d8d71a18b07718352035b3e59e50ebd/kubejs-238086-5810100.jar
[10dic2025 19:46:01.670] [main/DEBUG] [AXFORM/AXFORM]: Loading access transformer accesstransformer.cfg
[10dic2025 19:46:01.673] [main/DEBUG] [AXFORM/AXFORM]: Loaded access transformer accesstransformer.cfg
[10dic2025 19:46:01.673] [main/DEBUG] [net.neoforged.fml.loading.FMLLoader/SCAN]: Adding Access Transformer in /Users/joshua.morotti/.gradle/caches/modules-2/files-2.1/curse.maven/supermarticore-454372/6076757/21c75db63ca1d8b8972a94a71c9c7ec0549e1be0/supermarticore-454372-6076757.jar
[10dic2025 19:46:01.673] [main/DEBUG] [AXFORM/AXFORM]: Loading access transformer accesstransformer.cfg
[10dic2025 19:46:01.675] [main/DEBUG] [AXFORM/AXFORM]: Loaded access transformer accesstransformer.cfg
[10dic2025 19:46:01.675] [main/DEBUG] [net.neoforged.fml.loading.FMLLoader/SCAN]: Adding Access Transformer in /Users/joshua.morotti/.gradle/caches/modules-2/files-2.1/curse.maven/trashcans-394535/5891067/8e853e0784b01b36b4503ef5599be2724be74b07/trashcans-394535-5891067.jar
[10dic2025 19:46:01.675] [main/DEBUG] [AXFORM/AXFORM]: Loading access transformer accesstransformer.cfg
[10dic2025 19:46:01.676] [main/DEBUG] [AXFORM/AXFORM]: Loaded access transformer accesstransformer.cfg
[10dic2025 19:46:01.676] [main/DEBUG] [net.neoforged.fml.loading.FMLLoader/SCAN]: Adding Access Transformer in 
[10dic2025 19:46:01.676] [main/DEBUG] [AXFORM/AXFORM]: Loading access transformer accesstransformer.cfg
[10dic2025 19:46:01.677] [main/DEBUG] [AXFORM/AXFORM]: Loaded access transformer accesstransformer.cfg
[10dic2025 19:46:01.677] [main/DEBUG] [net.neoforged.fml.loading.FMLLoader/SCAN]: Adding Access Transformer in /Users/joshua.morotti/dev/personal/pipezretriever/.gradle/repositories/ng_dummy_ng/net/neoforged/neoforge/21.1.77/neoforge-21.1.77.jar
[10dic2025 19:46:01.678] [main/DEBUG] [AXFORM/AXFORM]: Loading access transformer accesstransformer.cfg
[10dic2025 19:46:01.689] [main/DEBUG] [AXFORM/AXFORM]: Loaded access transformer accesstransformer.cfg
[10dic2025 19:46:01.689] [main/DEBUG] [net.neoforged.fml.loading.FMLLoader/SCAN]: Adding Access Transformer in /Users/joshua.morotti/.gradle/caches/modules-2/files-2.1/curse.maven/glodium-957920/5821676/9f61a3162665ad0b37f6f268339ac98097af1a87/glodium-957920-5821676.jar
[10dic2025 19:46:01.689] [main/DEBUG] [AXFORM/AXFORM]: Loading access transformer accesstransformer.cfg
[10dic2025 19:46:01.690] [main/DEBUG] [AXFORM/AXFORM]: Loaded access transformer accesstransformer.cfg
[10dic2025 19:46:01.691] [main/DEBUG] [mixin/]: Adding mixin platform agents for container net.neoforged.fml.loading.mixin.FMLMixinContainerHandle@333cb916
[10dic2025 19:46:01.691] [main/DEBUG] [mixin/]: Instancing new MixinPlatformAgentMinecraftForge for net.neoforged.fml.loading.mixin.FMLMixinContainerHandle@333cb916
[10dic2025 19:46:01.691] [main/DEBUG] [mixin/]: MixinPlatformAgentMinecraftForge rejected container net.neoforged.fml.loading.mixin.FMLMixinContainerHandle@333cb916
[10dic2025 19:46:01.691] [main/DEBUG] [mixin/]: Instancing new MixinPlatformAgentDefault for net.neoforged.fml.loading.mixin.FMLMixinContainerHandle@333cb916
[10dic2025 19:46:01.692] [main/DEBUG] [mixin/]: MixinPlatformAgentDefault accepted container net.neoforged.fml.loading.mixin.FMLMixinContainerHandle@333cb916
[10dic2025 19:46:01.692] [main/DEBUG] [mixin/]: Instancing new FMLMixinPlatformAgent for net.neoforged.fml.loading.mixin.FMLMixinContainerHandle@333cb916
[10dic2025 19:46:01.692] [main/DEBUG] [mixin/]: FMLMixinPlatformAgent accepted container net.neoforged.fml.loading.mixin.FMLMixinContainerHandle@333cb916
[10dic2025 19:46:01.698] [main/DEBUG] [cpw.mods.modlauncher.TransformationServicesHandler/MODLAUNCHER]: Transformation services loading transformers
[10dic2025 19:46:01.698] [main/DEBUG] [cpw.mods.modlauncher.TransformationServiceDecorator/MODLAUNCHER]: Initializing transformers for transformation service mixin
[10dic2025 19:46:01.698] [main/DEBUG] [cpw.mods.modlauncher.TransformationServiceDecorator/MODLAUNCHER]: Initialized transformers for transformation service mixin
[10dic2025 19:46:01.698] [main/DEBUG] [cpw.mods.modlauncher.TransformationServiceDecorator/MODLAUNCHER]: Initializing transformers for transformation service fml
[10dic2025 19:46:01.698] [main/DEBUG] [net.neoforged.fml.loading.FMLServiceProvider/LOADING]: Loading coremod transformers
[10dic2025 19:46:01.699] [main/DEBUG] [net.neoforged.fml.loading.FMLServiceProvider/CORE]: Not loading coremod script-engine since no mod requested it
[10dic2025 19:46:01.699] [main/DEBUG] [net.neoforged.fml.util.ServiceLoaderUtil/CORE]: Found 1 implementations of ICoreMod:
[10dic2025 19:46:01.699] [main/DEBUG] [net.neoforged.fml.util.ServiceLoaderUtil/CORE]: 	net.neoforged.neoforge.coremods.NeoForgeCoreMod from neoforge-21.1.77.jar > neoforge-coremods-21.1.77.jar
[10dic2025 19:46:01.705] [main/DEBUG] [net.neoforged.fml.loading.FMLServiceProvider/CORE]: Adding [Target[className=net.minecraft.world.level.biome.Biome, elementName=, elementDescriptor=, targetType=cpw.mods.modlauncher.api.TargetType@56f0cc85]] transformer from core-mod net.neoforged.neoforge.coremods.NeoForgeCoreMod@44de0113 in neoforge-21.1.77.jar > neoforge-coremods-21.1.77.jar
[10dic2025 19:46:01.705] [main/DEBUG] [net.neoforged.fml.loading.FMLServiceProvider/CORE]: Adding [Target[className=net.minecraft.world.level.levelgen.structure.Structure, elementName=, elementDescriptor=, targetType=cpw.mods.modlauncher.api.TargetType@56f0cc85]] transformer from core-mod net.neoforged.neoforge.coremods.NeoForgeCoreMod@44de0113 in neoforge-21.1.77.jar > neoforge-coremods-21.1.77.jar
[10dic2025 19:46:01.705] [main/DEBUG] [net.neoforged.fml.loading.FMLServiceProvider/CORE]: Adding [Target[className=net.minecraft.world.level.block.FlowerPotBlock, elementName=, elementDescriptor=, targetType=cpw.mods.modlauncher.api.TargetType@56f0cc85]] transformer from core-mod net.neoforged.neoforge.coremods.NeoForgeCoreMod@44de0113 in neoforge-21.1.77.jar > neoforge-coremods-21.1.77.jar
[10dic2025 19:46:01.705] [main/DEBUG] [net.neoforged.fml.loading.FMLServiceProvider/CORE]: Adding [Target[className=net/minecraft/world/entity/monster/Zombie, elementName=, elementDescriptor=, targetType=cpw.mods.modlauncher.api.TargetType@56f0cc85], Target[className=net/minecraft/server/commands/SummonCommand, elementName=, elementDescriptor=, targetType=cpw.mods.modlauncher.api.TargetType@56f0cc85], Target[className=net/minecraft/world/entity/monster/Strider, elementName=, elementDescriptor=, targetType=cpw.mods.modlauncher.api.TargetType@56f0cc85], Target[className=net/minecraft/world/level/levelgen/structure/structures/WoodlandMansionPieces$WoodlandMansionPiece, elementName=, elementDescriptor=, targetType=cpw.mods.modlauncher.api.TargetType@56f0cc85], Target[className=net/minecraft/world/entity/EntityType, elementName=, elementDescriptor=, targetType=cpw.mods.modlauncher.api.TargetType@56f0cc85], Target[className=net/minecraft/world/entity/npc/Villager, elementName=, elementDescriptor=, targetType=cpw.mods.modlauncher.api.TargetType@56f0cc85], Target[className=net/minecraft/world/level/levelgen/PhantomSpawner, elementName=, elementDescriptor=, targetType=cpw.mods.modlauncher.api.TargetType@56f0cc85], Target[className=net/minecraft/world/entity/animal/horse/SkeletonTrapGoal, elementName=, elementDescriptor=, targetType=cpw.mods.modlauncher.api.TargetType@56f0cc85], Target[className=net/minecraft/world/entity/npc/CatSpawner, elementName=, elementDescriptor=, targetType=cpw.mods.modlauncher.api.TargetType@56f0cc85], Target[className=net/minecraft/world/level/levelgen/structure/structures/SwampHutPiece, elementName=, elementDescriptor=, targetType=cpw.mods.modlauncher.api.TargetType@56f0cc85], Target[className=net/minecraft/world/entity/ai/village/VillageSiege, elementName=, elementDescriptor=, targetType=cpw.mods.modlauncher.api.TargetType@56f0cc85], Target[className=net/minecraft/world/entity/monster/Evoker$EvokerSummonSpellGoal, elementName=, elementDescriptor=, targetType=cpw.mods.modlauncher.api.TargetType@56f0cc85], Target[className=net/minecraft/world/level/levelgen/structure/templatesystem/StructureTemplate, elementName=, elementDescriptor=, targetType=cpw.mods.modlauncher.api.TargetType@56f0cc85], Target[className=net/minecraft/world/level/levelgen/structure/structures/OceanRuinPieces$OceanRuinPiece, elementName=, elementDescriptor=, targetType=cpw.mods.modlauncher.api.TargetType@56f0cc85], Target[className=net/minecraft/world/level/levelgen/PatrolSpawner, elementName=, elementDescriptor=, targetType=cpw.mods.modlauncher.api.TargetType@56f0cc85], Target[className=net/minecraft/server/commands/RaidCommand, elementName=, elementDescriptor=, targetType=cpw.mods.modlauncher.api.TargetType@56f0cc85], Target[className=net/minecraft/world/entity/monster/ZombieVillager, elementName=, elementDescriptor=, targetType=cpw.mods.modlauncher.api.TargetType@56f0cc85], Target[className=net/minecraft/world/entity/animal/frog/Tadpole, elementName=, elementDescriptor=, targetType=cpw.mods.modlauncher.api.TargetType@56f0cc85], Target[className=net/minecraft/world/level/NaturalSpawner, elementName=, elementDescriptor=, targetType=cpw.mods.modlauncher.api.TargetType@56f0cc85], Target[className=net/minecraft/world/entity/raid/Raid, elementName=, elementDescriptor=, targetType=cpw.mods.modlauncher.api.TargetType@56f0cc85], Target[className=net/minecraft/world/level/levelgen/structure/structures/OceanMonumentPieces$OceanMonumentPiece, elementName=, elementDescriptor=, targetType=cpw.mods.modlauncher.api.TargetType@56f0cc85], Target[className=net/minecraft/world/entity/monster/Spider, elementName=, elementDescriptor=, targetType=cpw.mods.modlauncher.api.TargetType@56f0cc85]] transformer from core-mod net.neoforged.neoforge.coremods.NeoForgeCoreMod@44de0113 in neoforge-21.1.77.jar > neoforge-coremods-21.1.77.jar
[10dic2025 19:46:01.707] [main/DEBUG] [cpw.mods.modlauncher.TransformStore/MODLAUNCHER]: Adding transformer net.neoforged.neoforge.coremods.ReplaceFieldWithGetterAccess@50f40653 to Target : cpw.mods.modlauncher.api.TargetType@56f0cc85 {Lnet/minecraft/world/level/biome/Biome;} {} {V}
[10dic2025 19:46:01.709] [main/DEBUG] [cpw.mods.modlauncher.TransformStore/MODLAUNCHER]: Adding transformer net.neoforged.neoforge.coremods.ReplaceFieldWithGetterAccess@77cb9cd1 to Target : cpw.mods.modlauncher.api.TargetType@56f0cc85 {Lnet/minecraft/world/level/levelgen/structure/Structure;} {} {V}
[10dic2025 19:46:01.709] [main/DEBUG] [cpw.mods.modlauncher.TransformStore/MODLAUNCHER]: Adding transformer net.neoforged.neoforge.coremods.ReplaceFieldWithGetterAccess@971e903 to Target : cpw.mods.modlauncher.api.TargetType@56f0cc85 {Lnet/minecraft/world/level/block/FlowerPotBlock;} {} {V}
[10dic2025 19:46:01.709] [main/DEBUG] [cpw.mods.modlauncher.TransformStore/MODLAUNCHER]: Adding transformer net.neoforged.neoforge.coremods.MethodRedirector@35636217 to Target : cpw.mods.modlauncher.api.TargetType@56f0cc85 {Lnet/minecraft/world/entity/monster/Zombie;} {} {V}
[10dic2025 19:46:01.709] [main/DEBUG] [cpw.mods.modlauncher.TransformStore/MODLAUNCHER]: Adding transformer net.neoforged.neoforge.coremods.MethodRedirector@35636217 to Target : cpw.mods.modlauncher.api.TargetType@56f0cc85 {Lnet/minecraft/server/commands/SummonCommand;} {} {V}
[10dic2025 19:46:01.709] [main/DEBUG] [cpw.mods.modlauncher.TransformStore/MODLAUNCHER]: Adding transformer net.neoforged.neoforge.coremods.MethodRedirector@35636217 to Target : cpw.mods.modlauncher.api.TargetType@56f0cc85 {Lnet/minecraft/world/entity/monster/Strider;} {} {V}
[10dic2025 19:46:01.709] [main/DEBUG] [cpw.mods.modlauncher.TransformStore/MODLAUNCHER]: Adding transformer net.neoforged.neoforge.coremods.MethodRedirector@35636217 to Target : cpw.mods.modlauncher.api.TargetType@56f0cc85 {Lnet/minecraft/world/level/levelgen/structure/structures/WoodlandMansionPieces$WoodlandMansionPiece;} {} {V}
[10dic2025 19:46:01.709] [main/DEBUG] [cpw.mods.modlauncher.TransformStore/MODLAUNCHER]: Adding transformer net.neoforged.neoforge.coremods.MethodRedirector@35636217 to Target : cpw.mods.modlauncher.api.TargetType@56f0cc85 {Lnet/minecraft/world/entity/EntityType;} {} {V}
[10dic2025 19:46:01.709] [main/DEBUG] [cpw.mods.modlauncher.TransformStore/MODLAUNCHER]: Adding transformer net.neoforged.neoforge.coremods.MethodRedirector@35636217 to Target : cpw.mods.modlauncher.api.TargetType@56f0cc85 {Lnet/minecraft/world/entity/npc/Villager;} {} {V}
[10dic2025 19:46:01.709] [main/DEBUG] [cpw.mods.modlauncher.TransformStore/MODLAUNCHER]: Adding transformer net.neoforged.neoforge.coremods.MethodRedirector@35636217 to Target : cpw.mods.modlauncher.api.TargetType@56f0cc85 {Lnet/minecraft/world/level/levelgen/PhantomSpawner;} {} {V}
[10dic2025 19:46:01.709] [main/DEBUG] [cpw.mods.modlauncher.TransformStore/MODLAUNCHER]: Adding transformer net.neoforged.neoforge.coremods.MethodRedirector@35636217 to Target : cpw.mods.modlauncher.api.TargetType@56f0cc85 {Lnet/minecraft/world/entity/animal/horse/SkeletonTrapGoal;} {} {V}
[10dic2025 19:46:01.709] [main/DEBUG] [cpw.mods.modlauncher.TransformStore/MODLAUNCHER]: Adding transformer net.neoforged.neoforge.coremods.MethodRedirector@35636217 to Target : cpw.mods.modlauncher.api.TargetType@56f0cc85 {Lnet/minecraft/world/entity/npc/CatSpawner;} {} {V}
[10dic2025 19:46:01.709] [main/DEBUG] [cpw.mods.modlauncher.TransformStore/MODLAUNCHER]: Adding transformer net.neoforged.neoforge.coremods.MethodRedirector@35636217 to Target : cpw.mods.modlauncher.api.TargetType@56f0cc85 {Lnet/minecraft/world/level/levelgen/structure/structures/SwampHutPiece;} {} {V}
[10dic2025 19:46:01.709] [main/DEBUG] [cpw.mods.modlauncher.TransformStore/MODLAUNCHER]: Adding transformer net.neoforged.neoforge.coremods.MethodRedirector@35636217 to Target : cpw.mods.modlauncher.api.TargetType@56f0cc85 {Lnet/minecraft/world/entity/ai/village/VillageSiege;} {} {V}
[10dic2025 19:46:01.709] [main/DEBUG] [cpw.mods.modlauncher.TransformStore/MODLAUNCHER]: Adding transformer net.neoforged.neoforge.coremods.MethodRedirector@35636217 to Target : cpw.mods.modlauncher.api.TargetType@56f0cc85 {Lnet/minecraft/world/entity/monster/Evoker$EvokerSummonSpellGoal;} {} {V}
[10dic2025 19:46:01.709] [main/DEBUG] [cpw.mods.modlauncher.TransformStore/MODLAUNCHER]: Adding transformer net.neoforged.neoforge.coremods.MethodRedirector@35636217 to Target : cpw.mods.modlauncher.api.TargetType@56f0cc85 {Lnet/minecraft/world/level/levelgen/structure/templatesystem/StructureTemplate;} {} {V}
[10dic2025 19:46:01.709] [main/DEBUG] [cpw.mods.modlauncher.TransformStore/MODLAUNCHER]: Adding transformer net.neoforged.neoforge.coremods.MethodRedirector@35636217 to Target : cpw.mods.modlauncher.api.TargetType@56f0cc85 {Lnet/minecraft/world/level/levelgen/structure/structures/OceanRuinPieces$OceanRuinPiece;} {} {V}
[10dic2025 19:46:01.709] [main/DEBUG] [cpw.mods.modlauncher.TransformStore/MODLAUNCHER]: Adding transformer net.neoforged.neoforge.coremods.MethodRedirector@35636217 to Target : cpw.mods.modlauncher.api.TargetType@56f0cc85 {Lnet/minecraft/world/level/levelgen/PatrolSpawner;} {} {V}
[10dic2025 19:46:01.709] [main/DEBUG] [cpw.mods.modlauncher.TransformStore/MODLAUNCHER]: Adding transformer net.neoforged.neoforge.coremods.MethodRedirector@35636217 to Target : cpw.mods.modlauncher.api.TargetType@56f0cc85 {Lnet/minecraft/server/commands/RaidCommand;} {} {V}
[10dic2025 19:46:01.709] [main/DEBUG] [cpw.mods.modlauncher.TransformStore/MODLAUNCHER]: Adding transformer net.neoforged.neoforge.coremods.MethodRedirector@35636217 to Target : cpw.mods.modlauncher.api.TargetType@56f0cc85 {Lnet/minecraft/world/entity/monster/ZombieVillager;} {} {V}
[10dic2025 19:46:01.709] [main/DEBUG] [cpw.mods.modlauncher.TransformStore/MODLAUNCHER]: Adding transformer net.neoforged.neoforge.coremods.MethodRedirector@35636217 to Target : cpw.mods.modlauncher.api.TargetType@56f0cc85 {Lnet/minecraft/world/entity/animal/frog/Tadpole;} {} {V}
[10dic2025 19:46:01.710] [main/DEBUG] [cpw.mods.modlauncher.TransformStore/MODLAUNCHER]: Adding transformer net.neoforged.neoforge.coremods.MethodRedirector@35636217 to Target : cpw.mods.modlauncher.api.TargetType@56f0cc85 {Lnet/minecraft/world/level/NaturalSpawner;} {} {V}
[10dic2025 19:46:01.710] [main/DEBUG] [cpw.mods.modlauncher.TransformStore/MODLAUNCHER]: Adding transformer net.neoforged.neoforge.coremods.MethodRedirector@35636217 to Target : cpw.mods.modlauncher.api.TargetType@56f0cc85 {Lnet/minecraft/world/entity/raid/Raid;} {} {V}
[10dic2025 19:46:01.710] [main/DEBUG] [cpw.mods.modlauncher.TransformStore/MODLAUNCHER]: Adding transformer net.neoforged.neoforge.coremods.MethodRedirector@35636217 to Target : cpw.mods.modlauncher.api.TargetType@56f0cc85 {Lnet/minecraft/world/level/levelgen/structure/structures/OceanMonumentPieces$OceanMonumentPiece;} {} {V}
[10dic2025 19:46:01.710] [main/DEBUG] [cpw.mods.modlauncher.TransformStore/MODLAUNCHER]: Adding transformer net.neoforged.neoforge.coremods.MethodRedirector@35636217 to Target : cpw.mods.modlauncher.api.TargetType@56f0cc85 {Lnet/minecraft/world/entity/monster/Spider;} {} {V}
[10dic2025 19:46:01.710] [main/DEBUG] [cpw.mods.modlauncher.TransformationServiceDecorator/MODLAUNCHER]: Initialized transformers for transformation service fml
[10dic2025 19:46:01.977] [main/DEBUG] [mixin/]: Processing prepare() for PlatformAgent[MixinPlatformAgentDefault:ModLauncher Root Container(ModLauncher:4f56a0a2)]
[10dic2025 19:46:01.978] [main/DEBUG] [mixin/]: Processing prepare() for PlatformAgent[MixinPlatformAgentDefault:net.neoforged.fml.loading.mixin.FMLMixinContainerHandle@333cb916]
[10dic2025 19:46:01.978] [main/DEBUG] [mixin/]: Processing prepare() for PlatformAgent[FMLMixinPlatformAgent:null]
[10dic2025 19:46:02.000] [main/DEBUG] [mixin/]: Compatibility level JAVA_17 specified by ftbessentials-common.mixins.json is higher than the maximum level supported by this version of mixin (JAVA_13).
[10dic2025 19:46:02.004] [main/INFO] [mixin/]: Compatibility level set to JAVA_17
[10dic2025 19:46:02.005] [main/DEBUG] [mixin/]: Compatibility level JAVA_16 specified by owo.mixins.json is higher than the maximum level supported by this version of mixin (JAVA_13).
[10dic2025 19:46:02.006] [main/DEBUG] [mixin/]: Compatibility level JAVA_16 specified by jade.mixins.json is higher than the maximum level supported by this version of mixin (JAVA_13).
[10dic2025 19:46:02.007] [main/DEBUG] [mixin/]: Compatibility level JAVA_16 specified by architectury.mixins.json is higher than the maximum level supported by this version of mixin (JAVA_13).
[10dic2025 19:46:02.008] [main/DEBUG] [mixin/]: Compatibility level JAVA_16 specified by architectury-common.mixins.json is higher than the maximum level supported by this version of mixin (JAVA_13).
[10dic2025 19:46:02.009] [main/DEBUG] [mixin/]: Compatibility level JAVA_8 specified by ftblibrary-common.mixins.json is lower than the default level supported by the current mixin service (JAVA_16).
[10dic2025 19:46:02.009] [main/DEBUG] [mixin/]: Mixin config fabric-screen-api-v1.mixins.json does not specify "minVersion" or "requiredFeatures" property
[10dic2025 19:46:02.010] [main/DEBUG] [mixin/]: Compatibility level JAVA_21 specified by kubejs.mixins.json is higher than the maximum level supported by this version of mixin (JAVA_13).
[10dic2025 19:46:02.010] [main/INFO] [mixin/]: Compatibility level set to JAVA_21
[10dic2025 19:46:02.010] [main/DEBUG] [mixin/]: Compatibility level JAVA_17 specified by supermartijn642corelib.mixins.json is higher than the maximum level supported by this version of mixin (JAVA_13).
[10dic2025 19:46:02.011] [main/DEBUG] [mixin/]: Compatibility level JAVA_17 specified by trashcans.mixins.json is higher than the maximum level supported by this version of mixin (JAVA_13).
[10dic2025 19:46:02.011] [main/DEBUG] [mixin/]: Compatibility level JAVA_17 specified by fabric-networking-api-v1.mixins.json is higher than the maximum level supported by this version of mixin (JAVA_13).
[10dic2025 19:46:02.011] [main/DEBUG] [mixin/]: Mixin config fabric-networking-api-v1.mixins.json does not specify "minVersion" or "requiredFeatures" property
[10dic2025 19:46:02.012] [main/DEBUG] [mixin/]: Compatibility level JAVA_17 specified by fabric-networking-api-v1.client.mixins.json is higher than the maximum level supported by this version of mixin (JAVA_13).
[10dic2025 19:46:02.012] [main/DEBUG] [mixin/]: Mixin config fabric-networking-api-v1.client.mixins.json does not specify "minVersion" or "requiredFeatures" property
[10dic2025 19:46:02.014] [main/DEBUG] [mixin/]: Compatibility level JAVA_17 specified by athena.mixins.json is higher than the maximum level supported by this version of mixin (JAVA_13).
[10dic2025 19:46:02.014] [main/DEBUG] [mixin/]: Compatibility level JAVA_17 specified by athena-neoforge.mixins.json is higher than the maximum level supported by this version of mixin (JAVA_13).
[10dic2025 19:46:02.015] [main/DEBUG] [mixin/]: Processing launch tasks for PlatformAgent[MixinPlatformAgentDefault:ModLauncher Root Container(ModLauncher:4f56a0a2)]
[10dic2025 19:46:02.015] [main/DEBUG] [mixin/]: Adding mixin platform agents for container SecureJarResource(mixin_synthetic)
[10dic2025 19:46:02.015] [main/DEBUG] [mixin/]: Instancing new MixinPlatformAgentMinecraftForge for SecureJarResource(mixin_synthetic)
[10dic2025 19:46:02.015] [main/DEBUG] [mixin/]: MixinPlatformAgentMinecraftForge rejected container SecureJarResource(mixin_synthetic)
[10dic2025 19:46:02.015] [main/DEBUG] [mixin/]: Instancing new MixinPlatformAgentDefault for SecureJarResource(mixin_synthetic)
[10dic2025 19:46:02.015] [main/DEBUG] [mixin/]: MixinPlatformAgentDefault accepted container SecureJarResource(mixin_synthetic)
[10dic2025 19:46:02.015] [main/DEBUG] [mixin/]: Instancing new FMLMixinPlatformAgent for SecureJarResource(mixin_synthetic)
[10dic2025 19:46:02.015] [main/DEBUG] [mixin/]: FMLMixinPlatformAgent rejected container SecureJarResource(mixin_synthetic)
[10dic2025 19:46:02.015] [main/DEBUG] [mixin/]: Processing prepare() for PlatformAgent[MixinPlatformAgentDefault:SecureJarResource(mixin_synthetic)]
[10dic2025 19:46:02.015] [main/DEBUG] [mixin/]: Adding mixin platform agents for container SecureJarResource(minecraft)
[10dic2025 19:46:02.015] [main/DEBUG] [mixin/]: Instancing new MixinPlatformAgentMinecraftForge for SecureJarResource(minecraft)
[10dic2025 19:46:02.016] [main/DEBUG] [mixin/]: MixinPlatformAgentMinecraftForge rejected container SecureJarResource(minecraft)
[10dic2025 19:46:02.016] [main/DEBUG] [mixin/]: Instancing new MixinPlatformAgentDefault for SecureJarResource(minecraft)
[10dic2025 19:46:02.016] [main/DEBUG] [mixin/]: MixinPlatformAgentDefault accepted container SecureJarResource(minecraft)
[10dic2025 19:46:02.016] [main/DEBUG] [mixin/]: Instancing new FMLMixinPlatformAgent for SecureJarResource(minecraft)
[10dic2025 19:46:02.016] [main/DEBUG] [mixin/]: FMLMixinPlatformAgent rejected container SecureJarResource(minecraft)
[10dic2025 19:46:02.016] [main/DEBUG] [mixin/]: Processing prepare() for PlatformAgent[MixinPlatformAgentDefault:SecureJarResource(minecraft)]
[10dic2025 19:46:02.016] [main/DEBUG] [mixin/]: Adding mixin platform agents for container SecureJarResource(rhino)
[10dic2025 19:46:02.016] [main/DEBUG] [mixin/]: Instancing new MixinPlatformAgentMinecraftForge for SecureJarResource(rhino)
[10dic2025 19:46:02.016] [main/DEBUG] [mixin/]: MixinPlatformAgentMinecraftForge rejected container SecureJarResource(rhino)
[10dic2025 19:46:02.016] [main/DEBUG] [mixin/]: Instancing new MixinPlatformAgentDefault for SecureJarResource(rhino)
[10dic2025 19:46:02.016] [main/DEBUG] [mixin/]: MixinPlatformAgentDefault accepted container SecureJarResource(rhino)
[10dic2025 19:46:02.016] [main/DEBUG] [mixin/]: Instancing new FMLMixinPlatformAgent for SecureJarResource(rhino)
[10dic2025 19:46:02.016] [main/DEBUG] [mixin/]: FMLMixinPlatformAgent rejected container SecureJarResource(rhino)
[10dic2025 19:46:02.016] [main/DEBUG] [mixin/]: Processing prepare() for PlatformAgent[MixinPlatformAgentDefault:SecureJarResource(rhino)]
[10dic2025 19:46:02.016] [main/DEBUG] [mixin/]: Adding mixin platform agents for container SecureJarResource(fabric_api_base)
[10dic2025 19:46:02.016] [main/DEBUG] [mixin/]: Instancing new MixinPlatformAgentMinecraftForge for SecureJarResource(fabric_api_base)
[10dic2025 19:46:02.016] [main/DEBUG] [mixin/]: MixinPlatformAgentMinecraftForge rejected container SecureJarResource(fabric_api_base)
[10dic2025 19:46:02.016] [main/DEBUG] [mixin/]: Instancing new MixinPlatformAgentDefault for SecureJarResource(fabric_api_base)
[10dic2025 19:46:02.016] [main/DEBUG] [mixin/]: MixinPlatformAgentDefault accepted container SecureJarResource(fabric_api_base)
[10dic2025 19:46:02.016] [main/DEBUG] [mixin/]: Instancing new FMLMixinPlatformAgent for SecureJarResource(fabric_api_base)
[10dic2025 19:46:02.016] [main/DEBUG] [mixin/]: FMLMixinPlatformAgent rejected container SecureJarResource(fabric_api_base)
[10dic2025 19:46:02.016] [main/DEBUG] [mixin/]: Processing prepare() for PlatformAgent[MixinPlatformAgentDefault:SecureJarResource(fabric_api_base)]
[10dic2025 19:46:02.016] [main/DEBUG] [mixin/]: Adding mixin platform agents for container SecureJarResource(ftbessentials)
[10dic2025 19:46:02.016] [main/DEBUG] [mixin/]: Instancing new MixinPlatformAgentMinecraftForge for SecureJarResource(ftbessentials)
[10dic2025 19:46:02.016] [main/DEBUG] [mixin/]: MixinPlatformAgentMinecraftForge rejected container SecureJarResource(ftbessentials)
[10dic2025 19:46:02.016] [main/DEBUG] [mixin/]: Instancing new MixinPlatformAgentDefault for SecureJarResource(ftbessentials)
[10dic2025 19:46:02.016] [main/DEBUG] [mixin/]: MixinPlatformAgentDefault accepted container SecureJarResource(ftbessentials)
[10dic2025 19:46:02.016] [main/DEBUG] [mixin/]: Instancing new FMLMixinPlatformAgent for SecureJarResource(ftbessentials)
[10dic2025 19:46:02.016] [main/DEBUG] [mixin/]: FMLMixinPlatformAgent rejected container SecureJarResource(ftbessentials)
[10dic2025 19:46:02.016] [main/DEBUG] [mixin/]: Processing prepare() for PlatformAgent[MixinPlatformAgentDefault:SecureJarResource(ftbessentials)]
[10dic2025 19:46:02.016] [main/DEBUG] [mixin/]: Adding mixin platform agents for container SecureJarResource(supermartijn642configlib)
[10dic2025 19:46:02.016] [main/DEBUG] [mixin/]: Instancing new MixinPlatformAgentMinecraftForge for SecureJarResource(supermartijn642configlib)
[10dic2025 19:46:02.016] [main/DEBUG] [mixin/]: MixinPlatformAgentMinecraftForge rejected container SecureJarResource(supermartijn642configlib)
[10dic2025 19:46:02.016] [main/DEBUG] [mixin/]: Instancing new MixinPlatformAgentDefault for SecureJarResource(supermartijn642configlib)
[10dic2025 19:46:02.016] [main/DEBUG] [mixin/]: MixinPlatformAgentDefault accepted container SecureJarResource(supermartijn642configlib)
[10dic2025 19:46:02.016] [main/DEBUG] [mixin/]: Instancing new FMLMixinPlatformAgent for SecureJarResource(supermartijn642configlib)
[10dic2025 19:46:02.016] [main/DEBUG] [mixin/]: FMLMixinPlatformAgent rejected container SecureJarResource(supermartijn642configlib)
[10dic2025 19:46:02.016] [main/DEBUG] [mixin/]: Processing prepare() for PlatformAgent[MixinPlatformAgentDefault:SecureJarResource(supermartijn642configlib)]
[10dic2025 19:46:02.016] [main/DEBUG] [mixin/]: Adding mixin platform agents for container SecureJarResource(owo)
[10dic2025 19:46:02.016] [main/DEBUG] [mixin/]: Instancing new MixinPlatformAgentMinecraftForge for SecureJarResource(owo)
[10dic2025 19:46:02.016] [main/DEBUG] [mixin/]: MixinPlatformAgentMinecraftForge rejected container SecureJarResource(owo)
[10dic2025 19:46:02.016] [main/DEBUG] [mixin/]: Instancing new MixinPlatformAgentDefault for SecureJarResource(owo)
[10dic2025 19:46:02.016] [main/DEBUG] [mixin/]: MixinPlatformAgentDefault accepted container SecureJarResource(owo)
[10dic2025 19:46:02.016] [main/DEBUG] [mixin/]: Instancing new FMLMixinPlatformAgent for SecureJarResource(owo)
[10dic2025 19:46:02.016] [main/DEBUG] [mixin/]: FMLMixinPlatformAgent rejected container SecureJarResource(owo)
[10dic2025 19:46:02.016] [main/DEBUG] [mixin/]: Processing prepare() for PlatformAgent[MixinPlatformAgentDefault:SecureJarResource(owo)]
[10dic2025 19:46:02.016] [main/DEBUG] [mixin/]: Adding mixin platform agents for container SecureJarResource(titanium)
[10dic2025 19:46:02.016] [main/DEBUG] [mixin/]: Instancing new MixinPlatformAgentMinecraftForge for SecureJarResource(titanium)
[10dic2025 19:46:02.016] [main/DEBUG] [mixin/]: MixinPlatformAgentMinecraftForge rejected container SecureJarResource(titanium)
[10dic2025 19:46:02.016] [main/DEBUG] [mixin/]: Instancing new MixinPlatformAgentDefault for SecureJarResource(titanium)
[10dic2025 19:46:02.017] [main/DEBUG] [mixin/]: MixinPlatformAgentDefault accepted container SecureJarResource(titanium)
[10dic2025 19:46:02.017] [main/DEBUG] [mixin/]: Instancing new FMLMixinPlatformAgent for SecureJarResource(titanium)
[10dic2025 19:46:02.017] [main/DEBUG] [mixin/]: FMLMixinPlatformAgent rejected container SecureJarResource(titanium)
[10dic2025 19:46:02.017] [main/DEBUG] [mixin/]: Processing prepare() for PlatformAgent[MixinPlatformAgentDefault:SecureJarResource(titanium)]
[10dic2025 19:46:02.017] [main/DEBUG] [mixin/]: Adding mixin platform agents for container SecureJarResource(jade)
[10dic2025 19:46:02.017] [main/DEBUG] [mixin/]: Instancing new MixinPlatformAgentMinecraftForge for SecureJarResource(jade)
[10dic2025 19:46:02.017] [main/DEBUG] [mixin/]: MixinPlatformAgentMinecraftForge rejected container SecureJarResource(jade)
[10dic2025 19:46:02.017] [main/DEBUG] [mixin/]: Instancing new MixinPlatformAgentDefault for SecureJarResource(jade)
[10dic2025 19:46:02.017] [main/DEBUG] [mixin/]: MixinPlatformAgentDefault accepted container SecureJarResource(jade)
[10dic2025 19:46:02.017] [main/DEBUG] [mixin/]: Instancing new FMLMixinPlatformAgent for SecureJarResource(jade)
[10dic2025 19:46:02.017] [main/DEBUG] [mixin/]: FMLMixinPlatformAgent rejected container SecureJarResource(jade)
[10dic2025 19:46:02.017] [main/DEBUG] [mixin/]: Processing prepare() for PlatformAgent[MixinPlatformAgentDefault:SecureJarResource(jade)]
[10dic2025 19:46:02.017] [main/DEBUG] [mixin/]: Registering mixin config: jade.mixins.json source=SecureJarResource(jade)
[10dic2025 19:46:02.017] [main/DEBUG] [mixin/]: Adding mixin platform agents for container SecureJarResource(geckolib)
[10dic2025 19:46:02.017] [main/DEBUG] [mixin/]: Instancing new MixinPlatformAgentMinecraftForge for SecureJarResource(geckolib)
[10dic2025 19:46:02.017] [main/DEBUG] [mixin/]: MixinPlatformAgentMinecraftForge rejected container SecureJarResource(geckolib)
[10dic2025 19:46:02.017] [main/DEBUG] [mixin/]: Instancing new MixinPlatformAgentDefault for SecureJarResource(geckolib)
[10dic2025 19:46:02.017] [main/DEBUG] [mixin/]: MixinPlatformAgentDefault accepted container SecureJarResource(geckolib)
[10dic2025 19:46:02.017] [main/DEBUG] [mixin/]: Instancing new FMLMixinPlatformAgent for SecureJarResource(geckolib)
[10dic2025 19:46:02.017] [main/DEBUG] [mixin/]: FMLMixinPlatformAgent rejected container SecureJarResource(geckolib)
[10dic2025 19:46:02.017] [main/DEBUG] [mixin/]: Processing prepare() for PlatformAgent[MixinPlatformAgentDefault:SecureJarResource(geckolib)]
[10dic2025 19:46:02.017] [main/DEBUG] [mixin/]: Registering mixin config: geckolib.mixins.json source=SecureJarResource(geckolib)
[10dic2025 19:46:02.017] [main/DEBUG] [mixin/]: Adding mixin platform agents for container SecureJarResource(architectury)
[10dic2025 19:46:02.017] [main/DEBUG] [mixin/]: Instancing new MixinPlatformAgentMinecraftForge for SecureJarResource(architectury)
[10dic2025 19:46:02.017] [main/DEBUG] [mixin/]: MixinPlatformAgentMinecraftForge rejected container SecureJarResource(architectury)
[10dic2025 19:46:02.018] [main/DEBUG] [mixin/]: Instancing new MixinPlatformAgentDefault for SecureJarResource(architectury)
[10dic2025 19:46:02.018] [main/DEBUG] [mixin/]: MixinPlatformAgentDefault accepted container SecureJarResource(architectury)
[10dic2025 19:46:02.018] [main/DEBUG] [mixin/]: Instancing new FMLMixinPlatformAgent for SecureJarResource(architectury)
[10dic2025 19:46:02.018] [main/DEBUG] [mixin/]: FMLMixinPlatformAgent rejected container SecureJarResource(architectury)
[10dic2025 19:46:02.018] [main/DEBUG] [mixin/]: Processing prepare() for PlatformAgent[MixinPlatformAgentDefault:SecureJarResource(architectury)]
[10dic2025 19:46:02.018] [main/DEBUG] [mixin/]: Adding mixin platform agents for container SecureJarResource(ftblibrary)
[10dic2025 19:46:02.018] [main/DEBUG] [mixin/]: Instancing new MixinPlatformAgentMinecraftForge for SecureJarResource(ftblibrary)
[10dic2025 19:46:02.018] [main/DEBUG] [mixin/]: MixinPlatformAgentMinecraftForge rejected container SecureJarResource(ftblibrary)
[10dic2025 19:46:02.018] [main/DEBUG] [mixin/]: Instancing new MixinPlatformAgentDefault for SecureJarResource(ftblibrary)
[10dic2025 19:46:02.018] [main/DEBUG] [mixin/]: MixinPlatformAgentDefault accepted container SecureJarResource(ftblibrary)
[10dic2025 19:46:02.018] [main/DEBUG] [mixin/]: Instancing new FMLMixinPlatformAgent for SecureJarResource(ftblibrary)
[10dic2025 19:46:02.018] [main/DEBUG] [mixin/]: FMLMixinPlatformAgent rejected container SecureJarResource(ftblibrary)
[10dic2025 19:46:02.018] [main/DEBUG] [mixin/]: Processing prepare() for PlatformAgent[MixinPlatformAgentDefault:SecureJarResource(ftblibrary)]
[10dic2025 19:46:02.018] [main/DEBUG] [mixin/]: Adding mixin platform agents for container SecureJarResource(guideme)
[10dic2025 19:46:02.018] [main/DEBUG] [mixin/]: Instancing new MixinPlatformAgentMinecraftForge for SecureJarResource(guideme)
[10dic2025 19:46:02.018] [main/DEBUG] [mixin/]: MixinPlatformAgentMinecraftForge rejected container SecureJarResource(guideme)
[10dic2025 19:46:02.018] [main/DEBUG] [mixin/]: Instancing new MixinPlatformAgentDefault for SecureJarResource(guideme)
[10dic2025 19:46:02.018] [main/DEBUG] [mixin/]: MixinPlatformAgentDefault accepted container SecureJarResource(guideme)
[10dic2025 19:46:02.018] [main/DEBUG] [mixin/]: Instancing new FMLMixinPlatformAgent for SecureJarResource(guideme)
[10dic2025 19:46:02.018] [main/DEBUG] [mixin/]: FMLMixinPlatformAgent rejected container SecureJarResource(guideme)
[10dic2025 19:46:02.018] [main/DEBUG] [mixin/]: Processing prepare() for PlatformAgent[MixinPlatformAgentDefault:SecureJarResource(guideme)]
[10dic2025 19:46:02.018] [main/DEBUG] [mixin/]: Adding mixin platform agents for container SecureJarResource(fabric_screen_api_v1)
[10dic2025 19:46:02.018] [main/DEBUG] [mixin/]: Instancing new MixinPlatformAgentMinecraftForge for SecureJarResource(fabric_screen_api_v1)
[10dic2025 19:46:02.018] [main/DEBUG] [mixin/]: MixinPlatformAgentMinecraftForge rejected container SecureJarResource(fabric_screen_api_v1)
[10dic2025 19:46:02.018] [main/DEBUG] [mixin/]: Instancing new MixinPlatformAgentDefault for SecureJarResource(fabric_screen_api_v1)
[10dic2025 19:46:02.018] [main/DEBUG] [mixin/]: MixinPlatformAgentDefault accepted container SecureJarResource(fabric_screen_api_v1)
[10dic2025 19:46:02.018] [main/DEBUG] [mixin/]: Instancing new FMLMixinPlatformAgent for SecureJarResource(fabric_screen_api_v1)
[10dic2025 19:46:02.018] [main/DEBUG] [mixin/]: FMLMixinPlatformAgent rejected container SecureJarResource(fabric_screen_api_v1)
[10dic2025 19:46:02.018] [main/DEBUG] [mixin/]: Processing prepare() for PlatformAgent[MixinPlatformAgentDefault:SecureJarResource(fabric_screen_api_v1)]
[10dic2025 19:46:02.018] [main/DEBUG] [mixin/]: Adding mixin platform agents for container SecureJarResource(jei)
[10dic2025 19:46:02.018] [main/DEBUG] [mixin/]: Instancing new MixinPlatformAgentMinecraftForge for SecureJarResource(jei)
[10dic2025 19:46:02.018] [main/DEBUG] [mixin/]: MixinPlatformAgentMinecraftForge rejected container SecureJarResource(jei)
[10dic2025 19:46:02.018] [main/DEBUG] [mixin/]: Instancing new MixinPlatformAgentDefault for SecureJarResource(jei)
[10dic2025 19:46:02.018] [main/DEBUG] [mixin/]: MixinPlatformAgentDefault accepted container SecureJarResource(jei)
[10dic2025 19:46:02.018] [main/DEBUG] [mixin/]: Instancing new FMLMixinPlatformAgent for SecureJarResource(jei)
[10dic2025 19:46:02.018] [main/DEBUG] [mixin/]: FMLMixinPlatformAgent rejected container SecureJarResource(jei)
[10dic2025 19:46:02.018] [main/DEBUG] [mixin/]: Processing prepare() for PlatformAgent[MixinPlatformAgentDefault:SecureJarResource(jei)]
[10dic2025 19:46:02.018] [main/DEBUG] [mixin/]: Adding mixin platform agents for container SecureJarResource(kubejs)
[10dic2025 19:46:02.018] [main/DEBUG] [mixin/]: Instancing new MixinPlatformAgentMinecraftForge for SecureJarResource(kubejs)
[10dic2025 19:46:02.018] [main/DEBUG] [mixin/]: MixinPlatformAgentMinecraftForge rejected container SecureJarResource(kubejs)
[10dic2025 19:46:02.018] [main/DEBUG] [mixin/]: Instancing new MixinPlatformAgentDefault for SecureJarResource(kubejs)
[10dic2025 19:46:02.018] [main/DEBUG] [mixin/]: MixinPlatformAgentDefault accepted container SecureJarResource(kubejs)
[10dic2025 19:46:02.018] [main/DEBUG] [mixin/]: Instancing new FMLMixinPlatformAgent for SecureJarResource(kubejs)
[10dic2025 19:46:02.018] [main/DEBUG] [mixin/]: FMLMixinPlatformAgent rejected container SecureJarResource(kubejs)
[10dic2025 19:46:02.018] [main/DEBUG] [mixin/]: Processing prepare() for PlatformAgent[MixinPlatformAgentDefault:SecureJarResource(kubejs)]
[10dic2025 19:46:02.018] [main/DEBUG] [mixin/]: Adding mixin platform agents for container SecureJarResource(supermartijn642corelib)
[10dic2025 19:46:02.019] [main/DEBUG] [mixin/]: Instancing new MixinPlatformAgentMinecraftForge for SecureJarResource(supermartijn642corelib)
[10dic2025 19:46:02.019] [main/DEBUG] [mixin/]: MixinPlatformAgentMinecraftForge rejected container SecureJarResource(supermartijn642corelib)
[10dic2025 19:46:02.019] [main/DEBUG] [mixin/]: Instancing new MixinPlatformAgentDefault for SecureJarResource(supermartijn642corelib)
[10dic2025 19:46:02.019] [main/DEBUG] [mixin/]: MixinPlatformAgentDefault accepted container SecureJarResource(supermartijn642corelib)
[10dic2025 19:46:02.019] [main/DEBUG] [mixin/]: Instancing new FMLMixinPlatformAgent for SecureJarResource(supermartijn642corelib)
[10dic2025 19:46:02.019] [main/DEBUG] [mixin/]: FMLMixinPlatformAgent rejected container SecureJarResource(supermartijn642corelib)
[10dic2025 19:46:02.019] [main/DEBUG] [mixin/]: Processing prepare() for PlatformAgent[MixinPlatformAgentDefault:SecureJarResource(supermartijn642corelib)]
[10dic2025 19:46:02.019] [main/DEBUG] [mixin/]: Adding mixin platform agents for container SecureJarResource(trashcans)
[10dic2025 19:46:02.019] [main/DEBUG] [mixin/]: Instancing new MixinPlatformAgentMinecraftForge for SecureJarResource(trashcans)
[10dic2025 19:46:02.019] [main/DEBUG] [mixin/]: MixinPlatformAgentMinecraftForge rejected container SecureJarResource(trashcans)
[10dic2025 19:46:02.019] [main/DEBUG] [mixin/]: Instancing new MixinPlatformAgentDefault for SecureJarResource(trashcans)
[10dic2025 19:46:02.019] [main/DEBUG] [mixin/]: MixinPlatformAgentDefault accepted container SecureJarResource(trashcans)
[10dic2025 19:46:02.019] [main/DEBUG] [mixin/]: Instancing new FMLMixinPlatformAgent for SecureJarResource(trashcans)
[10dic2025 19:46:02.019] [main/DEBUG] [mixin/]: FMLMixinPlatformAgent rejected container SecureJarResource(trashcans)
[10dic2025 19:46:02.019] [main/DEBUG] [mixin/]: Processing prepare() for PlatformAgent[MixinPlatformAgentDefault:SecureJarResource(trashcans)]
[10dic2025 19:46:02.019] [main/DEBUG] [mixin/]: Adding mixin platform agents for container SecureJarResource(fabric_networking_api_v1)
[10dic2025 19:46:02.019] [main/DEBUG] [mixin/]: Instancing new MixinPlatformAgentMinecraftForge for SecureJarResource(fabric_networking_api_v1)
[10dic2025 19:46:02.019] [main/DEBUG] [mixin/]: MixinPlatformAgentMinecraftForge rejected container SecureJarResource(fabric_networking_api_v1)
[10dic2025 19:46:02.019] [main/DEBUG] [mixin/]: Instancing new MixinPlatformAgentDefault for SecureJarResource(fabric_networking_api_v1)
[10dic2025 19:46:02.019] [main/DEBUG] [mixin/]: MixinPlatformAgentDefault accepted container SecureJarResource(fabric_networking_api_v1)
[10dic2025 19:46:02.019] [main/DEBUG] [mixin/]: Instancing new FMLMixinPlatformAgent for SecureJarResource(fabric_networking_api_v1)
[10dic2025 19:46:02.019] [main/DEBUG] [mixin/]: FMLMixinPlatformAgent rejected container SecureJarResource(fabric_networking_api_v1)
[10dic2025 19:46:02.019] [main/DEBUG] [mixin/]: Processing prepare() for PlatformAgent[MixinPlatformAgentDefault:SecureJarResource(fabric_networking_api_v1)]
[10dic2025 19:46:02.019] [main/DEBUG] [mixin/]: Adding mixin platform agents for container SecureJarResource(pipez)
[10dic2025 19:46:02.019] [main/DEBUG] [mixin/]: Instancing new MixinPlatformAgentMinecraftForge for SecureJarResource(pipez)
[10dic2025 19:46:02.019] [main/DEBUG] [mixin/]: MixinPlatformAgentMinecraftForge rejected container SecureJarResource(pipez)
[10dic2025 19:46:02.019] [main/DEBUG] [mixin/]: Instancing new MixinPlatformAgentDefault for SecureJarResource(pipez)
[10dic2025 19:46:02.019] [main/DEBUG] [mixin/]: MixinPlatformAgentDefault accepted container SecureJarResource(pipez)
[10dic2025 19:46:02.019] [main/DEBUG] [mixin/]: Instancing new FMLMixinPlatformAgent for SecureJarResource(pipez)
[10dic2025 19:46:02.019] [main/DEBUG] [mixin/]: FMLMixinPlatformAgent rejected container SecureJarResource(pipez)
[10dic2025 19:46:02.019] [main/DEBUG] [mixin/]: Processing prepare() for PlatformAgent[MixinPlatformAgentDefault:SecureJarResource(pipez)]
[10dic2025 19:46:02.019] [main/DEBUG] [mixin/]: Adding mixin platform agents for container SecureJarResource(pipezretriever)
[10dic2025 19:46:02.019] [main/DEBUG] [mixin/]: Instancing new MixinPlatformAgentMinecraftForge for SecureJarResource(pipezretriever)
[10dic2025 19:46:02.019] [main/DEBUG] [mixin/]: MixinPlatformAgentMinecraftForge rejected container SecureJarResource(pipezretriever)
[10dic2025 19:46:02.019] [main/DEBUG] [mixin/]: Instancing new MixinPlatformAgentDefault for SecureJarResource(pipezretriever)
[10dic2025 19:46:02.020] [main/DEBUG] [mixin/]: MixinPlatformAgentDefault accepted container SecureJarResource(pipezretriever)
[10dic2025 19:46:02.021] [main/DEBUG] [mixin/]: Instancing new FMLMixinPlatformAgent for SecureJarResource(pipezretriever)
[10dic2025 19:46:02.021] [main/DEBUG] [mixin/]: FMLMixinPlatformAgent rejected container SecureJarResource(pipezretriever)
[10dic2025 19:46:02.021] [main/DEBUG] [mixin/]: Processing prepare() for PlatformAgent[MixinPlatformAgentDefault:SecureJarResource(pipezretriever)]
[10dic2025 19:46:02.021] [main/DEBUG] [mixin/]: Adding mixin platform agents for container SecureJarResource(athena)
[10dic2025 19:46:02.021] [main/DEBUG] [mixin/]: Instancing new MixinPlatformAgentMinecraftForge for SecureJarResource(athena)
[10dic2025 19:46:02.021] [main/DEBUG] [mixin/]: MixinPlatformAgentMinecraftForge rejected container SecureJarResource(athena)
[10dic2025 19:46:02.021] [main/DEBUG] [mixin/]: Instancing new MixinPlatformAgentDefault for SecureJarResource(athena)
[10dic2025 19:46:02.021] [main/DEBUG] [mixin/]: MixinPlatformAgentDefault accepted container SecureJarResource(athena)
[10dic2025 19:46:02.021] [main/DEBUG] [mixin/]: Instancing new FMLMixinPlatformAgent for SecureJarResource(athena)
[10dic2025 19:46:02.021] [main/DEBUG] [mixin/]: FMLMixinPlatformAgent rejected container SecureJarResource(athena)
[10dic2025 19:46:02.021] [main/DEBUG] [mixin/]: Processing prepare() for PlatformAgent[MixinPlatformAgentDefault:SecureJarResource(athena)]
[10dic2025 19:46:02.021] [main/DEBUG] [mixin/]: Adding mixin platform agents for container SecureJarResource(glodium)
[10dic2025 19:46:02.021] [main/DEBUG] [mixin/]: Instancing new MixinPlatformAgentMinecraftForge for SecureJarResource(glodium)
[10dic2025 19:46:02.021] [main/DEBUG] [mixin/]: MixinPlatformAgentMinecraftForge rejected container SecureJarResource(glodium)
[10dic2025 19:46:02.021] [main/DEBUG] [mixin/]: Instancing new MixinPlatformAgentDefault for SecureJarResource(glodium)
[10dic2025 19:46:02.021] [main/DEBUG] [mixin/]: MixinPlatformAgentDefault accepted container SecureJarResource(glodium)
[10dic2025 19:46:02.021] [main/DEBUG] [mixin/]: Instancing new FMLMixinPlatformAgent for SecureJarResource(glodium)
[10dic2025 19:46:02.021] [main/DEBUG] [mixin/]: FMLMixinPlatformAgent rejected container SecureJarResource(glodium)
[10dic2025 19:46:02.021] [main/DEBUG] [mixin/]: Processing prepare() for PlatformAgent[MixinPlatformAgentDefault:SecureJarResource(glodium)]
[10dic2025 19:46:02.021] [main/DEBUG] [mixin/]: Adding mixin platform agents for container SecureJarResource(mixinextras.neoforge)
[10dic2025 19:46:02.021] [main/DEBUG] [mixin/]: Instancing new MixinPlatformAgentMinecraftForge for SecureJarResource(mixinextras.neoforge)
[10dic2025 19:46:02.021] [main/DEBUG] [mixin/]: MixinPlatformAgentMinecraftForge rejected container SecureJarResource(mixinextras.neoforge)
[10dic2025 19:46:02.021] [main/DEBUG] [mixin/]: Instancing new MixinPlatformAgentDefault for SecureJarResource(mixinextras.neoforge)
[10dic2025 19:46:02.021] [main/DEBUG] [mixin/]: MixinPlatformAgentDefault accepted container SecureJarResource(mixinextras.neoforge)
[10dic2025 19:46:02.021] [main/DEBUG] [mixin/]: Instancing new FMLMixinPlatformAgent for SecureJarResource(mixinextras.neoforge)
[10dic2025 19:46:02.021] [main/DEBUG] [mixin/]: FMLMixinPlatformAgent rejected container SecureJarResource(mixinextras.neoforge)
[10dic2025 19:46:02.021] [main/DEBUG] [mixin/]: Processing prepare() for PlatformAgent[MixinPlatformAgentDefault:SecureJarResource(mixinextras.neoforge)]
[10dic2025 19:46:02.021] [main/DEBUG] [mixin/]: Registering mixin config: mixinextras.init.mixins.json source=SecureJarResource(mixinextras.neoforge)
[10dic2025 19:46:02.022] [main/DEBUG] [mixin/]: inject() running with 26 agents
[10dic2025 19:46:02.022] [main/DEBUG] [mixin/]: Processing inject() for PlatformAgent[MixinPlatformAgentDefault:ModLauncher Root Container(ModLauncher:4f56a0a2)]
[10dic2025 19:46:02.022] [main/DEBUG] [mixin/]: Processing inject() for PlatformAgent[MixinPlatformAgentDefault:net.neoforged.fml.loading.mixin.FMLMixinContainerHandle@333cb916]
[10dic2025 19:46:02.022] [main/DEBUG] [mixin/]: Processing inject() for PlatformAgent[FMLMixinPlatformAgent:null]
[10dic2025 19:46:02.022] [main/DEBUG] [mixin/]: Processing inject() for PlatformAgent[MixinPlatformAgentDefault:SecureJarResource(mixin_synthetic)]
[10dic2025 19:46:02.022] [main/DEBUG] [mixin/]: Processing inject() for PlatformAgent[MixinPlatformAgentDefault:SecureJarResource(minecraft)]
[10dic2025 19:46:02.022] [main/DEBUG] [mixin/]: Processing inject() for PlatformAgent[MixinPlatformAgentDefault:SecureJarResource(rhino)]
[10dic2025 19:46:02.022] [main/DEBUG] [mixin/]: Processing inject() for PlatformAgent[MixinPlatformAgentDefault:SecureJarResource(fabric_api_base)]
[10dic2025 19:46:02.022] [main/DEBUG] [mixin/]: Processing inject() for PlatformAgent[MixinPlatformAgentDefault:SecureJarResource(ftbessentials)]
[10dic2025 19:46:02.022] [main/DEBUG] [mixin/]: Processing inject() for PlatformAgent[MixinPlatformAgentDefault:SecureJarResource(supermartijn642configlib)]
[10dic2025 19:46:02.022] [main/DEBUG] [mixin/]: Processing inject() for PlatformAgent[MixinPlatformAgentDefault:SecureJarResource(owo)]
[10dic2025 19:46:02.022] [main/DEBUG] [mixin/]: Processing inject() for PlatformAgent[MixinPlatformAgentDefault:SecureJarResource(titanium)]
[10dic2025 19:46:02.022] [main/DEBUG] [mixin/]: Processing inject() for PlatformAgent[MixinPlatformAgentDefault:SecureJarResource(jade)]
[10dic2025 19:46:02.022] [main/DEBUG] [mixin/]: Processing inject() for PlatformAgent[MixinPlatformAgentDefault:SecureJarResource(geckolib)]
[10dic2025 19:46:02.022] [main/DEBUG] [mixin/]: Processing inject() for PlatformAgent[MixinPlatformAgentDefault:SecureJarResource(architectury)]
[10dic2025 19:46:02.022] [main/DEBUG] [mixin/]: Processing inject() for PlatformAgent[MixinPlatformAgentDefault:SecureJarResource(ftblibrary)]
[10dic2025 19:46:02.022] [main/DEBUG] [mixin/]: Processing inject() for PlatformAgent[MixinPlatformAgentDefault:SecureJarResource(guideme)]
[10dic2025 19:46:02.022] [main/DEBUG] [mixin/]: Processing inject() for PlatformAgent[MixinPlatformAgentDefault:SecureJarResource(fabric_screen_api_v1)]
[10dic2025 19:46:02.022] [main/DEBUG] [mixin/]: Processing inject() for PlatformAgent[MixinPlatformAgentDefault:SecureJarResource(jei)]
[10dic2025 19:46:02.023] [main/DEBUG] [mixin/]: Processing inject() for PlatformAgent[MixinPlatformAgentDefault:SecureJarResource(kubejs)]
[10dic2025 19:46:02.023] [main/DEBUG] [mixin/]: Processing inject() for PlatformAgent[MixinPlatformAgentDefault:SecureJarResource(supermartijn642corelib)]
[10dic2025 19:46:02.023] [main/DEBUG] [mixin/]: Processing inject() for PlatformAgent[MixinPlatformAgentDefault:SecureJarResource(trashcans)]
[10dic2025 19:46:02.023] [main/DEBUG] [mixin/]: Processing inject() for PlatformAgent[MixinPlatformAgentDefault:SecureJarResource(fabric_networking_api_v1)]
[10dic2025 19:46:02.023] [main/DEBUG] [mixin/]: Processing inject() for PlatformAgent[MixinPlatformAgentDefault:SecureJarResource(pipez)]
[10dic2025 19:46:02.023] [main/DEBUG] [mixin/]: Processing inject() for PlatformAgent[MixinPlatformAgentDefault:SecureJarResource(pipezretriever)]
[10dic2025 19:46:02.023] [main/DEBUG] [mixin/]: Processing inject() for PlatformAgent[MixinPlatformAgentDefault:SecureJarResource(athena)]
[10dic2025 19:46:02.023] [main/DEBUG] [mixin/]: Processing inject() for PlatformAgent[MixinPlatformAgentDefault:SecureJarResource(glodium)]
[10dic2025 19:46:02.023] [main/DEBUG] [mixin/]: Processing inject() for PlatformAgent[MixinPlatformAgentDefault:SecureJarResource(mixinextras.neoforge)]
[10dic2025 19:46:02.023] [main/INFO] [net.fabricmc.loader.impl.bootstrap.FabricLoaderBootstrap/]: Propagating FML mod list to Fabric Loader
[10dic2025 19:46:02.029] [main/INFO] [cpw.mods.modlauncher.LaunchServiceHandler/MODLAUNCHER]: Launching target 'forgedatauserdev' with arguments [--gameDir, ., --assetsDir, /Users/joshua.morotti/.gradle/caches/minecraft/assets, --mod, pipezretriever, --all, --output, /Users/joshua.morotti/dev/personal/pipezretriever/src/generated/resources, --existing, /Users/joshua.morotti/dev/personal/pipezretriever/src/main/resources, --assetIndex, asset-index]
[10dic2025 19:46:02.073] [main/DEBUG] [mixin/]: Preparing mixins for MixinEnvironment[DEFAULT]
[10dic2025 19:46:02.073] [main/DEBUG] [mixin/]: Selecting config ftbessentials-common.mixins.json
[10dic2025 19:46:02.075] [main/DEBUG] [mixin/]: Selecting config owo.mixins.json
[10dic2025 19:46:02.075] [main/DEBUG] [mixin/]: Selecting config jade.mixins.json
[10dic2025 19:46:02.076] [main/DEBUG] [mixin/]: Selecting config geckolib.mixins.json
[10dic2025 19:46:02.076] [main/WARN] [mixin/]: Reference map 'geckolib.refmap.json' for geckolib.mixins.json could not be read. If this is a development environment you can ignore this message
[10dic2025 19:46:02.076] [main/DEBUG] [mixin/]: Selecting config architectury.mixins.json
[10dic2025 19:46:02.079] [main/DEBUG] [mixin/]: Selecting config architectury-common.mixins.json
[10dic2025 19:46:02.079] [main/DEBUG] [mixin/]: Selecting config ftblibrary-common.mixins.json
[10dic2025 19:46:02.079] [main/DEBUG] [mixin/]: Selecting config fabric-screen-api-v1.mixins.json
[10dic2025 19:46:02.079] [main/DEBUG] [mixin/]: Selecting config kubejs.mixins.json
[10dic2025 19:46:02.080] [main/DEBUG] [mixin/]: Selecting config supermartijn642corelib.mixins.json
[10dic2025 19:46:02.081] [main/WARN] [mixin/]: Reference map 'supermartijn642corelib.mixins.refmap.json' for supermartijn642corelib.mixins.json could not be read. If this is a development environment you can ignore this message
[10dic2025 19:46:02.081] [main/DEBUG] [mixin/]: Selecting config trashcans.mixins.json
[10dic2025 19:46:02.081] [main/DEBUG] [mixin/]: Selecting config fabric-networking-api-v1.mixins.json
[10dic2025 19:46:02.081] [main/DEBUG] [mixin/]: Selecting config fabric-networking-api-v1.client.mixins.json
[10dic2025 19:46:02.082] [main/DEBUG] [mixin/]: Selecting config pipezretriever.mixins.json
[10dic2025 19:46:02.082] [main/DEBUG] [mixin/]: Selecting config athena.mixins.json
[10dic2025 19:46:02.082] [main/DEBUG] [mixin/]: Selecting config athena-neoforge.mixins.json
[10dic2025 19:46:02.082] [main/DEBUG] [mixin/]: Selecting config neoforge.mixins.json
[10dic2025 19:46:02.082] [main/DEBUG] [mixin/]: Selecting config mixinextras.init.mixins.json
[10dic2025 19:46:02.098] [main/DEBUG] [MixinExtras|Service/]: com.llamalad7.mixinextras.service.MixinExtrasServiceImpl(version=0.4.1) is taking over from null
[10dic2025 19:46:02.116] [main/DEBUG] [mixin/]: Registering new injector for @Inject with org.spongepowered.asm.mixin.injection.struct.CallbackInjectionInfo
[10dic2025 19:46:02.116] [main/DEBUG] [mixin/]: Registering new injector for @ModifyArg with org.spongepowered.asm.mixin.injection.struct.ModifyArgInjectionInfo
[10dic2025 19:46:02.117] [main/DEBUG] [mixin/]: Registering new injector for @ModifyArgs with org.spongepowered.asm.mixin.injection.struct.ModifyArgsInjectionInfo
[10dic2025 19:46:02.118] [main/DEBUG] [mixin/]: Registering new injector for @Redirect with org.spongepowered.asm.mixin.injection.struct.RedirectInjectionInfo
[10dic2025 19:46:02.119] [main/DEBUG] [mixin/]: Registering new injector for @ModifyVariable with org.spongepowered.asm.mixin.injection.struct.ModifyVariableInjectionInfo
[10dic2025 19:46:02.119] [main/DEBUG] [mixin/]: Registering new injector for @ModifyConstant with org.spongepowered.asm.mixin.injection.struct.ModifyConstantInjectionInfo
[10dic2025 19:46:02.129] [main/DEBUG] [mixin/]: Preparing ftbessentials-common.mixins.json (1)
[10dic2025 19:46:02.162] [main/TRACE] [mixin/]: Added class metadata for net/minecraft/server/players/PlayerList to metadata cache
[10dic2025 19:46:02.165] [main/DEBUG] [mixin/]: Preparing owo.mixins.json (84)
[10dic2025 19:46:02.262] [main/DEBUG] [net.neoforged.accesstransformer.AccessTransformer/AXFORM]: Transforming com.mojang.blaze3d.vertex.BufferBuilder FIELD building to access PUBLIC and LEAVE
[10dic2025 19:46:02.262] [main/DEBUG] [net.neoforged.fml.common.asm.RuntimeDistCleaner/DISTXFORM]: Removing Class Annotation: com/mojang/blaze3d/vertex/BufferBuilder @Lnet/neoforged/api/distmarker/OnlyIn;
[10dic2025 19:46:02.282] [main/TRACE] [mixin/]: Added class metadata for com/mojang/blaze3d/vertex/BufferBuilder to metadata cache
[10dic2025 19:46:02.283] [main/DEBUG] [net.neoforged.accesstransformer.AccessTransformer/AXFORM]: Transforming net.minecraft.resources.RegistryOps$HolderLookupAdapter CLASS to access PUBLIC and LEAVE
[10dic2025 19:46:02.285] [main/TRACE] [mixin/]: Added class metadata for net/minecraft/resources/RegistryOps$HolderLookupAdapter to metadata cache
[10dic2025 19:46:02.286] [main/TRACE] [mixin/]: Added class metadata for net/minecraft/network/Connection to metadata cache
[10dic2025 19:46:02.287] [main/TRACE] [mixin/]: Added class metadata for net/minecraft/core/component/DataComponentType$Builder to metadata cache
[10dic2025 19:46:02.287] [main/TRACE] [mixin/]: Added class metadata for net/minecraft/world/level/levelgen/feature/OreFeature to metadata cache
[10dic2025 19:46:02.289] [main/TRACE] [mixin/]: Added class metadata for com/mojang/serialization/DataResult to metadata cache
[10dic2025 19:46:02.290] [main/TRACE] [mixin/]: Added class metadata for com/mojang/serialization/DataResult$Error to metadata cache
[10dic2025 19:46:02.290] [main/TRACE] [mixin/]: Added class metadata for net/minecraft/resources/DelegatingOps to metadata cache
[10dic2025 19:46:02.291] [main/DEBUG] [net.neoforged.accesstransformer.AccessTransformer/AXFORM]: Transforming net.minecraft.nbt.CompoundTag FIELD tags to access PUBLIC and LEAVE
[10dic2025 19:46:02.294] [main/TRACE] [mixin/]: Added class metadata for net/minecraft/nbt/CompoundTag to metadata cache
[10dic2025 19:46:02.299] [main/TRACE] [mixin/]: Added class metadata for net/minecraft/network/FriendlyByteBuf to metadata cache
[10dic2025 19:46:02.300] [main/DEBUG] [net.neoforged.accesstransformer.AccessTransformer/AXFORM]: Transforming net.minecraft.resources.RegistryOps INNERCLASS HolderLookupAdapter to access PUBLIC and LEAVE
[10dic2025 19:46:02.301] [main/DEBUG] [net.neoforged.accesstransformer.AccessTransformer/AXFORM]: Transforming net.minecraft.resources.RegistryOps METHOD <init>(Lcom/mojang/serialization/DynamicOps;Lnet/minecraft/resources/RegistryOps$RegistryInfoLookup;)V to access PROTECTED and LEAVE
[10dic2025 19:46:02.302] [main/TRACE] [mixin/]: Added class metadata for net/minecraft/resources/RegistryOps to metadata cache
[10dic2025 19:46:02.302] [main/DEBUG] [net.neoforged.accesstransformer.AccessTransformer/AXFORM]: Transforming net.minecraft.client.gui.screens.Screen INNERCLASS DeferredTooltipRendering to access PUBLIC and LEAVE
[10dic2025 19:46:02.302] [main/DEBUG] [net.neoforged.accesstransformer.AccessTransformer/AXFORM]: Transforming net.minecraft.client.gui.screens.Screen FIELD narratables to access PUBLIC and LEAVE
[10dic2025 19:46:02.302] [main/DEBUG] [net.neoforged.accesstransformer.AccessTransformer/AXFORM]: Transforming net.minecraft.client.gui.screens.Screen FIELD renderables to access PUBLIC and LEAVE
[10dic2025 19:46:02.302] [main/DEBUG] [net.neoforged.accesstransformer.AccessTransformer/AXFORM]: Transforming net.minecraft.client.gui.screens.Screen FIELD deferredTooltipRendering to access PUBLIC and LEAVE
[10dic2025 19:46:02.303] [main/DEBUG] [net.neoforged.accesstransformer.AccessTransformer/AXFORM]: Transforming net.minecraft.client.gui.screens.Screen METHOD addRenderableWidget(Lnet/minecraft/client/gui/components/events/GuiEventListener;)Lnet/minecraft/client/gui/components/events/GuiEventListener; to access PUBLIC and LEAVE
[10dic2025 19:46:02.303] [main/DEBUG] [net.neoforged.accesstransformer.AccessTransformer/AXFORM]: Transforming net.minecraft.client.gui.screens.Screen METHOD addRenderableOnly(Lnet/minecraft/client/gui/components/Renderable;)Lnet/minecraft/client/gui/components/Renderable; to access PUBLIC and LEAVE
[10dic2025 19:46:02.303] [main/DEBUG] [net.neoforged.accesstransformer.AccessTransformer/AXFORM]: Transforming net.minecraft.client.gui.screens.Screen METHOD addWidget(Lnet/minecraft/client/gui/components/events/GuiEventListener;)Lnet/minecraft/client/gui/components/events/GuiEventListener; to access PUBLIC and LEAVE
[10dic2025 19:46:02.303] [main/DEBUG] [net.neoforged.fml.common.asm.RuntimeDistCleaner/DISTXFORM]: Removing Class Annotation: net/minecraft/client/gui/screens/Screen @Lnet/neoforged/api/distmarker/OnlyIn;
[10dic2025 19:46:02.307] [main/TRACE] [mixin/]: Added class metadata for net/minecraft/client/gui/screens/Screen to metadata cache
[10dic2025 19:46:02.308] [main/DEBUG] [net.neoforged.accesstransformer.AccessTransformer/AXFORM]: Transforming net.minecraft.world.inventory.AbstractContainerMenu FIELD containerId to access PUBLIC and REMOVEFINAL
[10dic2025 19:46:02.311] [main/TRACE] [mixin/]: Added class metadata for net/minecraft/world/inventory/AbstractContainerMenu to metadata cache
[10dic2025 19:46:02.313] [main/DEBUG] [net.neoforged.accesstransformer.AccessTransformer/AXFORM]: Transforming net.minecraft.server.network.ServerCommonPacketListenerImpl FIELD server to access PUBLIC and LEAVE
[10dic2025 19:46:02.315] [main/TRACE] [mixin/]: Added class metadata for net/minecraft/server/network/ServerCommonPacketListenerImpl to metadata cache
[10dic2025 19:46:02.317] [main/DEBUG] [net.neoforged.accesstransformer.AccessTransformer/AXFORM]: Transforming net.minecraft.server.level.ServerPlayer FIELD enteredNetherPosition to access PUBLIC and LEAVE
[10dic2025 19:46:02.317] [main/DEBUG] [net.neoforged.accesstransformer.AccessTransformer/AXFORM]: Transforming net.minecraft.server.level.ServerPlayer METHOD triggerDimensionChangeTriggers(Lnet/minecraft/server/level/ServerLevel;)V to access PUBLIC and LEAVE
[10dic2025 19:46:02.328] [main/TRACE] [mixin/]: Added class metadata for net/minecraft/server/level/ServerPlayer to metadata cache
[10dic2025 19:46:02.329] [main/DEBUG] [net.neoforged.accesstransformer.AccessTransformer/AXFORM]: Transforming net.minecraft.server.level.ServerPlayerGameMode FIELD isDestroyingBlock to access PUBLIC and LEAVE
[10dic2025 19:46:02.331] [main/TRACE] [mixin/]: Added class metadata for net/minecraft/server/level/ServerPlayerGameMode to metadata cache
[10dic2025 19:46:02.332] [main/TRACE] [mixin/]: Added class metadata for net/minecraft/world/level/storage/loot/functions/SetComponentsFunction to metadata cache
[10dic2025 19:46:02.332] [main/TRACE] [mixin/]: Added class metadata for net/minecraft/tags/TagLoader to metadata cache
[10dic2025 19:46:02.332] [main/DEBUG] [net.neoforged.accesstransformer.AccessTransformer/AXFORM]: Transforming net.minecraft.core.component.PatchedDataComponentMap FIELD copyOnWrite to access PUBLIC and LEAVE
[10dic2025 19:46:02.333] [main/TRACE] [mixin/]: Added class metadata for net/minecraft/core/component/PatchedDataComponentMap to metadata cache
[10dic2025 19:46:02.335] [main/DEBUG] [net.neoforged.accesstransformer.AccessTransformer/AXFORM]: Transforming net.minecraft.world.item.Item FIELD components to access PRIVATE and REMOVEFINAL
[10dic2025 19:46:02.335] [main/DEBUG] [net.neoforged.accesstransformer.AccessTransformer/AXFORM]: Transforming net.minecraft.world.item.Item METHOD getPlayerPOVHitResult(Lnet/minecraft/world/level/Level;Lnet/minecraft/world/entity/player/Player;Lnet/minecraft/world/level/ClipContext$Fluid;)Lnet/minecraft/world/phys/BlockHitResult; to access PUBLIC and LEAVE
[10dic2025 19:46:02.341] [main/TRACE] [mixin/]: Added class metadata for net/minecraft/world/item/Item to metadata cache
[10dic2025 19:46:02.344] [main/DEBUG] [net.neoforged.accesstransformer.AccessTransformer/AXFORM]: Transforming net.minecraft.world.item.ItemStack METHOD addToTooltip(Lnet/minecraft/core/component/DataComponentType;Lnet/minecraft/world/item/Item$TooltipContext;Ljava/util/function/Consumer;Lnet/minecraft/world/item/TooltipFlag;)V to access PUBLIC and LEAVE
[10dic2025 19:46:02.347] [main/TRACE] [mixin/]: Added class metadata for net/minecraft/world/item/ItemStack to metadata cache
[10dic2025 19:46:02.347] [main/DEBUG] [net.neoforged.accesstransformer.AccessTransformer/AXFORM]: Transforming net.minecraft.world.item.CreativeModeTab INNERCLASS Output to access PUBLIC and LEAVE
[10dic2025 19:46:02.347] [main/DEBUG] [net.neoforged.accesstransformer.AccessTransformer/AXFORM]: Transforming net.minecraft.world.item.CreativeModeTab INNERCLASS ItemDisplayBuilder to access PUBLIC and LEAVE
[10dic2025 19:46:02.348] [main/DEBUG] [net.neoforged.accesstransformer.AccessTransformer/AXFORM]: Transforming net.minecraft.world.item.CreativeModeTab INNERCLASS TabVisibility to access PUBLIC and LEAVE
[10dic2025 19:46:02.348] [main/DEBUG] [net.neoforged.accesstransformer.AccessTransformer/AXFORM]: Transforming net.minecraft.world.item.CreativeModeTab FIELD displayItems to access PUBLIC and LEAVE
[10dic2025 19:46:02.348] [main/DEBUG] [net.neoforged.accesstransformer.AccessTransformer/AXFORM]: Transforming net.minecraft.world.item.CreativeModeTab FIELD displayItemsGenerator to access PUBLIC and REMOVEFINAL
[10dic2025 19:46:02.348] [main/DEBUG] [net.neoforged.accesstransformer.AccessTransformer/AXFORM]: Transforming net.minecraft.world.item.CreativeModeTab METHOD <init>(Lnet/minecraft/world/item/CreativeModeTab$Row;ILnet/minecraft/world/item/CreativeModeTab$Type;Lnet/minecraft/network/chat/Component;Ljava/util/function/Supplier;Lnet/minecraft/world/item/CreativeModeTab$DisplayItemsGenerator;Lnet/minecraft/resources/ResourceLocation;ZILnet/minecraft/resources/ResourceLocation;IILjava/util/List;Ljava/util/List;)V to access PUBLIC and LEAVE
[10dic2025 19:46:02.348] [main/TRACE] [mixin/]: Added class metadata for net/minecraft/world/item/CreativeModeTab to metadata cache
[10dic2025 19:46:02.349] [main/DEBUG] [net.neoforged.accesstransformer.AccessTransformer/AXFORM]: Transforming net.minecraft.world.item.Item$Properties FIELD COMPONENT_INTERNER to access PUBLIC and LEAVE
[10dic2025 19:46:02.349] [main/TRACE] [mixin/]: Added class metadata for net/minecraft/world/item/Item$Properties to metadata cache
[10dic2025 19:46:02.350] [main/TRACE] [mixin/]: Added class metadata for net/minecraft/advancements/AdvancementProgress to metadata cache
[10dic2025 19:46:02.351] [main/TRACE] [mixin/]: Added class metadata for net/minecraft/server/PlayerAdvancements to metadata cache
[10dic2025 19:46:02.354] [main/TRACE] [mixin/]: Added class metadata for net/minecraft/server/PlayerAdvancements$Data to metadata cache
[10dic2025 19:46:02.355] [main/TRACE] [mixin/]: Added class metadata for net/minecraft/world/level/storage/PlayerDataStorage to metadata cache
[10dic2025 19:46:02.355] [main/TRACE] [mixin/]: Added class metadata for net/minecraft/world/inventory/ResultSlot to metadata cache
[10dic2025 19:46:02.356] [main/DEBUG] [net.neoforged.accesstransformer.AccessTransformer/AXFORM]: Transforming net.minecraft.world.item.crafting.RecipeManager FIELD LOGGER to access PUBLIC and LEAVE
[10dic2025 19:46:02.356] [main/DEBUG] [net.neoforged.accesstransformer.AccessTransformer/AXFORM]: Transforming net.minecraft.world.item.crafting.RecipeManager FIELD byType to access PUBLIC and LEAVE
[10dic2025 19:46:02.356] [main/DEBUG] [net.neoforged.accesstransformer.AccessTransformer/AXFORM]: Transforming net.minecraft.world.item.crafting.RecipeManager METHOD byType(Lnet/minecraft/world/item/crafting/RecipeType;)Ljava/util/Collection; to access PUBLIC and LEAVE
[10dic2025 19:46:02.356] [main/DEBUG] [net.neoforged.accesstransformer.AccessTransformer/AXFORM]: Transforming net.minecraft.world.item.crafting.RecipeManager METHOD fromJson(Lnet/minecraft/resources/ResourceLocation;Lcom/google/gson/JsonObject;Lnet/minecraft/core/HolderLookup$Provider;)Lnet/minecraft/world/item/crafting/RecipeHolder; to access PUBLIC and LEAVE
[10dic2025 19:46:02.357] [main/TRACE] [mixin/]: Added class metadata for net/minecraft/world/item/crafting/RecipeManager to metadata cache
[10dic2025 19:46:02.358] [main/DEBUG] [net.neoforged.accesstransformer.AccessTransformer/AXFORM]: Transforming net.minecraft.core.Holder$Reference METHOD bindKey(Lnet/minecraft/resources/ResourceKey;)V to access PUBLIC and LEAVE
[10dic2025 19:46:02.359] [main/TRACE] [mixin/]: Added class metadata for net/minecraft/core/Holder$Reference to metadata cache
[10dic2025 19:46:02.360] [main/TRACE] [mixin/]: Added class metadata for net/minecraft/core/MappedRegistry to metadata cache
[10dic2025 19:46:02.360] [main/TRACE] [mixin/]: Added class metadata for net/minecraft/locale/Language to metadata cache
[10dic2025 19:46:02.360] [main/TRACE] [mixin/]: Added class metadata for net/minecraft/network/chat/ComponentSerialization to metadata cache
[10dic2025 19:46:02.361] [main/TRACE] [mixin/]: Added class metadata for net/minecraft/server/Eula to metadata cache
[10dic2025 19:46:02.361] [main/TRACE] [mixin/]: Added class metadata for net/minecraft/world/level/LevelSettings to metadata cache
[10dic2025 19:46:02.361] [main/DEBUG] [net.neoforged.accesstransformer.AccessTransformer/AXFORM]: Transforming net.minecraft.world.inventory.Slot FIELD x to access PUBLIC and REMOVEFINAL
[10dic2025 19:46:02.361] [main/DEBUG] [net.neoforged.accesstransformer.AccessTransformer/AXFORM]: Transforming net.minecraft.world.inventory.Slot FIELD y to access PUBLIC and REMOVEFINAL
[10dic2025 19:46:02.362] [main/TRACE] [mixin/]: Added class metadata for net/minecraft/world/inventory/Slot to metadata cache
[10dic2025 19:46:02.363] [main/TRACE] [mixin/]: Added class metadata for net/minecraft/world/level/block/entity/BlockEntity to metadata cache
[10dic2025 19:46:02.363] [main/TRACE] [mixin/]: Added class metadata for org/sinytra/fabric/networking_api/NeoNetworkRegistrar to metadata cache
[10dic2025 19:46:02.373] [main/DEBUG] [net.neoforged.fml.common.asm.RuntimeDistCleaner/DISTXFORM]: Removing Class Annotation: net/minecraft/client/multiplayer/ClientCommonPacketListenerImpl @Lnet/neoforged/api/distmarker/OnlyIn;
[10dic2025 19:46:02.375] [main/TRACE] [mixin/]: Added class metadata for net/minecraft/client/multiplayer/ClientCommonPacketListenerImpl to metadata cache
[10dic2025 19:46:02.375] [main/DEBUG] [net.neoforged.fml.common.asm.RuntimeDistCleaner/DISTXFORM]: Removing Class Annotation: net/minecraft/client/multiplayer/ClientConfigurationPacketListenerImpl @Lnet/neoforged/api/distmarker/OnlyIn;
[10dic2025 19:46:02.376] [main/TRACE] [mixin/]: Added class metadata for net/minecraft/client/multiplayer/ClientConfigurationPacketListenerImpl to metadata cache
[10dic2025 19:46:02.379] [main/DEBUG] [net.neoforged.fml.common.asm.RuntimeDistCleaner/DISTXFORM]: Removing Class Annotation: net/minecraft/client/multiplayer/ClientHandshakePacketListenerImpl @Lnet/neoforged/api/distmarker/OnlyIn;
[10dic2025 19:46:02.380] [main/TRACE] [mixin/]: Added class metadata for net/minecraft/client/multiplayer/ClientHandshakePacketListenerImpl to metadata cache
[10dic2025 19:46:02.382] [main/DEBUG] [net.neoforged.accesstransformer.AccessTransformer/AXFORM]: Transforming net.minecraft.client.gui.GuiGraphics INNERCLASS ScissorStack to access PUBLIC and LEAVE
[10dic2025 19:46:02.382] [main/DEBUG] [net.neoforged.accesstransformer.AccessTransformer/AXFORM]: Transforming net.minecraft.client.gui.GuiGraphics FIELD minecraft to access PUBLIC and REMOVEFINAL
[10dic2025 19:46:02.382] [main/DEBUG] [net.neoforged.accesstransformer.AccessTransformer/AXFORM]: Transforming net.minecraft.client.gui.GuiGraphics FIELD pose to access PUBLIC and REMOVEFINAL
[10dic2025 19:46:02.382] [main/DEBUG] [net.neoforged.accesstransformer.AccessTransformer/AXFORM]: Transforming net.minecraft.client.gui.GuiGraphics FIELD bufferSource to access PUBLIC and REMOVEFINAL
[10dic2025 19:46:02.382] [main/DEBUG] [net.neoforged.accesstransformer.AccessTransformer/AXFORM]: Transforming net.minecraft.client.gui.GuiGraphics METHOD <init>(Lnet/minecraft/client/Minecraft;Lcom/mojang/blaze3d/vertex/PoseStack;Lnet/minecraft/client/renderer/MultiBufferSource$BufferSource;)V to access PROTECTED and LEAVE
[10dic2025 19:46:02.382] [main/DEBUG] [net.neoforged.accesstransformer.AccessTransformer/AXFORM]: Transforming net.minecraft.client.gui.GuiGraphics METHOD applyScissor(Lnet/minecraft/client/gui/navigation/ScreenRectangle;)V to access PROTECTED and LEAVE
[10dic2025 19:46:02.382] [main/DEBUG] [net.neoforged.accesstransformer.AccessTransformer/AXFORM]: Transforming net.minecraft.client.gui.GuiGraphics METHOD blitSprite(Lnet/minecraft/client/renderer/texture/TextureAtlasSprite;IIIIIIIII)V to access PUBLIC and LEAVE
[10dic2025 19:46:02.382] [main/DEBUG] [net.neoforged.accesstransformer.AccessTransformer/AXFORM]: Transforming net.minecraft.client.gui.GuiGraphics METHOD blitTiledSprite(Lnet/minecraft/client/renderer/texture/TextureAtlasSprite;IIIIIIIIIII)V to access PUBLIC and LEAVE
[10dic2025 19:46:02.382] [main/DEBUG] [net.neoforged.accesstransformer.AccessTransformer/AXFORM]: Transforming net.minecraft.client.gui.GuiGraphics METHOD renderTooltipInternal(Lnet/minecraft/client/gui/Font;Ljava/util/List;IILnet/minecraft/client/gui/screens/inventory/tooltip/ClientTooltipPositioner;)V to access PUBLIC and LEAVE
[10dic2025 19:46:02.383] [main/DEBUG] [net.neoforged.fml.common.asm.RuntimeDistCleaner/DISTXFORM]: Removing Class Annotation: net/minecraft/client/gui/GuiGraphics @Lnet/neoforged/api/distmarker/OnlyIn;
[10dic2025 19:46:02.385] [main/TRACE] [mixin/]: Added class metadata for net/minecraft/client/gui/GuiGraphics to metadata cache
[10dic2025 19:46:02.391] [main/DEBUG] [net.neoforged.accesstransformer.AccessTransformer/AXFORM]: Transforming net.minecraft.client.Minecraft INNERCLASS GameLoadCookie to access PUBLIC and LEAVE
[10dic2025 19:46:02.391] [main/DEBUG] [net.neoforged.accesstransformer.AccessTransformer/AXFORM]: Transforming net.minecraft.client.Minecraft FIELD pendingConnection to access PUBLIC and LEAVE
[10dic2025 19:46:02.391] [main/DEBUG] [net.neoforged.accesstransformer.AccessTransformer/AXFORM]: Transforming net.minecraft.client.Minecraft METHOD addCustomNbtData(Lnet/minecraft/world/item/ItemStack;Lnet/minecraft/world/level/block/entity/BlockEntity;Lnet/minecraft/core/RegistryAccess;)V to access PUBLIC and LEAVE
[10dic2025 19:46:02.392] [main/DEBUG] [net.neoforged.fml.common.asm.RuntimeDistCleaner/DISTXFORM]: Removing Class Annotation: net/minecraft/client/Minecraft @Lnet/neoforged/api/distmarker/OnlyIn;
[10dic2025 19:46:02.402] [main/TRACE] [mixin/]: Added class metadata for net/minecraft/client/Minecraft to metadata cache
[10dic2025 19:46:02.402] [main/DEBUG] [net.neoforged.fml.common.asm.RuntimeDistCleaner/DISTXFORM]: Removing Class Annotation: net/minecraft/client/gui/screens/inventory/EffectRenderingInventoryScreen @Lnet/neoforged/api/distmarker/OnlyIn;
[10dic2025 19:46:02.403] [main/TRACE] [mixin/]: Added class metadata for net/minecraft/client/gui/screens/inventory/EffectRenderingInventoryScreen to metadata cache
[10dic2025 19:46:02.406] [main/DEBUG] [net.neoforged.accesstransformer.AccessTransformer/AXFORM]: Transforming net.minecraft.client.gui.screens.inventory.CreativeModeInventoryScreen FIELD selectedTab to access PUBLIC and LEAVE
[10dic2025 19:46:02.406] [main/DEBUG] [net.neoforged.fml.common.asm.RuntimeDistCleaner/DISTXFORM]: Removing Class Annotation: net/minecraft/client/gui/screens/inventory/CreativeModeInventoryScreen @Lnet/neoforged/api/distmarker/OnlyIn;
[10dic2025 19:46:02.409] [main/TRACE] [mixin/]: Added class metadata for net/minecraft/client/gui/screens/inventory/CreativeModeInventoryScreen to metadata cache
[10dic2025 19:46:02.411] [main/DEBUG] [net.neoforged.accesstransformer.AccessTransformer/AXFORM]: Transforming net.minecraft.client.renderer.GameRenderer FIELD renderBuffers to access PUBLIC and LEAVE
[10dic2025 19:46:02.411] [main/DEBUG] [net.neoforged.accesstransformer.AccessTransformer/AXFORM]: Transforming net.minecraft.client.renderer.GameRenderer METHOD loadEffect(Lnet/minecraft/resources/ResourceLocation;)V to access PUBLIC and LEAVE
[10dic2025 19:46:02.411] [main/DEBUG] [net.neoforged.fml.common.asm.RuntimeDistCleaner/DISTXFORM]: Removing Class Annotation: net/minecraft/client/renderer/GameRenderer @Lnet/neoforged/api/distmarker/OnlyIn;
[10dic2025 19:46:02.416] [main/TRACE] [mixin/]: Added class metadata for net/minecraft/client/renderer/GameRenderer to metadata cache
[10dic2025 19:46:02.417] [main/DEBUG] [net.neoforged.fml.common.asm.RuntimeDistCleaner/DISTXFORM]: Removing Class Annotation: net/minecraft/client/renderer/ShaderInstance @Lnet/neoforged/api/distmarker/OnlyIn;
[10dic2025 19:46:02.418] [main/TRACE] [mixin/]: Added class metadata for net/minecraft/client/renderer/ShaderInstance to metadata cache
[10dic2025 19:46:02.419] [main/DEBUG] [net.neoforged.fml.common.asm.RuntimeDistCleaner/DISTXFORM]: Removing Class Annotation: net/minecraft/client/resources/language/ClientLanguage @Lnet/neoforged/api/distmarker/OnlyIn;
[10dic2025 19:46:02.419] [main/TRACE] [mixin/]: Added class metadata for net/minecraft/client/resources/language/ClientLanguage to metadata cache
[10dic2025 19:46:02.420] [main/TRACE] [mixin/]: Added class metadata for net/minecraft/Util$OS to metadata cache
[10dic2025 19:46:02.421] [main/DEBUG] [net.neoforged.accesstransformer.AccessTransformer/AXFORM]: Transforming net.minecraft.client.gui.components.EditBox FIELD SPRITES to access PUBLIC and LEAVE
[10dic2025 19:46:02.421] [main/DEBUG] [net.neoforged.accesstransformer.AccessTransformer/AXFORM]: Transforming net.minecraft.client.gui.components.EditBox FIELD canLoseFocus to access PUBLIC and LEAVE
[10dic2025 19:46:02.421] [main/DEBUG] [net.neoforged.accesstransformer.AccessTransformer/AXFORM]: Transforming net.minecraft.client.gui.components.EditBox METHOD isEditable()Z to access PUBLIC and LEAVE
[10dic2025 19:46:02.421] [main/DEBUG] [net.neoforged.fml.common.asm.RuntimeDistCleaner/DISTXFORM]: Removing Class Annotation: net/minecraft/client/gui/components/EditBox @Lnet/neoforged/api/distmarker/OnlyIn;
[10dic2025 19:46:02.423] [main/TRACE] [mixin/]: Added class metadata for net/minecraft/client/gui/components/EditBox to metadata cache
[10dic2025 19:46:02.423] [main/DEBUG] [net.neoforged.fml.common.asm.RuntimeDistCleaner/DISTXFORM]: Removing Class Annotation: net/minecraft/client/gui/screens/ChatScreen @Lnet/neoforged/api/distmarker/OnlyIn;
[10dic2025 19:46:02.424] [main/TRACE] [mixin/]: Added class metadata for net/minecraft/client/gui/screens/ChatScreen to metadata cache
[10dic2025 19:46:02.425] [main/DEBUG] [net.neoforged.accesstransformer.AccessTransformer/AXFORM]: Transforming net.minecraft.client.gui.components.AbstractWidget METHOD renderScrollingString(Lnet/minecraft/client/gui/GuiGraphics;Lnet/minecraft/client/gui/Font;Lnet/minecraft/network/chat/Component;IIIII)V to access PUBLIC and LEAVE
[10dic2025 19:46:02.425] [main/DEBUG] [net.neoforged.accesstransformer.AccessTransformer/AXFORM]: Transforming net.minecraft.client.gui.components.AbstractWidget METHOD renderScrollingString(Lnet/minecraft/client/gui/GuiGraphics;Lnet/minecraft/client/gui/Font;Lnet/minecraft/network/chat/Component;IIIIII)V to access PUBLIC and LEAVE
[10dic2025 19:46:02.425] [main/DEBUG] [net.neoforged.fml.common.asm.RuntimeDistCleaner/DISTXFORM]: Removing Class Annotation: net/minecraft/client/gui/components/AbstractWidget @Lnet/neoforged/api/distmarker/OnlyIn;
[10dic2025 19:46:02.425] [main/TRACE] [mixin/]: Added class metadata for net/minecraft/client/gui/components/AbstractWidget to metadata cache
[10dic2025 19:46:02.426] [main/DEBUG] [net.neoforged.fml.common.asm.RuntimeDistCleaner/DISTXFORM]: Removing Class Annotation: net/minecraft/client/gui/components/MultiLineEditBox @Lnet/neoforged/api/distmarker/OnlyIn;
[10dic2025 19:46:02.427] [main/TRACE] [mixin/]: Added class metadata for net/minecraft/client/gui/components/MultiLineEditBox to metadata cache
[10dic2025 19:46:02.428] [main/DEBUG] [net.neoforged.accesstransformer.AccessTransformer/AXFORM]: Transforming net.minecraft.client.renderer.entity.EntityRenderDispatcher FIELD renderers to access PUBLIC and LEAVE
[10dic2025 19:46:02.428] [main/DEBUG] [net.neoforged.fml.common.asm.RuntimeDistCleaner/DISTXFORM]: Removing Class Annotation: net/minecraft/client/renderer/entity/EntityRenderDispatcher @Lnet/neoforged/api/distmarker/OnlyIn;
[10dic2025 19:46:02.429] [main/TRACE] [mixin/]: Added class metadata for net/minecraft/client/renderer/entity/EntityRenderDispatcher to metadata cache
[10dic2025 19:46:02.429] [main/DEBUG] [net.neoforged.fml.common.asm.RuntimeDistCleaner/DISTXFORM]: Removing Class Annotation: net/minecraft/client/renderer/entity/EntityRenderer @Lnet/neoforged/api/distmarker/OnlyIn;
[10dic2025 19:46:02.430] [main/TRACE] [mixin/]: Added class metadata for net/minecraft/client/renderer/entity/EntityRenderer to metadata cache
[10dic2025 19:46:02.432] [main/DEBUG] [net.neoforged.accesstransformer.AccessTransformer/AXFORM]: Transforming net.minecraft.client.gui.screens.inventory.AbstractContainerScreen FIELD hoveredSlot to access PUBLIC and LEAVE
[10dic2025 19:46:02.432] [main/DEBUG] [net.neoforged.accesstransformer.AccessTransformer/AXFORM]: Transforming net.minecraft.client.gui.screens.inventory.AbstractContainerScreen FIELD snapbackEnd to access PROTECTED and LEAVE
[10dic2025 19:46:02.432] [main/DEBUG] [net.neoforged.accesstransformer.AccessTransformer/AXFORM]: Transforming net.minecraft.client.gui.screens.inventory.AbstractContainerScreen FIELD isSplittingStack to access PROTECTED and LEAVE
[10dic2025 19:46:02.432] [main/DEBUG] [net.neoforged.accesstransformer.AccessTransformer/AXFORM]: Transforming net.minecraft.client.gui.screens.inventory.AbstractContainerScreen FIELD draggingItem to access PROTECTED and LEAVE
[10dic2025 19:46:02.432] [main/DEBUG] [net.neoforged.accesstransformer.AccessTransformer/AXFORM]: Transforming net.minecraft.client.gui.screens.inventory.AbstractContainerScreen FIELD snapbackStartX to access PROTECTED and LEAVE
[10dic2025 19:46:02.432] [main/DEBUG] [net.neoforged.accesstransformer.AccessTransformer/AXFORM]: Transforming net.minecraft.client.gui.screens.inventory.AbstractContainerScreen FIELD snapbackStartY to access PROTECTED and LEAVE
[10dic2025 19:46:02.432] [main/DEBUG] [net.neoforged.accesstransformer.AccessTransformer/AXFORM]: Transforming net.minecraft.client.gui.screens.inventory.AbstractContainerScreen FIELD snapbackTime to access PROTECTED and LEAVE
[10dic2025 19:46:02.432] [main/DEBUG] [net.neoforged.accesstransformer.AccessTransformer/AXFORM]: Transforming net.minecraft.client.gui.screens.inventory.AbstractContainerScreen FIELD snapbackItem to access PROTECTED and LEAVE
[10dic2025 19:46:02.432] [main/DEBUG] [net.neoforged.accesstransformer.AccessTransformer/AXFORM]: Transforming net.minecraft.client.gui.screens.inventory.AbstractContainerScreen FIELD quickCraftingRemainder to access PROTECTED and LEAVE
[10dic2025 19:46:02.432] [main/DEBUG] [net.neoforged.accesstransformer.AccessTransformer/AXFORM]: Transforming net.minecraft.client.gui.screens.inventory.AbstractContainerScreen METHOD renderFloatingItem(Lnet/minecraft/client/gui/GuiGraphics;Lnet/minecraft/world/item/ItemStack;IILjava/lang/String;)V to access PROTECTED and LEAVE
[10dic2025 19:46:02.432] [main/DEBUG] [net.neoforged.accesstransformer.AccessTransformer/AXFORM]: Transforming net.minecraft.client.gui.screens.inventory.AbstractContainerScreen METHOD renderSlot(Lnet/minecraft/client/gui/GuiGraphics;Lnet/minecraft/world/inventory/Slot;)V to access PUBLIC and LEAVE
[10dic2025 19:46:02.432] [main/DEBUG] [net.neoforged.fml.common.asm.RuntimeDistCleaner/DISTXFORM]: Removing Class Annotation: net/minecraft/client/gui/screens/inventory/AbstractContainerScreen @Lnet/neoforged/api/distmarker/OnlyIn;
[10dic2025 19:46:02.434] [main/TRACE] [mixin/]: Added class metadata for net/minecraft/client/gui/screens/inventory/AbstractContainerScreen to metadata cache
[10dic2025 19:46:02.437] [main/DEBUG] [net.neoforged.fml.common.asm.RuntimeDistCleaner/DISTXFORM]: Removing Class Annotation: com/mojang/blaze3d/systems/RenderSystem @Lnet/neoforged/api/distmarker/OnlyIn;
[10dic2025 19:46:02.439] [main/TRACE] [mixin/]: Added class metadata for com/mojang/blaze3d/systems/RenderSystem to metadata cache
[10dic2025 19:46:02.439] [main/DEBUG] [net.neoforged.accesstransformer.AccessTransformer/AXFORM]: Transforming net.minecraft.client.gui.components.AbstractSliderButton METHOD getSprite()Lnet/minecraft/resources/ResourceLocation; to access PROTECTED and LEAVE
[10dic2025 19:46:02.439] [main/DEBUG] [net.neoforged.accesstransformer.AccessTransformer/AXFORM]: Transforming net.minecraft.client.gui.components.AbstractSliderButton METHOD getHandleSprite()Lnet/minecraft/resources/ResourceLocation; to access PROTECTED and LEAVE
[10dic2025 19:46:02.439] [main/DEBUG] [net.neoforged.fml.common.asm.RuntimeDistCleaner/DISTXFORM]: Removing Class Annotation: net/minecraft/client/gui/components/AbstractSliderButton @Lnet/neoforged/api/distmarker/OnlyIn;
[10dic2025 19:46:02.440] [main/TRACE] [mixin/]: Added class metadata for net/minecraft/client/gui/components/AbstractSliderButton to metadata cache
[10dic2025 19:46:02.440] [main/DEBUG] [net.neoforged.fml.common.asm.RuntimeDistCleaner/DISTXFORM]: Removing Class Annotation: com/mojang/blaze3d/vertex/Tesselator @Lnet/neoforged/api/distmarker/OnlyIn;
[10dic2025 19:46:02.440] [main/TRACE] [mixin/]: Added class metadata for com/mojang/blaze3d/vertex/Tesselator to metadata cache
[10dic2025 19:46:02.441] [main/TRACE] [mixin/]: Added class metadata for io/wispforest/owo/ui/base/BaseOwoHandledScreen to metadata cache
[10dic2025 19:46:02.441] [main/DEBUG] [net.neoforged.fml.common.asm.RuntimeDistCleaner/DISTXFORM]: Removing Class Annotation: net/minecraft/client/gui/components/Button @Lnet/neoforged/api/distmarker/OnlyIn;
[10dic2025 19:46:02.441] [main/TRACE] [mixin/]: Added class metadata for net/minecraft/client/gui/components/Button to metadata cache
[10dic2025 19:46:02.441] [main/DEBUG] [net.neoforged.accesstransformer.AccessTransformer/AXFORM]: Transforming net.minecraft.client.gui.components.Checkbox METHOD <init>(IIILnet/minecraft/network/chat/Component;Lnet/minecraft/client/gui/Font;ZLnet/minecraft/client/gui/components/Checkbox$OnValueChange;)V to access PUBLIC and LEAVE
[10dic2025 19:46:02.441] [main/DEBUG] [net.neoforged.fml.common.asm.RuntimeDistCleaner/DISTXFORM]: Removing Class Annotation: net/minecraft/client/gui/components/Checkbox @Lnet/neoforged/api/distmarker/OnlyIn;
[10dic2025 19:46:02.442] [main/TRACE] [mixin/]: Added class metadata for net/minecraft/client/gui/components/Checkbox to metadata cache
[10dic2025 19:46:02.442] [main/DEBUG] [net.neoforged.accesstransformer.AccessTransformer/AXFORM]: Transforming net.minecraft.client.gui.components.MultilineTextField INNERCLASS StringView to access PUBLIC and LEAVE
[10dic2025 19:46:02.442] [main/DEBUG] [net.neoforged.fml.common.asm.RuntimeDistCleaner/DISTXFORM]: Removing Class Annotation: net/minecraft/client/gui/components/MultilineTextField @Lnet/neoforged/api/distmarker/OnlyIn;
[10dic2025 19:46:02.443] [main/TRACE] [mixin/]: Added class metadata for net/minecraft/client/gui/components/MultilineTextField to metadata cache
[10dic2025 19:46:02.443] [main/TRACE] [mixin/]: Added class metadata for io/wispforest/owo/ui/component/TextBoxComponent to metadata cache
[10dic2025 19:46:02.444] [main/DEBUG] [net.neoforged.fml.common.asm.RuntimeDistCleaner/DISTXFORM]: Removing Class Annotation: net/minecraft/client/KeyboardHandler @Lnet/neoforged/api/distmarker/OnlyIn;
[10dic2025 19:46:02.446] [main/TRACE] [mixin/]: Added class metadata for net/minecraft/client/KeyboardHandler to metadata cache
[10dic2025 19:46:02.446] [main/DEBUG] [net.neoforged.fml.common.asm.RuntimeDistCleaner/DISTXFORM]: Removing Class Annotation: net/minecraft/client/MouseHandler @Lnet/neoforged/api/distmarker/OnlyIn;
[10dic2025 19:46:02.447] [main/TRACE] [mixin/]: Added class metadata for net/minecraft/client/MouseHandler to metadata cache
[10dic2025 19:46:02.447] [main/DEBUG] [mixin/]: Preparing jade.mixins.json (6)
[10dic2025 19:46:02.451] [main/DEBUG] [net.neoforged.accesstransformer.AccessTransformer/AXFORM]: Transforming net.minecraft.world.level.block.entity.AbstractFurnaceBlockEntity FIELD litTime to access PUBLIC and LEAVE
[10dic2025 19:46:02.453] [main/TRACE] [mixin/]: Added class metadata for net/minecraft/world/level/block/entity/AbstractFurnaceBlockEntity to metadata cache
[10dic2025 19:46:02.453] [main/TRACE] [mixin/]: Added class metadata for net/neoforged/neoforge/common/loot/CanItemPerformAbility to metadata cache
[10dic2025 19:46:02.457] [main/DEBUG] [net.neoforged.accesstransformer.AccessTransformer/AXFORM]: Transforming net.minecraft.world.entity.Entity FIELD ENTITY_COUNTER to access PROTECTED and LEAVE
[10dic2025 19:46:02.457] [main/DEBUG] [net.neoforged.accesstransformer.AccessTransformer/AXFORM]: Transforming net.minecraft.world.entity.Entity METHOD getEncodeId()Ljava/lang/String; to access PUBLIC and LEAVE
[10dic2025 19:46:02.465] [main/TRACE] [mixin/]: Added class metadata for net/minecraft/world/entity/Entity to metadata cache
[10dic2025 19:46:02.467] [main/DEBUG] [net.neoforged.accesstransformer.AccessTransformer/AXFORM]: Transforming net.minecraft.client.gui.Font INNERCLASS StringRenderOutput to access PUBLIC and LEAVE
[10dic2025 19:46:02.467] [main/DEBUG] [net.neoforged.accesstransformer.AccessTransformer/AXFORM]: Transforming net.minecraft.client.gui.Font METHOD getFontSet(Lnet/minecraft/resources/ResourceLocation;)Lnet/minecraft/client/gui/font/FontSet; to access PUBLIC and LEAVE
[10dic2025 19:46:02.468] [main/DEBUG] [net.neoforged.fml.common.asm.RuntimeDistCleaner/DISTXFORM]: Removing Class Annotation: net/minecraft/client/gui/Font @Lnet/neoforged/api/distmarker/OnlyIn;
[10dic2025 19:46:02.468] [main/TRACE] [mixin/]: Added class metadata for net/minecraft/client/gui/Font to metadata cache
[10dic2025 19:46:02.469] [main/DEBUG] [net.neoforged.accesstransformer.AccessTransformer/AXFORM]: Transforming net.minecraft.client.multiplayer.SessionSearchTrees INNERCLASS Key to access PUBLIC and LEAVE
[10dic2025 19:46:02.469] [main/DEBUG] [net.neoforged.accesstransformer.AccessTransformer/AXFORM]: Transforming net.minecraft.client.multiplayer.SessionSearchTrees FIELD CREATIVE_NAMES to access PUBLIC and LEAVE
[10dic2025 19:46:02.469] [main/DEBUG] [net.neoforged.accesstransformer.AccessTransformer/AXFORM]: Transforming net.minecraft.client.multiplayer.SessionSearchTrees FIELD CREATIVE_TAGS to access PUBLIC and LEAVE
[10dic2025 19:46:02.469] [main/DEBUG] [net.neoforged.fml.common.asm.RuntimeDistCleaner/DISTXFORM]: Removing Class Annotation: net/minecraft/client/multiplayer/SessionSearchTrees @Lnet/neoforged/api/distmarker/OnlyIn;
[10dic2025 19:46:02.470] [main/TRACE] [mixin/]: Added class metadata for net/minecraft/client/multiplayer/SessionSearchTrees to metadata cache
[10dic2025 19:46:02.470] [main/DEBUG] [net.neoforged.accesstransformer.AccessTransformer/AXFORM]: Transforming net.minecraft.client.gui.Font$StringRenderOutput CLASS to access PUBLIC and LEAVE
[10dic2025 19:46:02.470] [main/DEBUG] [net.neoforged.fml.common.asm.RuntimeDistCleaner/DISTXFORM]: Removing Class Annotation: net/minecraft/client/gui/Font$StringRenderOutput @Lnet/neoforged/api/distmarker/OnlyIn;
[10dic2025 19:46:02.470] [main/TRACE] [mixin/]: Added class metadata for net/minecraft/client/gui/Font$StringRenderOutput to metadata cache
[10dic2025 19:46:02.471] [main/DEBUG] [mixin/]: Preparing geckolib.mixins.json (6)
[10dic2025 19:46:02.472] [main/DEBUG] [net.neoforged.fml.common.asm.RuntimeDistCleaner/DISTXFORM]: Removing Class Annotation: net/minecraft/client/renderer/BlockEntityWithoutLevelRenderer @Lnet/neoforged/api/distmarker/OnlyIn;
[10dic2025 19:46:02.472] [main/TRACE] [mixin/]: Added class metadata for net/minecraft/client/renderer/BlockEntityWithoutLevelRenderer to metadata cache
[10dic2025 19:46:02.473] [main/DEBUG] [net.neoforged.fml.common.asm.RuntimeDistCleaner/DISTXFORM]: Removing Class Annotation: net/minecraft/client/renderer/entity/layers/HumanoidArmorLayer @Lnet/neoforged/api/distmarker/OnlyIn;
[10dic2025 19:46:02.473] [main/TRACE] [mixin/]: Added class metadata for net/minecraft/client/renderer/entity/layers/HumanoidArmorLayer to metadata cache
[10dic2025 19:46:02.479] [main/DEBUG] [net.neoforged.accesstransformer.AccessTransformer/AXFORM]: Transforming net.minecraft.client.renderer.LevelRenderer FIELD renderBuffers to access PUBLIC and LEAVE
[10dic2025 19:46:02.479] [main/DEBUG] [net.neoforged.accesstransformer.AccessTransformer/AXFORM]: Transforming net.minecraft.client.renderer.LevelRenderer METHOD shouldShowEntityOutlines()Z to access PUBLIC and LEAVE
[10dic2025 19:46:02.479] [main/DEBUG] [net.neoforged.accesstransformer.AccessTransformer/AXFORM]: Transforming net.minecraft.client.renderer.LevelRenderer METHOD renderShape(Lcom/mojang/blaze3d/vertex/PoseStack;Lcom/mojang/blaze3d/vertex/VertexConsumer;Lnet/minecraft/world/phys/shapes/VoxelShape;DDDFFFF)V to access PUBLIC and LEAVE
[10dic2025 19:46:02.480] [main/DEBUG] [net.neoforged.fml.common.asm.RuntimeDistCleaner/DISTXFORM]: Removing Class Annotation: net/minecraft/client/renderer/LevelRenderer @Lnet/neoforged/api/distmarker/OnlyIn;
[10dic2025 19:46:02.488] [main/TRACE] [mixin/]: Added class metadata for net/minecraft/client/renderer/LevelRenderer to metadata cache
[10dic2025 19:46:02.488] [main/DEBUG] [net.neoforged.fml.common.asm.RuntimeDistCleaner/DISTXFORM]: Removing Class Annotation: net/minecraft/client/renderer/texture/TextureManager @Lnet/neoforged/api/distmarker/OnlyIn;
[10dic2025 19:46:02.489] [main/TRACE] [mixin/]: Added class metadata for net/minecraft/client/renderer/texture/TextureManager to metadata cache
[10dic2025 19:46:02.489] [main/DEBUG] [mixin/]: Preparing architectury.mixins.json (11)
[10dic2025 19:46:02.492] [main/DEBUG] [net.neoforged.accesstransformer.AccessTransformer/AXFORM]: Transforming net.minecraft.world.item.BucketItem FIELD content to access PUBLIC and LEAVE
[10dic2025 19:46:02.493] [main/TRACE] [mixin/]: Added class metadata for net/minecraft/world/item/BucketItem to metadata cache
[10dic2025 19:46:02.493] [main/DEBUG] [net.neoforged.accesstransformer.AccessTransformer/AXFORM]: Transforming net.minecraft.world.level.block.LiquidBlock FIELD fluid to access PUBLIC and LEAVE
[10dic2025 19:46:02.494] [main/DEBUG] [net.neoforged.accesstransformer.AccessTransformer/AXFORM]: Transforming net.minecraft.world.level.block.LiquidBlock METHOD <init>(Lnet/minecraft/world/level/material/FlowingFluid;Lnet/minecraft/world/level/block/state/BlockBehaviour$Properties;)V to access PUBLIC and LEAVE
[10dic2025 19:46:02.494] [main/TRACE] [mixin/]: Added class metadata for net/minecraft/world/level/block/LiquidBlock to metadata cache
[10dic2025 19:46:02.496] [main/TRACE] [mixin/]: Added class metadata for net/minecraft/world/level/chunk/storage/ChunkSerializer to metadata cache
[10dic2025 19:46:02.497] [main/TRACE] [mixin/]: Added class metadata for net/minecraft/world/entity/item/FallingBlockEntity to metadata cache
[10dic2025 19:46:02.499] [main/TRACE] [mixin/]: Added class metadata for net/minecraft/world/entity/player/Inventory to metadata cache
[10dic2025 19:46:02.499] [main/TRACE] [mixin/]: Added class metadata for dev/architectury/extensions/ItemExtension to metadata cache
[10dic2025 19:46:02.499] [main/TRACE] [mixin/]: Added class metadata for net/neoforged/neoforge/event/level/LevelEvent to metadata cache
[10dic2025 19:46:02.500] [main/DEBUG] [net.neoforged.accesstransformer.AccessTransformer/AXFORM]: Transforming net.minecraft.commands.CommandSourceStack FIELD source to access PUBLIC and LEAVE
[10dic2025 19:46:02.501] [main/TRACE] [mixin/]: Added class metadata for net/minecraft/commands/CommandSourceStack to metadata cache
[10dic2025 19:46:02.503] [main/DEBUG] [net.neoforged.fml.common.asm.RuntimeDistCleaner/DISTXFORM]: Removing Class Annotation: net/minecraft/client/multiplayer/ClientLevel @Lnet/neoforged/api/distmarker/OnlyIn;
[10dic2025 19:46:02.506] [main/TRACE] [mixin/]: Added class metadata for net/minecraft/client/multiplayer/ClientLevel to metadata cache
[10dic2025 19:46:02.506] [main/DEBUG] [mixin/]: Preparing architectury-common.mixins.json (9)
[10dic2025 19:46:02.508] [main/DEBUG] [net.neoforged.accesstransformer.AccessTransformer/AXFORM]: Transforming net.minecraft.world.level.block.Block METHOD popExperience(Lnet/minecraft/server/level/ServerLevel;Lnet/minecraft/core/BlockPos;I)V to access PUBLIC and LEAVE
[10dic2025 19:46:02.510] [main/TRACE] [mixin/]: Added class metadata for net/minecraft/world/level/block/Block to metadata cache
[10dic2025 19:46:02.529] [main/TRACE] [mixin/]: Added class metadata for net/minecraft/world/entity/EntityType to metadata cache
[10dic2025 19:46:02.530] [main/TRACE] [mixin/]: Added class metadata for net/minecraft/world/level/material/Fluid to metadata cache
[10dic2025 19:46:02.530] [main/TRACE] [mixin/]: Added class metadata for net/minecraft/world/food/FoodProperties$Builder to metadata cache
[10dic2025 19:46:02.531] [main/TRACE] [mixin/]: Added class metadata for net/minecraft/world/entity/LightningBolt to metadata cache
[10dic2025 19:46:02.531] [main/DEBUG] [mixin/]: Preparing ftblibrary-common.mixins.json (4)
[10dic2025 19:46:02.531] [main/TRACE] [mixin/]: Added class metadata for net/minecraft/world/CompoundContainer to metadata cache
[10dic2025 19:46:02.532] [main/DEBUG] [net.neoforged.accesstransformer.AccessTransformer/AXFORM]: Transforming net.minecraft.resources.ResourceLocation METHOD validNamespaceChar(C)Z to access PUBLIC and LEAVE
[10dic2025 19:46:02.533] [main/TRACE] [mixin/]: Added class metadata for net/minecraft/resources/ResourceLocation to metadata cache
[10dic2025 19:46:02.533] [main/DEBUG] [mixin/]: Preparing fabric-screen-api-v1.mixins.json (3)
[10dic2025 19:46:02.534] [main/DEBUG] [mixin/]: Preparing kubejs.mixins.json (79)
[10dic2025 19:46:02.543] [main/TRACE] [mixin/]: Added class metadata for net/minecraft/advancements/AdvancementNode to metadata cache
[10dic2025 19:46:02.544] [main/DEBUG] [net.neoforged.accesstransformer.AccessTransformer/AXFORM]: Transforming net.minecraft.world.level.block.state.BlockBehaviour FIELD properties to access PUBLIC and LEAVE
[10dic2025 19:46:02.544] [main/DEBUG] [net.neoforged.accesstransformer.AccessTransformer/AXFORM]: Transforming net.minecraft.world.level.block.state.BlockBehaviour METHOD propertiesCodec()Lcom/mojang/serialization/codecs/RecordCodecBuilder; to access PUBLIC and LEAVE
[10dic2025 19:46:02.545] [main/TRACE] [mixin/]: Added class metadata for net/minecraft/world/level/block/state/BlockBehaviour to metadata cache
[10dic2025 19:46:02.546] [main/TRACE] [mixin/]: Added class metadata for net/minecraft/world/level/block/state/BlockBehaviour$BlockStateBase to metadata cache
[10dic2025 19:46:02.547] [main/TRACE] [mixin/]: Added class metadata for net/minecraft/ChatFormatting to metadata cache
[10dic2025 19:46:02.547] [main/TRACE] [mixin/]: Added class metadata for net/minecraft/network/chat/ClickEvent to metadata cache
[10dic2025 19:46:02.547] [main/TRACE] [mixin/]: Added class metadata for net/minecraft/nbt/CollectionTag to metadata cache
[10dic2025 19:46:02.547] [main/TRACE] [mixin/]: Added class metadata for net/minecraft/world/Container to metadata cache
[10dic2025 19:46:02.548] [main/DEBUG] [net.neoforged.accesstransformer.AccessTransformer/AXFORM]: Transforming net.minecraft.world.damagesource.DamageSource METHOD <init>(Lnet/minecraft/core/Holder;Lnet/minecraft/world/entity/Entity;Lnet/minecraft/world/entity/Entity;Lnet/minecraft/world/phys/Vec3;)V to access PUBLIC and LEAVE
[10dic2025 19:46:02.548] [main/TRACE] [mixin/]: Added class metadata for net/minecraft/world/damagesource/DamageSource to metadata cache
[10dic2025 19:46:02.549] [main/TRACE] [mixin/]: Added class metadata for net/minecraft/core/component/DataComponents to metadata cache
[10dic2025 19:46:02.549] [main/TRACE] [mixin/]: Added class metadata for net/neoforged/neoforge/common/crafting/DifferenceIngredient to metadata cache
[10dic2025 19:46:02.550] [main/TRACE] [mixin/]: Added class metadata for net/minecraft/core/Direction to metadata cache
[10dic2025 19:46:02.551] [main/TRACE] [mixin/]: Added class metadata for net/minecraft/world/item/DyeColor to metadata cache
[10dic2025 19:46:02.552] [main/TRACE] [mixin/]: Added class metadata for net/minecraft/world/entity/projectile/FireworkRocketEntity to metadata cache
[10dic2025 19:46:02.552] [main/TRACE] [mixin/]: Added class metadata for net/neoforged/neoforge/fluids/crafting/FluidIngredient to metadata cache
[10dic2025 19:46:02.553] [main/TRACE] [mixin/]: Added class metadata for net/neoforged/neoforge/fluids/FluidStack to metadata cache
[10dic2025 19:46:02.554] [main/DEBUG] [net.neoforged.accesstransformer.AccessTransformer/AXFORM]: Transforming net.minecraft.world.level.GameRules METHOD register(Ljava/lang/String;Lnet/minecraft/world/level/GameRules$Category;Lnet/minecraft/world/level/GameRules$Type;)Lnet/minecraft/world/level/GameRules$Key; to access PUBLIC and LEAVE
[10dic2025 19:46:02.555] [main/TRACE] [mixin/]: Added class metadata for net/minecraft/world/level/GameRules to metadata cache
[10dic2025 19:46:02.555] [main/TRACE] [mixin/]: Added class metadata for net/neoforged/neoforge/items/IItemHandler to metadata cache
[10dic2025 19:46:02.556] [main/DEBUG] [net.neoforged.accesstransformer.AccessTransformer/AXFORM]: Transforming net.minecraft.world.item.crafting.Ingredient INNERCLASS Value to access PUBLIC and REMOVEFINAL
[10dic2025 19:46:02.556] [main/DEBUG] [net.neoforged.accesstransformer.AccessTransformer/AXFORM]: Transforming net.minecraft.world.item.crafting.Ingredient INNERCLASS TagValue to access PUBLIC and LEAVE
[10dic2025 19:46:02.556] [main/DEBUG] [net.neoforged.accesstransformer.AccessTransformer/AXFORM]: Transforming net.minecraft.world.item.crafting.Ingredient INNERCLASS ItemValue to access PUBLIC and LEAVE
[10dic2025 19:46:02.556] [main/DEBUG] [net.neoforged.accesstransformer.AccessTransformer/AXFORM]: Transforming net.minecraft.world.item.crafting.Ingredient CLASS to access PUBLIC and REMOVEFINAL
[10dic2025 19:46:02.556] [main/DEBUG] [net.neoforged.accesstransformer.AccessTransformer/AXFORM]: Transforming net.minecraft.world.item.crafting.Ingredient FIELD values to access PUBLIC and REMOVEFINAL
[10dic2025 19:46:02.556] [main/DEBUG] [net.neoforged.accesstransformer.AccessTransformer/AXFORM]: Transforming net.minecraft.world.item.crafting.Ingredient FIELD itemStacks to access PUBLIC and LEAVE
[10dic2025 19:46:02.556] [main/DEBUG] [net.neoforged.accesstransformer.AccessTransformer/AXFORM]: Transforming net.minecraft.world.item.crafting.Ingredient FIELD stackingIds to access PUBLIC and LEAVE
[10dic2025 19:46:02.556] [main/DEBUG] [net.neoforged.accesstransformer.AccessTransformer/AXFORM]: Transforming net.minecraft.world.item.crafting.Ingredient METHOD fromValues(Ljava/util/stream/Stream;)Lnet/minecraft/world/item/crafting/Ingredient; to access PUBLIC and LEAVE
[10dic2025 19:46:02.557] [main/TRACE] [mixin/]: Added class metadata for net/minecraft/world/item/crafting/Ingredient to metadata cache
[10dic2025 19:46:02.557] [main/DEBUG] [net.neoforged.accesstransformer.AccessTransformer/AXFORM]: Transforming net.minecraft.world.entity.item.ItemEntity FIELD LIFETIME to access PUBLIC and LEAVE
[10dic2025 19:46:02.557] [main/DEBUG] [net.neoforged.accesstransformer.AccessTransformer/AXFORM]: Transforming net.minecraft.world.entity.item.ItemEntity FIELD age to access PUBLIC and LEAVE
[10dic2025 19:46:02.558] [main/TRACE] [mixin/]: Added class metadata for net/minecraft/world/entity/item/ItemEntity to metadata cache
[10dic2025 19:46:02.559] [main/TRACE] [mixin/]: Added class metadata for net/minecraft/world/entity/decoration/ItemFrame to metadata cache
[10dic2025 19:46:02.560] [main/TRACE] [mixin/]: Added class metadata for net/neoforged/neoforge/items/ItemStackHandler to metadata cache
[10dic2025 19:46:02.560] [main/TRACE] [mixin/]: Added class metadata for net/neoforged/neoforge/items/ComponentItemHandler to metadata cache
[10dic2025 19:46:02.561] [main/DEBUG] [net.neoforged.accesstransformer.AccessTransformer/AXFORM]: Transforming net.minecraft.world.level.Level FIELD oRainLevel to access PUBLIC and LEAVE
[10dic2025 19:46:02.561] [main/DEBUG] [net.neoforged.accesstransformer.AccessTransformer/AXFORM]: Transforming net.minecraft.world.level.Level FIELD rainLevel to access PUBLIC and LEAVE
[10dic2025 19:46:02.561] [main/DEBUG] [net.neoforged.accesstransformer.AccessTransformer/AXFORM]: Transforming net.minecraft.world.level.Level FIELD oThunderLevel to access PUBLIC and LEAVE
[10dic2025 19:46:02.561] [main/DEBUG] [net.neoforged.accesstransformer.AccessTransformer/AXFORM]: Transforming net.minecraft.world.level.Level FIELD thunderLevel to access PUBLIC and LEAVE
[10dic2025 19:46:02.564] [main/TRACE] [mixin/]: Added class metadata for net/minecraft/world/level/Level to metadata cache
[10dic2025 19:46:02.567] [main/DEBUG] [net.neoforged.accesstransformer.AccessTransformer/AXFORM]: Transforming net.minecraft.world.entity.LivingEntity METHOD getHitbox()Lnet/minecraft/world/phys/AABB; to access PUBLIC and LEAVE
[10dic2025 19:46:02.567] [main/DEBUG] [net.neoforged.accesstransformer.AccessTransformer/AXFORM]: Transforming net.minecraft.world.entity.LivingEntity METHOD getCurrentSwingDuration()I to access PUBLIC and LEAVE
[10dic2025 19:46:02.574] [main/TRACE] [mixin/]: Added class metadata for net/minecraft/world/entity/LivingEntity to metadata cache
[10dic2025 19:46:02.575] [main/TRACE] [mixin/]: Added class metadata for net/minecraft/world/level/storage/loot/LootDataType to metadata cache
[10dic2025 19:46:02.575] [main/DEBUG] [net.neoforged.accesstransformer.AccessTransformer/AXFORM]: Transforming net.minecraft.world.inventory.MenuType INNERCLASS MenuSupplier to access PUBLIC and LEAVE
[10dic2025 19:46:02.575] [main/DEBUG] [net.neoforged.accesstransformer.AccessTransformer/AXFORM]: Transforming net.minecraft.world.inventory.MenuType METHOD <init>(Lnet/minecraft/world/inventory/MenuType$MenuSupplier;Lnet/minecraft/world/flag/FeatureFlagSet;)V to access PUBLIC and LEAVE
[10dic2025 19:46:02.575] [main/TRACE] [mixin/]: Added class metadata for net/minecraft/world/inventory/MenuType to metadata cache
[10dic2025 19:46:02.578] [main/DEBUG] [net.neoforged.accesstransformer.AccessTransformer/AXFORM]: Transforming net.minecraft.server.MinecraftServer INNERCLASS ReloadableResources to access PUBLIC and LEAVE
[10dic2025 19:46:02.578] [main/DEBUG] [net.neoforged.accesstransformer.AccessTransformer/AXFORM]: Transforming net.minecraft.server.MinecraftServer FIELD nextTickTimeNanos to access PROTECTED and LEAVE
[10dic2025 19:46:02.583] [main/TRACE] [mixin/]: Added class metadata for net/minecraft/server/MinecraftServer to metadata cache
[10dic2025 19:46:02.583] [main/TRACE] [mixin/]: Added class metadata for net/minecraft/network/chat/MutableComponent to metadata cache
[10dic2025 19:46:02.583] [main/TRACE] [mixin/]: Added class metadata for net/neoforged/neoforge/common/MutableDataComponentHolder to metadata cache
[10dic2025 19:46:02.583] [main/TRACE] [mixin/]: Added class metadata for net/minecraft/nbt/NumericTag to metadata cache
[10dic2025 19:46:02.585] [main/DEBUG] [net.neoforged.accesstransformer.AccessTransformer/AXFORM]: Transforming net.minecraft.world.entity.player.Player METHOD closeContainer()V to access PUBLIC and LEAVE
[10dic2025 19:46:02.589] [main/TRACE] [mixin/]: Added class metadata for net/minecraft/world/entity/player/Player to metadata cache
[10dic2025 19:46:02.589] [main/TRACE] [mixin/]: Added class metadata for net/minecraft/world/item/crafting/RecipeHolder to metadata cache
[10dic2025 19:46:02.589] [main/TRACE] [mixin/]: Added class metadata for net/minecraft/world/item/crafting/RecipeInput to metadata cache
[10dic2025 19:46:02.590] [main/TRACE] [mixin/]: Added class metadata for net/minecraft/server/ReloadableServerResources to metadata cache
[10dic2025 19:46:02.590] [main/TRACE] [mixin/]: Added class metadata for net/minecraft/resources/ResourceKey to metadata cache
[10dic2025 19:46:02.592] [main/DEBUG] [net.neoforged.accesstransformer.AccessTransformer/AXFORM]: Transforming net.minecraft.server.level.ServerLevel METHOD getEntities()Lnet/minecraft/world/level/entity/LevelEntityGetter; to access PUBLIC and LEAVE
[10dic2025 19:46:02.595] [main/TRACE] [mixin/]: Added class metadata for net/minecraft/server/level/ServerLevel to metadata cache
[10dic2025 19:46:02.595] [main/TRACE] [mixin/]: Added class metadata for net/neoforged/neoforge/fluids/crafting/SizedFluidIngredient to metadata cache
[10dic2025 19:46:02.596] [main/TRACE] [mixin/]: Added class metadata for net/neoforged/neoforge/common/crafting/SizedIngredient to metadata cache
[10dic2025 19:46:02.596] [main/TRACE] [mixin/]: Added class metadata for net/minecraft/util/StringRepresentable to metadata cache
[10dic2025 19:46:02.596] [main/TRACE] [mixin/]: Added class metadata for net/minecraft/nbt/StringTag to metadata cache
[10dic2025 19:46:02.597] [main/TRACE] [mixin/]: Added class metadata for net/neoforged/neoforge/common/conditions/TagEmptyCondition to metadata cache
[10dic2025 19:46:02.597] [main/TRACE] [mixin/]: Added class metadata for net/minecraft/tags/TagManager to metadata cache
[10dic2025 19:46:02.597] [main/TRACE] [mixin/]: Added class metadata for net/minecraft/network/chat/TextColor to metadata cache
[10dic2025 19:46:02.599] [main/TRACE] [mixin/]: Added class metadata for net/minecraft/Util to metadata cache
[10dic2025 19:46:02.599] [main/TRACE] [mixin/]: Added class metadata for net/minecraft/server/WorldLoader to metadata cache
[10dic2025 19:46:02.599] [main/TRACE] [mixin/]: Added class metadata for net/minecraft/server/WorldLoader$PackConfig to metadata cache
[10dic2025 19:46:02.601] [main/DEBUG] [net.neoforged.fml.common.asm.RuntimeDistCleaner/DISTXFORM]: Removing Class Annotation: net/minecraft/client/player/AbstractClientPlayer @Lnet/neoforged/api/distmarker/OnlyIn;
[10dic2025 19:46:02.602] [main/TRACE] [mixin/]: Added class metadata for net/minecraft/client/player/AbstractClientPlayer to metadata cache
[10dic2025 19:46:02.602] [main/DEBUG] [net.neoforged.accesstransformer.AccessTransformer/AXFORM]: Transforming net.minecraft.client.gui.components.AbstractSelectionList INNERCLASS Entry to access PUBLIC and LEAVE
[10dic2025 19:46:02.602] [main/DEBUG] [net.neoforged.accesstransformer.AccessTransformer/AXFORM]: Transforming net.minecraft.client.gui.components.AbstractSelectionList FIELD SCROLLER_SPRITE to access PUBLIC and LEAVE
[10dic2025 19:46:02.603] [main/DEBUG] [net.neoforged.accesstransformer.AccessTransformer/AXFORM]: Transforming net.minecraft.client.gui.components.AbstractSelectionList FIELD SCROLLER_BACKGROUND_SPRITE to access PUBLIC and LEAVE
[10dic2025 19:46:02.603] [main/DEBUG] [net.neoforged.accesstransformer.AccessTransformer/AXFORM]: Transforming net.minecraft.client.gui.components.AbstractSelectionList FIELD hovered to access PUBLIC and LEAVE
[10dic2025 19:46:02.603] [main/DEBUG] [net.neoforged.fml.common.asm.RuntimeDistCleaner/DISTXFORM]: Removing Class Annotation: net/minecraft/client/gui/components/AbstractSelectionList @Lnet/neoforged/api/distmarker/OnlyIn;
[10dic2025 19:46:02.603] [main/TRACE] [mixin/]: Added class metadata for net/minecraft/client/gui/components/AbstractSelectionList to metadata cache
[10dic2025 19:46:02.606] [main/DEBUG] [net.neoforged.accesstransformer.AccessTransformer/AXFORM]: Transforming net.minecraft.client.multiplayer.ClientPacketListener FIELD commands to access PUBLIC and LEAVE
[10dic2025 19:46:02.606] [main/DEBUG] [net.neoforged.fml.common.asm.RuntimeDistCleaner/DISTXFORM]: Removing Class Annotation: net/minecraft/client/multiplayer/ClientPacketListener @Lnet/neoforged/api/distmarker/OnlyIn;
[10dic2025 19:46:02.610] [main/TRACE] [mixin/]: Added class metadata for net/minecraft/client/multiplayer/ClientPacketListener to metadata cache
[10dic2025 19:46:02.611] [main/DEBUG] [net.neoforged.accesstransformer.AccessTransformer/AXFORM]: Transforming net.minecraft.client.gui.screens.LoadingOverlay FIELD reload to access PUBLIC and LEAVE
[10dic2025 19:46:02.612] [main/DEBUG] [net.neoforged.fml.common.asm.RuntimeDistCleaner/DISTXFORM]: Removing Class Annotation: net/minecraft/client/gui/screens/LoadingOverlay @Lnet/neoforged/api/distmarker/OnlyIn;
[10dic2025 19:46:02.612] [main/TRACE] [mixin/]: Added class metadata for net/minecraft/client/gui/screens/LoadingOverlay to metadata cache
[10dic2025 19:46:02.613] [main/DEBUG] [net.neoforged.accesstransformer.AccessTransformer/AXFORM]: Transforming net.minecraft.client.player.LocalPlayer METHOD getPermissionLevel()I to access PUBLIC and LEAVE
[10dic2025 19:46:02.614] [main/DEBUG] [net.neoforged.fml.common.asm.RuntimeDistCleaner/DISTXFORM]: Removing Class Annotation: net/minecraft/client/player/LocalPlayer @Lnet/neoforged/api/distmarker/OnlyIn;
[10dic2025 19:46:02.615] [main/TRACE] [mixin/]: Added class metadata for net/minecraft/client/player/LocalPlayer to metadata cache
[10dic2025 19:46:02.618] [main/DEBUG] [net.neoforged.accesstransformer.AccessTransformer/AXFORM]: Transforming net.minecraft.client.Options INNERCLASS FieldAccess to access PUBLIC and LEAVE
[10dic2025 19:46:02.618] [main/DEBUG] [net.neoforged.accesstransformer.AccessTransformer/AXFORM]: Transforming net.minecraft.client.Options FIELD keyMappings to access PUBLIC and REMOVEFINAL
[10dic2025 19:46:02.618] [main/DEBUG] [net.neoforged.fml.common.asm.RuntimeDistCleaner/DISTXFORM]: Removing Class Annotation: net/minecraft/client/Options @Lnet/neoforged/api/distmarker/OnlyIn;
[10dic2025 19:46:02.622] [main/TRACE] [mixin/]: Added class metadata for net/minecraft/client/Options to metadata cache
[10dic2025 19:46:02.623] [main/DEBUG] [net.neoforged.fml.common.asm.RuntimeDistCleaner/DISTXFORM]: Removing Class Annotation: com/mojang/blaze3d/platform/Window @Lnet/neoforged/api/distmarker/OnlyIn;
[10dic2025 19:46:02.624] [main/TRACE] [mixin/]: Added class metadata for com/mojang/blaze3d/platform/Window to metadata cache
[10dic2025 19:46:02.625] [main/DEBUG] [net.neoforged.fml.common.asm.RuntimeDistCleaner/DISTXFORM]: Removing Class Annotation: net/minecraft/client/gui/screens/worldselection/WorldOpenFlows @Lnet/neoforged/api/distmarker/OnlyIn;
[10dic2025 19:46:02.626] [main/TRACE] [mixin/]: Added class metadata for net/minecraft/client/gui/screens/worldselection/WorldOpenFlows to metadata cache
[10dic2025 19:46:02.627] [main/TRACE] [mixin/CATCHING]: Catching
java.lang.ClassNotFoundException: mezz.modnametooltip.TooltipEventHandler
	at cpw.mods.securejarhandler/cpw.mods.cl.ModuleClassLoader.getMaybeTransformedClassBytes(ModuleClassLoader.java:334) ~[securejarhandler-3.0.8.jar:?]
	at MC-BOOTSTRAP/cpw.mods.modlauncher@11.0.4/cpw.mods.modlauncher.TransformingClassLoader.buildTransformedClassNodeFor(TransformingClassLoader.java:65) ~[modlauncher-11.0.4.jar:?]
	at MC-BOOTSTRAP/cpw.mods.modlauncher@11.0.4/cpw.mods.modlauncher.LaunchPluginHandler.lambda$announceLaunch$10(LaunchPluginHandler.java:106) ~[modlauncher-11.0.4.jar:?]
	at MC-BOOTSTRAP/org.spongepowered.mixin/org.spongepowered.asm.launch.MixinLaunchPluginLegacy.getClassNode(MixinLaunchPluginLegacy.java:227) ~[sponge-mixin-0.15.2+mixin.0.8.7.jar:0.15.2+mixin.0.8.7]
	at MC-BOOTSTRAP/org.spongepowered.mixin/org.spongepowered.asm.mixin.transformer.ClassInfo.forName(ClassInfo.java:2029) ~[sponge-mixin-0.15.2+mixin.0.8.7.jar:0.15.2+mixin.0.8.7]
	at MC-BOOTSTRAP/org.spongepowered.mixin/org.spongepowered.asm.mixin.transformer.MixinInfo.getTargetClass(MixinInfo.java:1017) ~[sponge-mixin-0.15.2+mixin.0.8.7.jar:0.15.2+mixin.0.8.7]
	at MC-BOOTSTRAP/org.spongepowered.mixin/org.spongepowered.asm.mixin.transformer.MixinInfo.readTargetClasses(MixinInfo.java:1007) ~[sponge-mixin-0.15.2+mixin.0.8.7.jar:0.15.2+mixin.0.8.7]
	at MC-BOOTSTRAP/org.spongepowered.mixin/org.spongepowered.asm.mixin.transformer.MixinInfo.parseTargets(MixinInfo.java:895) ~[sponge-mixin-0.15.2+mixin.0.8.7.jar:0.15.2+mixin.0.8.7]
	at MC-BOOTSTRAP/org.spongepowered.mixin/org.spongepowered.asm.mixin.transformer.MixinConfig.prepareMixins(MixinConfig.java:950) ~[sponge-mixin-0.15.2+mixin.0.8.7.jar:0.15.2+mixin.0.8.7]
	at MC-BOOTSTRAP/org.spongepowered.mixin/org.spongepowered.asm.mixin.transformer.MixinConfig.prepare(MixinConfig.java:862) ~[sponge-mixin-0.15.2+mixin.0.8.7.jar:0.15.2+mixin.0.8.7]
	at MC-BOOTSTRAP/org.spongepowered.mixin/org.spongepowered.asm.mixin.transformer.MixinProcessor.prepareConfigs(MixinProcessor.java:540) ~[sponge-mixin-0.15.2+mixin.0.8.7.jar:0.15.2+mixin.0.8.7]
	at MC-BOOTSTRAP/org.spongepowered.mixin/org.spongepowered.asm.mixin.transformer.MixinProcessor.select(MixinProcessor.java:462) ~[sponge-mixin-0.15.2+mixin.0.8.7.jar:0.15.2+mixin.0.8.7]
	at MC-BOOTSTRAP/org.spongepowered.mixin/org.spongepowered.asm.mixin.transformer.MixinProcessor.checkSelect(MixinProcessor.java:438) ~[sponge-mixin-0.15.2+mixin.0.8.7.jar:0.15.2+mixin.0.8.7]
	at MC-BOOTSTRAP/org.spongepowered.mixin/org.spongepowered.asm.mixin.transformer.MixinProcessor.applyMixins(MixinProcessor.java:290) ~[sponge-mixin-0.15.2+mixin.0.8.7.jar:0.15.2+mixin.0.8.7]
	at MC-BOOTSTRAP/org.spongepowered.mixin/org.spongepowered.asm.mixin.transformer.MixinTransformer.transformClass(MixinTransformer.java:250) ~[sponge-mixin-0.15.2+mixin.0.8.7.jar:0.15.2+mixin.0.8.7]
	at MC-BOOTSTRAP/org.spongepowered.mixin/org.spongepowered.asm.service.modlauncher.MixinTransformationHandler.processClass(MixinTransformationHandler.java:131) ~[sponge-mixin-0.15.2+mixin.0.8.7.jar:0.15.2+mixin.0.8.7]
	at MC-BOOTSTRAP/org.spongepowered.mixin/org.spongepowered.asm.launch.MixinLaunchPluginLegacy.processClass(MixinLaunchPluginLegacy.java:131) ~[sponge-mixin-0.15.2+mixin.0.8.7.jar:0.15.2+mixin.0.8.7]
	at MC-BOOTSTRAP/cpw.mods.modlauncher@11.0.4/cpw.mods.modlauncher.serviceapi.ILaunchPluginService.processClassWithFlags(ILaunchPluginService.java:156) ~[modlauncher-11.0.4.jar:11.0.4+main.d2e20e43]
	at MC-BOOTSTRAP/cpw.mods.modlauncher@11.0.4/cpw.mods.modlauncher.LaunchPluginHandler.offerClassNodeToPlugins(LaunchPluginHandler.java:94) ~[modlauncher-11.0.4.jar:?]
	at MC-BOOTSTRAP/cpw.mods.modlauncher@11.0.4/cpw.mods.modlauncher.ClassTransformer.transform(ClassTransformer.java:120) ~[modlauncher-11.0.4.jar:?]
	at MC-BOOTSTRAP/cpw.mods.modlauncher@11.0.4/cpw.mods.modlauncher.TransformingClassLoader.maybeTransformClassBytes(TransformingClassLoader.java:57) ~[modlauncher-11.0.4.jar:?]
	at cpw.mods.securejarhandler/cpw.mods.cl.ModuleClassLoader.readerToClass(ModuleClassLoader.java:190) ~[securejarhandler-3.0.8.jar:?]
	at cpw.mods.securejarhandler/cpw.mods.cl.ModuleClassLoader.lambda$findClass$20(ModuleClassLoader.java:298) ~[securejarhandler-3.0.8.jar:?]
	at cpw.mods.securejarhandler/cpw.mods.cl.ModuleClassLoader.loadFromModule(ModuleClassLoader.java:311) ~[securejarhandler-3.0.8.jar:?]
	at cpw.mods.securejarhandler/cpw.mods.cl.ModuleClassLoader.findClass(ModuleClassLoader.java:298) ~[securejarhandler-3.0.8.jar:?]
	at java.base/java.lang.ClassLoader.loadClass(ClassLoader.java:638) ~[?:?]
	at java.base/java.lang.Class.forName(Class.java:627) ~[?:?]
	at java.base/java.lang.Class.forName(Class.java:602) ~[?:?]
	at MC-BOOTSTRAP/fml_loader@4.0.31/net.neoforged.fml.loading.ImmediateWindowHandler$DummyProvider.lambda$updateModuleReads$1(ImmediateWindowHandler.java:173) ~[loader-4.0.31.jar%23135!/:4.0]
	at java.base/java.util.Optional.map(Optional.java:260) [?:?]
	at MC-BOOTSTRAP/fml_loader@4.0.31/net.neoforged.fml.loading.ImmediateWindowHandler$DummyProvider.updateModuleReads(ImmediateWindowHandler.java:173) [loader-4.0.31.jar%23135!/:4.0]
	at MC-BOOTSTRAP/fml_loader@4.0.31/net.neoforged.fml.loading.ImmediateWindowHandler.acceptGameLayer(ImmediateWindowHandler.java:94) [loader-4.0.31.jar%23135!/:4.0]
	at MC-BOOTSTRAP/fml_loader@4.0.31/net.neoforged.fml.loading.FMLLoader.beforeStart(FMLLoader.java:160) [loader-4.0.31.jar%23135!/:4.0]
	at MC-BOOTSTRAP/fml_loader@4.0.31/net.neoforged.fml.loading.targets.CommonLaunchHandler.launchService(CommonLaunchHandler.java:115) [loader-4.0.31.jar%23135!/:4.0]
	at MC-BOOTSTRAP/cpw.mods.modlauncher@11.0.4/cpw.mods.modlauncher.LaunchServiceHandlerDecorator.launch(LaunchServiceHandlerDecorator.java:30) [modlauncher-11.0.4.jar%23117!/:?]
	at MC-BOOTSTRAP/cpw.mods.modlauncher@11.0.4/cpw.mods.modlauncher.LaunchServiceHandler.launch(LaunchServiceHandler.java:53) [modlauncher-11.0.4.jar%23117!/:?]
	at MC-BOOTSTRAP/cpw.mods.modlauncher@11.0.4/cpw.mods.modlauncher.LaunchServiceHandler.launch(LaunchServiceHandler.java:71) [modlauncher-11.0.4.jar%23117!/:?]
	at MC-BOOTSTRAP/cpw.mods.modlauncher@11.0.4/cpw.mods.modlauncher.Launcher.run(Launcher.java:103) [modlauncher-11.0.4.jar%23117!/:?]
	at MC-BOOTSTRAP/cpw.mods.modlauncher@11.0.4/cpw.mods.modlauncher.Launcher.main(Launcher.java:74) [modlauncher-11.0.4.jar%23117!/:?]
	at MC-BOOTSTRAP/cpw.mods.modlauncher@11.0.4/cpw.mods.modlauncher.BootstrapLaunchConsumer.accept(BootstrapLaunchConsumer.java:26) [modlauncher-11.0.4.jar%23117!/:?]
	at MC-BOOTSTRAP/cpw.mods.modlauncher@11.0.4/cpw.mods.modlauncher.BootstrapLaunchConsumer.accept(BootstrapLaunchConsumer.java:23) [modlauncher-11.0.4.jar%23117!/:?]
	at cpw.mods.bootstraplauncher@2.0.2/cpw.mods.bootstraplauncher.BootstrapLauncher.run(BootstrapLauncher.java:210) [bootstraplauncher-2.0.2.jar:?]
	at cpw.mods.bootstraplauncher@2.0.2/cpw.mods.bootstraplauncher.BootstrapLauncher.main(BootstrapLauncher.java:69) [bootstraplauncher-2.0.2.jar:?]
[10dic2025 19:46:02.635] [main/WARN] [mixin/]: Error loading class: mezz/modnametooltip/TooltipEventHandler (java.lang.ClassNotFoundException: mezz.modnametooltip.TooltipEventHandler)
[10dic2025 19:46:02.635] [main/TRACE] [mixin/]: Added class metadata for mezz/modnametooltip/TooltipEventHandler to metadata cache
[10dic2025 19:46:02.635] [main/DEBUG] [mixin/]: Skipping virtual target mezz/modnametooltip/TooltipEventHandler for kubejs.mixins.json:mod.ModNameTooltipMixin from mod kubejs
[10dic2025 19:46:02.636] [main/TRACE] [mixin/CATCHING]: Catching
java.lang.ClassNotFoundException: me.shedaniel.rei.impl.client.ClientHelperImpl
	at cpw.mods.securejarhandler/cpw.mods.cl.ModuleClassLoader.getMaybeTransformedClassBytes(ModuleClassLoader.java:334) ~[securejarhandler-3.0.8.jar:?]
	at MC-BOOTSTRAP/cpw.mods.modlauncher@11.0.4/cpw.mods.modlauncher.TransformingClassLoader.buildTransformedClassNodeFor(TransformingClassLoader.java:65) ~[modlauncher-11.0.4.jar:?]
	at MC-BOOTSTRAP/cpw.mods.modlauncher@11.0.4/cpw.mods.modlauncher.LaunchPluginHandler.lambda$announceLaunch$10(LaunchPluginHandler.java:106) ~[modlauncher-11.0.4.jar:?]
	at MC-BOOTSTRAP/org.spongepowered.mixin/org.spongepowered.asm.launch.MixinLaunchPluginLegacy.getClassNode(MixinLaunchPluginLegacy.java:227) ~[sponge-mixin-0.15.2+mixin.0.8.7.jar:0.15.2+mixin.0.8.7]
	at MC-BOOTSTRAP/org.spongepowered.mixin/org.spongepowered.asm.mixin.transformer.ClassInfo.forName(ClassInfo.java:2029) ~[sponge-mixin-0.15.2+mixin.0.8.7.jar:0.15.2+mixin.0.8.7]
	at MC-BOOTSTRAP/org.spongepowered.mixin/org.spongepowered.asm.mixin.transformer.MixinInfo.getTargetClass(MixinInfo.java:1017) ~[sponge-mixin-0.15.2+mixin.0.8.7.jar:0.15.2+mixin.0.8.7]
	at MC-BOOTSTRAP/org.spongepowered.mixin/org.spongepowered.asm.mixin.transformer.MixinInfo.readTargetClasses(MixinInfo.java:1007) ~[sponge-mixin-0.15.2+mixin.0.8.7.jar:0.15.2+mixin.0.8.7]
	at MC-BOOTSTRAP/org.spongepowered.mixin/org.spongepowered.asm.mixin.transformer.MixinInfo.parseTargets(MixinInfo.java:895) ~[sponge-mixin-0.15.2+mixin.0.8.7.jar:0.15.2+mixin.0.8.7]
	at MC-BOOTSTRAP/org.spongepowered.mixin/org.spongepowered.asm.mixin.transformer.MixinConfig.prepareMixins(MixinConfig.java:950) ~[sponge-mixin-0.15.2+mixin.0.8.7.jar:0.15.2+mixin.0.8.7]
	at MC-BOOTSTRAP/org.spongepowered.mixin/org.spongepowered.asm.mixin.transformer.MixinConfig.prepare(MixinConfig.java:862) ~[sponge-mixin-0.15.2+mixin.0.8.7.jar:0.15.2+mixin.0.8.7]
	at MC-BOOTSTRAP/org.spongepowered.mixin/org.spongepowered.asm.mixin.transformer.MixinProcessor.prepareConfigs(MixinProcessor.java:540) ~[sponge-mixin-0.15.2+mixin.0.8.7.jar:0.15.2+mixin.0.8.7]
	at MC-BOOTSTRAP/org.spongepowered.mixin/org.spongepowered.asm.mixin.transformer.MixinProcessor.select(MixinProcessor.java:462) ~[sponge-mixin-0.15.2+mixin.0.8.7.jar:0.15.2+mixin.0.8.7]
	at MC-BOOTSTRAP/org.spongepowered.mixin/org.spongepowered.asm.mixin.transformer.MixinProcessor.checkSelect(MixinProcessor.java:438) ~[sponge-mixin-0.15.2+mixin.0.8.7.jar:0.15.2+mixin.0.8.7]
	at MC-BOOTSTRAP/org.spongepowered.mixin/org.spongepowered.asm.mixin.transformer.MixinProcessor.applyMixins(MixinProcessor.java:290) ~[sponge-mixin-0.15.2+mixin.0.8.7.jar:0.15.2+mixin.0.8.7]
	at MC-BOOTSTRAP/org.spongepowered.mixin/org.spongepowered.asm.mixin.transformer.MixinTransformer.transformClass(MixinTransformer.java:250) ~[sponge-mixin-0.15.2+mixin.0.8.7.jar:0.15.2+mixin.0.8.7]
	at MC-BOOTSTRAP/org.spongepowered.mixin/org.spongepowered.asm.service.modlauncher.MixinTransformationHandler.processClass(MixinTransformationHandler.java:131) ~[sponge-mixin-0.15.2+mixin.0.8.7.jar:0.15.2+mixin.0.8.7]
	at MC-BOOTSTRAP/org.spongepowered.mixin/org.spongepowered.asm.launch.MixinLaunchPluginLegacy.processClass(MixinLaunchPluginLegacy.java:131) ~[sponge-mixin-0.15.2+mixin.0.8.7.jar:0.15.2+mixin.0.8.7]
	at MC-BOOTSTRAP/cpw.mods.modlauncher@11.0.4/cpw.mods.modlauncher.serviceapi.ILaunchPluginService.processClassWithFlags(ILaunchPluginService.java:156) ~[modlauncher-11.0.4.jar:11.0.4+main.d2e20e43]
	at MC-BOOTSTRAP/cpw.mods.modlauncher@11.0.4/cpw.mods.modlauncher.LaunchPluginHandler.offerClassNodeToPlugins(LaunchPluginHandler.java:94) ~[modlauncher-11.0.4.jar:?]
	at MC-BOOTSTRAP/cpw.mods.modlauncher@11.0.4/cpw.mods.modlauncher.ClassTransformer.transform(ClassTransformer.java:120) ~[modlauncher-11.0.4.jar:?]
	at MC-BOOTSTRAP/cpw.mods.modlauncher@11.0.4/cpw.mods.modlauncher.TransformingClassLoader.maybeTransformClassBytes(TransformingClassLoader.java:57) ~[modlauncher-11.0.4.jar:?]
	at cpw.mods.securejarhandler/cpw.mods.cl.ModuleClassLoader.readerToClass(ModuleClassLoader.java:190) ~[securejarhandler-3.0.8.jar:?]
	at cpw.mods.securejarhandler/cpw.mods.cl.ModuleClassLoader.lambda$findClass$20(ModuleClassLoader.java:298) ~[securejarhandler-3.0.8.jar:?]
	at cpw.mods.securejarhandler/cpw.mods.cl.ModuleClassLoader.loadFromModule(ModuleClassLoader.java:311) ~[securejarhandler-3.0.8.jar:?]
	at cpw.mods.securejarhandler/cpw.mods.cl.ModuleClassLoader.findClass(ModuleClassLoader.java:298) ~[securejarhandler-3.0.8.jar:?]
	at java.base/java.lang.ClassLoader.loadClass(ClassLoader.java:638) ~[?:?]
	at java.base/java.lang.Class.forName(Class.java:627) ~[?:?]
	at java.base/java.lang.Class.forName(Class.java:602) ~[?:?]
	at MC-BOOTSTRAP/fml_loader@4.0.31/net.neoforged.fml.loading.ImmediateWindowHandler$DummyProvider.lambda$updateModuleReads$1(ImmediateWindowHandler.java:173) ~[loader-4.0.31.jar%23135!/:4.0]
	at java.base/java.util.Optional.map(Optional.java:260) [?:?]
	at MC-BOOTSTRAP/fml_loader@4.0.31/net.neoforged.fml.loading.ImmediateWindowHandler$DummyProvider.updateModuleReads(ImmediateWindowHandler.java:173) [loader-4.0.31.jar%23135!/:4.0]
	at MC-BOOTSTRAP/fml_loader@4.0.31/net.neoforged.fml.loading.ImmediateWindowHandler.acceptGameLayer(ImmediateWindowHandler.java:94) [loader-4.0.31.jar%23135!/:4.0]
	at MC-BOOTSTRAP/fml_loader@4.0.31/net.neoforged.fml.loading.FMLLoader.beforeStart(FMLLoader.java:160) [loader-4.0.31.jar%23135!/:4.0]
	at MC-BOOTSTRAP/fml_loader@4.0.31/net.neoforged.fml.loading.targets.CommonLaunchHandler.launchService(CommonLaunchHandler.java:115) [loader-4.0.31.jar%23135!/:4.0]
	at MC-BOOTSTRAP/cpw.mods.modlauncher@11.0.4/cpw.mods.modlauncher.LaunchServiceHandlerDecorator.launch(LaunchServiceHandlerDecorator.java:30) [modlauncher-11.0.4.jar%23117!/:?]
	at MC-BOOTSTRAP/cpw.mods.modlauncher@11.0.4/cpw.mods.modlauncher.LaunchServiceHandler.launch(LaunchServiceHandler.java:53) [modlauncher-11.0.4.jar%23117!/:?]
	at MC-BOOTSTRAP/cpw.mods.modlauncher@11.0.4/cpw.mods.modlauncher.LaunchServiceHandler.launch(LaunchServiceHandler.java:71) [modlauncher-11.0.4.jar%23117!/:?]
	at MC-BOOTSTRAP/cpw.mods.modlauncher@11.0.4/cpw.mods.modlauncher.Launcher.run(Launcher.java:103) [modlauncher-11.0.4.jar%23117!/:?]
	at MC-BOOTSTRAP/cpw.mods.modlauncher@11.0.4/cpw.mods.modlauncher.Launcher.main(Launcher.java:74) [modlauncher-11.0.4.jar%23117!/:?]
	at MC-BOOTSTRAP/cpw.mods.modlauncher@11.0.4/cpw.mods.modlauncher.BootstrapLaunchConsumer.accept(BootstrapLaunchConsumer.java:26) [modlauncher-11.0.4.jar%23117!/:?]
	at MC-BOOTSTRAP/cpw.mods.modlauncher@11.0.4/cpw.mods.modlauncher.BootstrapLaunchConsumer.accept(BootstrapLaunchConsumer.java:23) [modlauncher-11.0.4.jar%23117!/:?]
	at cpw.mods.bootstraplauncher@2.0.2/cpw.mods.bootstraplauncher.BootstrapLauncher.run(BootstrapLauncher.java:210) [bootstraplauncher-2.0.2.jar:?]
	at cpw.mods.bootstraplauncher@2.0.2/cpw.mods.bootstraplauncher.BootstrapLauncher.main(BootstrapLauncher.java:69) [bootstraplauncher-2.0.2.jar:?]
[10dic2025 19:46:02.636] [main/WARN] [mixin/]: Error loading class: me/shedaniel/rei/impl/client/ClientHelperImpl (java.lang.ClassNotFoundException: me.shedaniel.rei.impl.client.ClientHelperImpl)
[10dic2025 19:46:02.636] [main/TRACE] [mixin/]: Added class metadata for me/shedaniel/rei/impl/client/ClientHelperImpl to metadata cache
[10dic2025 19:46:02.636] [main/DEBUG] [mixin/]: Skipping virtual target me/shedaniel/rei/impl/client/ClientHelperImpl for kubejs.mixins.json:mod.REITooltipMixin from mod kubejs
[10dic2025 19:46:02.636] [main/DEBUG] [mixin/]: Preparing supermartijn642corelib.mixins.json (12)
[10dic2025 19:46:02.638] [main/DEBUG] [net.neoforged.accesstransformer.AccessTransformer/AXFORM]: Transforming net.minecraft.world.level.block.state.BlockBehaviour$Properties FIELD mapColor to access PUBLIC and LEAVE
[10dic2025 19:46:02.638] [main/DEBUG] [net.neoforged.accesstransformer.AccessTransformer/AXFORM]: Transforming net.minecraft.world.level.block.state.BlockBehaviour$Properties FIELD hasCollision to access PUBLIC and REMOVEFINAL
[10dic2025 19:46:02.638] [main/DEBUG] [net.neoforged.accesstransformer.AccessTransformer/AXFORM]: Transforming net.minecraft.world.level.block.state.BlockBehaviour$Properties FIELD soundType to access PUBLIC and REMOVEFINAL
[10dic2025 19:46:02.638] [main/DEBUG] [net.neoforged.accesstransformer.AccessTransformer/AXFORM]: Transforming net.minecraft.world.level.block.state.BlockBehaviour$Properties FIELD lightEmission to access PUBLIC and REMOVEFINAL
[10dic2025 19:46:02.638] [main/DEBUG] [net.neoforged.accesstransformer.AccessTransformer/AXFORM]: Transforming net.minecraft.world.level.block.state.BlockBehaviour$Properties FIELD explosionResistance to access PUBLIC and REMOVEFINAL
[10dic2025 19:46:02.638] [main/DEBUG] [net.neoforged.accesstransformer.AccessTransformer/AXFORM]: Transforming net.minecraft.world.level.block.state.BlockBehaviour$Properties FIELD destroyTime to access PUBLIC and REMOVEFINAL
[10dic2025 19:46:02.638] [main/DEBUG] [net.neoforged.accesstransformer.AccessTransformer/AXFORM]: Transforming net.minecraft.world.level.block.state.BlockBehaviour$Properties FIELD requiresCorrectToolForDrops to access PUBLIC and REMOVEFINAL
[10dic2025 19:46:02.638] [main/DEBUG] [net.neoforged.accesstransformer.AccessTransformer/AXFORM]: Transforming net.minecraft.world.level.block.state.BlockBehaviour$Properties FIELD isRandomlyTicking to access PUBLIC and REMOVEFINAL
[10dic2025 19:46:02.638] [main/DEBUG] [net.neoforged.accesstransformer.AccessTransformer/AXFORM]: Transforming net.minecraft.world.level.block.state.BlockBehaviour$Properties FIELD friction to access PUBLIC and REMOVEFINAL
[10dic2025 19:46:02.638] [main/DEBUG] [net.neoforged.accesstransformer.AccessTransformer/AXFORM]: Transforming net.minecraft.world.level.block.state.BlockBehaviour$Properties FIELD speedFactor to access PUBLIC and REMOVEFINAL
[10dic2025 19:46:02.638] [main/DEBUG] [net.neoforged.accesstransformer.AccessTransformer/AXFORM]: Transforming net.minecraft.world.level.block.state.BlockBehaviour$Properties FIELD jumpFactor to access PUBLIC and REMOVEFINAL
[10dic2025 19:46:02.638] [main/DEBUG] [net.neoforged.accesstransformer.AccessTransformer/AXFORM]: Transforming net.minecraft.world.level.block.state.BlockBehaviour$Properties FIELD drops to access PUBLIC and LEAVE
[10dic2025 19:46:02.638] [main/DEBUG] [net.neoforged.accesstransformer.AccessTransformer/AXFORM]: Transforming net.minecraft.world.level.block.state.BlockBehaviour$Properties FIELD canOcclude to access PUBLIC and REMOVEFINAL
[10dic2025 19:46:02.638] [main/DEBUG] [net.neoforged.accesstransformer.AccessTransformer/AXFORM]: Transforming net.minecraft.world.level.block.state.BlockBehaviour$Properties FIELD isAir to access PUBLIC and REMOVEFINAL
[10dic2025 19:46:02.638] [main/DEBUG] [net.neoforged.accesstransformer.AccessTransformer/AXFORM]: Transforming net.minecraft.world.level.block.state.BlockBehaviour$Properties FIELD isValidSpawn to access PUBLIC and REMOVEFINAL
[10dic2025 19:46:02.638] [main/DEBUG] [net.neoforged.accesstransformer.AccessTransformer/AXFORM]: Transforming net.minecraft.world.level.block.state.BlockBehaviour$Properties FIELD isRedstoneConductor to access PUBLIC and REMOVEFINAL
[10dic2025 19:46:02.638] [main/DEBUG] [net.neoforged.accesstransformer.AccessTransformer/AXFORM]: Transforming net.minecraft.world.level.block.state.BlockBehaviour$Properties FIELD isSuffocating to access PUBLIC and REMOVEFINAL
[10dic2025 19:46:02.638] [main/DEBUG] [net.neoforged.accesstransformer.AccessTransformer/AXFORM]: Transforming net.minecraft.world.level.block.state.BlockBehaviour$Properties FIELD isViewBlocking to access PUBLIC and REMOVEFINAL
[10dic2025 19:46:02.638] [main/DEBUG] [net.neoforged.accesstransformer.AccessTransformer/AXFORM]: Transforming net.minecraft.world.level.block.state.BlockBehaviour$Properties FIELD hasPostProcess to access PUBLIC and REMOVEFINAL
[10dic2025 19:46:02.638] [main/DEBUG] [net.neoforged.accesstransformer.AccessTransformer/AXFORM]: Transforming net.minecraft.world.level.block.state.BlockBehaviour$Properties FIELD emissiveRendering to access PUBLIC and REMOVEFINAL
[10dic2025 19:46:02.638] [main/DEBUG] [net.neoforged.accesstransformer.AccessTransformer/AXFORM]: Transforming net.minecraft.world.level.block.state.BlockBehaviour$Properties FIELD dynamicShape to access PUBLIC and REMOVEFINAL
[10dic2025 19:46:02.638] [main/DEBUG] [net.neoforged.accesstransformer.AccessTransformer/AXFORM]: Transforming net.minecraft.world.level.block.state.BlockBehaviour$Properties METHOD <init>()V to access PUBLIC and LEAVE
[10dic2025 19:46:02.639] [main/TRACE] [mixin/]: Added class metadata for net/minecraft/world/level/block/state/BlockBehaviour$Properties to metadata cache
[10dic2025 19:46:02.639] [main/TRACE] [mixin/]: Added class metadata for net/neoforged/neoforge/registries/GameData to metadata cache
[10dic2025 19:46:02.642] [main/TRACE] [mixin/]: Added class metadata for net/neoforged/neoforge/data/event/GatherDataEvent$DataGeneratorConfig to metadata cache
[10dic2025 19:46:02.643] [main/DEBUG] [net.neoforged.accesstransformer.AccessTransformer/AXFORM]: Transforming net.minecraft.data.DataGenerator FIELD rootOutputFolder to access PUBLIC and LEAVE
[10dic2025 19:46:02.643] [main/TRACE] [mixin/]: Added class metadata for net/minecraft/data/DataGenerator to metadata cache
[10dic2025 19:46:02.643] [main/TRACE] [mixin/]: Added class metadata for net/neoforged/neoforge/data/loading/DatagenModLoader to metadata cache
[10dic2025 19:46:02.643] [main/DEBUG] [net.neoforged.fml.common.asm.RuntimeDistCleaner/DISTXFORM]: Removing Class Annotation: net/minecraft/client/renderer/texture/atlas/SpriteSourceList @Lnet/neoforged/api/distmarker/OnlyIn;
[10dic2025 19:46:02.643] [main/TRACE] [mixin/]: Added class metadata for net/minecraft/client/renderer/texture/atlas/SpriteSourceList to metadata cache
[10dic2025 19:46:02.644] [main/DEBUG] [mixin/]: Preparing trashcans.mixins.json (0)
[10dic2025 19:46:02.644] [main/DEBUG] [mixin/]: Preparing fabric-networking-api-v1.mixins.json (14)
[10dic2025 19:46:02.646] [main/TRACE] [mixin/]: Added class metadata for net/minecraft/server/level/ServerEntity to metadata cache
[10dic2025 19:46:02.646] [main/TRACE] [mixin/]: Added class metadata for net/minecraft/network/protocol/login/ClientboundCustomQueryPacket to metadata cache
[10dic2025 19:46:02.646] [main/TRACE] [mixin/]: Added class metadata for net/minecraft/network/protocol/login/ServerboundCustomQueryAnswerPacket to metadata cache
[10dic2025 19:46:02.647] [main/DEBUG] [net.neoforged.accesstransformer.AccessTransformer/AXFORM]: Transforming net.minecraft.server.network.ServerConfigurationPacketListenerImpl METHOD finishCurrentTask(Lnet/minecraft/server/network/ConfigurationTask$Type;)V to access PUBLIC and LEAVE
[10dic2025 19:46:02.648] [main/TRACE] [mixin/]: Added class metadata for net/minecraft/server/network/ServerConfigurationPacketListenerImpl to metadata cache
[10dic2025 19:46:02.649] [main/TRACE] [mixin/]: Added class metadata for net/minecraft/server/network/ServerLoginPacketListenerImpl to metadata cache
[10dic2025 19:46:02.653] [main/TRACE] [mixin/]: Added class metadata for net/minecraft/server/network/ServerGamePacketListenerImpl to metadata cache
[10dic2025 19:46:02.655] [main/TRACE] [mixin/]: Added class metadata for net/neoforged/neoforge/network/registration/NetworkRegistry to metadata cache
[10dic2025 19:46:02.655] [main/DEBUG] [net.neoforged.accesstransformer.AccessTransformer/AXFORM]: Transforming net.minecraft.server.level.ChunkMap$TrackedEntity CLASS to access PUBLIC and LEAVE
[10dic2025 19:46:02.656] [main/TRACE] [mixin/]: Added class metadata for net/minecraft/server/level/ChunkMap$TrackedEntity to metadata cache
[10dic2025 19:46:02.657] [main/DEBUG] [net.neoforged.accesstransformer.AccessTransformer/AXFORM]: Transforming net.minecraft.server.level.ChunkMap INNERCLASS TrackedEntity to access PUBLIC and LEAVE
[10dic2025 19:46:02.657] [main/DEBUG] [net.neoforged.accesstransformer.AccessTransformer/AXFORM]: Transforming net.minecraft.server.level.ChunkMap METHOD getVisibleChunkIfPresent(J)Lnet/minecraft/server/level/ChunkHolder; to access PUBLIC and LEAVE
[10dic2025 19:46:02.660] [main/TRACE] [mixin/]: Added class metadata for net/minecraft/server/level/ChunkMap to metadata cache
[10dic2025 19:46:02.660] [main/DEBUG] [mixin/]: @Mixin target net/minecraft/server/level/ChunkMap$TrackedEntity is public in fabric-networking-api-v1.mixins.json:accessor.EntityTrackerAccessor from mod fabric_networking_api_v1 and should be specified in value
[10dic2025 19:46:02.660] [main/DEBUG] [mixin/]: Preparing fabric-networking-api-v1.client.mixins.json (8)
[10dic2025 19:46:02.662] [main/DEBUG] [net.neoforged.accesstransformer.AccessTransformer/AXFORM]: Transforming net.minecraft.client.gui.screens.ConnectScreen FIELD connection to access PUBLIC and LEAVE
[10dic2025 19:46:02.662] [main/DEBUG] [net.neoforged.fml.common.asm.RuntimeDistCleaner/DISTXFORM]: Removing Class Annotation: net/minecraft/client/gui/screens/ConnectScreen @Lnet/neoforged/api/distmarker/OnlyIn;
[10dic2025 19:46:02.662] [main/TRACE] [mixin/]: Added class metadata for net/minecraft/client/gui/screens/ConnectScreen to metadata cache
[10dic2025 19:46:02.663] [main/DEBUG] [mixin/]: Preparing pipezretriever.mixins.json (6)
[10dic2025 19:46:02.665] [main/TRACE] [mixin/]: Added class metadata for de/maxhenkel/pipez/blocks/tileentity/PipeTileEntity to metadata cache
[10dic2025 19:46:02.665] [main/TRACE] [mixin/]: Added class metadata for de/maxhenkel/pipez/blocks/tileentity/UpgradeTileEntity to metadata cache
[10dic2025 19:46:02.666] [main/TRACE] [mixin/]: Added class metadata for de/maxhenkel/pipez/blocks/tileentity/types/ItemPipeType to metadata cache
[10dic2025 19:46:02.666] [main/TRACE] [mixin/]: Added class metadata for de/maxhenkel/pipez/blocks/tileentity/types/FluidPipeType to metadata cache
[10dic2025 19:46:02.667] [main/TRACE] [mixin/]: Added class metadata for de/maxhenkel/pipez/blocks/tileentity/types/EnergyPipeType to metadata cache
[10dic2025 19:46:02.670] [main/TRACE] [mixin/]: Added class metadata for de/maxhenkel/pipez/gui/ExtractScreen to metadata cache
[10dic2025 19:46:02.670] [main/DEBUG] [mixin/]: Preparing athena.mixins.json (1)
[10dic2025 19:46:02.671] [main/DEBUG] [net.neoforged.fml.common.asm.RuntimeDistCleaner/DISTXFORM]: Removing Class Annotation: net/minecraft/client/resources/model/ModelBakery @Lnet/neoforged/api/distmarker/OnlyIn;
[10dic2025 19:46:02.671] [main/TRACE] [mixin/]: Added class metadata for net/minecraft/client/resources/model/ModelBakery to metadata cache
[10dic2025 19:46:02.672] [main/DEBUG] [mixin/]: Preparing athena-neoforge.mixins.json (1)
[10dic2025 19:46:02.672] [main/DEBUG] [mixin/]: Preparing neoforge.mixins.json (2)
[10dic2025 19:46:02.673] [main/DEBUG] [net.neoforged.accesstransformer.AccessTransformer/AXFORM]: Transforming net.minecraft.world.level.block.entity.BlockEntityType INNERCLASS BlockEntitySupplier to access PUBLIC and LEAVE
[10dic2025 19:46:02.674] [main/TRACE] [mixin/]: Added class metadata for net/minecraft/world/level/block/entity/BlockEntityType to metadata cache
[10dic2025 19:46:02.674] [main/DEBUG] [mixin/]: Preparing mixinextras.init.mixins.json (0)
[10dic2025 19:46:02.676] [main/DEBUG] [net.neoforged.fml.common.asm.RuntimeDistCleaner/DISTXFORM]: Removing Class Annotation: com/mojang/blaze3d/vertex/VertexFormat$Mode @Lnet/neoforged/api/distmarker/OnlyIn;
[10dic2025 19:46:02.676] [main/TRACE] [mixin/]: Added class metadata for com/mojang/blaze3d/vertex/VertexFormat$Mode to metadata cache
[10dic2025 19:46:02.676] [main/TRACE] [mixin/]: Added class metadata for net/minecraft/core/HolderLookup$Provider to metadata cache
[10dic2025 19:46:02.677] [main/TRACE] [mixin/]: Added class metadata for net/minecraft/world/level/levelgen/feature/configurations/OreConfiguration$TargetBlockState to metadata cache
[10dic2025 19:46:02.678] [main/TRACE] [mixin/]: Added class metadata for net/minecraft/core/BlockPos$MutableBlockPos to metadata cache
[10dic2025 19:46:02.680] [main/TRACE] [mixin/]: Added class metadata for java/lang/invoke/MethodHandles$Lookup to metadata cache
[10dic2025 19:46:02.681] [main/TRACE] [mixin/]: Added class metadata for io/wispforest/endec/SerializationAttribute$Instance to metadata cache
[10dic2025 19:46:02.681] [main/TRACE] [mixin/]: Added class metadata for io/wispforest/endec/SerializationAttribute$Marker to metadata cache
[10dic2025 19:46:02.681] [main/TRACE] [mixin/]: Added class metadata for net/minecraft/resources/RegistryOps$RegistryInfoLookup to metadata cache
[10dic2025 19:46:02.682] [main/TRACE] [mixin/]: Added class metadata for io/wispforest/owo/client/screens/ScreenInternals$LocalPacket to metadata cache
[10dic2025 19:46:02.682] [main/TRACE] [mixin/]: Added class metadata for io/wispforest/owo/client/screens/ScreenInternals$SyncPropertiesPacket to metadata cache
[10dic2025 19:46:02.682] [main/TRACE] [mixin/]: Added class metadata for io/wispforest/owo/util/TagInjector$TagLocation to metadata cache
[10dic2025 19:46:02.683] [main/TRACE] [mixin/]: Added class metadata for net/minecraft/tags/TagLoader$EntryWithSource to metadata cache
[10dic2025 19:46:02.683] [main/TRACE] [mixin/]: Added class metadata for org/spongepowered/asm/mixin/injection/At$Shift to metadata cache
[10dic2025 19:46:02.683] [main/TRACE] [mixin/]: Added class metadata for net/minecraft/world/item/CreativeModeTab$DisplayItemsGenerator to metadata cache
[10dic2025 19:46:02.683] [main/TRACE] [mixin/]: Added class metadata for net/minecraft/world/item/CreativeModeTab$Row to metadata cache
[10dic2025 19:46:02.684] [main/DEBUG] [net.neoforged.accesstransformer.AccessTransformer/AXFORM]: Transforming net.minecraft.world.item.CreativeModeTab$Output CLASS to access PUBLIC and LEAVE
[10dic2025 19:46:02.684] [main/TRACE] [mixin/]: Added class metadata for net/minecraft/world/item/CreativeModeTab$Output to metadata cache
[10dic2025 19:46:02.684] [main/TRACE] [mixin/]: Added class metadata for io/wispforest/owo/offline/DataSavedEvents$Advancements to metadata cache
[10dic2025 19:46:02.684] [main/TRACE] [mixin/]: Added class metadata for io/wispforest/owo/offline/DataSavedEvents$PlayerData to metadata cache
[10dic2025 19:46:02.685] [main/TRACE] [mixin/]: Added class metadata for net/minecraft/world/item/crafting/CraftingInput$Positioned to metadata cache
[10dic2025 19:46:02.685] [main/TRACE] [mixin/]: Added class metadata for java/util/Map$Entry to metadata cache
[10dic2025 19:46:02.686] [main/TRACE] [mixin/]: Added class metadata for net/neoforged/neoforge/registries/BaseMappedRegistry to metadata cache
[10dic2025 19:46:02.686] [main/TRACE] [mixin/]: Added class metadata for net/minecraft/network/chat/ComponentContents$Type to metadata cache
[10dic2025 19:46:02.686] [main/TRACE] [mixin/]: Added class metadata for io/wispforest/owo/mixin/text/TextCodecsMixin$1 to metadata cache
[10dic2025 19:46:02.686] [main/TRACE] [mixin/]: Added class metadata for io/wispforest/owo/mixin/text/TextCodecsMixin$2 to metadata cache
[10dic2025 19:46:02.686] [main/TRACE] [mixin/]: Added class metadata for io/wispforest/owo/text/CustomTextRegistry$Entry to metadata cache
[10dic2025 19:46:02.687] [main/DEBUG] [mixin/]: Inner class io/wispforest/owo/mixin/text/TextCodecsMixin$2 in io/wispforest/owo/mixin/text/TextCodecsMixin on net/minecraft/network/chat/ComponentSerialization gets unique name net/minecraft/network/chat/ComponentSerialization$Anonymous$2eeab424b37f4e21b2bbe386e62f03f4
[10dic2025 19:46:02.687] [main/DEBUG] [mixin/]: Inner class io/wispforest/owo/mixin/text/TextCodecsMixin$1 in io/wispforest/owo/mixin/text/TextCodecsMixin on net/minecraft/network/chat/ComponentSerialization gets unique name net/minecraft/network/chat/ComponentSerialization$Anonymous$e0fc457ffcec4bd2b56663bfd85d122a
[10dic2025 19:46:02.687] [main/TRACE] [mixin/]: Added class metadata for net/minecraft/world/level/GameRules$Key to metadata cache
[10dic2025 19:46:02.688] [main/TRACE] [mixin/]: Added class metadata for net/minecraft/world/level/GameRules$Value to metadata cache
[10dic2025 19:46:02.688] [main/DEBUG] [net.neoforged.accesstransformer.AccessTransformer/AXFORM]: Transforming net.minecraft.world.level.GameRules$BooleanValue METHOD create(ZLjava/util/function/BiConsumer;)Lnet/minecraft/world/level/GameRules$Type; to access PUBLIC and LEAVE
[10dic2025 19:46:02.688] [main/DEBUG] [net.neoforged.accesstransformer.AccessTransformer/AXFORM]: Transforming net.minecraft.world.level.GameRules$BooleanValue METHOD create(Z)Lnet/minecraft/world/level/GameRules$Type; to access PUBLIC and LEAVE
[10dic2025 19:46:02.688] [main/TRACE] [mixin/]: Added class metadata for net/minecraft/world/level/GameRules$BooleanValue to metadata cache
[10dic2025 19:46:02.689] [main/TRACE] [mixin/]: Added class metadata for org/sinytra/fabric/networking_api/NeoNetworkRegistrar$NeoPayloadHandler to metadata cache
[10dic2025 19:46:02.690] [main/TRACE] [mixin/]: Added class metadata for io/wispforest/owo/itemgroup/OwoItemGroup$ScrollerTextures to metadata cache
[10dic2025 19:46:02.690] [main/TRACE] [mixin/]: Added class metadata for io/wispforest/owo/itemgroup/OwoItemGroup$TabTextures to metadata cache
[10dic2025 19:46:02.690] [main/TRACE] [mixin/]: Added class metadata for io/wispforest/owo/itemgroup/OwoItemGroup$ButtonDefinition to metadata cache
[10dic2025 19:46:02.690] [main/TRACE] [mixin/]: Added class metadata for net/minecraft/world/item/CreativeModeTab$ItemDisplayParameters to metadata cache
[10dic2025 19:46:02.690] [main/DEBUG] [net.neoforged.fml.common.asm.RuntimeDistCleaner/DISTXFORM]: Removing Class Annotation: net/minecraft/client/gui/screens/inventory/CreativeModeInventoryScreen$ItemPickerMenu @Lnet/neoforged/api/distmarker/OnlyIn;
[10dic2025 19:46:02.691] [main/TRACE] [mixin/]: Added class metadata for net/minecraft/client/gui/screens/inventory/CreativeModeInventoryScreen$ItemPickerMenu to metadata cache
[10dic2025 19:46:02.692] [main/TRACE] [mixin/]: Added class metadata for com/google/common/collect/ImmutableMap$Builder to metadata cache
[10dic2025 19:46:02.692] [main/TRACE] [mixin/]: Added class metadata for java/lang/ProcessBuilder$Redirect to metadata cache
[10dic2025 19:46:02.693] [main/TRACE] [mixin/]: Added class metadata for io/wispforest/owo/ui/core/Component$DismountReason to metadata cache
[10dic2025 19:46:02.693] [main/TRACE] [mixin/]: Added class metadata for io/wispforest/owo/ui/core/Component$FocusSource to metadata cache
[10dic2025 19:46:02.693] [main/DEBUG] [net.neoforged.accesstransformer.AccessTransformer/AXFORM]: Transforming net.minecraft.client.gui.GuiGraphics$ScissorStack CLASS to access PUBLIC and LEAVE
[10dic2025 19:46:02.693] [main/DEBUG] [net.neoforged.fml.common.asm.RuntimeDistCleaner/DISTXFORM]: Removing Class Annotation: net/minecraft/client/gui/GuiGraphics$ScissorStack @Lnet/neoforged/api/distmarker/OnlyIn;
[10dic2025 19:46:02.693] [main/TRACE] [mixin/]: Added class metadata for net/minecraft/client/gui/GuiGraphics$ScissorStack to metadata cache
[10dic2025 19:46:02.694] [main/DEBUG] [net.neoforged.fml.common.asm.RuntimeDistCleaner/DISTXFORM]: Removing Class Annotation: net/minecraft/client/gui/components/AbstractScrollWidget @Lnet/neoforged/api/distmarker/OnlyIn;
[10dic2025 19:46:02.694] [main/TRACE] [mixin/]: Added class metadata for net/minecraft/client/gui/components/AbstractScrollWidget to metadata cache
[10dic2025 19:46:02.695] [main/TRACE] [mixin/]: Added class metadata for io/wispforest/owo/ui/core/OwoUIDrawContext$UtilityScreen to metadata cache
[10dic2025 19:46:02.695] [main/DEBUG] [net.neoforged.fml.common.asm.RuntimeDistCleaner/DISTXFORM]: Removing Class Annotation: net/minecraft/client/gui/components/Button$OnPress @Lnet/neoforged/api/distmarker/OnlyIn;
[10dic2025 19:46:02.695] [main/TRACE] [mixin/]: Added class metadata for net/minecraft/client/gui/components/Button$OnPress to metadata cache
[10dic2025 19:46:02.696] [main/TRACE] [mixin/]: Added class metadata for org/jetbrains/annotations/ApiStatus$Internal to metadata cache
[10dic2025 19:46:02.696] [main/TRACE] [mixin/]: Added class metadata for io/wispforest/owo/ui/layers/Layer$Instance to metadata cache
[10dic2025 19:46:02.696] [main/DEBUG] [net.neoforged.fml.common.asm.RuntimeDistCleaner/DISTXFORM]: Removing Class Annotation: net/minecraft/client/gui/components/events/AbstractContainerEventHandler @Lnet/neoforged/api/distmarker/OnlyIn;
[10dic2025 19:46:02.696] [main/TRACE] [mixin/]: Added class metadata for net/minecraft/client/gui/components/events/AbstractContainerEventHandler to metadata cache
[10dic2025 19:46:02.697] [main/TRACE] [mixin/]: Added class metadata for net/minecraft/world/item/Item$TooltipContext to metadata cache
[10dic2025 19:46:02.697] [main/DEBUG] [net.neoforged.fml.common.asm.RuntimeDistCleaner/DISTXFORM]: Removing Class Annotation: net/minecraft/client/gui/Font$DisplayMode @Lnet/neoforged/api/distmarker/OnlyIn;
[10dic2025 19:46:02.697] [main/TRACE] [mixin/]: Added class metadata for net/minecraft/client/gui/Font$DisplayMode to metadata cache
[10dic2025 19:46:02.698] [main/TRACE] [mixin/]: Added class metadata for dev/architectury/event/events/common/PlayerEvent$FillBucket to metadata cache
[10dic2025 19:46:02.698] [main/TRACE] [mixin/]: Added class metadata for net/neoforged/neoforge/event/level/ChunkDataEvent$Load to metadata cache
[10dic2025 19:46:02.698] [main/TRACE] [mixin/]: Added class metadata for dev/architectury/event/forge/EventHandlerImplCommon$LevelEventAttachment to metadata cache
[10dic2025 19:46:02.698] [main/TRACE] [mixin/]: Added class metadata for dev/architectury/event/events/common/BlockEvent$FallingLand to metadata cache
[10dic2025 19:46:02.698] [main/TRACE] [mixin/]: Added class metadata for dev/architectury/event/events/client/ClientCommandRegistrationEvent$ClientCommandSourceStack to metadata cache
[10dic2025 19:46:02.698] [main/DEBUG] [net.neoforged.fml.common.asm.RuntimeDistCleaner/DISTXFORM]: Removing Class Annotation: dev/architectury/event/events/client/ClientTickEvent$ClientLevel @Lnet/neoforged/api/distmarker/OnlyIn;
[10dic2025 19:46:02.698] [main/TRACE] [mixin/]: Added class metadata for dev/architectury/event/events/client/ClientTickEvent$ClientLevel to metadata cache
[10dic2025 19:46:02.699] [main/DEBUG] [net.neoforged.fml.common.asm.RuntimeDistCleaner/DISTXFORM]: Removing Class Annotation: dev/architectury/event/events/client/ClientLifecycleEvent$ClientState @Lnet/neoforged/api/distmarker/OnlyIn;
[10dic2025 19:46:02.699] [main/TRACE] [mixin/]: Added class metadata for dev/architectury/event/events/client/ClientLifecycleEvent$ClientState to metadata cache
[10dic2025 19:46:02.699] [main/TRACE] [mixin/]: Added class metadata for dev/architectury/event/events/common/LightningEvent$Strike to metadata cache
[10dic2025 19:46:02.699] [main/TRACE] [mixin/]: Added class metadata for net/fabricmc/fabric/api/client/screen/v1/ScreenEvents$Remove to metadata cache
[10dic2025 19:46:02.699] [main/TRACE] [mixin/]: Added class metadata for net/fabricmc/fabric/api/client/screen/v1/ScreenEvents$BeforeTick to metadata cache
[10dic2025 19:46:02.699] [main/TRACE] [mixin/]: Added class metadata for net/fabricmc/fabric/api/client/screen/v1/ScreenEvents$AfterTick to metadata cache
[10dic2025 19:46:02.700] [main/TRACE] [mixin/]: Added class metadata for net/fabricmc/fabric/api/client/screen/v1/ScreenEvents$BeforeInit to metadata cache
[10dic2025 19:46:02.700] [main/TRACE] [mixin/]: Added class metadata for net/fabricmc/fabric/api/client/screen/v1/ScreenEvents$AfterInit to metadata cache
[10dic2025 19:46:02.700] [main/TRACE] [mixin/]: Added class metadata for net/fabricmc/fabric/api/client/screen/v1/ScreenEvents$BeforeRender to metadata cache
[10dic2025 19:46:02.700] [main/TRACE] [mixin/]: Added class metadata for net/fabricmc/fabric/api/client/screen/v1/ScreenEvents$AfterRender to metadata cache
[10dic2025 19:46:02.700] [main/TRACE] [mixin/]: Added class metadata for net/fabricmc/fabric/api/client/screen/v1/ScreenKeyboardEvents$AllowKeyPress to metadata cache
[10dic2025 19:46:02.700] [main/TRACE] [mixin/]: Added class metadata for net/fabricmc/fabric/api/client/screen/v1/ScreenKeyboardEvents$BeforeKeyPress to metadata cache
[10dic2025 19:46:02.700] [main/TRACE] [mixin/]: Added class metadata for net/fabricmc/fabric/api/client/screen/v1/ScreenKeyboardEvents$AfterKeyPress to metadata cache
[10dic2025 19:46:02.700] [main/TRACE] [mixin/]: Added class metadata for net/fabricmc/fabric/api/client/screen/v1/ScreenKeyboardEvents$AllowKeyRelease to metadata cache
[10dic2025 19:46:02.700] [main/TRACE] [mixin/]: Added class metadata for net/fabricmc/fabric/api/client/screen/v1/ScreenKeyboardEvents$BeforeKeyRelease to metadata cache
[10dic2025 19:46:02.700] [main/TRACE] [mixin/]: Added class metadata for net/fabricmc/fabric/api/client/screen/v1/ScreenKeyboardEvents$AfterKeyRelease to metadata cache
[10dic2025 19:46:02.701] [main/TRACE] [mixin/]: Added class metadata for net/fabricmc/fabric/api/client/screen/v1/ScreenMouseEvents$AllowMouseClick to metadata cache
[10dic2025 19:46:02.701] [main/TRACE] [mixin/]: Added class metadata for net/fabricmc/fabric/api/client/screen/v1/ScreenMouseEvents$BeforeMouseClick to metadata cache
[10dic2025 19:46:02.701] [main/TRACE] [mixin/]: Added class metadata for net/fabricmc/fabric/api/client/screen/v1/ScreenMouseEvents$AfterMouseClick to metadata cache
[10dic2025 19:46:02.701] [main/TRACE] [mixin/]: Added class metadata for net/fabricmc/fabric/api/client/screen/v1/ScreenMouseEvents$AllowMouseRelease to metadata cache
[10dic2025 19:46:02.701] [main/TRACE] [mixin/]: Added class metadata for net/fabricmc/fabric/api/client/screen/v1/ScreenMouseEvents$BeforeMouseRelease to metadata cache
[10dic2025 19:46:02.701] [main/TRACE] [mixin/]: Added class metadata for net/fabricmc/fabric/api/client/screen/v1/ScreenMouseEvents$AfterMouseRelease to metadata cache
[10dic2025 19:46:02.701] [main/TRACE] [mixin/]: Added class metadata for net/fabricmc/fabric/api/client/screen/v1/ScreenMouseEvents$AllowMouseScroll to metadata cache
[10dic2025 19:46:02.701] [main/TRACE] [mixin/]: Added class metadata for net/fabricmc/fabric/api/client/screen/v1/ScreenMouseEvents$BeforeMouseScroll to metadata cache
[10dic2025 19:46:02.701] [main/TRACE] [mixin/]: Added class metadata for net/fabricmc/fabric/api/client/screen/v1/ScreenMouseEvents$AfterMouseScroll to metadata cache
[10dic2025 19:46:02.703] [main/TRACE] [mixin/]: Added class metadata for dev/latvian/mods/kubejs/core/mixin/GameRulesMixin$1 to metadata cache
[10dic2025 19:46:02.703] [main/TRACE] [mixin/]: Added class metadata for net/minecraft/world/level/GameRules$GameRuleTypeVisitor to metadata cache
[10dic2025 19:46:02.703] [main/DEBUG] [mixin/]: Inner class dev/latvian/mods/kubejs/core/mixin/GameRulesMixin$1 in dev/latvian/mods/kubejs/core/mixin/GameRulesMixin on net/minecraft/world/level/GameRules gets unique name net/minecraft/world/level/GameRules$Anonymous$6dce88f5fef540a8be1b1eb206809274
[10dic2025 19:46:02.704] [main/TRACE] [mixin/]: Added class metadata for net/minecraft/core/component/DataComponentMap$Builder to metadata cache
[10dic2025 19:46:02.704] [main/TRACE] [mixin/]: Added class metadata for dev/latvian/mods/kubejs/item/ItemBuilder$NameCallback to metadata cache
[10dic2025 19:46:02.704] [main/TRACE] [mixin/]: Added class metadata for dev/latvian/mods/kubejs/item/ItemBuilder$UseCallback to metadata cache
[10dic2025 19:46:02.704] [main/TRACE] [mixin/]: Added class metadata for dev/latvian/mods/kubejs/item/ItemBuilder$FinishUsingCallback to metadata cache
[10dic2025 19:46:02.704] [main/TRACE] [mixin/]: Added class metadata for dev/latvian/mods/kubejs/item/ItemBuilder$ReleaseUsingCallback to metadata cache
[10dic2025 19:46:02.704] [main/TRACE] [mixin/]: Added class metadata for dev/latvian/mods/kubejs/item/ItemBuilder$HurtEnemyContext to metadata cache
[10dic2025 19:46:02.705] [main/TRACE] [mixin/]: Added class metadata for net/minecraft/core/RegistryAccess$Frozen to metadata cache
[10dic2025 19:46:02.705] [main/TRACE] [mixin/]: Added class metadata for dev/latvian/mods/kubejs/recipe/CachedTagLookup$Entry to metadata cache
[10dic2025 19:46:02.706] [main/TRACE] [mixin/]: Added class metadata for com/google/common/collect/ImmutableMultimap$Builder to metadata cache
[10dic2025 19:46:02.706] [main/DEBUG] [net.neoforged.accesstransformer.AccessTransformer/AXFORM]: Transforming net.minecraft.server.MinecraftServer$ReloadableResources CLASS to access PUBLIC and LEAVE
[10dic2025 19:46:02.706] [main/DEBUG] [net.neoforged.accesstransformer.AccessTransformer/AXFORM]: Transforming net.minecraft.server.MinecraftServer$ReloadableResources METHOD <init>(Lnet/minecraft/server/packs/resources/CloseableResourceManager;Lnet/minecraft/server/ReloadableServerResources;)V to access PUBLIC and LEAVE
[10dic2025 19:46:02.707] [main/TRACE] [mixin/]: Added class metadata for net/minecraft/server/MinecraftServer$ReloadableResources to metadata cache
[10dic2025 19:46:02.708] [main/DEBUG] [net.neoforged.accesstransformer.AccessTransformer/AXFORM]: Transforming net.minecraft.commands.Commands$CommandSelection FIELD includeIntegrated to access PUBLIC and LEAVE
[10dic2025 19:46:02.708] [main/DEBUG] [net.neoforged.accesstransformer.AccessTransformer/AXFORM]: Transforming net.minecraft.commands.Commands$CommandSelection FIELD includeDedicated to access PUBLIC and LEAVE
[10dic2025 19:46:02.708] [main/TRACE] [mixin/]: Added class metadata for net/minecraft/commands/Commands$CommandSelection to metadata cache
[10dic2025 19:46:02.708] [main/TRACE] [mixin/]: Added class metadata for dev/latvian/mods/kubejs/registry/RegistryType$Scanner to metadata cache
[10dic2025 19:46:02.709] [main/TRACE] [mixin/]: Added class metadata for net/neoforged/neoforge/common/conditions/ICondition$IContext to metadata cache
[10dic2025 19:46:02.709] [main/TRACE] [mixin/]: Added class metadata for net/minecraft/core/RegistryAccess$RegistryEntry to metadata cache
[10dic2025 19:46:02.709] [main/TRACE] [mixin/]: Added class metadata for net/minecraft/tags/TagManager$LoadResult to metadata cache
[10dic2025 19:46:02.709] [main/TRACE] [mixin/]: Added class metadata for net/minecraft/server/packs/resources/PreparableReloadListener$PreparationBarrier to metadata cache
[10dic2025 19:46:02.709] [main/TRACE] [mixin/]: Added class metadata for net/minecraft/server/WorldLoader$InitConfig to metadata cache
[10dic2025 19:46:02.709] [main/TRACE] [mixin/]: Added class metadata for net/minecraft/server/WorldLoader$WorldDataSupplier to metadata cache
[10dic2025 19:46:02.709] [main/TRACE] [mixin/]: Added class metadata for net/minecraft/server/WorldLoader$ResultFactory to metadata cache
[10dic2025 19:46:02.710] [main/DEBUG] [net.neoforged.accesstransformer.AccessTransformer/AXFORM]: Transforming net.minecraft.client.gui.components.AbstractSelectionList$Entry CLASS to access PUBLIC and LEAVE
[10dic2025 19:46:02.710] [main/DEBUG] [net.neoforged.accesstransformer.AccessTransformer/AXFORM]: Transforming net.minecraft.client.gui.components.AbstractSelectionList$Entry FIELD list to access PROTECTED and LEAVE
[10dic2025 19:46:02.710] [main/DEBUG] [net.neoforged.fml.common.asm.RuntimeDistCleaner/DISTXFORM]: Removing Class Annotation: net/minecraft/client/gui/components/AbstractSelectionList$Entry @Lnet/neoforged/api/distmarker/OnlyIn;
[10dic2025 19:46:02.710] [main/TRACE] [mixin/]: Added class metadata for net/minecraft/client/gui/components/AbstractSelectionList$Entry to metadata cache
[10dic2025 19:46:02.711] [main/TRACE] [mixin/]: Added class metadata for dev/latvian/mods/kubejs/kubedex/KubedexHighlight$Mode to metadata cache
[10dic2025 19:46:02.711] [main/TRACE] [mixin/]: Added class metadata for net/neoforged/neoforge/attachment/AttachmentHolder to metadata cache
[10dic2025 19:46:02.712] [main/DEBUG] [net.neoforged.accesstransformer.AccessTransformer/AXFORM]: Transforming net.minecraft.client.Minecraft$GameLoadCookie CLASS to access PUBLIC and LEAVE
[10dic2025 19:46:02.712] [main/DEBUG] [net.neoforged.accesstransformer.AccessTransformer/AXFORM]: Transforming net.minecraft.client.Minecraft$GameLoadCookie METHOD <init>(Lcom/mojang/realmsclient/client/RealmsClient;Lnet/minecraft/client/main/GameConfig$QuickPlayData;)V to access PUBLIC and LEAVE
[10dic2025 19:46:02.712] [main/DEBUG] [net.neoforged.fml.common.asm.RuntimeDistCleaner/DISTXFORM]: Removing Class Annotation: net/minecraft/client/Minecraft$GameLoadCookie @Lnet/neoforged/api/distmarker/OnlyIn;
[10dic2025 19:46:02.712] [main/TRACE] [mixin/]: Added class metadata for net/minecraft/client/Minecraft$GameLoadCookie to metadata cache
[10dic2025 19:46:02.713] [main/TRACE] [mixin/]: Added class metadata for com/supermartijn642/core/registry/RegistryEntryAcceptor$Handler to metadata cache
[10dic2025 19:46:02.713] [main/TRACE] [mixin/]: Added class metadata for net/minecraft/server/packs/resources/SimpleJsonResourceReloadListener to metadata cache
[10dic2025 19:46:02.713] [main/TRACE] [mixin/]: Added class metadata for net/minecraft/server/packs/resources/SimplePreparableReloadListener to metadata cache
[10dic2025 19:46:02.713] [main/TRACE] [mixin/]: Added class metadata for net/neoforged/neoforge/resource/ContextAwareReloadListener to metadata cache
[10dic2025 19:46:02.714] [main/TRACE] [mixin/]: Added class metadata for com/supermartijn642/core/registry/Registries$Registry to metadata cache
[10dic2025 19:46:02.714] [main/TRACE] [mixin/]: Added class metadata for net/minecraft/tags/TagEntry$Lookup to metadata cache
[10dic2025 19:46:02.715] [main/TRACE] [mixin/]: Added class metadata for com/supermartijn642/core/generator/ResourceCache$HashCacheWrapper to metadata cache
[10dic2025 19:46:02.715] [main/TRACE] [mixin/]: Added class metadata for com/supermartijn642/core/generator/ResourceGenerator$DataProviderInstance to metadata cache
[10dic2025 19:46:02.715] [main/DEBUG] [net.neoforged.accesstransformer.AccessTransformer/AXFORM]: Transforming net.minecraft.data.HashCache$ProviderCache CLASS to access PUBLIC and LEAVE
[10dic2025 19:46:02.715] [main/DEBUG] [net.neoforged.accesstransformer.AccessTransformer/AXFORM]: Transforming net.minecraft.data.HashCache$ProviderCache METHOD <init>(Ljava/lang/String;Lcom/google/common/collect/ImmutableMap;)V to access PUBLIC and LEAVE
[10dic2025 19:46:02.716] [main/TRACE] [mixin/]: Added class metadata for net/minecraft/data/HashCache$ProviderCache to metadata cache
[10dic2025 19:46:02.716] [main/TRACE] [mixin/]: Added class metadata for net/fabricmc/fabric/api/networking/v1/EntityTrackingEvents$StartTracking to metadata cache
[10dic2025 19:46:02.716] [main/TRACE] [mixin/]: Added class metadata for net/fabricmc/fabric/api/networking/v1/EntityTrackingEvents$StopTracking to metadata cache
[10dic2025 19:46:02.716] [main/TRACE] [mixin/]: Added class metadata for net/minecraft/server/network/ConfigurationTask$Type to metadata cache
[10dic2025 19:46:02.717] [main/TRACE] [mixin/]: Added class metadata for net/fabricmc/fabric/api/networking/v1/ServerConfigurationConnectionEvents$Configure to metadata cache
[10dic2025 19:46:02.717] [main/TRACE] [mixin/]: Added class metadata for net/fabricmc/fabric/api/networking/v1/ServerConfigurationConnectionEvents$Disconnect to metadata cache
[10dic2025 19:46:02.717] [main/TRACE] [mixin/]: Added class metadata for net/fabricmc/fabric/api/networking/v1/ServerPlayConnectionEvents$Init to metadata cache
[10dic2025 19:46:02.717] [main/TRACE] [mixin/]: Added class metadata for net/fabricmc/fabric/api/networking/v1/ServerPlayConnectionEvents$Disconnect to metadata cache
[10dic2025 19:46:02.718] [main/TRACE] [mixin/]: Added class metadata for net/minecraft/network/protocol/common/custom/CustomPacketPayload$TypeAndCodec to metadata cache
[10dic2025 19:46:02.718] [main/TRACE] [mixin/]: Added class metadata for net/minecraft/network/protocol/common/custom/CustomPacketPayload$Type to metadata cache
[10dic2025 19:46:02.718] [main/TRACE] [mixin/]: Added class metadata for net/fabricmc/fabric/api/client/networking/v1/ClientConfigurationConnectionEvents$Init to metadata cache
[10dic2025 19:46:02.718] [main/TRACE] [mixin/]: Added class metadata for net/fabricmc/fabric/api/client/networking/v1/ClientConfigurationConnectionEvents$Complete to metadata cache
[10dic2025 19:46:02.719] [main/TRACE] [mixin/]: Added class metadata for net/fabricmc/fabric/api/client/networking/v1/ClientConfigurationConnectionEvents$Ready to metadata cache
[10dic2025 19:46:02.719] [main/TRACE] [mixin/]: Added class metadata for net/fabricmc/fabric/api/client/networking/v1/ClientConfigurationConnectionEvents$Disconnect to metadata cache
[10dic2025 19:46:02.719] [main/TRACE] [mixin/]: Added class metadata for net/fabricmc/fabric/api/client/networking/v1/ClientPlayConnectionEvents$Init to metadata cache
[10dic2025 19:46:02.719] [main/TRACE] [mixin/]: Added class metadata for net/fabricmc/fabric/api/client/networking/v1/ClientPlayConnectionEvents$Disconnect to metadata cache
[10dic2025 19:46:02.719] [main/TRACE] [mixin/]: Added class metadata for net/fabricmc/fabric/api/client/networking/v1/ClientConfigurationConnectionEvents$Start to metadata cache
[10dic2025 19:46:02.720] [main/DEBUG] [net.neoforged.fml.common.asm.RuntimeDistCleaner/DISTXFORM]: Removing Class Annotation: net/minecraft/client/gui/components/Button$Builder @Lnet/neoforged/api/distmarker/OnlyIn;
[10dic2025 19:46:02.720] [main/TRACE] [mixin/]: Added class metadata for net/minecraft/client/gui/components/Button$Builder to metadata cache
[10dic2025 19:46:02.720] [main/DEBUG] [net.neoforged.fml.common.asm.RuntimeDistCleaner/DISTXFORM]: Removing Class Annotation: net/minecraft/client/resources/model/BlockStateModelLoader$LoadedJson @Lnet/neoforged/api/distmarker/OnlyIn;
[10dic2025 19:46:02.720] [main/TRACE] [mixin/]: Added class metadata for net/minecraft/client/resources/model/BlockStateModelLoader$LoadedJson to metadata cache
[10dic2025 19:46:02.721] [main/DEBUG] [net.neoforged.fml.common.asm.RuntimeDistCleaner/DISTXFORM]: Removing Class Annotation: net/minecraft/client/resources/model/ModelBakery$TextureGetter @Lnet/neoforged/api/distmarker/OnlyIn;
[10dic2025 19:46:02.721] [main/TRACE] [mixin/]: Added class metadata for net/minecraft/client/resources/model/ModelBakery$TextureGetter to metadata cache
[10dic2025 19:46:02.722] [main/DEBUG] [mixin/]: Prepared 244 mixins in 0,648 sec (2,7ms avg) (0ms load, 0ms transform, 0ms plugin)
[10dic2025 19:46:02.806] [main/INFO] [MixinExtras|Service/]: Initializing MixinExtras via com.llamalad7.mixinextras.service.MixinExtrasServiceImpl(version=0.4.1).
[10dic2025 19:46:02.807] [main/DEBUG] [mixin/]: Registering new injector for @SugarWrapper with com.llamalad7.mixinextras.sugar.impl.SugarWrapperInjectionInfo
[10dic2025 19:46:02.807] [main/DEBUG] [mixin/]: Registering new injector for @FactoryRedirectWrapper with com.llamalad7.mixinextras.wrapper.factory.FactoryRedirectWrapperInjectionInfo
[10dic2025 19:46:02.809] [main/DEBUG] [mixin/]: Mixing dev.DataGeneratorMixin from supermartijn642corelib.mixins.json into net.minecraft.data.DataGenerator
[10dic2025 19:46:02.810] [main/DEBUG] [mixin/]: supermartijn642corelib.mixins.json:dev.DataGeneratorMixin from mod supermartijn642corelib: Class version 65 required is higher than the class version supported by the current version of Mixin (JAVA_17 supports class version 61)
[10dic2025 19:46:02.814] [main/DEBUG] [mixin/]: Renaming synthetic method lambda$runHead$0(Lnet/minecraft/data/HashCache;Ljava/lang/String;)V to md5e8480$supermartijn642corelib$lambda$runHead$0$0 in supermartijn642corelib.mixins.json:dev.DataGeneratorMixin from mod supermartijn642corelib
[10dic2025 19:46:02.881] [main/DEBUG] [mixin/]: supermartijn642corelib.mixins.json:dev.DataGeneratorMixin from mod supermartijn642corelib->@Inject::runHead(Lorg/spongepowered/asm/mixin/injection/callback/CallbackInfo;Lnet/minecraft/data/HashCache;)V doesn't use it's CallbackInfo
[10dic2025 19:46:02.881] [main/DEBUG] [mixin/]: supermartijn642corelib.mixins.json:dev.DataGeneratorMixin from mod supermartijn642corelib->@Inject::runHead(Lorg/spongepowered/asm/mixin/injection/callback/CallbackInfo;Lnet/minecraft/data/HashCache;)V has 0 override(s) in child classes
[10dic2025 19:46:02.882] [main/DEBUG] [mixin/]: supermartijn642corelib.mixins.json:dev.DataGeneratorMixin from mod supermartijn642corelib->@Inject::runHead(Lorg/spongepowered/asm/mixin/injection/callback/CallbackInfo;Lnet/minecraft/data/HashCache;)V won't be passed a CallbackInfo as a result
[10dic2025 19:46:02.882] [main/DEBUG] [mixin/]: supermartijn642corelib.mixins.json:dev.DataGeneratorMixin from mod supermartijn642corelib->@Inject::runBeforeGenerators(Lorg/spongepowered/asm/mixin/injection/callback/CallbackInfo;Lnet/minecraft/data/HashCache;)V doesn't use it's CallbackInfo
[10dic2025 19:46:02.882] [main/DEBUG] [mixin/]: supermartijn642corelib.mixins.json:dev.DataGeneratorMixin from mod supermartijn642corelib->@Inject::runBeforeGenerators(Lorg/spongepowered/asm/mixin/injection/callback/CallbackInfo;Lnet/minecraft/data/HashCache;)V has 0 override(s) in child classes
[10dic2025 19:46:02.882] [main/DEBUG] [mixin/]: supermartijn642corelib.mixins.json:dev.DataGeneratorMixin from mod supermartijn642corelib->@Inject::runBeforeGenerators(Lorg/spongepowered/asm/mixin/injection/callback/CallbackInfo;Lnet/minecraft/data/HashCache;)V won't be passed a CallbackInfo as a result
[10dic2025 19:46:02.882] [main/DEBUG] [mixin/]: supermartijn642corelib.mixins.json:dev.DataGeneratorMixin from mod supermartijn642corelib->@Inject::runTail(Lorg/spongepowered/asm/mixin/injection/callback/CallbackInfo;)V doesn't use it's CallbackInfo
[10dic2025 19:46:02.882] [main/DEBUG] [mixin/]: supermartijn642corelib.mixins.json:dev.DataGeneratorMixin from mod supermartijn642corelib->@Inject::runTail(Lorg/spongepowered/asm/mixin/injection/callback/CallbackInfo;)V has 0 override(s) in child classes
[10dic2025 19:46:02.882] [main/DEBUG] [mixin/]: supermartijn642corelib.mixins.json:dev.DataGeneratorMixin from mod supermartijn642corelib->@Inject::runTail(Lorg/spongepowered/asm/mixin/injection/callback/CallbackInfo;)V won't be passed a CallbackInfo as a result
[10dic2025 19:46:02.890] [main/DEBUG] [io.netty.util.internal.logging.InternalLoggerFactory/]: Using SLF4J as the default logging framework
[10dic2025 19:46:02.891] [main/DEBUG] [io.netty.util.ResourceLeakDetector/]: -Dio.netty.leakDetection.level: simple
[10dic2025 19:46:02.891] [main/DEBUG] [io.netty.util.ResourceLeakDetector/]: -Dio.netty.leakDetection.targetRecords: 4
[10dic2025 19:46:02.956] [main/DEBUG] [mixin/]: Mixing text.TextCodecsMixin from owo.mixins.json into net.minecraft.network.chat.ComponentSerialization
[10dic2025 19:46:02.956] [main/DEBUG] [mixin/]: owo.mixins.json:text.TextCodecsMixin from mod owo: Class version 65 required is higher than the class version supported by the current version of Mixin (JAVA_16 supports class version 60)
[10dic2025 19:46:02.957] [main/DEBUG] [mixin/]: Renaming synthetic method lambda$injectCustomTextTypesExplicit$0(Ljava/lang/String;)Lnet/minecraft/util/StringRepresentable; to md5e8480$owo$lambda$injectCustomTextTypesExplicit$0$0 in owo.mixins.json:text.TextCodecsMixin from mod owo
[10dic2025 19:46:02.974] [main/DEBUG] [mixin/]: Mixing StringRepresentableMixin from kubejs.mixins.json into net.minecraft.util.StringRepresentable
[10dic2025 19:46:02.976] [main/DEBUG] [mixin/]: Generating mapped inner class net/minecraft/network/chat/ComponentSerialization$Anonymous$2eeab424b37f4e21b2bbe386e62f03f4 (originally io/wispforest/owo/mixin/text/TextCodecsMixin$2)
[10dic2025 19:46:02.990] [main/DEBUG] [mixin/]: Mixing NbtCompoundMixin from owo.mixins.json into net.minecraft.nbt.CompoundTag
[10dic2025 19:46:02.990] [main/DEBUG] [mixin/]: owo.mixins.json:NbtCompoundMixin from mod owo: Class version 65 required is higher than the class version supported by the current version of Mixin (JAVA_16 supports class version 60)
[10dic2025 19:46:02.996] [main/DEBUG] [mixin/]: Mixing CompoundTagMixin from kubejs.mixins.json into net.minecraft.nbt.CompoundTag
[10dic2025 19:46:03.015] [main/DEBUG] [mixin/]: Mixing MutableComponentMixin from kubejs.mixins.json into net.minecraft.network.chat.MutableComponent
[10dic2025 19:46:03.022] [main/DEBUG] [mixin/]: Mixing ResourceLocationMixin from ftblibrary-common.mixins.json into net.minecraft.resources.ResourceLocation
[10dic2025 19:46:03.022] [main/DEBUG] [mixin/]: ftblibrary-common.mixins.json:ResourceLocationMixin from mod ftblibrary: Class version 65 required is higher than the class version supported by the current version of Mixin (JAVA_8 supports class version 52)
[10dic2025 19:46:03.025] [main/DEBUG] [mixin/]: Mixing ResourceLocationMixin from kubejs.mixins.json into net.minecraft.resources.ResourceLocation
[10dic2025 19:46:03.040] [main/DEBUG] [mixin/]: Mixing dev.DatagenModLoaderAccessor from supermartijn642corelib.mixins.json into net.neoforged.neoforge.data.loading.DatagenModLoader
[10dic2025 19:46:03.041] [main/DEBUG] [mixin/]: supermartijn642corelib.mixins.json:dev.DatagenModLoaderAccessor from mod supermartijn642corelib: Class version 65 required is higher than the class version supported by the current version of Mixin (JAVA_17 supports class version 61)
[10dic2025 19:46:03.041] [main/DEBUG] [mixin/]: Renaming @Accessor method getExistingFileHelper()Lnet/neoforged/neoforge/common/data/ExistingFileHelper; to getExistingFileHelper$supermartijn642corelib_$md$5e8480$0 in supermartijn642corelib.mixins.json:dev.DatagenModLoaderAccessor from mod supermartijn642corelib
[10dic2025 19:46:03.044] [main/INFO] [net.neoforged.neoforge.data.loading.DatagenModLoader/]: Initializing Data Gatherer for mods [pipezretriever]
[10dic2025 19:46:03.049] [main/DEBUG] [mixin/]: Mixing registry.SimpleRegistryMixin from owo.mixins.json into net.minecraft.core.MappedRegistry
[10dic2025 19:46:03.049] [main/DEBUG] [mixin/]: owo.mixins.json:registry.SimpleRegistryMixin from mod owo: Class version 65 required is higher than the class version supported by the current version of Mixin (JAVA_16 supports class version 60)
[10dic2025 19:46:03.051] [main/DEBUG] [mixin/]: Renaming synthetic method lambda$owo$set$1(ILnet/minecraft/resources/ResourceKey;Ljava/lang/Object;Lnet/neoforged/neoforge/registries/callback/AddCallback;)V to md5e8480$owo$lambda$owo$set$1$0 in owo.mixins.json:registry.SimpleRegistryMixin from mod owo
[10dic2025 19:46:03.051] [main/DEBUG] [mixin/]: Renaming synthetic method lambda$owo$set$0(Lnet/minecraft/resources/ResourceKey;)Lnet/minecraft/core/Holder$Reference; to md5e8480$owo$lambda$owo$set$0$1 in owo.mixins.json:registry.SimpleRegistryMixin from mod owo
[10dic2025 19:46:03.063] [main/DEBUG] [mixin/]: Mixing MappedRegistryMixin from supermartijn642corelib.mixins.json into net.minecraft.core.MappedRegistry
[10dic2025 19:46:03.063] [main/DEBUG] [mixin/]: supermartijn642corelib.mixins.json:MappedRegistryMixin from mod supermartijn642corelib: Class version 65 required is higher than the class version supported by the current version of Mixin (JAVA_17 supports class version 61)
[10dic2025 19:46:03.071] [main/DEBUG] [mixin/]: Mixing MappedRegistryAccessor from neoforge.mixins.json into net.minecraft.core.MappedRegistry
[10dic2025 19:46:03.083] [main/DEBUG] [mixin/]: supermartijn642corelib.mixins.json:MappedRegistryMixin from mod supermartijn642corelib->@Inject::registerMappingHead(Lnet/minecraft/resources/ResourceKey;Ljava/lang/Object;Lnet/minecraft/core/RegistrationInfo;Lorg/spongepowered/asm/mixin/injection/callback/CallbackInfoReturnable;)V doesn't use it's CallbackInfoReturnable
[10dic2025 19:46:03.083] [main/DEBUG] [mixin/]: supermartijn642corelib.mixins.json:MappedRegistryMixin from mod supermartijn642corelib->@Inject::registerMappingHead(Lnet/minecraft/resources/ResourceKey;Ljava/lang/Object;Lnet/minecraft/core/RegistrationInfo;Lorg/spongepowered/asm/mixin/injection/callback/CallbackInfoReturnable;)V has 0 override(s) in child classes
[10dic2025 19:46:03.083] [main/DEBUG] [mixin/]: supermartijn642corelib.mixins.json:MappedRegistryMixin from mod supermartijn642corelib->@Inject::registerMappingHead(Lnet/minecraft/resources/ResourceKey;Ljava/lang/Object;Lnet/minecraft/core/RegistrationInfo;Lorg/spongepowered/asm/mixin/injection/callback/CallbackInfoReturnable;)V won't be passed a CallbackInfoReturnable as a result
[10dic2025 19:46:03.083] [main/DEBUG] [mixin/]: supermartijn642corelib.mixins.json:MappedRegistryMixin from mod supermartijn642corelib->@Inject::registerMappingTail(Lnet/minecraft/resources/ResourceKey;Ljava/lang/Object;Lnet/minecraft/core/RegistrationInfo;Lorg/spongepowered/asm/mixin/injection/callback/CallbackInfoReturnable;)V doesn't use it's CallbackInfoReturnable
[10dic2025 19:46:03.083] [main/DEBUG] [mixin/]: supermartijn642corelib.mixins.json:MappedRegistryMixin from mod supermartijn642corelib->@Inject::registerMappingTail(Lnet/minecraft/resources/ResourceKey;Ljava/lang/Object;Lnet/minecraft/core/RegistrationInfo;Lorg/spongepowered/asm/mixin/injection/callback/CallbackInfoReturnable;)V has 0 override(s) in child classes
[10dic2025 19:46:03.083] [main/DEBUG] [mixin/]: supermartijn642corelib.mixins.json:MappedRegistryMixin from mod supermartijn642corelib->@Inject::registerMappingTail(Lnet/minecraft/resources/ResourceKey;Ljava/lang/Object;Lnet/minecraft/core/RegistrationInfo;Lorg/spongepowered/asm/mixin/injection/callback/CallbackInfoReturnable;)V won't be passed a CallbackInfoReturnable as a result
[10dic2025 19:46:03.090] [main/DEBUG] [mixin/]: Mixing ResourceKeyMixin from kubejs.mixins.json into net.minecraft.resources.ResourceKey
[10dic2025 19:46:03.094] [main/DEBUG] [mixin/]: kubejs.mixins.json:ResourceKeyMixin from mod kubejs->@Inject::kjs$getKeyStackTraces(Lnet/minecraft/resources/ResourceLocation;Lnet/minecraft/resources/ResourceLocation;Lorg/spongepowered/asm/mixin/injection/callback/CallbackInfo;)V doesn't use it's CallbackInfo
[10dic2025 19:46:03.094] [main/DEBUG] [mixin/]: kubejs.mixins.json:ResourceKeyMixin from mod kubejs->@Inject::kjs$getKeyStackTraces(Lnet/minecraft/resources/ResourceLocation;Lnet/minecraft/resources/ResourceLocation;Lorg/spongepowered/asm/mixin/injection/callback/CallbackInfo;)V has 0 override(s) in child classes
[10dic2025 19:46:03.095] [main/DEBUG] [mixin/]: kubejs.mixins.json:ResourceKeyMixin from mod kubejs->@Inject::kjs$getKeyStackTraces(Lnet/minecraft/resources/ResourceLocation;Lnet/minecraft/resources/ResourceLocation;Lorg/spongepowered/asm/mixin/injection/callback/CallbackInfo;)V won't be passed a CallbackInfo as a result
[10dic2025 19:46:03.110] [main/DEBUG] [mixin/]: Mixing UtilMixin from kubejs.mixins.json into net.minecraft.Util
[10dic2025 19:46:03.114] [main/DEBUG] [mixin/]: kubejs.mixins.json:UtilMixin from mod kubejs->@Inject::shutdownExecutorsKJS(Lorg/spongepowered/asm/mixin/injection/callback/CallbackInfo;)V doesn't use it's CallbackInfo
[10dic2025 19:46:03.132] [main/DEBUG] [mixin/]: Mixing registry.ReferenceAccessor from owo.mixins.json into net.minecraft.core.Holder$Reference
[10dic2025 19:46:03.132] [main/DEBUG] [mixin/]: owo.mixins.json:registry.ReferenceAccessor from mod owo: Class version 65 required is higher than the class version supported by the current version of Mixin (JAVA_16 supports class version 60)
[10dic2025 19:46:03.132] [main/DEBUG] [mixin/]: Mixing HolderReferenceMixin from supermartijn642corelib.mixins.json into net.minecraft.core.Holder$Reference
[10dic2025 19:46:03.132] [main/DEBUG] [mixin/]: supermartijn642corelib.mixins.json:HolderReferenceMixin from mod supermartijn642corelib: Class version 65 required is higher than the class version supported by the current version of Mixin (JAVA_17 supports class version 61)
[10dic2025 19:46:03.156] [main/DEBUG] [mixin/]: Mixing itemgroup.ItemGroupAccessor from owo.mixins.json into net.minecraft.world.item.CreativeModeTab
[10dic2025 19:46:03.157] [main/DEBUG] [mixin/]: owo.mixins.json:itemgroup.ItemGroupAccessor from mod owo: Class version 65 required is higher than the class version supported by the current version of Mixin (JAVA_16 supports class version 60)
[10dic2025 19:46:03.157] [main/DEBUG] [mixin/]: Mixing CreativeModeTabMixin from kubejs.mixins.json into net.minecraft.world.item.CreativeModeTab
[10dic2025 19:46:03.162] [main/DEBUG] [mixin/]: Mixing DataComponentsMixin from kubejs.mixins.json into net.minecraft.core.component.DataComponents
[10dic2025 19:46:03.174] [main/DEBUG] [mixin/]: Mixing inject.MixinBlock from architectury-common.mixins.json into net.minecraft.world.level.block.Block
[10dic2025 19:46:03.174] [main/DEBUG] [mixin/]: architectury-common.mixins.json:inject.MixinBlock from mod architectury: Class version 65 required is higher than the class version supported by the current version of Mixin (JAVA_16 supports class version 60)
[10dic2025 19:46:03.175] [main/DEBUG] [mixin/]: Mixing BlockMixin from kubejs.mixins.json into net.minecraft.world.level.block.Block
[10dic2025 19:46:03.186] [main/DEBUG] [mixin/]: kubejs.mixins.json:BlockMixin from mod kubejs->@Inject::kjs$getName(Lorg/spongepowered/asm/mixin/injection/callback/CallbackInfoReturnable;)V does use it's CallbackInfoReturnable
[10dic2025 19:46:03.190] [main/DEBUG] [mixin/]: Mixing BlockBehaviourMixin from kubejs.mixins.json into net.minecraft.world.level.block.state.BlockBehaviour
[10dic2025 19:46:03.197] [main/DEBUG] [mixin/]: kubejs.mixins.json:BlockBehaviourMixin from mod kubejs->@Inject::onRandomTick(Lnet/minecraft/world/level/block/state/BlockState;Lnet/minecraft/server/level/ServerLevel;Lnet/minecraft/core/BlockPos;Lnet/minecraft/util/RandomSource;Lorg/spongepowered/asm/mixin/injection/callback/CallbackInfo;)V does use it's CallbackInfo
[10dic2025 19:46:03.203] [main/DEBUG] [mixin/]: Mixing BlockStateBaseMixin from kubejs.mixins.json into net.minecraft.world.level.block.state.BlockBehaviour$BlockStateBase
[10dic2025 19:46:03.205] [main/DEBUG] [mixin/]: kubejs.mixins.json:BlockStateBaseMixin from mod kubejs->@Inject::kjs$onRandomTick(Lnet/minecraft/server/level/ServerLevel;Lnet/minecraft/core/BlockPos;Lnet/minecraft/util/RandomSource;Lorg/spongepowered/asm/mixin/injection/callback/CallbackInfo;)V does use it's CallbackInfo
[10dic2025 19:46:03.211] [main/DEBUG] [mixin/]: Mixing LevelMixin from kubejs.mixins.json into net.minecraft.world.level.Level
[10dic2025 19:46:03.230] [main/DEBUG] [mixin/]: Mixing ServerLevelMixin from kubejs.mixins.json into net.minecraft.server.level.ServerLevel
[10dic2025 19:46:03.249] [main/DEBUG] [mixin/]: Mixing EntityAccess from jade.mixins.json into net.minecraft.world.entity.Entity
[10dic2025 19:46:03.249] [main/DEBUG] [mixin/]: jade.mixins.json:EntityAccess from mod jade: Class version 65 required is higher than the class version supported by the current version of Mixin (JAVA_16 supports class version 60)
[10dic2025 19:46:03.250] [main/DEBUG] [mixin/]: Mixing EntityMixin from kubejs.mixins.json into net.minecraft.world.entity.Entity
[10dic2025 19:46:03.259] [main/DEBUG] [mixin/]: kubejs.mixins.json:EntityMixin from mod kubejs->@Inject::saveKJS(Lnet/minecraft/nbt/CompoundTag;Lorg/spongepowered/asm/mixin/injection/callback/CallbackInfoReturnable;)V doesn't use it's CallbackInfoReturnable
[10dic2025 19:46:03.259] [main/DEBUG] [mixin/]: kubejs.mixins.json:EntityMixin from mod kubejs->@Inject::saveKJS(Lnet/minecraft/nbt/CompoundTag;Lorg/spongepowered/asm/mixin/injection/callback/CallbackInfoReturnable;)V has 0 override(s) in child classes
[10dic2025 19:46:03.259] [main/DEBUG] [mixin/]: kubejs.mixins.json:EntityMixin from mod kubejs->@Inject::saveKJS(Lnet/minecraft/nbt/CompoundTag;Lorg/spongepowered/asm/mixin/injection/callback/CallbackInfoReturnable;)V won't be passed a CallbackInfoReturnable as a result
[10dic2025 19:46:03.259] [main/DEBUG] [mixin/]: kubejs.mixins.json:EntityMixin from mod kubejs->@Inject::loadKJS(Lnet/minecraft/nbt/CompoundTag;Lorg/spongepowered/asm/mixin/injection/callback/CallbackInfo;)V doesn't use it's CallbackInfo
[10dic2025 19:46:03.259] [main/DEBUG] [mixin/]: kubejs.mixins.json:EntityMixin from mod kubejs->@Inject::loadKJS(Lnet/minecraft/nbt/CompoundTag;Lorg/spongepowered/asm/mixin/injection/callback/CallbackInfo;)V has 0 override(s) in child classes
[10dic2025 19:46:03.259] [main/DEBUG] [mixin/]: kubejs.mixins.json:EntityMixin from mod kubejs->@Inject::loadKJS(Lnet/minecraft/nbt/CompoundTag;Lorg/spongepowered/asm/mixin/injection/callback/CallbackInfo;)V won't be passed a CallbackInfo as a result
[10dic2025 19:46:03.278] [main/DEBUG] [mixin/]: Mixing PlayerMixin from kubejs.mixins.json into net.minecraft.world.entity.player.Player
[10dic2025 19:46:03.306] [main/DEBUG] [mixin/]: Mixing LivingEntityMixin from kubejs.mixins.json into net.minecraft.world.entity.LivingEntity
[10dic2025 19:46:03.308] [main/DEBUG] [mixin/]: kubejs.mixins.json:LivingEntityMixin from mod kubejs->@Inject::foodEaten(Lnet/minecraft/world/level/Level;Lnet/minecraft/world/item/ItemStack;Lnet/minecraft/world/food/FoodProperties;Lorg/spongepowered/asm/mixin/injection/callback/CallbackInfoReturnable;)V doesn't use it's CallbackInfoReturnable
[10dic2025 19:46:03.308] [main/DEBUG] [mixin/]: kubejs.mixins.json:LivingEntityMixin from mod kubejs->@Inject::foodEaten(Lnet/minecraft/world/level/Level;Lnet/minecraft/world/item/ItemStack;Lnet/minecraft/world/food/FoodProperties;Lorg/spongepowered/asm/mixin/injection/callback/CallbackInfoReturnable;)V has 0 override(s) in child classes
[10dic2025 19:46:03.308] [main/DEBUG] [mixin/]: kubejs.mixins.json:LivingEntityMixin from mod kubejs->@Inject::foodEaten(Lnet/minecraft/world/level/Level;Lnet/minecraft/world/item/ItemStack;Lnet/minecraft/world/food/FoodProperties;Lorg/spongepowered/asm/mixin/injection/callback/CallbackInfoReturnable;)V won't be passed a CallbackInfoReturnable as a result
[10dic2025 19:46:03.330] [main/DEBUG] [mixin/]: Mixing ItemEntityMixin from kubejs.mixins.json into net.minecraft.world.entity.item.ItemEntity
[10dic2025 19:46:03.334] [main/DEBUG] [mixin/]: Mixing DirectionMixin from kubejs.mixins.json into net.minecraft.core.Direction
[10dic2025 19:46:03.342] [main/DEBUG] [mixin/]: Mixing BlockPropertiesAccessor from supermartijn642corelib.mixins.json into net.minecraft.world.level.block.state.BlockBehaviour$Properties
[10dic2025 19:46:03.342] [main/DEBUG] [mixin/]: supermartijn642corelib.mixins.json:BlockPropertiesAccessor from mod supermartijn642corelib: Class version 65 required is higher than the class version supported by the current version of Mixin (JAVA_17 supports class version 61)
[10dic2025 19:46:03.345] [main/DEBUG] [mixin/]: Mixing GameDataMixin from supermartijn642corelib.mixins.json into net.neoforged.neoforge.registries.GameData
[10dic2025 19:46:03.345] [main/DEBUG] [mixin/]: supermartijn642corelib.mixins.json:GameDataMixin from mod supermartijn642corelib: Class version 65 required is higher than the class version supported by the current version of Mixin (JAVA_17 supports class version 61)
[10dic2025 19:46:03.351] [main/DEBUG] [mixin/]: supermartijn642corelib.mixins.json:GameDataMixin from mod supermartijn642corelib->@Inject::postRegisterEvents(Lorg/spongepowered/asm/mixin/injection/callback/CallbackInfo;)V doesn't use it's CallbackInfo
[10dic2025 19:46:03.432] [main/DEBUG] [mixin/]: Mixing PacketByteBufMixin from owo.mixins.json into net.minecraft.network.FriendlyByteBuf
[10dic2025 19:46:03.432] [main/DEBUG] [mixin/]: owo.mixins.json:PacketByteBufMixin from mod owo: Class version 65 required is higher than the class version supported by the current version of Mixin (JAVA_16 supports class version 60)
[10dic2025 19:46:03.433] [main/DEBUG] [mixin/]: Renaming synthetic method lambda$write$0()Lio/wispforest/endec/Serializer; to md5e8480$owo$lambda$write$0$0 in owo.mixins.json:PacketByteBufMixin from mod owo
[10dic2025 19:46:03.503] [main/DEBUG] [mixin/]: Mixing neoforge.LiquidBlockAccessor from architectury.mixins.json into net.minecraft.world.level.block.LiquidBlock
[10dic2025 19:46:03.503] [main/DEBUG] [mixin/]: architectury.mixins.json:neoforge.LiquidBlockAccessor from mod architectury: Class version 65 required is higher than the class version supported by the current version of Mixin (JAVA_16 supports class version 60)
[10dic2025 19:46:03.504] [main/DEBUG] [mixin/]: Mixing inject.MixinLiquidBlock from architectury-common.mixins.json into net.minecraft.world.level.block.LiquidBlock
[10dic2025 19:46:03.504] [main/DEBUG] [mixin/]: architectury-common.mixins.json:inject.MixinLiquidBlock from mod architectury: Class version 65 required is higher than the class version supported by the current version of Mixin (JAVA_16 supports class version 60)
[10dic2025 19:46:03.656] [main/DEBUG] [mixin/]: Mixing inject.MixinEntityType from architectury-common.mixins.json into net.minecraft.world.entity.EntityType
[10dic2025 19:46:03.656] [main/DEBUG] [mixin/]: architectury-common.mixins.json:inject.MixinEntityType from mod architectury: Class version 65 required is higher than the class version supported by the current version of Mixin (JAVA_16 supports class version 60)
[10dic2025 19:46:03.656] [main/DEBUG] [mixin/]: Mixing EntityTypeMixin from kubejs.mixins.json into net.minecraft.world.entity.EntityType
[10dic2025 19:46:03.677] [main/DEBUG] [mixin/]: Mixing inject.MixinFluid from architectury-common.mixins.json into net.minecraft.world.level.material.Fluid
[10dic2025 19:46:03.677] [main/DEBUG] [mixin/]: architectury-common.mixins.json:inject.MixinFluid from mod architectury: Class version 65 required is higher than the class version supported by the current version of Mixin (JAVA_16 supports class version 60)
[10dic2025 19:46:03.678] [main/DEBUG] [mixin/]: Mixing FluidMixin from kubejs.mixins.json into net.minecraft.world.level.material.Fluid
[10dic2025 19:46:03.719] [main/DEBUG] [mixin/]: Mixing MixinFallingBlockEntity from architectury.mixins.json into net.minecraft.world.entity.item.FallingBlockEntity
[10dic2025 19:46:03.719] [main/DEBUG] [mixin/]: architectury.mixins.json:MixinFallingBlockEntity from mod architectury: Class version 65 required is higher than the class version supported by the current version of Mixin (JAVA_16 supports class version 60)
[10dic2025 19:46:03.721] [main/DEBUG] [mixin/]: Mixing FallingBlockEntityMixin from kubejs.mixins.json into net.minecraft.world.entity.item.FallingBlockEntity
[10dic2025 19:46:03.736] [main/DEBUG] [mixin/]: architectury.mixins.json:MixinFallingBlockEntity from mod architectury->@Inject::handleLand(Lorg/spongepowered/asm/mixin/injection/callback/CallbackInfo;Lnet/minecraft/world/level/block/Block;Lnet/minecraft/core/BlockPos;ZZDLnet/minecraft/world/level/block/state/BlockState;)V doesn't use it's CallbackInfo
[10dic2025 19:46:03.736] [main/DEBUG] [mixin/]: architectury.mixins.json:MixinFallingBlockEntity from mod architectury->@Inject::handleLand(Lorg/spongepowered/asm/mixin/injection/callback/CallbackInfo;Lnet/minecraft/world/level/block/Block;Lnet/minecraft/core/BlockPos;ZZDLnet/minecraft/world/level/block/state/BlockState;)V has 0 override(s) in child classes
[10dic2025 19:46:03.736] [main/DEBUG] [mixin/]: architectury.mixins.json:MixinFallingBlockEntity from mod architectury->@Inject::handleLand(Lorg/spongepowered/asm/mixin/injection/callback/CallbackInfo;Lnet/minecraft/world/level/block/Block;Lnet/minecraft/core/BlockPos;ZZDLnet/minecraft/world/level/block/state/BlockState;)V won't be passed a CallbackInfo as a result
[10dic2025 19:46:03.736] [main/DEBUG] [mixin/]: kubejs.mixins.json:FallingBlockEntityMixin from mod kubejs->@Inject::kjs$fallStart(Lnet/minecraft/world/level/Level;Lnet/minecraft/core/BlockPos;Lnet/minecraft/world/level/block/state/BlockState;Lorg/spongepowered/asm/mixin/injection/callback/CallbackInfoReturnable;Lnet/minecraft/world/entity/item/FallingBlockEntity;)V does use it's CallbackInfoReturnable
[10dic2025 19:46:03.736] [main/DEBUG] [mixin/]: kubejs.mixins.json:FallingBlockEntityMixin from mod kubejs->@Inject::kjs$fallEnd(Lorg/spongepowered/asm/mixin/injection/callback/CallbackInfo;Lnet/minecraft/world/level/block/Block;Lnet/minecraft/core/BlockPos;ZZDLnet/minecraft/world/level/block/state/BlockState;)V doesn't use it's CallbackInfo
[10dic2025 19:46:03.736] [main/DEBUG] [mixin/]: kubejs.mixins.json:FallingBlockEntityMixin from mod kubejs->@Inject::kjs$fallEnd(Lorg/spongepowered/asm/mixin/injection/callback/CallbackInfo;Lnet/minecraft/world/level/block/Block;Lnet/minecraft/core/BlockPos;ZZDLnet/minecraft/world/level/block/state/BlockState;)V has 0 override(s) in child classes
[10dic2025 19:46:03.736] [main/DEBUG] [mixin/]: kubejs.mixins.json:FallingBlockEntityMixin from mod kubejs->@Inject::kjs$fallEnd(Lorg/spongepowered/asm/mixin/injection/callback/CallbackInfo;Lnet/minecraft/world/level/block/Block;Lnet/minecraft/core/BlockPos;ZZDLnet/minecraft/world/level/block/state/BlockState;)V won't be passed a CallbackInfo as a result
[10dic2025 19:46:03.738] [main/DEBUG] [mixin/]: Mixing ui.access.BlockEntityAccessor from owo.mixins.json into net.minecraft.world.level.block.entity.BlockEntity
[10dic2025 19:46:03.738] [main/DEBUG] [mixin/]: owo.mixins.json:ui.access.BlockEntityAccessor from mod owo: Class version 65 required is higher than the class version supported by the current version of Mixin (JAVA_16 supports class version 60)
[10dic2025 19:46:03.760] [main/DEBUG] [mixin/]: Mixing ContainerMixin from kubejs.mixins.json into net.minecraft.world.Container
[10dic2025 19:46:03.829] [main/DEBUG] [mixin/]: Mixing DyeColorMixin from kubejs.mixins.json into net.minecraft.world.item.DyeColor
[10dic2025 19:46:03.861] [main/DEBUG] [mixin/]: Mixing ChatFormattingMixin from kubejs.mixins.json into net.minecraft.ChatFormatting
[10dic2025 19:46:03.868] [main/DEBUG] [mixin/]: Mixing TextColorMixin from kubejs.mixins.json into net.minecraft.network.chat.TextColor
[10dic2025 19:46:03.943] [main/DEBUG] [mixin/]: Mixing BlockEntityTypeAccessor from neoforge.mixins.json into net.minecraft.world.level.block.entity.BlockEntityType
[10dic2025 19:46:04.006] [main/DEBUG] [mixin/]: Mixing ScreenHandlerInvoker from owo.mixins.json into net.minecraft.world.inventory.AbstractContainerMenu
[10dic2025 19:46:04.007] [main/DEBUG] [mixin/]: owo.mixins.json:ScreenHandlerInvoker from mod owo: Class version 65 required is higher than the class version supported by the current version of Mixin (JAVA_16 supports class version 60)
[10dic2025 19:46:04.007] [main/DEBUG] [mixin/]: Mixing ScreenHandlerMixin from owo.mixins.json into net.minecraft.world.inventory.AbstractContainerMenu
[10dic2025 19:46:04.007] [main/DEBUG] [mixin/]: owo.mixins.json:ScreenHandlerMixin from mod owo: Class version 65 required is higher than the class version supported by the current version of Mixin (JAVA_16 supports class version 60)
[10dic2025 19:46:04.027] [main/DEBUG] [mixin/]: Mixing common.AbstractContainerMenuMixin from geckolib.mixins.json into net.minecraft.world.inventory.AbstractContainerMenu
[10dic2025 19:46:04.027] [main/DEBUG] [mixin/]: geckolib.mixins.json:common.AbstractContainerMenuMixin from mod geckolib: Class version 65 required is higher than the class version supported by the current version of Mixin (JAVA_17 supports class version 61)
[10dic2025 19:46:04.062] [main/DEBUG] [mixin/]: owo.mixins.json:ScreenHandlerMixin from mod owo->@Inject::createReflectiveBuilder(Lnet/minecraft/world/inventory/MenuType;ILorg/spongepowered/asm/mixin/injection/callback/CallbackInfo;)V doesn't use it's CallbackInfo
[10dic2025 19:46:04.062] [main/DEBUG] [mixin/]: owo.mixins.json:ScreenHandlerMixin from mod owo->@Inject::createReflectiveBuilder(Lnet/minecraft/world/inventory/MenuType;ILorg/spongepowered/asm/mixin/injection/callback/CallbackInfo;)V has 0 override(s) in child classes
[10dic2025 19:46:04.062] [main/DEBUG] [mixin/]: owo.mixins.json:ScreenHandlerMixin from mod owo->@Inject::createReflectiveBuilder(Lnet/minecraft/world/inventory/MenuType;ILorg/spongepowered/asm/mixin/injection/callback/CallbackInfo;)V won't be passed a CallbackInfo as a result
[10dic2025 19:46:04.062] [main/DEBUG] [mixin/]: owo.mixins.json:ScreenHandlerMixin from mod owo->@Inject::syncOnSyncState(Lorg/spongepowered/asm/mixin/injection/callback/CallbackInfo;)V doesn't use it's CallbackInfo
[10dic2025 19:46:04.062] [main/DEBUG] [mixin/]: owo.mixins.json:ScreenHandlerMixin from mod owo->@Inject::syncOnSyncState(Lorg/spongepowered/asm/mixin/injection/callback/CallbackInfo;)V has 0 override(s) in child classes
[10dic2025 19:46:04.062] [main/DEBUG] [mixin/]: owo.mixins.json:ScreenHandlerMixin from mod owo->@Inject::syncOnSyncState(Lorg/spongepowered/asm/mixin/injection/callback/CallbackInfo;)V won't be passed a CallbackInfo as a result
[10dic2025 19:46:04.062] [main/DEBUG] [mixin/]: owo.mixins.json:ScreenHandlerMixin from mod owo->@Inject::syncOnSendContentUpdates(Lorg/spongepowered/asm/mixin/injection/callback/CallbackInfo;)V doesn't use it's CallbackInfo
[10dic2025 19:46:04.062] [main/DEBUG] [mixin/]: owo.mixins.json:ScreenHandlerMixin from mod owo->@Inject::syncOnSendContentUpdates(Lorg/spongepowered/asm/mixin/injection/callback/CallbackInfo;)V has 0 override(s) in child classes
[10dic2025 19:46:04.062] [main/DEBUG] [mixin/]: owo.mixins.json:ScreenHandlerMixin from mod owo->@Inject::syncOnSendContentUpdates(Lorg/spongepowered/asm/mixin/injection/callback/CallbackInfo;)V won't be passed a CallbackInfo as a result
[10dic2025 19:46:04.078] [main/DEBUG] [mixin/]: Mixing AbstractFurnaceBlockEntityAccess from jade.mixins.json into net.minecraft.world.level.block.entity.AbstractFurnaceBlockEntity
[10dic2025 19:46:04.079] [main/DEBUG] [mixin/]: jade.mixins.json:AbstractFurnaceBlockEntityAccess from mod jade: Class version 65 required is higher than the class version supported by the current version of Mixin (JAVA_16 supports class version 60)
[10dic2025 19:46:04.181] [main/DEBUG] [mixin/]: Mixing ext.ItemStackMixin from owo.mixins.json into net.minecraft.world.item.ItemStack
[10dic2025 19:46:04.181] [main/DEBUG] [mixin/]: owo.mixins.json:ext.ItemStackMixin from mod owo: Class version 65 required is higher than the class version supported by the current version of Mixin (JAVA_16 supports class version 60)
[10dic2025 19:46:04.185] [main/DEBUG] [mixin/]: Mixing common.ItemStackMixin from geckolib.mixins.json into net.minecraft.world.item.ItemStack
[10dic2025 19:46:04.185] [main/DEBUG] [mixin/]: geckolib.mixins.json:common.ItemStackMixin from mod geckolib: Class version 65 required is higher than the class version supported by the current version of Mixin (JAVA_17 supports class version 61)
[10dic2025 19:46:04.188] [main/DEBUG] [mixin/]: Mixing ItemStackMixin from kubejs.mixins.json into net.minecraft.world.item.ItemStack
[10dic2025 19:46:04.190] [main/DEBUG] [mixin/]: Mixing ItemStackClientMixin from kubejs.mixins.json into net.minecraft.world.item.ItemStack
[10dic2025 19:46:04.199] [main/DEBUG] [mixin/]: owo.mixins.json:ext.ItemStackMixin from mod owo->@Inject::injectDerivedComponentMap(Lnet/minecraft/world/level/ItemLike;ILnet/minecraft/core/component/PatchedDataComponentMap;Lorg/spongepowered/asm/mixin/injection/callback/CallbackInfo;)V doesn't use it's CallbackInfo
[10dic2025 19:46:04.199] [main/DEBUG] [mixin/]: owo.mixins.json:ext.ItemStackMixin from mod owo->@Inject::deriveComponents1(Lnet/minecraft/world/level/ItemLike;ILnet/minecraft/core/component/PatchedDataComponentMap;Lorg/spongepowered/asm/mixin/injection/callback/CallbackInfo;)V doesn't use it's CallbackInfo
[10dic2025 19:46:04.199] [main/DEBUG] [mixin/]: owo.mixins.json:ext.ItemStackMixin from mod owo->@Inject::deriveComponents2(Lnet/minecraft/core/component/DataComponentPatch;Lorg/spongepowered/asm/mixin/injection/callback/CallbackInfo;)V doesn't use it's CallbackInfo
[10dic2025 19:46:04.199] [main/DEBUG] [mixin/]: owo.mixins.json:ext.ItemStackMixin from mod owo->@Inject::deriveComponents3(Lnet/minecraft/core/component/DataComponentPatch;Lorg/spongepowered/asm/mixin/injection/callback/CallbackInfo;)V doesn't use it's CallbackInfo
[10dic2025 19:46:04.199] [main/DEBUG] [mixin/]: owo.mixins.json:ext.ItemStackMixin from mod owo->@Inject::deriveComponents4(Lnet/minecraft/core/component/DataComponentMap;Lorg/spongepowered/asm/mixin/injection/callback/CallbackInfo;)V doesn't use it's CallbackInfo
[10dic2025 19:46:04.205] [main/DEBUG] [mixin/]: Mixing MutableDataComponentHolderMixin from kubejs.mixins.json into net.neoforged.neoforge.common.MutableDataComponentHolder
[10dic2025 19:46:04.618] [main/DEBUG] [mixin/]: Mixing RecipeInputMixin from kubejs.mixins.json into net.minecraft.world.item.crafting.RecipeInput
[10dic2025 19:46:04.627] [main/DEBUG] [mixin/]: Mixing ServerPlayerEntityMixin from owo.mixins.json into net.minecraft.server.level.ServerPlayer
[10dic2025 19:46:04.628] [main/DEBUG] [mixin/]: owo.mixins.json:ServerPlayerEntityMixin from mod owo: Class version 65 required is higher than the class version supported by the current version of Mixin (JAVA_16 supports class version 60)
[10dic2025 19:46:04.628] [main/DEBUG] [mixin/]: Mixing ServerPlayerMixin from kubejs.mixins.json into net.minecraft.server.level.ServerPlayer
[10dic2025 19:46:04.631] [main/DEBUG] [mixin/]: owo.mixins.json:ServerPlayerEntityMixin from mod owo->@Inject::attachScreenHandler(Lnet/minecraft/world/inventory/AbstractContainerMenu;Lorg/spongepowered/asm/mixin/injection/callback/CallbackInfo;)V doesn't use it's CallbackInfo
[10dic2025 19:46:04.631] [main/DEBUG] [mixin/]: owo.mixins.json:ServerPlayerEntityMixin from mod owo->@Inject::attachScreenHandler(Lnet/minecraft/world/inventory/AbstractContainerMenu;Lorg/spongepowered/asm/mixin/injection/callback/CallbackInfo;)V has 0 override(s) in child classes
[10dic2025 19:46:04.631] [main/DEBUG] [mixin/]: owo.mixins.json:ServerPlayerEntityMixin from mod owo->@Inject::attachScreenHandler(Lnet/minecraft/world/inventory/AbstractContainerMenu;Lorg/spongepowered/asm/mixin/injection/callback/CallbackInfo;)V won't be passed a CallbackInfo as a result
[10dic2025 19:46:04.640] [main/DEBUG] [mixin/]: Mixing ext.ComponentMapImplAccessor from owo.mixins.json into net.minecraft.core.component.PatchedDataComponentMap
[10dic2025 19:46:04.640] [main/DEBUG] [mixin/]: owo.mixins.json:ext.ComponentMapImplAccessor from mod owo: Class version 65 required is higher than the class version supported by the current version of Mixin (JAVA_16 supports class version 60)
[10dic2025 19:46:04.640] [main/DEBUG] [mixin/]: Mixing ext.ComponentMapImplMixin from owo.mixins.json into net.minecraft.core.component.PatchedDataComponentMap
[10dic2025 19:46:04.640] [main/DEBUG] [mixin/]: owo.mixins.json:ext.ComponentMapImplMixin from mod owo: Class version 65 required is higher than the class version supported by the current version of Mixin (JAVA_16 supports class version 60)
[10dic2025 19:46:04.972] [main/DEBUG] [mixin/]: Mixing ext.ItemMixin from owo.mixins.json into net.minecraft.world.item.Item
[10dic2025 19:46:04.972] [main/DEBUG] [mixin/]: owo.mixins.json:ext.ItemMixin from mod owo: Class version 65 required is higher than the class version supported by the current version of Mixin (JAVA_16 supports class version 60)
[10dic2025 19:46:04.973] [main/DEBUG] [mixin/]: Mixing itemgroup.ItemMixin from owo.mixins.json into net.minecraft.world.item.Item
[10dic2025 19:46:04.973] [main/DEBUG] [mixin/]: owo.mixins.json:itemgroup.ItemMixin from mod owo: Class version 65 required is higher than the class version supported by the current version of Mixin (JAVA_16 supports class version 60)
[10dic2025 19:46:04.974] [main/DEBUG] [mixin/]: Renaming synthetic method lambda$new$0()Lnet/minecraft/world/item/CreativeModeTab; to md5e8480$owo$lambda$new$0$0 in owo.mixins.json:itemgroup.ItemMixin from mod owo
[10dic2025 19:46:04.978] [main/DEBUG] [mixin/]: Mixing inject.MixinItem from architectury-common.mixins.json into net.minecraft.world.item.Item
[10dic2025 19:46:04.978] [main/DEBUG] [mixin/]: architectury-common.mixins.json:inject.MixinItem from mod architectury: Class version 65 required is higher than the class version supported by the current version of Mixin (JAVA_16 supports class version 60)
[10dic2025 19:46:04.981] [main/DEBUG] [mixin/]: Mixing ItemMixin from ftblibrary-common.mixins.json into net.minecraft.world.item.Item
[10dic2025 19:46:04.982] [main/DEBUG] [mixin/]: ftblibrary-common.mixins.json:ItemMixin from mod ftblibrary: Class version 65 required is higher than the class version supported by the current version of Mixin (JAVA_8 supports class version 52)
[10dic2025 19:46:04.985] [main/DEBUG] [mixin/]: Mixing ItemMixin from kubejs.mixins.json into net.minecraft.world.item.Item
[10dic2025 19:46:05.022] [main/DEBUG] [mixin/]: owo.mixins.json:itemgroup.ItemMixin from mod owo->@Inject::grabTab(Lnet/minecraft/world/item/Item$Properties;Lorg/spongepowered/asm/mixin/injection/callback/CallbackInfo;)V doesn't use it's CallbackInfo
[10dic2025 19:46:05.022] [main/DEBUG] [mixin/]: owo.mixins.json:itemgroup.ItemMixin from mod owo->@Inject::grabTab(Lnet/minecraft/world/item/Item$Properties;Lorg/spongepowered/asm/mixin/injection/callback/CallbackInfo;)V has 0 override(s) in child classes
[10dic2025 19:46:05.023] [main/DEBUG] [mixin/]: owo.mixins.json:itemgroup.ItemMixin from mod owo->@Inject::grabTab(Lnet/minecraft/world/item/Item$Properties;Lorg/spongepowered/asm/mixin/injection/callback/CallbackInfo;)V won't be passed a CallbackInfo as a result
[10dic2025 19:46:05.023] [main/DEBUG] [mixin/]: architectury-common.mixins.json:inject.MixinItem from mod architectury->@Inject::init(Lnet/minecraft/world/item/Item$Properties;Lorg/spongepowered/asm/mixin/injection/callback/CallbackInfo;)V doesn't use it's CallbackInfo
[10dic2025 19:46:05.023] [main/DEBUG] [mixin/]: architectury-common.mixins.json:inject.MixinItem from mod architectury->@Inject::init(Lnet/minecraft/world/item/Item$Properties;Lorg/spongepowered/asm/mixin/injection/callback/CallbackInfo;)V has 0 override(s) in child classes
[10dic2025 19:46:05.023] [main/DEBUG] [mixin/]: architectury-common.mixins.json:inject.MixinItem from mod architectury->@Inject::init(Lnet/minecraft/world/item/Item$Properties;Lorg/spongepowered/asm/mixin/injection/callback/CallbackInfo;)V won't be passed a CallbackInfo as a result
[10dic2025 19:46:05.023] [main/DEBUG] [mixin/]: kubejs.mixins.json:ItemMixin from mod kubejs->@Inject::isFoil(Lnet/minecraft/world/item/ItemStack;Lorg/spongepowered/asm/mixin/injection/callback/CallbackInfoReturnable;)V does use it's CallbackInfoReturnable
[10dic2025 19:46:05.023] [main/DEBUG] [mixin/]: kubejs.mixins.json:ItemMixin from mod kubejs->@Inject::appendHoverText(Lnet/minecraft/world/item/ItemStack;Lnet/minecraft/world/item/Item$TooltipContext;Ljava/util/List;Lnet/minecraft/world/item/TooltipFlag;Lorg/spongepowered/asm/mixin/injection/callback/CallbackInfo;)V doesn't use it's CallbackInfo
[10dic2025 19:46:05.023] [main/DEBUG] [mixin/]: kubejs.mixins.json:ItemMixin from mod kubejs->@Inject::appendHoverText(Lnet/minecraft/world/item/ItemStack;Lnet/minecraft/world/item/Item$TooltipContext;Ljava/util/List;Lnet/minecraft/world/item/TooltipFlag;Lorg/spongepowered/asm/mixin/injection/callback/CallbackInfo;)V has 0 override(s) in child classes
[10dic2025 19:46:05.023] [main/DEBUG] [mixin/]: kubejs.mixins.json:ItemMixin from mod kubejs->@Inject::appendHoverText(Lnet/minecraft/world/item/ItemStack;Lnet/minecraft/world/item/Item$TooltipContext;Ljava/util/List;Lnet/minecraft/world/item/TooltipFlag;Lorg/spongepowered/asm/mixin/injection/callback/CallbackInfo;)V won't be passed a CallbackInfo as a result
[10dic2025 19:46:05.023] [main/DEBUG] [mixin/]: kubejs.mixins.json:ItemMixin from mod kubejs->@Inject::isBarVisible(Lnet/minecraft/world/item/ItemStack;Lorg/spongepowered/asm/mixin/injection/callback/CallbackInfoReturnable;)V does use it's CallbackInfoReturnable
[10dic2025 19:46:05.023] [main/DEBUG] [mixin/]: kubejs.mixins.json:ItemMixin from mod kubejs->@Inject::getBarWidth(Lnet/minecraft/world/item/ItemStack;Lorg/spongepowered/asm/mixin/injection/callback/CallbackInfoReturnable;)V does use it's CallbackInfoReturnable
[10dic2025 19:46:05.023] [main/DEBUG] [mixin/]: kubejs.mixins.json:ItemMixin from mod kubejs->@Inject::getBarColor(Lnet/minecraft/world/item/ItemStack;Lorg/spongepowered/asm/mixin/injection/callback/CallbackInfoReturnable;)V does use it's CallbackInfoReturnable
[10dic2025 19:46:05.023] [main/DEBUG] [mixin/]: kubejs.mixins.json:ItemMixin from mod kubejs->@Inject::getUseDuration(Lnet/minecraft/world/item/ItemStack;Lnet/minecraft/world/entity/LivingEntity;Lorg/spongepowered/asm/mixin/injection/callback/CallbackInfoReturnable;)V does use it's CallbackInfoReturnable
[10dic2025 19:46:05.023] [main/DEBUG] [mixin/]: kubejs.mixins.json:ItemMixin from mod kubejs->@Inject::getUseAnimation(Lnet/minecraft/world/item/ItemStack;Lorg/spongepowered/asm/mixin/injection/callback/CallbackInfoReturnable;)V does use it's CallbackInfoReturnable
[10dic2025 19:46:05.023] [main/DEBUG] [mixin/]: kubejs.mixins.json:ItemMixin from mod kubejs->@Inject::getName(Lnet/minecraft/world/item/ItemStack;Lorg/spongepowered/asm/mixin/injection/callback/CallbackInfoReturnable;)V does use it's CallbackInfoReturnable
[10dic2025 19:46:05.023] [main/DEBUG] [mixin/]: kubejs.mixins.json:ItemMixin from mod kubejs->@Inject::use(Lnet/minecraft/world/level/Level;Lnet/minecraft/world/entity/player/Player;Lnet/minecraft/world/InteractionHand;Lorg/spongepowered/asm/mixin/injection/callback/CallbackInfoReturnable;)V does use it's CallbackInfoReturnable
[10dic2025 19:46:05.023] [main/DEBUG] [mixin/]: kubejs.mixins.json:ItemMixin from mod kubejs->@Inject::finishUsingItem(Lnet/minecraft/world/item/ItemStack;Lnet/minecraft/world/level/Level;Lnet/minecraft/world/entity/LivingEntity;Lorg/spongepowered/asm/mixin/injection/callback/CallbackInfoReturnable;)V does use it's CallbackInfoReturnable
[10dic2025 19:46:05.023] [main/DEBUG] [mixin/]: kubejs.mixins.json:ItemMixin from mod kubejs->@Inject::releaseUsing(Lnet/minecraft/world/item/ItemStack;Lnet/minecraft/world/level/Level;Lnet/minecraft/world/entity/LivingEntity;ILorg/spongepowered/asm/mixin/injection/callback/CallbackInfo;)V doesn't use it's CallbackInfo
[10dic2025 19:46:05.023] [main/DEBUG] [mixin/]: kubejs.mixins.json:ItemMixin from mod kubejs->@Inject::releaseUsing(Lnet/minecraft/world/item/ItemStack;Lnet/minecraft/world/level/Level;Lnet/minecraft/world/entity/LivingEntity;ILorg/spongepowered/asm/mixin/injection/callback/CallbackInfo;)V has 0 override(s) in child classes
[10dic2025 19:46:05.023] [main/DEBUG] [mixin/]: kubejs.mixins.json:ItemMixin from mod kubejs->@Inject::releaseUsing(Lnet/minecraft/world/item/ItemStack;Lnet/minecraft/world/level/Level;Lnet/minecraft/world/entity/LivingEntity;ILorg/spongepowered/asm/mixin/injection/callback/CallbackInfo;)V won't be passed a CallbackInfo as a result
[10dic2025 19:46:05.023] [main/DEBUG] [mixin/]: kubejs.mixins.json:ItemMixin from mod kubejs->@Inject::hurtEnemy(Lnet/minecraft/world/item/ItemStack;Lnet/minecraft/world/entity/LivingEntity;Lnet/minecraft/world/entity/LivingEntity;Lorg/spongepowered/asm/mixin/injection/callback/CallbackInfoReturnable;)V does use it's CallbackInfoReturnable
[10dic2025 19:46:05.041] [main/DEBUG] [mixin/]: Mixing neoforge.MixinBucketItem from architectury.mixins.json into net.minecraft.world.item.BucketItem
[10dic2025 19:46:05.041] [main/DEBUG] [mixin/]: architectury.mixins.json:neoforge.MixinBucketItem from mod architectury: Class version 65 required is higher than the class version supported by the current version of Mixin (JAVA_16 supports class version 60)
[10dic2025 19:46:05.042] [main/DEBUG] [mixin/]: Mixing neoforge.BucketItemAccessor from architectury.mixins.json into net.minecraft.world.item.BucketItem
[10dic2025 19:46:05.043] [main/DEBUG] [mixin/]: architectury.mixins.json:neoforge.BucketItemAccessor from mod architectury: Class version 65 required is higher than the class version supported by the current version of Mixin (JAVA_16 supports class version 60)
[10dic2025 19:46:05.043] [main/DEBUG] [mixin/]: Mixing inject.MixinBucketItem from architectury-common.mixins.json into net.minecraft.world.item.BucketItem
[10dic2025 19:46:05.043] [main/DEBUG] [mixin/]: architectury-common.mixins.json:inject.MixinBucketItem from mod architectury: Class version 65 required is higher than the class version supported by the current version of Mixin (JAVA_16 supports class version 60)
[10dic2025 19:46:05.050] [main/DEBUG] [mixin/]: architectury.mixins.json:neoforge.MixinBucketItem from mod architectury->@Inject::fillBucket(Lnet/minecraft/world/level/Level;Lnet/minecraft/world/entity/player/Player;Lnet/minecraft/world/InteractionHand;Lorg/spongepowered/asm/mixin/injection/callback/CallbackInfoReturnable;Lnet/minecraft/world/item/ItemStack;Lnet/minecraft/world/phys/BlockHitResult;)V does use it's CallbackInfoReturnable
[10dic2025 19:46:05.186] [main/DEBUG] [mixin/]: Mixing itemgroup.ItemSettingsMixin from owo.mixins.json into net.minecraft.world.item.Item$Properties
[10dic2025 19:46:05.189] [main/DEBUG] [mixin/]: owo.mixins.json:itemgroup.ItemSettingsMixin from mod owo: Class version 65 required is higher than the class version supported by the current version of Mixin (JAVA_16 supports class version 60)
[10dic2025 19:46:05.195] [main/DEBUG] [mixin/]: Renaming synthetic method lambda$group$0(Lio/wispforest/owo/itemgroup/OwoItemGroup;)Lio/wispforest/owo/itemgroup/OwoItemGroup; to md5e8480$owo$lambda$group$0$0 in owo.mixins.json:itemgroup.ItemSettingsMixin from mod owo
[10dic2025 19:46:05.213] [main/DEBUG] [mixin/]: Mixing inject.MixinItemProperties from architectury-common.mixins.json into net.minecraft.world.item.Item$Properties
[10dic2025 19:46:05.214] [main/DEBUG] [mixin/]: architectury-common.mixins.json:inject.MixinItemProperties from mod architectury: Class version 65 required is higher than the class version supported by the current version of Mixin (JAVA_16 supports class version 60)
[10dic2025 19:46:05.241] [main/DEBUG] [mixin/]: Mixing ComponentTypeBuilderMixin from owo.mixins.json into net.minecraft.core.component.DataComponentType$Builder
[10dic2025 19:46:05.242] [main/DEBUG] [mixin/]: owo.mixins.json:ComponentTypeBuilderMixin from mod owo: Class version 65 required is higher than the class version supported by the current version of Mixin (JAVA_16 supports class version 60)
[10dic2025 19:46:05.332] [main/DEBUG] [io.netty.util.internal.PlatformDependent0/]: -Dio.netty.noUnsafe: false
[10dic2025 19:46:05.332] [main/DEBUG] [io.netty.util.internal.PlatformDependent0/]: Java version: 21
[10dic2025 19:46:05.332] [main/DEBUG] [io.netty.util.internal.PlatformDependent0/]: sun.misc.Unsafe.theUnsafe: available
[10dic2025 19:46:05.332] [main/DEBUG] [io.netty.util.internal.PlatformDependent0/]: sun.misc.Unsafe.copyMemory: available
[10dic2025 19:46:05.332] [main/DEBUG] [io.netty.util.internal.PlatformDependent0/]: sun.misc.Unsafe.storeFence: available
[10dic2025 19:46:05.333] [main/DEBUG] [io.netty.util.internal.PlatformDependent0/]: java.nio.Buffer.address: available
[10dic2025 19:46:05.333] [main/DEBUG] [io.netty.util.internal.PlatformDependent0/]: java.nio.Bits.unaligned: available, true
[10dic2025 19:46:05.335] [main/DEBUG] [io.netty.util.internal.PlatformDependent0/]: java.nio.DirectByteBuffer.<init>(long, {int,long}): unavailable
[10dic2025 19:46:05.335] [main/DEBUG] [io.netty.util.internal.PlatformDependent/]: sun.misc.Unsafe: available
[10dic2025 19:46:05.335] [main/DEBUG] [io.netty.util.internal.PlatformDependent/]: maxDirectMemory: 8589934592 bytes (maybe)
[10dic2025 19:46:05.336] [main/DEBUG] [io.netty.util.internal.PlatformDependent/]: -Dio.netty.tmpdir: /var/folders/t8/45mgzmfd63n9b4q9k8z04ms80000gp/T (java.io.tmpdir)
[10dic2025 19:46:05.336] [main/DEBUG] [io.netty.util.internal.PlatformDependent/]: -Dio.netty.bitMode: 64 (sun.arch.data.model)
[10dic2025 19:46:05.336] [main/DEBUG] [io.netty.util.internal.PlatformDependent/]: Platform: MacOS
[10dic2025 19:46:05.336] [main/DEBUG] [io.netty.util.internal.PlatformDependent/]: -Dio.netty.maxDirectMemory: -1 bytes
[10dic2025 19:46:05.336] [main/DEBUG] [io.netty.util.internal.PlatformDependent/]: -Dio.netty.uninitializedArrayAllocationThreshold: -1
[10dic2025 19:46:05.337] [main/DEBUG] [io.netty.util.internal.CleanerJava9/]: java.nio.ByteBuffer.cleaner(): available
[10dic2025 19:46:05.339] [main/DEBUG] [io.netty.util.internal.PlatformDependent/]: -Dio.netty.noPreferDirect: false
[10dic2025 19:46:05.427] [main/DEBUG] [mixin/]: Mixing FireworkRocketEntityMixin from kubejs.mixins.json into net.minecraft.world.entity.projectile.FireworkRocketEntity
[10dic2025 19:46:05.703] [main/DEBUG] [mixin/]: Mixing StringTagMixin from kubejs.mixins.json into net.minecraft.nbt.StringTag
[10dic2025 19:46:06.308] [main/DEBUG] [mixin/]: Mixing ItemFrameEntityMixin from kubejs.mixins.json into net.minecraft.world.entity.decoration.ItemFrame
[10dic2025 19:46:06.333] [main/DEBUG] [mixin/]: Mixing MixinLightningBolt from architectury-common.mixins.json into net.minecraft.world.entity.LightningBolt
[10dic2025 19:46:06.334] [main/DEBUG] [mixin/]: architectury-common.mixins.json:MixinLightningBolt from mod architectury: Class version 65 required is higher than the class version supported by the current version of Mixin (JAVA_16 supports class version 60)
[10dic2025 19:46:06.339] [main/DEBUG] [mixin/]: architectury-common.mixins.json:MixinLightningBolt from mod architectury->@Inject::handleLightning(Lorg/spongepowered/asm/mixin/injection/callback/CallbackInfo;Ljava/util/List;)V doesn't use it's CallbackInfo
[10dic2025 19:46:06.339] [main/DEBUG] [mixin/]: architectury-common.mixins.json:MixinLightningBolt from mod architectury->@Inject::handleLightning(Lorg/spongepowered/asm/mixin/injection/callback/CallbackInfo;Ljava/util/List;)V has 0 override(s) in child classes
[10dic2025 19:46:06.339] [main/DEBUG] [mixin/]: architectury-common.mixins.json:MixinLightningBolt from mod architectury->@Inject::handleLightning(Lorg/spongepowered/asm/mixin/injection/callback/CallbackInfo;Ljava/util/List;)V won't be passed a CallbackInfo as a result
[10dic2025 19:46:06.463] [main/DEBUG] [mixin/]: Mixing IngredientMixin from kubejs.mixins.json into net.minecraft.world.item.crafting.Ingredient
[10dic2025 19:46:06.472] [main/DEBUG] [mixin/]: Mixing inject.MixinFoodPropertiesBuilder from architectury-common.mixins.json into net.minecraft.world.food.FoodProperties$Builder
[10dic2025 19:46:06.472] [main/DEBUG] [mixin/]: architectury-common.mixins.json:inject.MixinFoodPropertiesBuilder from mod architectury: Class version 65 required is higher than the class version supported by the current version of Mixin (JAVA_16 supports class version 60)
[10dic2025 19:46:06.883] [main/DEBUG] [mixin/]: Mixing MenuTypeMixin from kubejs.mixins.json into net.minecraft.world.inventory.MenuType
[10dic2025 19:46:06.885] [main/DEBUG] [mixin/]: Mixing MixinInventory from architectury.mixins.json into net.minecraft.world.entity.player.Inventory
[10dic2025 19:46:06.885] [main/DEBUG] [mixin/]: architectury.mixins.json:MixinInventory from mod architectury: Class version 65 required is higher than the class version supported by the current version of Mixin (JAVA_16 supports class version 60)
[10dic2025 19:46:06.887] [main/DEBUG] [mixin/]: architectury.mixins.json:MixinInventory from mod architectury->@Inject::updateItems(Lorg/spongepowered/asm/mixin/injection/callback/CallbackInfo;)V doesn't use it's CallbackInfo
[10dic2025 19:46:06.887] [main/DEBUG] [mixin/]: architectury.mixins.json:MixinInventory from mod architectury->@Inject::updateItems(Lorg/spongepowered/asm/mixin/injection/callback/CallbackInfo;)V has 0 override(s) in child classes
[10dic2025 19:46:06.887] [main/DEBUG] [mixin/]: architectury.mixins.json:MixinInventory from mod architectury->@Inject::updateItems(Lorg/spongepowered/asm/mixin/injection/callback/CallbackInfo;)V won't be passed a CallbackInfo as a result
[10dic2025 19:46:06.890] [main/DEBUG] [mixin/]: Mixing ui.SlotAccessor from owo.mixins.json into net.minecraft.world.inventory.Slot
[10dic2025 19:46:06.890] [main/DEBUG] [mixin/]: owo.mixins.json:ui.SlotAccessor from mod owo: Class version 65 required is higher than the class version supported by the current version of Mixin (JAVA_16 supports class version 60)
[10dic2025 19:46:06.890] [main/DEBUG] [mixin/]: Mixing ui.SlotMixin from owo.mixins.json into net.minecraft.world.inventory.Slot
[10dic2025 19:46:06.890] [main/DEBUG] [mixin/]: owo.mixins.json:ui.SlotMixin from mod owo: Class version 65 required is higher than the class version supported by the current version of Mixin (JAVA_16 supports class version 60)
[10dic2025 19:46:06.891] [main/DEBUG] [mixin/]: owo.mixins.json:ui.SlotMixin from mod owo->@Inject::injectOverride(Lorg/spongepowered/asm/mixin/injection/callback/CallbackInfoReturnable;)V does use it's CallbackInfoReturnable
[10dic2025 19:46:06.895] [main/DEBUG] [mixin/]: Mixing recipe_remainders.CraftingResultSlotMixin from owo.mixins.json into net.minecraft.world.inventory.ResultSlot
[10dic2025 19:46:06.895] [main/DEBUG] [mixin/]: owo.mixins.json:recipe_remainders.CraftingResultSlotMixin from mod owo: Class version 65 required is higher than the class version supported by the current version of Mixin (JAVA_16 supports class version 60)
[10dic2025 19:46:06.897] [main/DEBUG] [mixin/]: owo.mixins.json:recipe_remainders.CraftingResultSlotMixin from mod owo->@Inject::fixRemainderStacking(Lnet/minecraft/world/entity/player/Player;Lnet/minecraft/world/item/ItemStack;Lorg/spongepowered/asm/mixin/injection/callback/CallbackInfo;Lnet/minecraft/world/item/crafting/CraftingInput$Positioned;Lnet/minecraft/world/item/crafting/CraftingInput;IILnet/minecraft/core/NonNullList;IIILnet/minecraft/world/item/ItemStack;Lnet/minecraft/world/item/ItemStack;)V doesn't use it's CallbackInfo
[10dic2025 19:46:06.897] [main/DEBUG] [mixin/]: owo.mixins.json:recipe_remainders.CraftingResultSlotMixin from mod owo->@Inject::fixRemainderStacking(Lnet/minecraft/world/entity/player/Player;Lnet/minecraft/world/item/ItemStack;Lorg/spongepowered/asm/mixin/injection/callback/CallbackInfo;Lnet/minecraft/world/item/crafting/CraftingInput$Positioned;Lnet/minecraft/world/item/crafting/CraftingInput;IILnet/minecraft/core/NonNullList;IIILnet/minecraft/world/item/ItemStack;Lnet/minecraft/world/item/ItemStack;)V has 0 override(s) in child classes
[10dic2025 19:46:06.897] [main/DEBUG] [mixin/]: owo.mixins.json:recipe_remainders.CraftingResultSlotMixin from mod owo->@Inject::fixRemainderStacking(Lnet/minecraft/world/entity/player/Player;Lnet/minecraft/world/item/ItemStack;Lorg/spongepowered/asm/mixin/injection/callback/CallbackInfo;Lnet/minecraft/world/item/crafting/CraftingInput$Positioned;Lnet/minecraft/world/item/crafting/CraftingInput;IILnet/minecraft/core/NonNullList;IIILnet/minecraft/world/item/ItemStack;Lnet/minecraft/world/item/ItemStack;)V won't be passed a CallbackInfo as a result
[10dic2025 19:46:06.993] [main/DEBUG] [mixin/]: Mixing SetComponentsLootFunctionAccessor from owo.mixins.json into net.minecraft.world.level.storage.loot.functions.SetComponentsFunction
[10dic2025 19:46:06.994] [main/DEBUG] [mixin/]: owo.mixins.json:SetComponentsLootFunctionAccessor from mod owo: Class version 65 required is higher than the class version supported by the current version of Mixin (JAVA_16 supports class version 60)
[10dic2025 19:46:06.994] [main/DEBUG] [mixin/]: Renaming @Invoker method createSetComponentsLootFunction(Ljava/util/List;Lnet/minecraft/core/component/DataComponentPatch;)Lnet/minecraft/world/level/storage/loot/functions/SetComponentsFunction; to createSetComponentsLootFunction$owo_$md$5e8480$0 in owo.mixins.json:SetComponentsLootFunctionAccessor from mod owo
[10dic2025 19:46:07.038] [main/DEBUG] [mixin/]: Mixing RegistryOpsAccessor from owo.mixins.json into net.minecraft.resources.RegistryOps
[10dic2025 19:46:07.038] [main/DEBUG] [mixin/]: owo.mixins.json:RegistryOpsAccessor from mod owo: Class version 65 required is higher than the class version supported by the current version of Mixin (JAVA_16 supports class version 60)
[10dic2025 19:46:07.039] [main/DEBUG] [mixin/]: Mixing ForwardingDynamicOpsAccessor from owo.mixins.json into net.minecraft.resources.DelegatingOps
[10dic2025 19:46:07.039] [main/DEBUG] [mixin/]: owo.mixins.json:ForwardingDynamicOpsAccessor from mod owo: Class version 65 required is higher than the class version supported by the current version of Mixin (JAVA_16 supports class version 60)
[10dic2025 19:46:07.089] [main/DEBUG] [mixin/]: Mixing Copenhagen from owo.mixins.json into net.minecraft.world.level.levelgen.feature.OreFeature
[10dic2025 19:46:07.090] [main/DEBUG] [mixin/]: owo.mixins.json:Copenhagen from mod owo: Class version 65 required is higher than the class version supported by the current version of Mixin (JAVA_16 supports class version 60)
[10dic2025 19:46:07.090] [main/DEBUG] [mixin/]: Renaming synthetic method lambda$coping$0(Lnet/minecraft/world/level/WorldGenLevel;Lnet/minecraft/core/BlockPos;Lnet/minecraft/world/level/block/state/BlockState;)V to md5e8480$owo$lambda$coping$0$0 in owo.mixins.json:Copenhagen from mod owo
[10dic2025 19:46:07.098] [main/DEBUG] [mixin/]: owo.mixins.json:Copenhagen from mod owo->@Inject::malding(Lnet/minecraft/world/level/WorldGenLevel;Lnet/minecraft/util/RandomSource;Lnet/minecraft/world/level/levelgen/feature/configurations/OreConfiguration;DDDDDDIIIIILorg/spongepowered/asm/mixin/injection/callback/CallbackInfoReturnable;ILjava/util/BitSet;Lnet/minecraft/core/BlockPos$MutableBlockPos;I[DLnet/minecraft/world/level/chunk/BulkSectionAccess;IDDDDIIIIIIIDIDIDILnet/minecraft/world/level/chunk/LevelChunkSection;IIILnet/minecraft/world/level/block/state/BlockState;Ljava/util/Iterator;Lnet/minecraft/world/level/levelgen/feature/configurations/OreConfiguration$TargetBlockState;)V doesn't use it's CallbackInfoReturnable
[10dic2025 19:46:07.098] [main/DEBUG] [mixin/]: owo.mixins.json:Copenhagen from mod owo->@Inject::malding(Lnet/minecraft/world/level/WorldGenLevel;Lnet/minecraft/util/RandomSource;Lnet/minecraft/world/level/levelgen/feature/configurations/OreConfiguration;DDDDDDIIIIILorg/spongepowered/asm/mixin/injection/callback/CallbackInfoReturnable;ILjava/util/BitSet;Lnet/minecraft/core/BlockPos$MutableBlockPos;I[DLnet/minecraft/world/level/chunk/BulkSectionAccess;IDDDDIIIIIIIDIDIDILnet/minecraft/world/level/chunk/LevelChunkSection;IIILnet/minecraft/world/level/block/state/BlockState;Ljava/util/Iterator;Lnet/minecraft/world/level/levelgen/feature/configurations/OreConfiguration$TargetBlockState;)V has 0 override(s) in child classes
[10dic2025 19:46:07.098] [main/DEBUG] [mixin/]: owo.mixins.json:Copenhagen from mod owo->@Inject::malding(Lnet/minecraft/world/level/WorldGenLevel;Lnet/minecraft/util/RandomSource;Lnet/minecraft/world/level/levelgen/feature/configurations/OreConfiguration;DDDDDDIIIIILorg/spongepowered/asm/mixin/injection/callback/CallbackInfoReturnable;ILjava/util/BitSet;Lnet/minecraft/core/BlockPos$MutableBlockPos;I[DLnet/minecraft/world/level/chunk/BulkSectionAccess;IDDDDIIIIIIIDIDIDILnet/minecraft/world/level/chunk/LevelChunkSection;IIILnet/minecraft/world/level/block/state/BlockState;Ljava/util/Iterator;Lnet/minecraft/world/level/levelgen/feature/configurations/OreConfiguration$TargetBlockState;)V won't be passed a CallbackInfoReturnable as a result
[10dic2025 19:46:07.098] [main/DEBUG] [mixin/]: owo.mixins.json:Copenhagen from mod owo->@Inject::coping(Lnet/minecraft/world/level/WorldGenLevel;Lnet/minecraft/util/RandomSource;Lnet/minecraft/world/level/levelgen/feature/configurations/OreConfiguration;DDDDDDIIIIILorg/spongepowered/asm/mixin/injection/callback/CallbackInfoReturnable;)V doesn't use it's CallbackInfoReturnable
[10dic2025 19:46:07.099] [main/DEBUG] [mixin/]: owo.mixins.json:Copenhagen from mod owo->@Inject::coping(Lnet/minecraft/world/level/WorldGenLevel;Lnet/minecraft/util/RandomSource;Lnet/minecraft/world/level/levelgen/feature/configurations/OreConfiguration;DDDDDDIIIIILorg/spongepowered/asm/mixin/injection/callback/CallbackInfoReturnable;)V has 0 override(s) in child classes
[10dic2025 19:46:07.099] [main/DEBUG] [mixin/]: owo.mixins.json:Copenhagen from mod owo->@Inject::coping(Lnet/minecraft/world/level/WorldGenLevel;Lnet/minecraft/util/RandomSource;Lnet/minecraft/world/level/levelgen/feature/configurations/OreConfiguration;DDDDDDIIIIILorg/spongepowered/asm/mixin/injection/callback/CallbackInfoReturnable;)V won't be passed a CallbackInfoReturnable as a result
[10dic2025 19:46:07.340] [main/DEBUG] [mixin/]: Mixing ClickEventMixin from kubejs.mixins.json into net.minecraft.network.chat.ClickEvent
[10dic2025 19:46:07.377] [main/DEBUG] [mixin/]: Mixing DamageSourceMixin from kubejs.mixins.json into net.minecraft.world.damagesource.DamageSource
[10dic2025 19:46:07.394] [main/DEBUG] [mixin/]: Mixing text.LanguageMixin from owo.mixins.json into net.minecraft.locale.Language
[10dic2025 19:46:07.394] [main/DEBUG] [mixin/]: owo.mixins.json:text.LanguageMixin from mod owo: Class version 65 required is higher than the class version supported by the current version of Mixin (JAVA_16 supports class version 60)
[10dic2025 19:46:07.424] [main/DEBUG] [net.neoforged.neoforge.registries.GameData/REGISTRIES]: Creating vanilla freeze snapshot
[10dic2025 19:46:07.442] [main/DEBUG] [net.neoforged.neoforge.registries.GameData/REGISTRIES]: Vanilla freeze snapshot created
[10dic2025 19:46:07.443] [main/DEBUG] [net.neoforged.fml.ModWorkManager/LOADING]: Using 10 threads for parallel mod-loading
[10dic2025 19:46:07.448] [main/DEBUG] [net.neoforged.fml.lowcodemod.LowCodeModContainer/LOADING]: Creating LowCodeModContainer for rhino
[10dic2025 19:46:07.449] [main/DEBUG] [net.neoforged.fml.javafmlmod.FMLModContainer/LOADING]: Creating FMLModContainer instance for [org.sinytra.fabric.api_base.generated.GeneratedEntryPoint]
[10dic2025 19:46:07.451] [main/DEBUG] [net.neoforged.fml.javafmlmod.FMLModContainer/LOADING]: Creating FMLModContainer instance for [dev.ftb.mods.ftbessentials.neoforge.FTBEssentialsNeoForge]
[10dic2025 19:46:07.451] [main/DEBUG] [net.neoforged.fml.javafmlmod.FMLModContainer/LOADING]: Creating FMLModContainer instance for [com.supermartijn642.configlib.ConfigLib]
[10dic2025 19:46:07.452] [main/DEBUG] [net.neoforged.fml.javafmlmod.FMLModContainer/LOADING]: Creating FMLModContainer instance for [io.wispforest.owo.Owo, io.wispforest.owo.client.OwoClient]
[10dic2025 19:46:07.453] [main/DEBUG] [net.neoforged.fml.javafmlmod.FMLModContainer/LOADING]: Creating FMLModContainer instance for [com.hrznstudio.titanium.Titanium, com.hrznstudio.titanium.TitaniumClient]
[10dic2025 19:46:07.454] [main/DEBUG] [net.neoforged.fml.javafmlmod.FMLModContainer/LOADING]: Creating FMLModContainer instance for [snownee.jade.util.CommonProxy]
[10dic2025 19:46:07.455] [main/DEBUG] [net.neoforged.fml.javafmlmod.FMLModContainer/LOADING]: Creating FMLModContainer instance for [software.bernie.geckolib.GeckoLib]
[10dic2025 19:46:07.455] [main/DEBUG] [net.neoforged.fml.javafmlmod.FMLModContainer/LOADING]: Creating FMLModContainer instance for [dev.architectury.neoforge.ArchitecturyNeoForge]
[10dic2025 19:46:07.456] [main/DEBUG] [net.neoforged.fml.javafmlmod.FMLModContainer/LOADING]: Creating FMLModContainer instance for [dev.ftb.mods.ftblibrary.neoforge.FTBLibraryNeoForge]
[10dic2025 19:46:07.456] [main/DEBUG] [net.neoforged.fml.javafmlmod.FMLModContainer/LOADING]: Creating FMLModContainer instance for [guideme.internal.GuideME, guideme.internal.GuideMEClient]
[10dic2025 19:46:07.456] [main/DEBUG] [net.neoforged.fml.javafmlmod.FMLModContainer/LOADING]: Creating FMLModContainer instance for [org.sinytra.fabric.screen_api.generated.GeneratedEntryPoint]
[10dic2025 19:46:07.457] [main/DEBUG] [net.neoforged.fml.javafmlmod.FMLModContainer/LOADING]: Creating FMLModContainer instance for [mezz.jei.neoforge.JustEnoughItems]
[10dic2025 19:46:07.457] [main/DEBUG] [net.neoforged.fml.javafmlmod.FMLModContainer/LOADING]: Creating FMLModContainer instance for [dev.latvian.mods.kubejs.KubeJS]
[10dic2025 19:46:07.457] [main/DEBUG] [net.neoforged.fml.javafmlmod.FMLModContainer/LOADING]: Creating FMLModContainer instance for [com.supermartijn642.core.CoreLib]
[10dic2025 19:46:07.458] [main/DEBUG] [net.neoforged.fml.javafmlmod.FMLModContainer/LOADING]: Creating FMLModContainer instance for [com.supermartijn642.trashcans.TrashCans]
[10dic2025 19:46:07.458] [main/DEBUG] [net.neoforged.fml.javafmlmod.FMLModContainer/LOADING]: Creating FMLModContainer instance for [org.sinytra.fabric.networking_api.NetworkingEventHooks, org.sinytra.fabric.networking_api.generated.GeneratedEntryPoint]
[10dic2025 19:46:07.459] [main/DEBUG] [net.neoforged.fml.javafmlmod.FMLModContainer/LOADING]: Creating FMLModContainer instance for [de.maxhenkel.pipez.Main]
[10dic2025 19:46:07.459] [main/DEBUG] [net.neoforged.fml.javafmlmod.FMLModContainer/LOADING]: Creating FMLModContainer instance for [com.lumengrid.pipezretriever.PipezRetriever]
[10dic2025 19:46:07.459] [main/DEBUG] [net.neoforged.fml.javafmlmod.FMLModContainer/LOADING]: Creating FMLModContainer instance for [earth.terrarium.athena.neoforge.AthenaNeoForge]
[10dic2025 19:46:07.460] [main/DEBUG] [net.neoforged.fml.javafmlmod.FMLModContainer/LOADING]: Creating FMLModContainer instance for [net.neoforged.neoforge.common.NeoForgeMod, net.neoforged.neoforge.client.ClientNeoForgeMod]
[10dic2025 19:46:07.461] [main/DEBUG] [net.neoforged.fml.javafmlmod.FMLModContainer/LOADING]: Creating FMLModContainer instance for [com.glodblock.github.glodium.Glodium]
[10dic2025 19:46:07.463] [modloading-worker-0/DEBUG] [net.neoforged.fml.javafmlmod.AutomaticEventSubscriber/LOADING]: Attempting to inject @EventBusSubscriber classes into the eventbus for fabric_api_base
[10dic2025 19:46:07.464] [modloading-worker-0/DEBUG] [net.neoforged.fml.javafmlmod.AutomaticEventSubscriber/LOADING]: Attempting to inject @EventBusSubscriber classes into the eventbus for fabric_screen_api_v1
[10dic2025 19:46:07.466] [modloading-worker-0/DEBUG] [net.neoforged.fml.javafmlmod.AutomaticEventSubscriber/LOADING]: Auto-subscribing org.sinytra.fabric.screen_api.ScreenEventHooks to GAME
[10dic2025 19:46:07.468] [modloading-worker-0/DEBUG] [mixin/]: Mixing MixinClientLevel from architectury.mixins.json into net.minecraft.client.multiplayer.ClientLevel
[10dic2025 19:46:07.468] [modloading-worker-0/DEBUG] [mixin/]: architectury.mixins.json:MixinClientLevel from mod architectury: Class version 65 required is higher than the class version supported by the current version of Mixin (JAVA_16 supports class version 60)
[10dic2025 19:46:07.469] [modloading-worker-0/DEBUG] [mixin/]: Mixing ClientLevelMixin from kubejs.mixins.json into net.minecraft.client.multiplayer.ClientLevel
[10dic2025 19:46:07.470] [modloading-worker-0/DEBUG] [mixin/]: architectury.mixins.json:MixinClientLevel from mod architectury->@Inject::tickEntities(Lorg/spongepowered/asm/mixin/injection/callback/CallbackInfo;)V doesn't use it's CallbackInfo
[10dic2025 19:46:07.471] [modloading-worker-0/DEBUG] [mixin/]: architectury.mixins.json:MixinClientLevel from mod architectury->@Inject::tickEntities(Lorg/spongepowered/asm/mixin/injection/callback/CallbackInfo;)V has 0 override(s) in child classes
[10dic2025 19:46:07.471] [modloading-worker-0/DEBUG] [mixin/]: architectury.mixins.json:MixinClientLevel from mod architectury->@Inject::tickEntities(Lorg/spongepowered/asm/mixin/injection/callback/CallbackInfo;)V won't be passed a CallbackInfo as a result
[10dic2025 19:46:07.471] [modloading-worker-0/DEBUG] [mixin/]: architectury.mixins.json:MixinClientLevel from mod architectury->@Inject::tickEntitiesPost(Lorg/spongepowered/asm/mixin/injection/callback/CallbackInfo;)V doesn't use it's CallbackInfo
[10dic2025 19:46:07.471] [modloading-worker-0/DEBUG] [mixin/]: architectury.mixins.json:MixinClientLevel from mod architectury->@Inject::tickEntitiesPost(Lorg/spongepowered/asm/mixin/injection/callback/CallbackInfo;)V has 0 override(s) in child classes
[10dic2025 19:46:07.471] [modloading-worker-0/DEBUG] [mixin/]: architectury.mixins.json:MixinClientLevel from mod architectury->@Inject::tickEntitiesPost(Lorg/spongepowered/asm/mixin/injection/callback/CallbackInfo;)V won't be passed a CallbackInfo as a result
[10dic2025 19:46:07.472] [modloading-worker-0/DEBUG] [GeckoLib/]: Loaded software.bernie.geckolib.platform.GeckoLibNeoForge@4014d1da for service interface software.bernie.geckolib.service.GeckoLibPlatform
[10dic2025 19:46:07.472] [modloading-worker-0/DEBUG] [GeckoLib/]: Loaded software.bernie.geckolib.network.GeckoLibNetworkingNeoForge@11f7cab for service interface software.bernie.geckolib.service.GeckoLibNetworking
[10dic2025 19:46:07.474] [modloading-worker-0/INFO] [PluginManager/]: Scanning classes for titanium
[10dic2025 19:46:07.474] [modloading-worker-0/DEBUG] [net.neoforged.fml.javafmlmod.AutomaticEventSubscriber/LOADING]: Attempting to inject @EventBusSubscriber classes into the eventbus for supermartijn642configlib
[10dic2025 19:46:07.475] [modloading-worker-0/DEBUG] [mixin/]: Mixing ScreenMixin from fabric-screen-api-v1.mixins.json into net.minecraft.client.gui.screens.Screen
[10dic2025 19:46:07.475] [modloading-worker-0/DEBUG] [mixin/]: fabric-screen-api-v1.mixins.json:ScreenMixin from mod fabric_screen_api_v1: Class version 65 required is higher than the class version supported by the current version of Mixin (JAVA_17 supports class version 61)
[10dic2025 19:46:07.478] [modloading-worker-0/DEBUG] [mixin/]: Mixing ScreenAccessor from owo.mixins.json into net.minecraft.client.gui.screens.Screen
[10dic2025 19:46:07.478] [modloading-worker-0/DEBUG] [mixin/]: owo.mixins.json:ScreenAccessor from mod owo: Class version 65 required is higher than the class version supported by the current version of Mixin (JAVA_16 supports class version 60)
[10dic2025 19:46:07.478] [modloading-worker-0/DEBUG] [mixin/]: Renaming @Accessor method owo$PANORAMA_RENDERER()Lnet/minecraft/client/renderer/CubeMap; to PANORAMA_RENDERER$owo_$md$5e8480$0 in owo.mixins.json:ScreenAccessor from mod owo
[10dic2025 19:46:07.478] [modloading-worker-0/DEBUG] [mixin/]: Renaming @Accessor method owo$ROTATING_PANORAMA_RENDERER()Lnet/minecraft/client/renderer/PanoramaRenderer; to ROTATING_PANORAMA_RENDERER$owo_$md$5e8480$1 in owo.mixins.json:ScreenAccessor from mod owo
[10dic2025 19:46:07.478] [modloading-worker-0/DEBUG] [mixin/]: Mixing ui.ScreenMixin from owo.mixins.json into net.minecraft.client.gui.screens.Screen
[10dic2025 19:46:07.478] [modloading-worker-0/DEBUG] [mixin/]: owo.mixins.json:ui.ScreenMixin from mod owo: Class version 65 required is higher than the class version supported by the current version of Mixin (JAVA_16 supports class version 60)
[10dic2025 19:46:07.479] [modloading-worker-0/DEBUG] [mixin/]: Mixing ScreenAccessor from fabric-screen-api-v1.mixins.json into net.minecraft.client.gui.screens.Screen
[10dic2025 19:46:07.479] [modloading-worker-0/DEBUG] [mixin/]: fabric-screen-api-v1.mixins.json:ScreenAccessor from mod fabric_screen_api_v1: Class version 65 required is higher than the class version supported by the current version of Mixin (JAVA_17 supports class version 61)
[10dic2025 19:46:07.479] [modloading-worker-0/DEBUG] [mixin/]: Mixing ScreenMixin from kubejs.mixins.json into net.minecraft.client.gui.screens.Screen
[10dic2025 19:46:07.479] [modloading-worker-0/DEBUG] [mixin/]: Mixing ui.layers.ScreenMixin from owo.mixins.json into net.minecraft.client.gui.screens.Screen
[10dic2025 19:46:07.479] [modloading-worker-0/DEBUG] [mixin/]: owo.mixins.json:ui.layers.ScreenMixin from mod owo: Class version 65 required is higher than the class version supported by the current version of Mixin (JAVA_16 supports class version 60)
[10dic2025 19:46:07.485] [modloading-worker-0/DEBUG] [mixin/]: fabric-screen-api-v1.mixins.json:ScreenMixin from mod fabric_screen_api_v1->@Inject::beforeInitScreen(Lnet/minecraft/client/Minecraft;IILorg/spongepowered/asm/mixin/injection/callback/CallbackInfo;)V doesn't use it's CallbackInfo
[10dic2025 19:46:07.485] [modloading-worker-0/DEBUG] [mixin/]: fabric-screen-api-v1.mixins.json:ScreenMixin from mod fabric_screen_api_v1->@Inject::beforeInitScreen(Lnet/minecraft/client/Minecraft;IILorg/spongepowered/asm/mixin/injection/callback/CallbackInfo;)V has 0 override(s) in child classes
[10dic2025 19:46:07.485] [modloading-worker-0/DEBUG] [mixin/]: fabric-screen-api-v1.mixins.json:ScreenMixin from mod fabric_screen_api_v1->@Inject::beforeInitScreen(Lnet/minecraft/client/Minecraft;IILorg/spongepowered/asm/mixin/injection/callback/CallbackInfo;)V won't be passed a CallbackInfo as a result
[10dic2025 19:46:07.485] [modloading-worker-0/DEBUG] [mixin/]: fabric-screen-api-v1.mixins.json:ScreenMixin from mod fabric_screen_api_v1->@Inject::afterInitScreen(Lnet/minecraft/client/Minecraft;IILorg/spongepowered/asm/mixin/injection/callback/CallbackInfo;)V doesn't use it's CallbackInfo
[10dic2025 19:46:07.485] [modloading-worker-0/DEBUG] [mixin/]: fabric-screen-api-v1.mixins.json:ScreenMixin from mod fabric_screen_api_v1->@Inject::afterInitScreen(Lnet/minecraft/client/Minecraft;IILorg/spongepowered/asm/mixin/injection/callback/CallbackInfo;)V has 0 override(s) in child classes
[10dic2025 19:46:07.485] [modloading-worker-0/DEBUG] [mixin/]: fabric-screen-api-v1.mixins.json:ScreenMixin from mod fabric_screen_api_v1->@Inject::afterInitScreen(Lnet/minecraft/client/Minecraft;IILorg/spongepowered/asm/mixin/injection/callback/CallbackInfo;)V won't be passed a CallbackInfo as a result
[10dic2025 19:46:07.485] [modloading-worker-0/DEBUG] [mixin/]: fabric-screen-api-v1.mixins.json:ScreenMixin from mod fabric_screen_api_v1->@Inject::beforeResizeScreen(Lnet/minecraft/client/Minecraft;IILorg/spongepowered/asm/mixin/injection/callback/CallbackInfo;)V doesn't use it's CallbackInfo
[10dic2025 19:46:07.485] [modloading-worker-0/DEBUG] [mixin/]: fabric-screen-api-v1.mixins.json:ScreenMixin from mod fabric_screen_api_v1->@Inject::beforeResizeScreen(Lnet/minecraft/client/Minecraft;IILorg/spongepowered/asm/mixin/injection/callback/CallbackInfo;)V has 0 override(s) in child classes
[10dic2025 19:46:07.485] [modloading-worker-0/DEBUG] [mixin/]: fabric-screen-api-v1.mixins.json:ScreenMixin from mod fabric_screen_api_v1->@Inject::beforeResizeScreen(Lnet/minecraft/client/Minecraft;IILorg/spongepowered/asm/mixin/injection/callback/CallbackInfo;)V won't be passed a CallbackInfo as a result
[10dic2025 19:46:07.485] [modloading-worker-0/DEBUG] [mixin/]: fabric-screen-api-v1.mixins.json:ScreenMixin from mod fabric_screen_api_v1->@Inject::afterResizeScreen(Lnet/minecraft/client/Minecraft;IILorg/spongepowered/asm/mixin/injection/callback/CallbackInfo;)V doesn't use it's CallbackInfo
[10dic2025 19:46:07.485] [modloading-worker-0/DEBUG] [mixin/]: fabric-screen-api-v1.mixins.json:ScreenMixin from mod fabric_screen_api_v1->@Inject::afterResizeScreen(Lnet/minecraft/client/Minecraft;IILorg/spongepowered/asm/mixin/injection/callback/CallbackInfo;)V has 0 override(s) in child classes
[10dic2025 19:46:07.485] [modloading-worker-0/DEBUG] [mixin/]: fabric-screen-api-v1.mixins.json:ScreenMixin from mod fabric_screen_api_v1->@Inject::afterResizeScreen(Lnet/minecraft/client/Minecraft;IILorg/spongepowered/asm/mixin/injection/callback/CallbackInfo;)V won't be passed a CallbackInfo as a result
[10dic2025 19:46:07.487] [modloading-worker-0/DEBUG] [mixin/]: Mixing MinecraftClientMixin from owo.mixins.json into net.minecraft.client.Minecraft
[10dic2025 19:46:07.488] [modloading-worker-0/DEBUG] [mixin/]: owo.mixins.json:MinecraftClientMixin from mod owo: Class version 65 required is higher than the class version supported by the current version of Mixin (JAVA_16 supports class version 60)
[10dic2025 19:46:07.488] [modloading-worker-0/DEBUG] [mixin/]: Mixing ui.MinecraftClientMixin from owo.mixins.json into net.minecraft.client.Minecraft
[10dic2025 19:46:07.488] [modloading-worker-0/DEBUG] [mixin/]: owo.mixins.json:ui.MinecraftClientMixin from mod owo: Class version 65 required is higher than the class version supported by the current version of Mixin (JAVA_16 supports class version 60)
[10dic2025 19:46:07.489] [modloading-worker-0/DEBUG] [net.neoforged.fml.config.ConfigTracker/CONFIG]: Config file jei-server.toml for jei tracking
[10dic2025 19:46:07.490] [modloading-worker-0/DEBUG] [mixin/]: Mixing MixinMinecraft from architectury.mixins.json into net.minecraft.client.Minecraft
[10dic2025 19:46:07.490] [modloading-worker-0/DEBUG] [mixin/]: architectury.mixins.json:MixinMinecraft from mod architectury: Class version 65 required is higher than the class version supported by the current version of Mixin (JAVA_16 supports class version 60)
[10dic2025 19:46:07.490] [modloading-worker-0/DEBUG] [mixin/]: Mixing MinecraftClientMixin from fabric-screen-api-v1.mixins.json into net.minecraft.client.Minecraft
[10dic2025 19:46:07.490] [modloading-worker-0/DEBUG] [mixin/]: fabric-screen-api-v1.mixins.json:MinecraftClientMixin from mod fabric_screen_api_v1: Class version 65 required is higher than the class version supported by the current version of Mixin (JAVA_17 supports class version 61)
[10dic2025 19:46:07.490] [modloading-worker-0/DEBUG] [mixin/]: Renaming @Unique field LOGGERLorg/slf4j/Logger; to fd5e8480$fabric_screen_api_v1$LOGGER$0 in fabric-screen-api-v1.mixins.json:MinecraftClientMixin from mod fabric_screen_api_v1
[10dic2025 19:46:07.492] [modloading-worker-0/DEBUG] [mixin/]: Mixing MinecraftClientMixin from kubejs.mixins.json into net.minecraft.client.Minecraft
[10dic2025 19:46:07.493] [modloading-worker-0/DEBUG] [mixin/]: Renaming synthetic method lambda$kjs$endResourceReload$1()V to md5e8480$kubejs$lambda$kjs$endResourceReload$1$0 in kubejs.mixins.json:MinecraftClientMixin from mod kubejs
[10dic2025 19:46:07.493] [modloading-worker-0/DEBUG] [mixin/]: Renaming synthetic method lambda$kjs$init$0()V to md5e8480$kubejs$lambda$kjs$init$0$1 in kubejs.mixins.json:MinecraftClientMixin from mod kubejs
[10dic2025 19:46:07.494] [modloading-worker-0/DEBUG] [mixin/]: Mixing accessor.MinecraftClientAccessor from fabric-networking-api-v1.client.mixins.json into net.minecraft.client.Minecraft
[10dic2025 19:46:07.494] [modloading-worker-0/DEBUG] [mixin/]: fabric-networking-api-v1.client.mixins.json:accessor.MinecraftClientAccessor from mod fabric_networking_api_v1: Class version 65 required is higher than the class version supported by the current version of Mixin (JAVA_17 supports class version 61)
[10dic2025 19:46:07.500] [modloading-worker-0/DEBUG] [mixin/]: owo.mixins.json:ui.MinecraftClientMixin from mod owo->@Inject::captureResize(Lorg/spongepowered/asm/mixin/injection/callback/CallbackInfo;)V doesn't use it's CallbackInfo
[10dic2025 19:46:07.500] [modloading-worker-0/DEBUG] [mixin/]: owo.mixins.json:ui.MinecraftClientMixin from mod owo->@Inject::captureResize(Lorg/spongepowered/asm/mixin/injection/callback/CallbackInfo;)V has 0 override(s) in child classes
[10dic2025 19:46:07.500] [modloading-worker-0/DEBUG] [mixin/]: owo.mixins.json:ui.MinecraftClientMixin from mod owo->@Inject::captureResize(Lorg/spongepowered/asm/mixin/injection/callback/CallbackInfo;)V won't be passed a CallbackInfo as a result
[10dic2025 19:46:07.500] [modloading-worker-0/DEBUG] [mixin/]: owo.mixins.json:ui.MinecraftClientMixin from mod owo->@Inject::beforeRender(ZLorg/spongepowered/asm/mixin/injection/callback/CallbackInfo;)V doesn't use it's CallbackInfo
[10dic2025 19:46:07.500] [modloading-worker-0/DEBUG] [mixin/]: owo.mixins.json:ui.MinecraftClientMixin from mod owo->@Inject::beforeRender(ZLorg/spongepowered/asm/mixin/injection/callback/CallbackInfo;)V has 0 override(s) in child classes
[10dic2025 19:46:07.500] [modloading-worker-0/DEBUG] [mixin/]: owo.mixins.json:ui.MinecraftClientMixin from mod owo->@Inject::beforeRender(ZLorg/spongepowered/asm/mixin/injection/callback/CallbackInfo;)V won't be passed a CallbackInfo as a result
[10dic2025 19:46:07.500] [modloading-worker-0/DEBUG] [mixin/]: owo.mixins.json:ui.MinecraftClientMixin from mod owo->@Inject::afterRender(ZLorg/spongepowered/asm/mixin/injection/callback/CallbackInfo;)V doesn't use it's CallbackInfo
[10dic2025 19:46:07.500] [modloading-worker-0/DEBUG] [mixin/]: owo.mixins.json:ui.MinecraftClientMixin from mod owo->@Inject::afterRender(ZLorg/spongepowered/asm/mixin/injection/callback/CallbackInfo;)V has 0 override(s) in child classes
[10dic2025 19:46:07.500] [modloading-worker-0/DEBUG] [mixin/]: owo.mixins.json:ui.MinecraftClientMixin from mod owo->@Inject::afterRender(ZLorg/spongepowered/asm/mixin/injection/callback/CallbackInfo;)V won't be passed a CallbackInfo as a result
[10dic2025 19:46:07.500] [modloading-worker-0/DEBUG] [mixin/]: owo.mixins.json:ui.MinecraftClientMixin from mod owo->@Inject::captureSetScreen(Lnet/minecraft/client/gui/screens/Screen;Lorg/spongepowered/asm/mixin/injection/callback/CallbackInfo;)V doesn't use it's CallbackInfo
[10dic2025 19:46:07.500] [modloading-worker-0/DEBUG] [mixin/]: owo.mixins.json:ui.MinecraftClientMixin from mod owo->@Inject::captureSetScreen(Lnet/minecraft/client/gui/screens/Screen;Lorg/spongepowered/asm/mixin/injection/callback/CallbackInfo;)V has 0 override(s) in child classes
[10dic2025 19:46:07.500] [modloading-worker-0/DEBUG] [mixin/]: owo.mixins.json:ui.MinecraftClientMixin from mod owo->@Inject::captureSetScreen(Lnet/minecraft/client/gui/screens/Screen;Lorg/spongepowered/asm/mixin/injection/callback/CallbackInfo;)V won't be passed a CallbackInfo as a result
[10dic2025 19:46:07.500] [modloading-worker-0/DEBUG] [mixin/]: architectury.mixins.json:MixinMinecraft from mod architectury->@Inject::onStart(Lorg/spongepowered/asm/mixin/injection/callback/CallbackInfo;)V doesn't use it's CallbackInfo
[10dic2025 19:46:07.500] [modloading-worker-0/DEBUG] [mixin/]: architectury.mixins.json:MixinMinecraft from mod architectury->@Inject::onStart(Lorg/spongepowered/asm/mixin/injection/callback/CallbackInfo;)V has 0 override(s) in child classes
[10dic2025 19:46:07.500] [modloading-worker-0/DEBUG] [mixin/]: architectury.mixins.json:MixinMinecraft from mod architectury->@Inject::onStart(Lorg/spongepowered/asm/mixin/injection/callback/CallbackInfo;)V won't be passed a CallbackInfo as a result
[10dic2025 19:46:07.500] [modloading-worker-0/DEBUG] [mixin/]: architectury.mixins.json:MixinMinecraft from mod architectury->@Inject::onStopping(Lorg/spongepowered/asm/mixin/injection/callback/CallbackInfo;)V doesn't use it's CallbackInfo
[10dic2025 19:46:07.500] [modloading-worker-0/DEBUG] [mixin/]: architectury.mixins.json:MixinMinecraft from mod architectury->@Inject::onStopping(Lorg/spongepowered/asm/mixin/injection/callback/CallbackInfo;)V has 0 override(s) in child classes
[10dic2025 19:46:07.500] [modloading-worker-0/DEBUG] [mixin/]: architectury.mixins.json:MixinMinecraft from mod architectury->@Inject::onStopping(Lorg/spongepowered/asm/mixin/injection/callback/CallbackInfo;)V won't be passed a CallbackInfo as a result
[10dic2025 19:46:07.500] [modloading-worker-0/DEBUG] [mixin/]: fabric-screen-api-v1.mixins.json:MinecraftClientMixin from mod fabric_screen_api_v1->@Inject::checkThreadOnDev(Lnet/minecraft/client/gui/screens/Screen;Lorg/spongepowered/asm/mixin/injection/callback/CallbackInfo;)V doesn't use it's CallbackInfo
[10dic2025 19:46:07.500] [modloading-worker-0/DEBUG] [mixin/]: fabric-screen-api-v1.mixins.json:MinecraftClientMixin from mod fabric_screen_api_v1->@Inject::checkThreadOnDev(Lnet/minecraft/client/gui/screens/Screen;Lorg/spongepowered/asm/mixin/injection/callback/CallbackInfo;)V has 0 override(s) in child classes
[10dic2025 19:46:07.500] [modloading-worker-0/DEBUG] [mixin/]: fabric-screen-api-v1.mixins.json:MinecraftClientMixin from mod fabric_screen_api_v1->@Inject::checkThreadOnDev(Lnet/minecraft/client/gui/screens/Screen;Lorg/spongepowered/asm/mixin/injection/callback/CallbackInfo;)V won't be passed a CallbackInfo as a result
[10dic2025 19:46:07.500] [modloading-worker-0/DEBUG] [mixin/]: fabric-screen-api-v1.mixins.json:MinecraftClientMixin from mod fabric_screen_api_v1->@Inject::onScreenRemove(Lnet/minecraft/client/gui/screens/Screen;Lorg/spongepowered/asm/mixin/injection/callback/CallbackInfo;)V doesn't use it's CallbackInfo
[10dic2025 19:46:07.500] [modloading-worker-0/DEBUG] [mixin/]: fabric-screen-api-v1.mixins.json:MinecraftClientMixin from mod fabric_screen_api_v1->@Inject::onScreenRemove(Lnet/minecraft/client/gui/screens/Screen;Lorg/spongepowered/asm/mixin/injection/callback/CallbackInfo;)V has 0 override(s) in child classes
[10dic2025 19:46:07.500] [modloading-worker-0/DEBUG] [mixin/]: fabric-screen-api-v1.mixins.json:MinecraftClientMixin from mod fabric_screen_api_v1->@Inject::onScreenRemove(Lnet/minecraft/client/gui/screens/Screen;Lorg/spongepowered/asm/mixin/injection/callback/CallbackInfo;)V won't be passed a CallbackInfo as a result
[10dic2025 19:46:07.500] [modloading-worker-0/DEBUG] [mixin/]: fabric-screen-api-v1.mixins.json:MinecraftClientMixin from mod fabric_screen_api_v1->@Inject::onScreenRemoveBecauseStopping(Lorg/spongepowered/asm/mixin/injection/callback/CallbackInfo;)V doesn't use it's CallbackInfo
[10dic2025 19:46:07.500] [modloading-worker-0/DEBUG] [mixin/]: fabric-screen-api-v1.mixins.json:MinecraftClientMixin from mod fabric_screen_api_v1->@Inject::onScreenRemoveBecauseStopping(Lorg/spongepowered/asm/mixin/injection/callback/CallbackInfo;)V has 0 override(s) in child classes
[10dic2025 19:46:07.500] [modloading-worker-0/DEBUG] [mixin/]: fabric-screen-api-v1.mixins.json:MinecraftClientMixin from mod fabric_screen_api_v1->@Inject::onScreenRemoveBecauseStopping(Lorg/spongepowered/asm/mixin/injection/callback/CallbackInfo;)V won't be passed a CallbackInfo as a result
[10dic2025 19:46:07.501] [modloading-worker-0/DEBUG] [mixin/]: fabric-screen-api-v1.mixins.json:MinecraftClientMixin from mod fabric_screen_api_v1->@Inject::beforeScreenTick(Lorg/spongepowered/asm/mixin/injection/callback/CallbackInfo;)V doesn't use it's CallbackInfo
[10dic2025 19:46:07.501] [modloading-worker-0/DEBUG] [mixin/]: fabric-screen-api-v1.mixins.json:MinecraftClientMixin from mod fabric_screen_api_v1->@Inject::beforeScreenTick(Lorg/spongepowered/asm/mixin/injection/callback/CallbackInfo;)V has 0 override(s) in child classes
[10dic2025 19:46:07.501] [modloading-worker-0/DEBUG] [mixin/]: fabric-screen-api-v1.mixins.json:MinecraftClientMixin from mod fabric_screen_api_v1->@Inject::beforeScreenTick(Lorg/spongepowered/asm/mixin/injection/callback/CallbackInfo;)V won't be passed a CallbackInfo as a result
[10dic2025 19:46:07.501] [modloading-worker-0/DEBUG] [mixin/]: fabric-screen-api-v1.mixins.json:MinecraftClientMixin from mod fabric_screen_api_v1->@Inject::afterScreenTick(Lorg/spongepowered/asm/mixin/injection/callback/CallbackInfo;)V doesn't use it's CallbackInfo
[10dic2025 19:46:07.501] [modloading-worker-0/DEBUG] [mixin/]: fabric-screen-api-v1.mixins.json:MinecraftClientMixin from mod fabric_screen_api_v1->@Inject::afterScreenTick(Lorg/spongepowered/asm/mixin/injection/callback/CallbackInfo;)V has 0 override(s) in child classes
[10dic2025 19:46:07.501] [modloading-worker-0/DEBUG] [mixin/]: fabric-screen-api-v1.mixins.json:MinecraftClientMixin from mod fabric_screen_api_v1->@Inject::afterScreenTick(Lorg/spongepowered/asm/mixin/injection/callback/CallbackInfo;)V won't be passed a CallbackInfo as a result
[10dic2025 19:46:07.501] [modloading-worker-0/DEBUG] [mixin/]: fabric-screen-api-v1.mixins.json:MinecraftClientMixin from mod fabric_screen_api_v1->@Inject::beforeLoadingScreenTick(Lorg/spongepowered/asm/mixin/injection/callback/CallbackInfo;)V doesn't use it's CallbackInfo
[10dic2025 19:46:07.501] [modloading-worker-0/DEBUG] [mixin/]: fabric-screen-api-v1.mixins.json:MinecraftClientMixin from mod fabric_screen_api_v1->@Inject::beforeLoadingScreenTick(Lorg/spongepowered/asm/mixin/injection/callback/CallbackInfo;)V has 0 override(s) in child classes
[10dic2025 19:46:07.501] [modloading-worker-0/DEBUG] [mixin/]: fabric-screen-api-v1.mixins.json:MinecraftClientMixin from mod fabric_screen_api_v1->@Inject::beforeLoadingScreenTick(Lorg/spongepowered/asm/mixin/injection/callback/CallbackInfo;)V won't be passed a CallbackInfo as a result
[10dic2025 19:46:07.501] [modloading-worker-0/DEBUG] [mixin/]: fabric-screen-api-v1.mixins.json:MinecraftClientMixin from mod fabric_screen_api_v1->@Inject::afterLoadingScreenTick(Lorg/spongepowered/asm/mixin/injection/callback/CallbackInfo;)V doesn't use it's CallbackInfo
[10dic2025 19:46:07.501] [modloading-worker-0/DEBUG] [mixin/]: fabric-screen-api-v1.mixins.json:MinecraftClientMixin from mod fabric_screen_api_v1->@Inject::afterLoadingScreenTick(Lorg/spongepowered/asm/mixin/injection/callback/CallbackInfo;)V has 0 override(s) in child classes
[10dic2025 19:46:07.501] [modloading-worker-0/DEBUG] [mixin/]: fabric-screen-api-v1.mixins.json:MinecraftClientMixin from mod fabric_screen_api_v1->@Inject::afterLoadingScreenTick(Lorg/spongepowered/asm/mixin/injection/callback/CallbackInfo;)V won't be passed a CallbackInfo as a result
[10dic2025 19:46:07.501] [modloading-worker-0/DEBUG] [mixin/]: kubejs.mixins.json:MinecraftClientMixin from mod kubejs->@Inject::kjs$init(Lorg/spongepowered/asm/mixin/injection/callback/CallbackInfo;)V doesn't use it's CallbackInfo
[10dic2025 19:46:07.501] [modloading-worker-0/DEBUG] [mixin/]: kubejs.mixins.json:MinecraftClientMixin from mod kubejs->@Inject::kjs$init(Lorg/spongepowered/asm/mixin/injection/callback/CallbackInfo;)V has 0 override(s) in child classes
[10dic2025 19:46:07.501] [modloading-worker-0/DEBUG] [mixin/]: kubejs.mixins.json:MinecraftClientMixin from mod kubejs->@Inject::kjs$init(Lorg/spongepowered/asm/mixin/injection/callback/CallbackInfo;)V won't be passed a CallbackInfo as a result
[10dic2025 19:46:07.501] [modloading-worker-0/DEBUG] [mixin/]: kubejs.mixins.json:MinecraftClientMixin from mod kubejs->@Inject::kjs$createTitle(Lorg/spongepowered/asm/mixin/injection/callback/CallbackInfoReturnable;)V does use it's CallbackInfoReturnable
[10dic2025 19:46:07.501] [modloading-worker-0/DEBUG] [mixin/]: kubejs.mixins.json:MinecraftClientMixin from mod kubejs->@Inject::kjs$startAttack(Lorg/spongepowered/asm/mixin/injection/callback/CallbackInfoReturnable;)V doesn't use it's CallbackInfoReturnable
[10dic2025 19:46:07.501] [modloading-worker-0/DEBUG] [mixin/]: kubejs.mixins.json:MinecraftClientMixin from mod kubejs->@Inject::kjs$startAttack(Lorg/spongepowered/asm/mixin/injection/callback/CallbackInfoReturnable;)V has 0 override(s) in child classes
[10dic2025 19:46:07.501] [modloading-worker-0/DEBUG] [mixin/]: kubejs.mixins.json:MinecraftClientMixin from mod kubejs->@Inject::kjs$startAttack(Lorg/spongepowered/asm/mixin/injection/callback/CallbackInfoReturnable;)V won't be passed a CallbackInfoReturnable as a result
[10dic2025 19:46:07.501] [modloading-worker-0/DEBUG] [mixin/]: kubejs.mixins.json:MinecraftClientMixin from mod kubejs->@Inject::kjs$startUseItem(Lorg/spongepowered/asm/mixin/injection/callback/CallbackInfo;)V doesn't use it's CallbackInfo
[10dic2025 19:46:07.501] [modloading-worker-0/DEBUG] [mixin/]: kubejs.mixins.json:MinecraftClientMixin from mod kubejs->@Inject::kjs$startUseItem(Lorg/spongepowered/asm/mixin/injection/callback/CallbackInfo;)V has 0 override(s) in child classes
[10dic2025 19:46:07.501] [modloading-worker-0/DEBUG] [mixin/]: kubejs.mixins.json:MinecraftClientMixin from mod kubejs->@Inject::kjs$startUseItem(Lorg/spongepowered/asm/mixin/injection/callback/CallbackInfo;)V won't be passed a CallbackInfo as a result
[10dic2025 19:46:07.501] [modloading-worker-0/DEBUG] [mixin/]: kubejs.mixins.json:MinecraftClientMixin from mod kubejs->@Inject::kjs$postTickClient(Lorg/spongepowered/asm/mixin/injection/callback/CallbackInfo;)V doesn't use it's CallbackInfo
[10dic2025 19:46:07.501] [modloading-worker-0/DEBUG] [mixin/]: kubejs.mixins.json:MinecraftClientMixin from mod kubejs->@Inject::kjs$postTickClient(Lorg/spongepowered/asm/mixin/injection/callback/CallbackInfo;)V has 0 override(s) in child classes
[10dic2025 19:46:07.501] [modloading-worker-0/DEBUG] [mixin/]: kubejs.mixins.json:MinecraftClientMixin from mod kubejs->@Inject::kjs$postTickClient(Lorg/spongepowered/asm/mixin/injection/callback/CallbackInfo;)V won't be passed a CallbackInfo as a result
[10dic2025 19:46:07.501] [modloading-worker-0/DEBUG] [mixin/]: kubejs.mixins.json:MinecraftClientMixin from mod kubejs->@Inject::kjs$endResourceReload(ZLnet/minecraft/client/Minecraft$GameLoadCookie;Lorg/spongepowered/asm/mixin/injection/callback/CallbackInfoReturnable;)V doesn't use it's CallbackInfoReturnable
[10dic2025 19:46:07.501] [modloading-worker-0/DEBUG] [mixin/]: kubejs.mixins.json:MinecraftClientMixin from mod kubejs->@Inject::kjs$endResourceReload(ZLnet/minecraft/client/Minecraft$GameLoadCookie;Lorg/spongepowered/asm/mixin/injection/callback/CallbackInfoReturnable;)V has 0 override(s) in child classes
[10dic2025 19:46:07.501] [modloading-worker-0/DEBUG] [mixin/]: kubejs.mixins.json:MinecraftClientMixin from mod kubejs->@Inject::kjs$endResourceReload(ZLnet/minecraft/client/Minecraft$GameLoadCookie;Lorg/spongepowered/asm/mixin/injection/callback/CallbackInfoReturnable;)V won't be passed a CallbackInfoReturnable as a result
[10dic2025 19:46:07.507] [modloading-worker-0/DEBUG] [mixin/]: Mixing MixinLevelEvent from architectury.mixins.json into net.neoforged.neoforge.event.level.LevelEvent
[10dic2025 19:46:07.507] [modloading-worker-0/DEBUG] [mixin/]: architectury.mixins.json:MixinLevelEvent from mod architectury: Class version 65 required is higher than the class version supported by the current version of Mixin (JAVA_16 supports class version 60)
[10dic2025 19:46:07.517] [modloading-worker-0/DEBUG] [mixin/]: Mixing NumericTagMixin from kubejs.mixins.json into net.minecraft.nbt.NumericTag
[10dic2025 19:46:07.522] [modloading-worker-0/DEBUG] [mixin/]: Mixing LocalPlayerMixin from kubejs.mixins.json into net.minecraft.client.player.LocalPlayer
[10dic2025 19:46:07.533] [modloading-worker-0/DEBUG] [mixin/]: Mixing AbstractClientPlayerMixin from kubejs.mixins.json into net.minecraft.client.player.AbstractClientPlayer
[10dic2025 19:46:07.535] [modloading-worker-0/DEBUG] [mixin/]: Mixing CollectionTagMixin from kubejs.mixins.json into net.minecraft.nbt.CollectionTag
[10dic2025 19:46:07.541] [modloading-worker-0/DEBUG] [mixin/]: Mixing ffapi.NeoNetworkRegistrarMixin from owo.mixins.json into org.sinytra.fabric.networking_api.NeoNetworkRegistrar
[10dic2025 19:46:07.541] [modloading-worker-0/DEBUG] [mixin/]: owo.mixins.json:ffapi.NeoNetworkRegistrarMixin from mod owo: Class version 65 required is higher than the class version supported by the current version of Mixin (JAVA_16 supports class version 60)
[10dic2025 19:46:07.543] [modloading-worker-0/DEBUG] [mixin/]: owo.mixins.json:ffapi.NeoNetworkRegistrarMixin from mod owo->@Inject::owo$adjustMapType(Lnet/minecraft/network/ConnectionProtocol;Lorg/spongepowered/asm/mixin/injection/callback/CallbackInfo;)V doesn't use it's CallbackInfo
[10dic2025 19:46:07.543] [modloading-worker-0/DEBUG] [mixin/]: owo.mixins.json:ffapi.NeoNetworkRegistrarMixin from mod owo->@Inject::owo$adjustMapType(Lnet/minecraft/network/ConnectionProtocol;Lorg/spongepowered/asm/mixin/injection/callback/CallbackInfo;)V has 0 override(s) in child classes
[10dic2025 19:46:07.543] [modloading-worker-0/DEBUG] [mixin/]: owo.mixins.json:ffapi.NeoNetworkRegistrarMixin from mod owo->@Inject::owo$adjustMapType(Lnet/minecraft/network/ConnectionProtocol;Lorg/spongepowered/asm/mixin/injection/callback/CallbackInfo;)V won't be passed a CallbackInfo as a result
[10dic2025 19:46:07.545] [modloading-worker-0/DEBUG] [mixin/]: Mixing ui.ChatScreenMixin from owo.mixins.json into net.minecraft.client.gui.screens.ChatScreen
[10dic2025 19:46:07.545] [modloading-worker-0/DEBUG] [mixin/]: owo.mixins.json:ui.ChatScreenMixin from mod owo: Class version 65 required is higher than the class version supported by the current version of Mixin (JAVA_16 supports class version 60)
[10dic2025 19:46:07.545] [modloading-worker-0/DEBUG] [mixin/]: owo.mixins.json:ui.ChatScreenMixin from mod owo->@Inject::cancelClose(IIILorg/spongepowered/asm/mixin/injection/callback/CallbackInfoReturnable;)V does use it's CallbackInfoReturnable
[10dic2025 19:46:07.545] [modloading-worker-0/DEBUG] [mixin/]: owo.mixins.json:ui.ChatScreenMixin from mod owo->@Inject::cancelClose(IIILorg/spongepowered/asm/mixin/injection/callback/CallbackInfoReturnable;)V does use it's CallbackInfoReturnable
[10dic2025 19:46:07.546] [modloading-worker-0/DEBUG] [net.neoforged.fml.config.ConfigTracker/CONFIG]: Config file titanium/titanium.toml for titanium tracking
[10dic2025 19:46:07.547] [modloading-worker-0/DEBUG] [net.neoforged.fml.javafmlmod.AutomaticEventSubscriber/LOADING]: Attempting to inject @EventBusSubscriber classes into the eventbus for jade
[10dic2025 19:46:07.548] [modloading-worker-0/DEBUG] [mixin/]: Mixing LoadingOverlayMixin from kubejs.mixins.json into net.minecraft.client.gui.screens.LoadingOverlay
[10dic2025 19:46:07.549] [modloading-worker-0/DEBUG] [net.neoforged.fml.javafmlmod.AutomaticEventSubscriber/LOADING]: Attempting to inject @EventBusSubscriber classes into the eventbus for fabric_networking_api_v1
[10dic2025 19:46:07.549] [modloading-worker-0/DEBUG] [net.neoforged.fml.javafmlmod.AutomaticEventSubscriber/LOADING]: Attempting to inject @EventBusSubscriber classes into the eventbus for supermartijn642corelib
[10dic2025 19:46:07.550] [modloading-worker-0/DEBUG] [mixin/]: Mixing NetworkRegistryMixin from fabric-networking-api-v1.mixins.json into net.neoforged.neoforge.network.registration.NetworkRegistry
[10dic2025 19:46:07.550] [modloading-worker-0/DEBUG] [mixin/]: fabric-networking-api-v1.mixins.json:NetworkRegistryMixin from mod fabric_networking_api_v1: Class version 65 required is higher than the class version supported by the current version of Mixin (JAVA_17 supports class version 61)
[10dic2025 19:46:07.551] [modloading-worker-0/DEBUG] [net.neoforged.fml.config.ConfigTracker/CONFIG]: Loaded TOML config file /Users/joshua.morotti/dev/personal/pipezretriever/runs/data/config/titanium/titanium.toml
[10dic2025 19:46:07.552] [modloading-worker-0/DEBUG] [mixin/]: Mixing accessor.NetworkRegistryAccessor from fabric-networking-api-v1.mixins.json into net.neoforged.neoforge.network.registration.NetworkRegistry
[10dic2025 19:46:07.552] [modloading-worker-0/DEBUG] [mixin/]: fabric-networking-api-v1.mixins.json:accessor.NetworkRegistryAccessor from mod fabric_networking_api_v1: Class version 65 required is higher than the class version supported by the current version of Mixin (JAVA_17 supports class version 61)
[10dic2025 19:46:07.552] [modloading-worker-0/DEBUG] [mixin/]: Mixing NetworkRegistryClientMixin from fabric-networking-api-v1.client.mixins.json into net.neoforged.neoforge.network.registration.NetworkRegistry
[10dic2025 19:46:07.552] [modloading-worker-0/DEBUG] [mixin/]: fabric-networking-api-v1.client.mixins.json:NetworkRegistryClientMixin from mod fabric_networking_api_v1: Class version 65 required is higher than the class version supported by the current version of Mixin (JAVA_17 supports class version 61)
[10dic2025 19:46:07.553] [modloading-worker-0/DEBUG] [net.neoforged.fml.config.ConfigTracker/CONFIG]: Watching TOML config file /Users/joshua.morotti/dev/personal/pipezretriever/runs/data/config/titanium/titanium.toml for changes
[10dic2025 19:46:07.555] [modloading-worker-0/DEBUG] [mixin/]: fabric-networking-api-v1.mixins.json:NetworkRegistryMixin from mod fabric_networking_api_v1->@Inject::preventDisconnectOnUnknownFabricPacketClient(Lnet/minecraft/network/protocol/common/ClientCommonPacketListener;Lnet/minecraft/network/protocol/common/ClientboundCustomPayloadPacket;Lorg/spongepowered/asm/mixin/injection/callback/CallbackInfo;)V does use it's CallbackInfo
[10dic2025 19:46:07.555] [modloading-worker-0/DEBUG] [mixin/]: fabric-networking-api-v1.mixins.json:NetworkRegistryMixin from mod fabric_networking_api_v1->@Inject::preventDisconnectOnUnknownFabricPacketServer(Lnet/minecraft/network/protocol/common/ServerCommonPacketListener;Lnet/minecraft/network/protocol/common/ServerboundCustomPayloadPacket;Lorg/spongepowered/asm/mixin/injection/callback/CallbackInfo;)V does use it's CallbackInfo
[10dic2025 19:46:07.555] [modloading-worker-0/DEBUG] [mixin/]: fabric-networking-api-v1.client.mixins.json:NetworkRegistryClientMixin from mod fabric_networking_api_v1->@Inject::startConfiguration(Lnet/minecraft/network/protocol/configuration/ClientConfigurationPacketListener;Lnet/neoforged/neoforge/network/registration/NetworkPayloadSetup;Lorg/spongepowered/asm/mixin/injection/callback/CallbackInfo;)V doesn't use it's CallbackInfo
[10dic2025 19:46:07.556] [modloading-worker-0/DEBUG] [net.neoforged.fml.config.ConfigTracker/CONFIG]: Config file titanium/titanium-tags.toml for titanium tracking
[10dic2025 19:46:07.559] [modloading-worker-0/DEBUG] [mixin/]: Mixing EntityTrackerEntryMixin from fabric-networking-api-v1.mixins.json into net.minecraft.server.level.ServerEntity
[10dic2025 19:46:07.559] [modloading-worker-0/DEBUG] [net.neoforged.fml.config.ConfigTracker/CONFIG]: Config file pipez-server.toml for pipez tracking
[10dic2025 19:46:07.559] [modloading-worker-0/DEBUG] [mixin/]: fabric-networking-api-v1.mixins.json:EntityTrackerEntryMixin from mod fabric_networking_api_v1: Class version 65 required is higher than the class version supported by the current version of Mixin (JAVA_17 supports class version 61)
[10dic2025 19:46:07.560] [modloading-worker-0/DEBUG] [mixin/]: fabric-networking-api-v1.mixins.json:EntityTrackerEntryMixin from mod fabric_networking_api_v1->@Inject::onStartTracking(Lnet/minecraft/server/level/ServerPlayer;Lorg/spongepowered/asm/mixin/injection/callback/CallbackInfo;)V doesn't use it's CallbackInfo
[10dic2025 19:46:07.560] [modloading-worker-0/DEBUG] [mixin/]: fabric-networking-api-v1.mixins.json:EntityTrackerEntryMixin from mod fabric_networking_api_v1->@Inject::onStartTracking(Lnet/minecraft/server/level/ServerPlayer;Lorg/spongepowered/asm/mixin/injection/callback/CallbackInfo;)V has 0 override(s) in child classes
[10dic2025 19:46:07.560] [modloading-worker-0/DEBUG] [mixin/]: fabric-networking-api-v1.mixins.json:EntityTrackerEntryMixin from mod fabric_networking_api_v1->@Inject::onStartTracking(Lnet/minecraft/server/level/ServerPlayer;Lorg/spongepowered/asm/mixin/injection/callback/CallbackInfo;)V won't be passed a CallbackInfo as a result
[10dic2025 19:46:07.560] [modloading-worker-0/DEBUG] [mixin/]: fabric-networking-api-v1.mixins.json:EntityTrackerEntryMixin from mod fabric_networking_api_v1->@Inject::onStopTracking(Lnet/minecraft/server/level/ServerPlayer;Lorg/spongepowered/asm/mixin/injection/callback/CallbackInfo;)V doesn't use it's CallbackInfo
[10dic2025 19:46:07.560] [modloading-worker-0/DEBUG] [mixin/]: fabric-networking-api-v1.mixins.json:EntityTrackerEntryMixin from mod fabric_networking_api_v1->@Inject::onStopTracking(Lnet/minecraft/server/level/ServerPlayer;Lorg/spongepowered/asm/mixin/injection/callback/CallbackInfo;)V has 0 override(s) in child classes
[10dic2025 19:46:07.560] [modloading-worker-0/DEBUG] [mixin/]: fabric-networking-api-v1.mixins.json:EntityTrackerEntryMixin from mod fabric_networking_api_v1->@Inject::onStopTracking(Lnet/minecraft/server/level/ServerPlayer;Lorg/spongepowered/asm/mixin/injection/callback/CallbackInfo;)V won't be passed a CallbackInfo as a result
[10dic2025 19:46:07.561] [modloading-worker-0/DEBUG] [net.neoforged.fml.ModContainer/]: Attempted to register an empty config for type CLIENT on mod pipez
[10dic2025 19:46:07.563] [modloading-worker-0/DEBUG] [mixin/]: Mixing itemgroup.AbstractInventoryScreenMixin from owo.mixins.json into net.minecraft.client.gui.screens.inventory.EffectRenderingInventoryScreen
[10dic2025 19:46:07.564] [modloading-worker-0/DEBUG] [mixin/]: owo.mixins.json:itemgroup.AbstractInventoryScreenMixin from mod owo: Class version 65 required is higher than the class version supported by the current version of Mixin (JAVA_16 supports class version 60)
[10dic2025 19:46:07.566] [modloading-worker-0/DEBUG] [mixin/]: Mixing ui.HandledScreenMixin from owo.mixins.json into net.minecraft.client.gui.screens.inventory.AbstractContainerScreen
[10dic2025 19:46:07.566] [modloading-worker-0/DEBUG] [mixin/]: owo.mixins.json:ui.HandledScreenMixin from mod owo: Class version 65 required is higher than the class version supported by the current version of Mixin (JAVA_16 supports class version 60)
[10dic2025 19:46:07.567] [modloading-worker-0/DEBUG] [net.neoforged.fml.javafmlmod.AutomaticEventSubscriber/LOADING]: Attempting to inject @EventBusSubscriber classes into the eventbus for titanium
[10dic2025 19:46:07.568] [modloading-worker-0/DEBUG] [mixin/]: Mixing ui.layers.HandledScreenAccessor from owo.mixins.json into net.minecraft.client.gui.screens.inventory.AbstractContainerScreen
[10dic2025 19:46:07.568] [modloading-worker-0/DEBUG] [mixin/]: owo.mixins.json:ui.layers.HandledScreenAccessor from mod owo: Class version 65 required is higher than the class version supported by the current version of Mixin (JAVA_16 supports class version 60)
[10dic2025 19:46:07.570] [modloading-worker-0/DEBUG] [mixin/]: owo.mixins.json:ui.HandledScreenMixin from mod owo->@Inject::captureOwoState(Lnet/minecraft/client/gui/GuiGraphics;IIFLorg/spongepowered/asm/mixin/injection/callback/CallbackInfo;)V doesn't use it's CallbackInfo
[10dic2025 19:46:07.570] [modloading-worker-0/DEBUG] [mixin/]: owo.mixins.json:ui.HandledScreenMixin from mod owo->@Inject::captureOwoState(Lnet/minecraft/client/gui/GuiGraphics;IIFLorg/spongepowered/asm/mixin/injection/callback/CallbackInfo;)V has 0 override(s) in child classes
[10dic2025 19:46:07.570] [modloading-worker-0/DEBUG] [mixin/]: owo.mixins.json:ui.HandledScreenMixin from mod owo->@Inject::captureOwoState(Lnet/minecraft/client/gui/GuiGraphics;IIFLorg/spongepowered/asm/mixin/injection/callback/CallbackInfo;)V won't be passed a CallbackInfo as a result
[10dic2025 19:46:07.570] [modloading-worker-0/DEBUG] [mixin/]: owo.mixins.json:ui.HandledScreenMixin from mod owo->@Inject::resetOwoState(Lnet/minecraft/client/gui/GuiGraphics;IIFLorg/spongepowered/asm/mixin/injection/callback/CallbackInfo;)V doesn't use it's CallbackInfo
[10dic2025 19:46:07.570] [modloading-worker-0/DEBUG] [mixin/]: owo.mixins.json:ui.HandledScreenMixin from mod owo->@Inject::resetOwoState(Lnet/minecraft/client/gui/GuiGraphics;IIFLorg/spongepowered/asm/mixin/injection/callback/CallbackInfo;)V has 0 override(s) in child classes
[10dic2025 19:46:07.570] [modloading-worker-0/DEBUG] [mixin/]: owo.mixins.json:ui.HandledScreenMixin from mod owo->@Inject::resetOwoState(Lnet/minecraft/client/gui/GuiGraphics;IIFLorg/spongepowered/asm/mixin/injection/callback/CallbackInfo;)V won't be passed a CallbackInfo as a result
[10dic2025 19:46:07.570] [modloading-worker-0/DEBUG] [mixin/]: owo.mixins.json:ui.HandledScreenMixin from mod owo->@Inject::injectSlotScissors(Lnet/minecraft/client/gui/GuiGraphics;Lnet/minecraft/world/inventory/Slot;Lorg/spongepowered/asm/mixin/injection/callback/CallbackInfo;)V doesn't use it's CallbackInfo
[10dic2025 19:46:07.570] [modloading-worker-0/DEBUG] [mixin/]: owo.mixins.json:ui.HandledScreenMixin from mod owo->@Inject::injectSlotScissors(Lnet/minecraft/client/gui/GuiGraphics;Lnet/minecraft/world/inventory/Slot;Lorg/spongepowered/asm/mixin/injection/callback/CallbackInfo;)V has 0 override(s) in child classes
[10dic2025 19:46:07.570] [modloading-worker-0/DEBUG] [mixin/]: owo.mixins.json:ui.HandledScreenMixin from mod owo->@Inject::injectSlotScissors(Lnet/minecraft/client/gui/GuiGraphics;Lnet/minecraft/world/inventory/Slot;Lorg/spongepowered/asm/mixin/injection/callback/CallbackInfo;)V won't be passed a CallbackInfo as a result
[10dic2025 19:46:07.570] [modloading-worker-0/DEBUG] [mixin/]: owo.mixins.json:ui.HandledScreenMixin from mod owo->@Inject::clearSlotScissors(Lnet/minecraft/client/gui/GuiGraphics;Lnet/minecraft/world/inventory/Slot;Lorg/spongepowered/asm/mixin/injection/callback/CallbackInfo;)V doesn't use it's CallbackInfo
[10dic2025 19:46:07.570] [modloading-worker-0/DEBUG] [mixin/]: owo.mixins.json:ui.HandledScreenMixin from mod owo->@Inject::clearSlotScissors(Lnet/minecraft/client/gui/GuiGraphics;Lnet/minecraft/world/inventory/Slot;Lorg/spongepowered/asm/mixin/injection/callback/CallbackInfo;)V has 0 override(s) in child classes
[10dic2025 19:46:07.570] [modloading-worker-0/DEBUG] [mixin/]: owo.mixins.json:ui.HandledScreenMixin from mod owo->@Inject::clearSlotScissors(Lnet/minecraft/client/gui/GuiGraphics;Lnet/minecraft/world/inventory/Slot;Lorg/spongepowered/asm/mixin/injection/callback/CallbackInfo;)V won't be passed a CallbackInfo as a result
[10dic2025 19:46:07.570] [modloading-worker-0/DEBUG] [mixin/]: owo.mixins.json:ui.HandledScreenMixin from mod owo->@Inject::clearSlotScissors(Lnet/minecraft/client/gui/GuiGraphics;Lnet/minecraft/world/inventory/Slot;Lorg/spongepowered/asm/mixin/injection/callback/CallbackInfo;)V doesn't use it's CallbackInfo
[10dic2025 19:46:07.570] [modloading-worker-0/DEBUG] [mixin/]: owo.mixins.json:ui.HandledScreenMixin from mod owo->@Inject::clearSlotScissors(Lnet/minecraft/client/gui/GuiGraphics;Lnet/minecraft/world/inventory/Slot;Lorg/spongepowered/asm/mixin/injection/callback/CallbackInfo;)V has 0 override(s) in child classes
[10dic2025 19:46:07.570] [modloading-worker-0/DEBUG] [mixin/]: owo.mixins.json:ui.HandledScreenMixin from mod owo->@Inject::clearSlotScissors(Lnet/minecraft/client/gui/GuiGraphics;Lnet/minecraft/world/inventory/Slot;Lorg/spongepowered/asm/mixin/injection/callback/CallbackInfo;)V won't be passed a CallbackInfo as a result
[10dic2025 19:46:07.571] [modloading-worker-0/DEBUG] [mixin/]: owo.mixins.json:ui.HandledScreenMixin from mod owo->@Inject::enableSlotDepth(Lnet/minecraft/client/gui/GuiGraphics;IIILorg/spongepowered/asm/mixin/injection/callback/CallbackInfo;)V doesn't use it's CallbackInfo
[10dic2025 19:46:07.571] [modloading-worker-0/DEBUG] [mixin/]: owo.mixins.json:ui.HandledScreenMixin from mod owo->@Inject::clearSlotDepth(Lnet/minecraft/client/gui/GuiGraphics;IIILorg/spongepowered/asm/mixin/injection/callback/CallbackInfo;)V doesn't use it's CallbackInfo
[10dic2025 19:46:07.571] [modloading-worker-0/DEBUG] [mixin/]: owo.mixins.json:ui.HandledScreenMixin from mod owo->@Inject::closeIt(IIILorg/spongepowered/asm/mixin/injection/callback/CallbackInfoReturnable;)V does use it's CallbackInfoReturnable
[10dic2025 19:46:07.575] [modloading-worker-0/DEBUG] [mixin/]: Mixing MinecraftServerMixin from kubejs.mixins.json into net.minecraft.server.MinecraftServer
[10dic2025 19:46:07.575] [modloading-worker-0/DEBUG] [net.neoforged.fml.javafmlmod.AutomaticEventSubscriber/LOADING]: Attempting to inject @EventBusSubscriber classes into the eventbus for architectury
[10dic2025 19:46:07.576] [modloading-worker-0/DEBUG] [mixin/]: Renaming synthetic method lambda$kjs$endResourceReload$1()V to md5e8480$kubejs$lambda$kjs$endResourceReload$1$0 in kubejs.mixins.json:MinecraftServerMixin from mod kubejs
[10dic2025 19:46:07.576] [modloading-worker-0/DEBUG] [mixin/]: Renaming synthetic method lambda$kjs$init$0()V to md5e8480$kubejs$lambda$kjs$init$0$1 in kubejs.mixins.json:MinecraftServerMixin from mod kubejs
[10dic2025 19:46:07.581] [modloading-worker-0/DEBUG] [mixin/]: kubejs.mixins.json:MinecraftServerMixin from mod kubejs->@Inject::kjs$init(Lorg/spongepowered/asm/mixin/injection/callback/CallbackInfo;)V doesn't use it's CallbackInfo
[10dic2025 19:46:07.581] [modloading-worker-0/DEBUG] [mixin/]: kubejs.mixins.json:MinecraftServerMixin from mod kubejs->@Inject::kjs$init(Lorg/spongepowered/asm/mixin/injection/callback/CallbackInfo;)V has 0 override(s) in child classes
[10dic2025 19:46:07.581] [modloading-worker-0/DEBUG] [mixin/]: kubejs.mixins.json:MinecraftServerMixin from mod kubejs->@Inject::kjs$init(Lorg/spongepowered/asm/mixin/injection/callback/CallbackInfo;)V won't be passed a CallbackInfo as a result
[10dic2025 19:46:07.581] [modloading-worker-0/DEBUG] [mixin/]: kubejs.mixins.json:MinecraftServerMixin from mod kubejs->@Inject::kjs$postTickServer(Ljava/util/function/BooleanSupplier;Lorg/spongepowered/asm/mixin/injection/callback/CallbackInfo;)V doesn't use it's CallbackInfo
[10dic2025 19:46:07.581] [modloading-worker-0/DEBUG] [mixin/]: kubejs.mixins.json:MinecraftServerMixin from mod kubejs->@Inject::kjs$postTickServer(Ljava/util/function/BooleanSupplier;Lorg/spongepowered/asm/mixin/injection/callback/CallbackInfo;)V has 0 override(s) in child classes
[10dic2025 19:46:07.581] [modloading-worker-0/DEBUG] [mixin/]: kubejs.mixins.json:MinecraftServerMixin from mod kubejs->@Inject::kjs$postTickServer(Ljava/util/function/BooleanSupplier;Lorg/spongepowered/asm/mixin/injection/callback/CallbackInfo;)V won't be passed a CallbackInfo as a result
[10dic2025 19:46:07.581] [modloading-worker-0/DEBUG] [mixin/]: kubejs.mixins.json:MinecraftServerMixin from mod kubejs->@Inject::kjs$endResourceReload(Ljava/util/Collection;Lorg/spongepowered/asm/mixin/injection/callback/CallbackInfoReturnable;)V doesn't use it's CallbackInfoReturnable
[10dic2025 19:46:07.581] [modloading-worker-0/DEBUG] [mixin/]: kubejs.mixins.json:MinecraftServerMixin from mod kubejs->@Inject::kjs$endResourceReload(Ljava/util/Collection;Lorg/spongepowered/asm/mixin/injection/callback/CallbackInfoReturnable;)V has 0 override(s) in child classes
[10dic2025 19:46:07.581] [modloading-worker-0/DEBUG] [mixin/]: kubejs.mixins.json:MinecraftServerMixin from mod kubejs->@Inject::kjs$endResourceReload(Ljava/util/Collection;Lorg/spongepowered/asm/mixin/injection/callback/CallbackInfoReturnable;)V won't be passed a CallbackInfoReturnable as a result
[10dic2025 19:46:07.583] [modloading-worker-0/DEBUG] [mixin/]: Mixing UpgradeTileEntityMixin from pipezretriever.mixins.json into de.maxhenkel.pipez.blocks.tileentity.UpgradeTileEntity
[10dic2025 19:46:07.584] [modloading-worker-0/DEBUG] [mixin/]: pipezretriever.mixins.json:UpgradeTileEntityMixin from mod pipezretriever->@Inject::pipezretriever$onSetExtracting(Lnet/minecraft/core/Direction;ZLorg/spongepowered/asm/mixin/injection/callback/CallbackInfo;)V doesn't use it's CallbackInfo
[10dic2025 19:46:07.584] [modloading-worker-0/DEBUG] [mixin/]: pipezretriever.mixins.json:UpgradeTileEntityMixin from mod pipezretriever->@Inject::pipezretriever$onSetExtracting(Lnet/minecraft/core/Direction;ZLorg/spongepowered/asm/mixin/injection/callback/CallbackInfo;)V has 0 override(s) in child classes
[10dic2025 19:46:07.584] [modloading-worker-0/DEBUG] [mixin/]: pipezretriever.mixins.json:UpgradeTileEntityMixin from mod pipezretriever->@Inject::pipezretriever$onSetExtracting(Lnet/minecraft/core/Direction;ZLorg/spongepowered/asm/mixin/injection/callback/CallbackInfo;)V won't be passed a CallbackInfo as a result
[10dic2025 19:46:07.586] [modloading-worker-0/DEBUG] [mixin/]: Mixing PipeTileEntityMixin from pipezretriever.mixins.json into de.maxhenkel.pipez.blocks.tileentity.PipeTileEntity
[10dic2025 19:46:07.588] [modloading-worker-0/DEBUG] [mixin/]: pipezretriever.mixins.json:PipeTileEntityMixin from mod pipezretriever->@Inject::pipezretriever$loadAdditional(Lnet/minecraft/nbt/CompoundTag;Lnet/minecraft/core/HolderLookup$Provider;Lorg/spongepowered/asm/mixin/injection/callback/CallbackInfo;)V doesn't use it's CallbackInfo
[10dic2025 19:46:07.588] [modloading-worker-0/DEBUG] [mixin/]: pipezretriever.mixins.json:PipeTileEntityMixin from mod pipezretriever->@Inject::pipezretriever$loadAdditional(Lnet/minecraft/nbt/CompoundTag;Lnet/minecraft/core/HolderLookup$Provider;Lorg/spongepowered/asm/mixin/injection/callback/CallbackInfo;)V has 0 override(s) in child classes
[10dic2025 19:46:07.588] [modloading-worker-0/DEBUG] [mixin/]: pipezretriever.mixins.json:PipeTileEntityMixin from mod pipezretriever->@Inject::pipezretriever$loadAdditional(Lnet/minecraft/nbt/CompoundTag;Lnet/minecraft/core/HolderLookup$Provider;Lorg/spongepowered/asm/mixin/injection/callback/CallbackInfo;)V won't be passed a CallbackInfo as a result
[10dic2025 19:46:07.588] [modloading-worker-0/DEBUG] [mixin/]: pipezretriever.mixins.json:PipeTileEntityMixin from mod pipezretriever->@Inject::pipezretriever$saveAdditional(Lnet/minecraft/nbt/CompoundTag;Lnet/minecraft/core/HolderLookup$Provider;Lorg/spongepowered/asm/mixin/injection/callback/CallbackInfo;)V doesn't use it's CallbackInfo
[10dic2025 19:46:07.588] [modloading-worker-0/DEBUG] [mixin/]: pipezretriever.mixins.json:PipeTileEntityMixin from mod pipezretriever->@Inject::pipezretriever$saveAdditional(Lnet/minecraft/nbt/CompoundTag;Lnet/minecraft/core/HolderLookup$Provider;Lorg/spongepowered/asm/mixin/injection/callback/CallbackInfo;)V has 0 override(s) in child classes
[10dic2025 19:46:07.588] [modloading-worker-0/DEBUG] [mixin/]: pipezretriever.mixins.json:PipeTileEntityMixin from mod pipezretriever->@Inject::pipezretriever$saveAdditional(Lnet/minecraft/nbt/CompoundTag;Lnet/minecraft/core/HolderLookup$Provider;Lorg/spongepowered/asm/mixin/injection/callback/CallbackInfo;)V won't be passed a CallbackInfo as a result
[10dic2025 19:46:07.592] [modloading-worker-0/DEBUG] [net.neoforged.fml.javafmlmod.AutomaticEventSubscriber/LOADING]: Attempting to inject @EventBusSubscriber classes into the eventbus for athena
[10dic2025 19:46:07.592] [modloading-worker-0/DEBUG] [mixin/]: Mixing tweaks.OperatingSystemMixin from owo.mixins.json into net.minecraft.Util$OS
[10dic2025 19:46:07.592] [modloading-worker-0/DEBUG] [mixin/]: owo.mixins.json:tweaks.OperatingSystemMixin from mod owo: Class version 65 required is higher than the class version supported by the current version of Mixin (JAVA_16 supports class version 60)
[10dic2025 19:46:07.592] [modloading-worker-0/DEBUG] [mixin/]: Renaming synthetic method lambda$open$0(Ljava/net/URI;)V to md5e8480$owo$lambda$open$0$0 in owo.mixins.json:tweaks.OperatingSystemMixin from mod owo
[10dic2025 19:46:07.595] [modloading-worker-0/INFO] [owo/]: who invited dafuqs
[10dic2025 19:46:07.595] [modloading-worker-0/DEBUG] [net.neoforged.fml.javafmlmod.AutomaticEventSubscriber/LOADING]: Attempting to inject @EventBusSubscriber classes into the eventbus for geckolib
[10dic2025 19:46:07.598] [modloading-worker-0/DEBUG] [net.neoforged.fml.javafmlmod.AutomaticEventSubscriber/LOADING]: Attempting to inject @EventBusSubscriber classes into the eventbus for glodium
[10dic2025 19:46:07.598] [modloading-worker-0/DEBUG] [mixin/]: Mixing shader.ShaderProgramAccessor from owo.mixins.json into net.minecraft.client.renderer.ShaderInstance
[10dic2025 19:46:07.598] [modloading-worker-0/DEBUG] [mixin/]: owo.mixins.json:shader.ShaderProgramAccessor from mod owo: Class version 65 required is higher than the class version supported by the current version of Mixin (JAVA_16 supports class version 60)
[10dic2025 19:46:07.598] [modloading-worker-0/DEBUG] [mixin/]: Mixing shader.ShaderProgramMixin from owo.mixins.json into net.minecraft.client.renderer.ShaderInstance
[10dic2025 19:46:07.598] [modloading-worker-0/DEBUG] [mixin/]: owo.mixins.json:shader.ShaderProgramMixin from mod owo: Class version 65 required is higher than the class version supported by the current version of Mixin (JAVA_16 supports class version 60)
[10dic2025 19:46:07.598] [modloading-worker-0/DEBUG] [net.neoforged.neoforge.internal.versions.neoforge.NeoForgeVersion/CORE]: Found NeoForge version 21.1.77
[10dic2025 19:46:07.598] [modloading-worker-0/DEBUG] [net.neoforged.neoforge.internal.versions.neoforge.NeoForgeVersion/CORE]: Found FML version 4.0.31
[10dic2025 19:46:07.598] [modloading-worker-0/INFO] [net.neoforged.neoforge.common.NeoForgeMod/NEOFORGE-MOD]: NeoForge mod loading, version 21.1.77, for MC 1.21.1
[10dic2025 19:46:07.600] [modloading-worker-0/DEBUG] [mezz.jei.common.platform.Services/]: Loaded mezz.jei.neoforge.platform.PlatformHelper@598fe26c for service interface mezz.jei.common.platform.IPlatformHelper
[10dic2025 19:46:07.601] [modloading-worker-0/DEBUG] [net.neoforged.fml.javafmlmod.AutomaticEventSubscriber/LOADING]: Attempting to inject @EventBusSubscriber classes into the eventbus for trashcans
[10dic2025 19:46:07.604] [modloading-worker-0/DEBUG] [net.neoforged.fml.javafmlmod.AutomaticEventSubscriber/LOADING]: Attempting to inject @EventBusSubscriber classes into the eventbus for ftbessentials
[10dic2025 19:46:07.606] [modloading-worker-0/DEBUG] [net.neoforged.fml.config.ConfigTracker/CONFIG]: Config file neoforge-client.toml for neoforge tracking
[10dic2025 19:46:07.606] [modloading-worker-0/DEBUG] [net.neoforged.fml.config.ConfigTracker/CONFIG]: Config file neoforge-server.toml for neoforge tracking
[10dic2025 19:46:07.606] [modloading-worker-0/DEBUG] [net.neoforged.fml.config.ConfigTracker/CONFIG]: Config file neoforge-common.toml for neoforge tracking
[10dic2025 19:46:07.607] [modloading-worker-0/DEBUG] [mezz.jei.common.config.file.ConfigSchema/]: Localization has not loaded yet, waiting to save the config file until JEI starts.
[10dic2025 19:46:07.607] [modloading-worker-0/DEBUG] [net.neoforged.fml.javafmlmod.AutomaticEventSubscriber/LOADING]: Attempting to inject @EventBusSubscriber classes into the eventbus for pipez
[10dic2025 19:46:07.608] [modloading-worker-0/INFO] [com.lumengrid.pipezretriever.PipezRetriever/]: Pipez Retriever initializing...
[10dic2025 19:46:07.608] [modloading-worker-0/DEBUG] [net.neoforged.fml.javafmlmod.AutomaticEventSubscriber/LOADING]: Attempting to inject @EventBusSubscriber classes into the eventbus for pipezretriever
[10dic2025 19:46:07.609] [modloading-worker-0/DEBUG] [mezz.jei.common.config.file.ConfigSchema/]: Localization has not loaded yet, waiting to save the config file until JEI starts.
[10dic2025 19:46:07.610] [modloading-worker-0/DEBUG] [FTB Library/]: tracking config ftblibrary-startup, loaded from /Users/joshua.morotti/dev/personal/pipezretriever/runs/data/config/ftblibrary-startup.snbt
[10dic2025 19:46:07.610] [modloading-worker-0/DEBUG] [mezz.jei.common.config.file.ConfigSchema/]: Localization has not loaded yet, waiting to save the config file until JEI starts.
[10dic2025 19:46:07.610] [modloading-worker-0/DEBUG] [mixin/]: Mixing WindowMixin from kubejs.mixins.json into com.mojang.blaze3d.platform.Window
[10dic2025 19:46:07.616] [modloading-worker-0/DEBUG] [mezz.jei.common.config.file.ConfigSchema/]: Localization has not loaded yet, waiting to save the config file until JEI starts.
[10dic2025 19:46:07.620] [modloading-worker-0/INFO] [mezz.jei.library.load.PluginCaller/]: Sending ConfigManager...
[10dic2025 19:46:07.621] [modloading-worker-0/DEBUG] [mezz.jei.library.load.PluginCallerTimerRunnable/]: Sending ConfigManager: jei:minecraft...
[10dic2025 19:46:07.621] [modloading-worker-0/DEBUG] [mezz.jei.library.load.PluginCallerTimerRunnable/]: Sending ConfigManager: titanium:default...
[10dic2025 19:46:07.621] [modloading-worker-0/DEBUG] [mezz.jei.library.load.PluginCallerTimerRunnable/]: Sending ConfigManager: jade:main...
[10dic2025 19:46:07.621] [modloading-worker-0/DEBUG] [mezz.jei.library.load.PluginCallerTimerRunnable/]: Sending ConfigManager: ftblibrary:jei...
[10dic2025 19:46:07.621] [modloading-worker-0/DEBUG] [mezz.jei.library.load.PluginCallerTimerRunnable/]: Sending ConfigManager: jei:neoforge_gui...
[10dic2025 19:46:07.621] [modloading-worker-0/DEBUG] [mezz.jei.library.load.PluginCallerTimerRunnable/]: Sending ConfigManager: jei:debug...
[10dic2025 19:46:07.621] [modloading-worker-0/DEBUG] [mezz.jei.library.load.PluginCallerTimerRunnable/]: Sending ConfigManager: jei:gui...
[10dic2025 19:46:07.621] [modloading-worker-0/DEBUG] [mezz.jei.library.load.PluginCallerTimerRunnable/]: Sending ConfigManager: kubejs:jei...
[10dic2025 19:46:07.621] [modloading-worker-0/DEBUG] [mezz.jei.library.load.PluginCallerTimerRunnable/]: Sending ConfigManager: trashcans:jei_plugin...
[10dic2025 19:46:07.621] [modloading-worker-0/DEBUG] [mezz.jei.library.load.PluginCallerTimerRunnable/]: Sending ConfigManager: pipez:pipez...
[10dic2025 19:46:07.621] [modloading-worker-0/DEBUG] [mezz.jei.library.load.PluginCallerTimerRunnable/]: Sending ConfigManager: jei:internal...
[10dic2025 19:46:07.622] [modloading-worker-0/INFO] [mezz.jei.library.load.PluginCaller/]: Sending ConfigManager took 1.237 milliseconds
[10dic2025 19:46:07.625] [modloading-worker-0/DEBUG] [mixin/]: Mixing ui.ClickableWidgetMixin from owo.mixins.json into net.minecraft.client.gui.components.AbstractWidget
[10dic2025 19:46:07.625] [modloading-worker-0/DEBUG] [mixin/]: owo.mixins.json:ui.ClickableWidgetMixin from mod owo: Class version 65 required is higher than the class version supported by the current version of Mixin (JAVA_16 supports class version 60)
[10dic2025 19:46:07.626] [modloading-worker-0/DEBUG] [mixin/]: Renaming synthetic method lambda$parseProperties$0(Ljava/lang/Boolean;)V to md5e8480$owo$lambda$parseProperties$0$0 in owo.mixins.json:ui.ClickableWidgetMixin from mod owo
[10dic2025 19:46:07.630] [modloading-worker-0/DEBUG] [mixin/]: Mixing ui.access.ClickableWidgetAccessor from owo.mixins.json into net.minecraft.client.gui.components.AbstractWidget
[10dic2025 19:46:07.631] [modloading-worker-0/DEBUG] [mixin/]: owo.mixins.json:ui.access.ClickableWidgetAccessor from mod owo: Class version 65 required is higher than the class version supported by the current version of Mixin (JAVA_16 supports class version 60)
[10dic2025 19:46:07.636] [modloading-worker-0/DEBUG] [mixin/]: owo.mixins.json:ui.ClickableWidgetMixin from mod owo->@Inject::applyWidthToWrapper(ILorg/spongepowered/asm/mixin/injection/callback/CallbackInfo;)V does use it's CallbackInfo
[10dic2025 19:46:07.636] [modloading-worker-0/DEBUG] [mixin/]: owo.mixins.json:ui.ClickableWidgetMixin from mod owo->@Inject::setHovered(Lnet/minecraft/client/gui/GuiGraphics;IIFLorg/spongepowered/asm/mixin/injection/callback/CallbackInfo;)V doesn't use it's CallbackInfo
[10dic2025 19:46:07.636] [modloading-worker-0/DEBUG] [mixin/]: owo.mixins.json:ui.ClickableWidgetMixin from mod owo->@Inject::setHovered(Lnet/minecraft/client/gui/GuiGraphics;IIFLorg/spongepowered/asm/mixin/injection/callback/CallbackInfo;)V has 0 override(s) in child classes
[10dic2025 19:46:07.636] [modloading-worker-0/DEBUG] [mixin/]: owo.mixins.json:ui.ClickableWidgetMixin from mod owo->@Inject::setHovered(Lnet/minecraft/client/gui/GuiGraphics;IIFLorg/spongepowered/asm/mixin/injection/callback/CallbackInfo;)V won't be passed a CallbackInfo as a result
[10dic2025 19:46:07.638] [modloading-worker-0/DEBUG] [net.neoforged.fml.javafmlmod.AutomaticEventSubscriber/LOADING]: Attempting to inject @EventBusSubscriber classes into the eventbus for owo
[10dic2025 19:46:07.638] [modloading-worker-0/DEBUG] [net.neoforged.fml.javafmlmod.AutomaticEventSubscriber/LOADING]: Attempting to inject @EventBusSubscriber classes into the eventbus for jei
[10dic2025 19:46:07.639] [modloading-worker-0/DEBUG] [mixin/]: Mixing IItemHandlerMixin from kubejs.mixins.json into net.neoforged.neoforge.items.IItemHandler
[10dic2025 19:46:07.642] [modloading-worker-0/DEBUG] [net.neoforged.fml.javafmlmod.AutomaticEventSubscriber/LOADING]: Attempting to inject @EventBusSubscriber classes into the eventbus for ftblibrary
[10dic2025 19:46:07.657] [modloading-worker-0/INFO] [KubeJS/]: Loading vanilla registries...
[10dic2025 19:46:07.658] [modloading-worker-0/DEBUG] [mixin/]: Mixing ui.access.ButtonWidgetAccessor from owo.mixins.json into net.minecraft.client.gui.components.Button
[10dic2025 19:46:07.658] [modloading-worker-0/DEBUG] [mixin/]: owo.mixins.json:ui.access.ButtonWidgetAccessor from mod owo: Class version 65 required is higher than the class version supported by the current version of Mixin (JAVA_16 supports class version 60)
[10dic2025 19:46:07.659] [modloading-worker-0/DEBUG] [net.neoforged.fml.javafmlmod.AutomaticEventSubscriber/LOADING]: Attempting to inject @EventBusSubscriber classes into the eventbus for neoforge
[10dic2025 19:46:07.660] [modloading-worker-0/DEBUG] [net.neoforged.fml.javafmlmod.AutomaticEventSubscriber/LOADING]: Auto-subscribing net.neoforged.neoforge.server.command.ConfigCommand to GAME
[10dic2025 19:46:07.660] [modloading-worker-0/DEBUG] [net.neoforged.fml.javafmlmod.AutomaticEventSubscriber/LOADING]: Auto-subscribing net.neoforged.neoforge.network.filters.GenericPacketSplitter to MOD
[10dic2025 19:46:07.672] [modloading-worker-0/INFO] [KubeJS/]: Looking for KubeJS plugins...
[10dic2025 19:46:07.674] [modloading-worker-0/INFO] [KubeJS/]: Found plugin source kubejs
[10dic2025 19:46:07.678] [modloading-worker-0/WARN] [KubeJS/]: Plugin dev.latvian.mods.kubejs.integration.gamestages.GameStagesIntegration does not have required mod 'gamestages' loaded, skipping
[10dic2025 19:46:07.679] [modloading-worker-0/INFO] [KubeJS/]: Done in 5.436 ms
[10dic2025 19:46:07.679] [modloading-worker-0/DEBUG] [io.netty.buffer.AbstractByteBuf/]: -Dio.netty.buffer.checkAccessible: true
[10dic2025 19:46:07.679] [modloading-worker-0/DEBUG] [io.netty.buffer.AbstractByteBuf/]: -Dio.netty.buffer.checkBounds: true
[10dic2025 19:46:07.680] [modloading-worker-0/DEBUG] [io.netty.util.ResourceLeakDetectorFactory/]: Loaded default ResourceLeakDetector: io.netty.util.ResourceLeakDetector@6457fec4
[10dic2025 19:46:07.684] [modloading-worker-0/DEBUG] [io.netty.util.internal.InternalThreadLocalMap/]: -Dio.netty.threadLocalMap.stringBuilder.initialSize: 1024
[10dic2025 19:46:07.684] [modloading-worker-0/DEBUG] [io.netty.util.internal.InternalThreadLocalMap/]: -Dio.netty.threadLocalMap.stringBuilder.maxSize: 4096
[10dic2025 19:46:07.686] [modloading-worker-0/DEBUG] [io.netty.buffer.PooledByteBufAllocator/]: -Dio.netty.allocator.numHeapArenas: 20
[10dic2025 19:46:07.686] [modloading-worker-0/DEBUG] [io.netty.buffer.PooledByteBufAllocator/]: -Dio.netty.allocator.numDirectArenas: 20
[10dic2025 19:46:07.686] [modloading-worker-0/DEBUG] [io.netty.buffer.PooledByteBufAllocator/]: -Dio.netty.allocator.pageSize: 8192
[10dic2025 19:46:07.686] [modloading-worker-0/DEBUG] [io.netty.buffer.PooledByteBufAllocator/]: -Dio.netty.allocator.maxOrder: 9
[10dic2025 19:46:07.686] [modloading-worker-0/DEBUG] [io.netty.buffer.PooledByteBufAllocator/]: -Dio.netty.allocator.chunkSize: 4194304
[10dic2025 19:46:07.686] [modloading-worker-0/DEBUG] [io.netty.buffer.PooledByteBufAllocator/]: -Dio.netty.allocator.smallCacheSize: 256
[10dic2025 19:46:07.686] [modloading-worker-0/DEBUG] [io.netty.buffer.PooledByteBufAllocator/]: -Dio.netty.allocator.normalCacheSize: 64
[10dic2025 19:46:07.686] [modloading-worker-0/DEBUG] [io.netty.buffer.PooledByteBufAllocator/]: -Dio.netty.allocator.maxCachedBufferCapacity: 32768
[10dic2025 19:46:07.686] [modloading-worker-0/DEBUG] [io.netty.buffer.PooledByteBufAllocator/]: -Dio.netty.allocator.cacheTrimInterval: 8192
[10dic2025 19:46:07.686] [modloading-worker-0/DEBUG] [io.netty.buffer.PooledByteBufAllocator/]: -Dio.netty.allocator.cacheTrimIntervalMillis: 0
[10dic2025 19:46:07.686] [modloading-worker-0/DEBUG] [io.netty.buffer.PooledByteBufAllocator/]: -Dio.netty.allocator.useCacheForAllThreads: false
[10dic2025 19:46:07.687] [modloading-worker-0/DEBUG] [io.netty.buffer.PooledByteBufAllocator/]: -Dio.netty.allocator.maxCachedByteBuffersPerChunk: 1023
[10dic2025 19:46:07.698] [modloading-worker-0/DEBUG] [io.netty.buffer.ByteBufUtil/]: -Dio.netty.allocator.type: pooled
[10dic2025 19:46:07.698] [modloading-worker-0/DEBUG] [io.netty.buffer.ByteBufUtil/]: -Dio.netty.threadLocalDirectBufferSize: 0
[10dic2025 19:46:07.698] [modloading-worker-0/DEBUG] [io.netty.buffer.ByteBufUtil/]: -Dio.netty.maxThreadLocalCharBufferSize: 16384
[10dic2025 19:46:07.703] [modloading-worker-0/DEBUG] [net.neoforged.fml.config.ConfigTracker/CONFIG]: Config file guideme.toml for guideme tracking
[10dic2025 19:46:07.706] [modloading-worker-0/DEBUG] [mixin/]: Mixing ClientConnectionMixin from owo.mixins.json into net.minecraft.network.Connection
[10dic2025 19:46:07.706] [modloading-worker-0/DEBUG] [mixin/]: owo.mixins.json:ClientConnectionMixin from mod owo: Class version 65 required is higher than the class version supported by the current version of Mixin (JAVA_16 supports class version 60)
[10dic2025 19:46:07.707] [modloading-worker-0/DEBUG] [mixin/]: Mixing ClientConnectionMixin from fabric-networking-api-v1.mixins.json into net.minecraft.network.Connection
[10dic2025 19:46:07.707] [modloading-worker-0/DEBUG] [mixin/]: fabric-networking-api-v1.mixins.json:ClientConnectionMixin from mod fabric_networking_api_v1: Class version 65 required is higher than the class version supported by the current version of Mixin (JAVA_17 supports class version 61)
[10dic2025 19:46:07.709] [modloading-worker-0/DEBUG] [mixin/]: fabric-networking-api-v1.mixins.json:ClientConnectionMixin from mod fabric_networking_api_v1->@Inject::checkPacket(Lnet/minecraft/network/protocol/Packet;Lnet/minecraft/network/PacketSendListener;ZLorg/spongepowered/asm/mixin/injection/callback/CallbackInfo;)V doesn't use it's CallbackInfo
[10dic2025 19:46:07.709] [modloading-worker-0/DEBUG] [mixin/]: fabric-networking-api-v1.mixins.json:ClientConnectionMixin from mod fabric_networking_api_v1->@Inject::checkPacket(Lnet/minecraft/network/protocol/Packet;Lnet/minecraft/network/PacketSendListener;ZLorg/spongepowered/asm/mixin/injection/callback/CallbackInfo;)V has 0 override(s) in child classes
[10dic2025 19:46:07.709] [modloading-worker-0/DEBUG] [mixin/]: fabric-networking-api-v1.mixins.json:ClientConnectionMixin from mod fabric_networking_api_v1->@Inject::checkPacket(Lnet/minecraft/network/protocol/Packet;Lnet/minecraft/network/PacketSendListener;ZLorg/spongepowered/asm/mixin/injection/callback/CallbackInfo;)V won't be passed a CallbackInfo as a result
[10dic2025 19:46:07.709] [modloading-worker-0/DEBUG] [mixin/]: fabric-networking-api-v1.mixins.json:ClientConnectionMixin from mod fabric_networking_api_v1->@Inject::checkPacket(Lnet/minecraft/network/protocol/Packet;Lnet/minecraft/network/PacketSendListener;ZLorg/spongepowered/asm/mixin/injection/callback/CallbackInfo;)V doesn't use it's CallbackInfo
[10dic2025 19:46:07.709] [modloading-worker-0/DEBUG] [mixin/]: fabric-networking-api-v1.mixins.json:ClientConnectionMixin from mod fabric_networking_api_v1->@Inject::checkPacket(Lnet/minecraft/network/protocol/Packet;Lnet/minecraft/network/PacketSendListener;ZLorg/spongepowered/asm/mixin/injection/callback/CallbackInfo;)V has 0 override(s) in child classes
[10dic2025 19:46:07.709] [modloading-worker-0/DEBUG] [mixin/]: fabric-networking-api-v1.mixins.json:ClientConnectionMixin from mod fabric_networking_api_v1->@Inject::checkPacket(Lnet/minecraft/network/protocol/Packet;Lnet/minecraft/network/PacketSendListener;ZLorg/spongepowered/asm/mixin/injection/callback/CallbackInfo;)V won't be passed a CallbackInfo as a result
[10dic2025 19:46:07.709] [modloading-worker-0/DEBUG] [mixin/]: fabric-networking-api-v1.mixins.json:ClientConnectionMixin from mod fabric_networking_api_v1->@Inject::unwatchAddon(Lnet/minecraft/network/ProtocolInfo;Lnet/minecraft/network/PacketListener;Lorg/spongepowered/asm/mixin/injection/callback/CallbackInfo;)V doesn't use it's CallbackInfo
[10dic2025 19:46:07.709] [modloading-worker-0/DEBUG] [mixin/]: fabric-networking-api-v1.mixins.json:ClientConnectionMixin from mod fabric_networking_api_v1->@Inject::unwatchAddon(Lnet/minecraft/network/ProtocolInfo;Lnet/minecraft/network/PacketListener;Lorg/spongepowered/asm/mixin/injection/callback/CallbackInfo;)V has 0 override(s) in child classes
[10dic2025 19:46:07.709] [modloading-worker-0/DEBUG] [mixin/]: fabric-networking-api-v1.mixins.json:ClientConnectionMixin from mod fabric_networking_api_v1->@Inject::unwatchAddon(Lnet/minecraft/network/ProtocolInfo;Lnet/minecraft/network/PacketListener;Lorg/spongepowered/asm/mixin/injection/callback/CallbackInfo;)V won't be passed a CallbackInfo as a result
[10dic2025 19:46:07.709] [modloading-worker-0/DEBUG] [mixin/]: fabric-networking-api-v1.mixins.json:ClientConnectionMixin from mod fabric_networking_api_v1->@Inject::disconnectAddon(Lio/netty/channel/ChannelHandlerContext;Lorg/spongepowered/asm/mixin/injection/callback/CallbackInfo;)V doesn't use it's CallbackInfo
[10dic2025 19:46:07.709] [modloading-worker-0/DEBUG] [mixin/]: fabric-networking-api-v1.mixins.json:ClientConnectionMixin from mod fabric_networking_api_v1->@Inject::disconnectAddon(Lio/netty/channel/ChannelHandlerContext;Lorg/spongepowered/asm/mixin/injection/callback/CallbackInfo;)V has 0 override(s) in child classes
[10dic2025 19:46:07.709] [modloading-worker-0/DEBUG] [mixin/]: fabric-networking-api-v1.mixins.json:ClientConnectionMixin from mod fabric_networking_api_v1->@Inject::disconnectAddon(Lio/netty/channel/ChannelHandlerContext;Lorg/spongepowered/asm/mixin/injection/callback/CallbackInfo;)V won't be passed a CallbackInfo as a result
[10dic2025 19:46:07.709] [modloading-worker-0/DEBUG] [mixin/]: fabric-networking-api-v1.mixins.json:ClientConnectionMixin from mod fabric_networking_api_v1->@Inject::disconnectAddon(Lorg/spongepowered/asm/mixin/injection/callback/CallbackInfo;)V doesn't use it's CallbackInfo
[10dic2025 19:46:07.709] [modloading-worker-0/DEBUG] [mixin/]: fabric-networking-api-v1.mixins.json:ClientConnectionMixin from mod fabric_networking_api_v1->@Inject::disconnectAddon(Lorg/spongepowered/asm/mixin/injection/callback/CallbackInfo;)V has 0 override(s) in child classes
[10dic2025 19:46:07.709] [modloading-worker-0/DEBUG] [mixin/]: fabric-networking-api-v1.mixins.json:ClientConnectionMixin from mod fabric_networking_api_v1->@Inject::disconnectAddon(Lorg/spongepowered/asm/mixin/injection/callback/CallbackInfo;)V won't be passed a CallbackInfo as a result
[10dic2025 19:46:07.713] [modloading-worker-0/DEBUG] [net.neoforged.fml.javafmlmod.AutomaticEventSubscriber/LOADING]: Attempting to inject @EventBusSubscriber classes into the eventbus for guideme
[10dic2025 19:46:07.713] [modloading-worker-0/DEBUG] [net.neoforged.fml.javafmlmod.AutomaticEventSubscriber/LOADING]: Auto-subscribing net.neoforged.neoforge.network.NetworkInitialization to MOD
[10dic2025 19:46:07.713] [modloading-worker-0/DEBUG] [net.neoforged.fml.javafmlmod.AutomaticEventSubscriber/LOADING]: Attempting to inject @EventBusSubscriber classes into the eventbus for kubejs
[10dic2025 19:46:07.714] [modloading-worker-0/DEBUG] [net.neoforged.fml.javafmlmod.AutomaticEventSubscriber/LOADING]: Auto-subscribing dev.latvian.mods.kubejs.item.KubeJSItemEventHandler to GAME
[10dic2025 19:46:07.714] [modloading-worker-0/DEBUG] [net.neoforged.fml.javafmlmod.AutomaticEventSubscriber/LOADING]: Auto-subscribing net.neoforged.neoforge.network.ConfigurationInitialization to MOD
[10dic2025 19:46:07.715] [modloading-worker-0/DEBUG] [net.neoforged.fml.javafmlmod.AutomaticEventSubscriber/LOADING]: Auto-subscribing net.neoforged.neoforge.common.MonsterRoomHooks to GAME
[10dic2025 19:46:07.716] [modloading-worker-0/DEBUG] [net.neoforged.fml.javafmlmod.AutomaticEventSubscriber/LOADING]: Auto-subscribing dev.latvian.mods.kubejs.block.KubeJSBlockEventHandler to GAME
[10dic2025 19:46:07.716] [modloading-worker-0/DEBUG] [net.neoforged.fml.javafmlmod.AutomaticEventSubscriber/LOADING]: Auto-subscribing net.neoforged.neoforge.common.DeferredSpawnEggItem$CommonHandler to MOD
[10dic2025 19:46:07.717] [modloading-worker-0/DEBUG] [net.neoforged.fml.javafmlmod.AutomaticEventSubscriber/LOADING]: Auto-subscribing dev.latvian.mods.kubejs.server.KubeJSServerEventHandler to GAME
[10dic2025 19:46:07.717] [modloading-worker-0/DEBUG] [net.neoforged.fml.javafmlmod.AutomaticEventSubscriber/LOADING]: Auto-subscribing net.neoforged.neoforge.common.DeferredSpawnEggItem$ColorRegisterHandler to MOD
[10dic2025 19:46:07.718] [modloading-worker-0/DEBUG] [net.neoforged.fml.javafmlmod.AutomaticEventSubscriber/LOADING]: Auto-subscribing net.neoforged.neoforge.client.model.data.ModelDataManager to GAME
[10dic2025 19:46:07.718] [modloading-worker-0/DEBUG] [net.neoforged.fml.javafmlmod.AutomaticEventSubscriber/LOADING]: Auto-subscribing dev.latvian.mods.kubejs.entity.KubeJSEntityEventHandler to GAME
[10dic2025 19:46:07.720] [modloading-worker-0/DEBUG] [net.neoforged.fml.javafmlmod.AutomaticEventSubscriber/LOADING]: Auto-subscribing net.neoforged.neoforge.client.ParticleBoundsDebugRenderer to GAME
[10dic2025 19:46:07.720] [modloading-worker-0/DEBUG] [net.neoforged.fml.javafmlmod.AutomaticEventSubscriber/LOADING]: Auto-subscribing dev.latvian.mods.kubejs.client.KubeJSModClientEventHandler to MOD
[10dic2025 19:46:07.720] [modloading-worker-0/DEBUG] [mixin/]: Mixing client.MixinCommandSourceStack from architectury.mixins.json into net.minecraft.commands.CommandSourceStack
[10dic2025 19:46:07.721] [modloading-worker-0/DEBUG] [mixin/]: architectury.mixins.json:client.MixinCommandSourceStack from mod architectury: Class version 65 required is higher than the class version supported by the current version of Mixin (JAVA_16 supports class version 60)
[10dic2025 19:46:07.721] [modloading-worker-0/DEBUG] [mixin/]: Mixing CommandSourceStackMixin from kubejs.mixins.json into net.minecraft.commands.CommandSourceStack
[10dic2025 19:46:07.722] [modloading-worker-0/DEBUG] [mixin/]: Renaming synthetic method lambda$kjs$sendSuccess$0(Lnet/minecraft/network/chat/Component;)Lnet/minecraft/network/chat/Component; to md5e8480$kubejs$lambda$kjs$sendSuccess$0$0 in kubejs.mixins.json:CommandSourceStackMixin from mod kubejs
[10dic2025 19:46:07.726] [modloading-worker-0/DEBUG] [net.neoforged.fml.javafmlmod.AutomaticEventSubscriber/LOADING]: Auto-subscribing net.neoforged.neoforge.client.ClientHooks$ClientEvents to MOD
[10dic2025 19:46:07.727] [modloading-worker-0/DEBUG] [net.neoforged.fml.javafmlmod.AutomaticEventSubscriber/LOADING]: Auto-subscribing dev.latvian.mods.kubejs.client.KubeJSGameClientEventHandler to GAME
[10dic2025 19:46:07.727] [modloading-worker-0/DEBUG] [net.neoforged.fml.javafmlmod.AutomaticEventSubscriber/LOADING]: Auto-subscribing net.neoforged.neoforge.client.BlockEntityRenderBoundsDebugRenderer to GAME
[10dic2025 19:46:07.728] [modloading-worker-0/DEBUG] [net.neoforged.fml.javafmlmod.AutomaticEventSubscriber/LOADING]: Auto-subscribing net.neoforged.neoforge.attachment.AttachmentInternals to GAME
[10dic2025 19:46:07.731] [modloading-worker-0/DEBUG] [net.neoforged.fml.javafmlmod.AutomaticEventSubscriber/LOADING]: Auto-subscribing dev.latvian.mods.kubejs.registry.RegistryEventHandler to MOD
[10dic2025 19:46:07.732] [modloading-worker-0/DEBUG] [net.neoforged.fml.javafmlmod.AutomaticEventSubscriber/LOADING]: Auto-subscribing dev.latvian.mods.kubejs.player.KubeJSPlayerEventHandler to GAME
[10dic2025 19:46:07.734] [modloading-worker-0/DEBUG] [net.neoforged.fml.javafmlmod.AutomaticEventSubscriber/LOADING]: Auto-subscribing dev.latvian.mods.kubejs.level.KubeJSWorldEventHandler to GAME
[10dic2025 19:46:07.735] [modloading-worker-0/DEBUG] [net.neoforged.fml.javafmlmod.AutomaticEventSubscriber/LOADING]: Auto-subscribing dev.latvian.mods.kubejs.KubeJSModEventHandler to MOD
[10dic2025 19:46:07.737] [modloading-worker-0/DEBUG] [net.neoforged.fml.javafmlmod.AutomaticEventSubscriber/LOADING]: Auto-subscribing dev.latvian.mods.kubejs.net.KubeJSNet to MOD
[10dic2025 19:46:07.749] [modloading-sync-worker/DEBUG] [net.neoforged.neoforge.registries.GameData/REGISTRIES]: Unfreezing registries
[10dic2025 19:46:07.813] [modloading-sync-worker/DEBUG] [mixin/]: Mixing ItemStackHandlerMixin from kubejs.mixins.json into net.neoforged.neoforge.items.ItemStackHandler
[10dic2025 19:46:07.822] [modloading-sync-worker/DEBUG] [mixin/]: Mixing tweaks.TextFieldWidgetMixin from owo.mixins.json into net.minecraft.client.gui.components.EditBox
[10dic2025 19:46:07.822] [modloading-sync-worker/DEBUG] [mixin/]: owo.mixins.json:tweaks.TextFieldWidgetMixin from mod owo: Class version 65 required is higher than the class version supported by the current version of Mixin (JAVA_16 supports class version 60)
[10dic2025 19:46:07.824] [modloading-sync-worker/DEBUG] [mixin/]: Mixing ui.TextFieldWidgetMixin from owo.mixins.json into net.minecraft.client.gui.components.EditBox
[10dic2025 19:46:07.824] [modloading-sync-worker/DEBUG] [mixin/]: owo.mixins.json:ui.TextFieldWidgetMixin from mod owo: Class version 65 required is higher than the class version supported by the current version of Mixin (JAVA_16 supports class version 60)
[10dic2025 19:46:07.825] [modloading-sync-worker/DEBUG] [mixin/]: Mixing ui.access.TextFieldWidgetAccessor from owo.mixins.json into net.minecraft.client.gui.components.EditBox
[10dic2025 19:46:07.825] [modloading-sync-worker/DEBUG] [mixin/]: owo.mixins.json:ui.access.TextFieldWidgetAccessor from mod owo: Class version 65 required is higher than the class version supported by the current version of Mixin (JAVA_16 supports class version 60)
[10dic2025 19:46:07.828] [modloading-sync-worker/DEBUG] [mixin/]: owo.mixins.json:tweaks.TextFieldWidgetMixin from mod owo->@Inject::iProvideUsefulSeparators(IIZLorg/spongepowered/asm/mixin/injection/callback/CallbackInfoReturnable;)V does use it's CallbackInfoReturnable
[10dic2025 19:46:07.828] [modloading-sync-worker/DEBUG] [mixin/]: owo.mixins.json:ui.TextFieldWidgetMixin from mod owo->@Inject::callOwoListener(Ljava/lang/String;Lorg/spongepowered/asm/mixin/injection/callback/CallbackInfo;)V doesn't use it's CallbackInfo
[10dic2025 19:46:07.828] [modloading-sync-worker/DEBUG] [mixin/]: owo.mixins.json:ui.TextFieldWidgetMixin from mod owo->@Inject::callOwoListener(Ljava/lang/String;Lorg/spongepowered/asm/mixin/injection/callback/CallbackInfo;)V has 0 override(s) in child classes
[10dic2025 19:46:07.829] [modloading-sync-worker/DEBUG] [mixin/]: owo.mixins.json:ui.TextFieldWidgetMixin from mod owo->@Inject::callOwoListener(Ljava/lang/String;Lorg/spongepowered/asm/mixin/injection/callback/CallbackInfo;)V won't be passed a CallbackInfo as a result
[10dic2025 19:46:07.997] [modloading-sync-worker/DEBUG] [mixin/]: Mixing EnergyPipeTypeMixin from pipezretriever.mixins.json into de.maxhenkel.pipez.blocks.tileentity.types.EnergyPipeType
[10dic2025 19:46:07.999] [modloading-sync-worker/DEBUG] [mixin/]: pipezretriever.mixins.json:EnergyPipeTypeMixin from mod pipezretriever->@Inject::pipezretriever$pullEnergy(Lde/maxhenkel/pipez/blocks/tileentity/PipeLogicTileEntity;Lnet/minecraft/core/Direction;Lorg/spongepowered/asm/mixin/injection/callback/CallbackInfo;)V does use it's CallbackInfo
[10dic2025 19:46:07.999] [modloading-sync-worker/DEBUG] [mixin/]: Mixing FluidPipeTypeMixin from pipezretriever.mixins.json into de.maxhenkel.pipez.blocks.tileentity.types.FluidPipeType
[10dic2025 19:46:08.000] [modloading-sync-worker/DEBUG] [mixin/]: pipezretriever.mixins.json:FluidPipeTypeMixin from mod pipezretriever->@Inject::pipezretriever$tick(Lde/maxhenkel/pipez/blocks/tileentity/PipeLogicTileEntity;Lorg/spongepowered/asm/mixin/injection/callback/CallbackInfo;)V does use it's CallbackInfo
[10dic2025 19:46:08.001] [modloading-sync-worker/DEBUG] [mixin/]: Mixing ItemPipeTypeMixin from pipezretriever.mixins.json into de.maxhenkel.pipez.blocks.tileentity.types.ItemPipeType
[10dic2025 19:46:08.002] [modloading-sync-worker/DEBUG] [mixin/]: pipezretriever.mixins.json:ItemPipeTypeMixin from mod pipezretriever->@Inject::pipezretriever$tick(Lde/maxhenkel/pipez/blocks/tileentity/PipeLogicTileEntity;Lorg/spongepowered/asm/mixin/injection/callback/CallbackInfo;)V does use it's CallbackInfo
[10dic2025 19:46:08.027] [modloading-sync-worker/DEBUG] [mixin/]: Mixing CanItemPerformAbilityAccess from jade.mixins.json into net.neoforged.neoforge.common.loot.CanItemPerformAbility
[10dic2025 19:46:08.027] [modloading-sync-worker/DEBUG] [mixin/]: jade.mixins.json:CanItemPerformAbilityAccess from mod jade: Class version 65 required is higher than the class version supported by the current version of Mixin (JAVA_16 supports class version 60)
[10dic2025 19:46:08.064] [modloading-sync-worker/DEBUG] [mixin/]: Mixing TagEmptyConditionMixin from kubejs.mixins.json into net.neoforged.neoforge.common.conditions.TagEmptyCondition
[10dic2025 19:46:08.066] [modloading-sync-worker/DEBUG] [mixin/]: kubejs.mixins.json:TagEmptyConditionMixin from mod kubejs->@Inject::kjs$test(Lnet/neoforged/neoforge/common/conditions/ICondition$IContext;Lorg/spongepowered/asm/mixin/injection/callback/CallbackInfoReturnable;)V does use it's CallbackInfoReturnable
[10dic2025 19:46:08.068] [modloading-sync-worker/DEBUG] [mixin/]: Mixing FluidIngredientMixin from kubejs.mixins.json into net.neoforged.neoforge.fluids.crafting.FluidIngredient
[10dic2025 19:46:08.071] [modloading-sync-worker/DEBUG] [mixin/]: Mixing FluidStackMixin from kubejs.mixins.json into net.neoforged.neoforge.fluids.FluidStack
[10dic2025 19:46:08.087] [modloading-sync-worker/DEBUG] [mixin/]: Mixing DifferenceIngredientMixin from kubejs.mixins.json into net.neoforged.neoforge.common.crafting.DifferenceIngredient
[10dic2025 19:46:08.118] [modloading-sync-worker/DEBUG] [net.neoforged.neoforge.registries.GameData/REGISTRIES]: Freezing registries
[10dic2025 19:46:08.450] [modloading-sync-worker/DEBUG] [net.neoforged.neoforge.registries.GameData/REGISTRIES]: All registries frozen
[10dic2025 19:46:08.452] [main/DEBUG] [mixin/]: Mixing dev.DataGeneratorConfigMixin from supermartijn642corelib.mixins.json into net.neoforged.neoforge.data.event.GatherDataEvent$DataGeneratorConfig
[10dic2025 19:46:08.453] [main/DEBUG] [mixin/]: supermartijn642corelib.mixins.json:dev.DataGeneratorConfigMixin from mod supermartijn642corelib: Class version 65 required is higher than the class version supported by the current version of Mixin (JAVA_17 supports class version 61)
[10dic2025 19:46:08.453] [main/DEBUG] [mixin/]: supermartijn642corelib.mixins.json:dev.DataGeneratorConfigMixin from mod supermartijn642corelib->@Inject::makeGenerator(Lorg/spongepowered/asm/mixin/injection/callback/CallbackInfoReturnable;)V does use it's CallbackInfoReturnable
[10dic2025 19:46:08.510] [main/WARN] [net.minecraft.server.packs.VanillaPackResourcesBuilder/]: Assets URL 'union:/Users/joshua.morotti/dev/personal/pipezretriever/.gradle/repositories/ng_dummy_ng/net/neoforged/neoforge/21.1.77/neoforge-21.1.77.jar%23182!/assets/.mcassetsroot' uses unexpected schema
[10dic2025 19:46:08.510] [main/WARN] [net.minecraft.server.packs.VanillaPackResourcesBuilder/]: Assets URL 'union:/Users/joshua.morotti/dev/personal/pipezretriever/.gradle/repositories/ng_dummy_ng/net/neoforged/neoforge/21.1.77/neoforge-21.1.77.jar%23182!/data/.mcassetsroot' uses unexpected schema
[10dic2025 19:46:08.670] [main/INFO] [net.minecraft.data.DataGenerator/]: All providers took: 0 ms
[10dic2025 19:46:08.672] [main/INFO] [net.minecraft.data.HashCache/]: Caching: total files: 0, old count: 0, new count: 1, removed stale: 0, written: 0
