[11dic2025 14:06:08.003] [main/INFO] [cpw.mods.modlauncher.Launcher/MODLAUNCHER]: ModLauncher running: args [--launchTarget, forgeclientdev, --version, 21.1.194, --assetIndex, asset-index, --assetsDir, /Users/joshua.morotti/.gradle/caches/minecraft/assets, --gameDir, ., --fml.fmlVersion, 4.0.41, --fml.mcVersion, 1.21.1, --fml.neoForgeVersion, 21.1.194, --fml.neoFormVersion, 20240808.144430]
[11dic2025 14:06:08.004] [main/INFO] [cpw.mods.modlauncher.Launcher/MODLAUNCHER]: JVM identified as Microsoft OpenJDK 64-Bit Server VM 21.0.9+10-LTS
[11dic2025 14:06:08.005] [main/INFO] [cpw.mods.modlauncher.Launcher/MODLAUNCHER]: ModLauncher 11.0.5+main.901c6ea8 starting: java version 21.0.9 by Microsoft; OS Mac OS X arch aarch64 version 15.7.2
[11dic2025 14:06:08.021] [main/DEBUG] [cpw.mods.modlauncher.LaunchServiceHandler/MODLAUNCHER]: Found launch services [minecraft,forgeclient,forgedatauserdev,testharness,forgeserverdev,forgeserveruserdev,forgejunitdev,forgeclientdev,forgeclientuserdev,forgeserver,forgejunituserdev,forgedatadev]
[11dic2025 14:06:08.040] [main/DEBUG] [cpw.mods.modlauncher.LaunchPluginHandler/MODLAUNCHER]: Found launch plugins: [mixin,slf4jfixer,runtime_enum_extender,accesstransformer,runtimedistcleaner]
[11dic2025 14:06:08.047] [main/DEBUG] [cpw.mods.modlauncher.TransformationServicesHandler/MODLAUNCHER]: Discovering transformation services
[11dic2025 14:06:08.050] [main/DEBUG] [net.neoforged.fml.loading.FMLPaths/CORE]: Path GAMEDIR is /Users/joshua.morotti/dev/personal/PipezRetriever/runs/client
[11dic2025 14:06:08.050] [main/DEBUG] [net.neoforged.fml.loading.FMLPaths/CORE]: Path MODSDIR is /Users/joshua.morotti/dev/personal/PipezRetriever/runs/client/mods
[11dic2025 14:06:08.050] [main/DEBUG] [net.neoforged.fml.loading.FMLPaths/CORE]: Path CONFIGDIR is /Users/joshua.morotti/dev/personal/PipezRetriever/runs/client/config
[11dic2025 14:06:08.050] [main/DEBUG] [net.neoforged.fml.loading.FMLPaths/CORE]: Path FMLCONFIG is /Users/joshua.morotti/dev/personal/PipezRetriever/runs/client/config/fml.toml
[11dic2025 14:06:08.066] [main/WARN] [net.neoforged.fml.loading.FMLConfig/CORE]: Configuration file /Users/joshua.morotti/dev/personal/PipezRetriever/runs/client/config/fml.toml is not correct. Correcting
[11dic2025 14:06:08.072] [main/TRACE] [net.neoforged.fml.loading.FMLConfig/CORE]: Loaded FML config from /Users/joshua.morotti/dev/personal/PipezRetriever/runs/client/config/fml.toml
[11dic2025 14:06:08.072] [main/TRACE] [net.neoforged.fml.loading.FMLConfig/CORE]: FMLConfig disableConfigWatcher is false
[11dic2025 14:06:08.072] [main/TRACE] [net.neoforged.fml.loading.FMLConfig/CORE]: FMLConfig earlyWindowControl is true
[11dic2025 14:06:08.072] [main/TRACE] [net.neoforged.fml.loading.FMLConfig/CORE]: FMLConfig maxThreads is 10
[11dic2025 14:06:08.072] [main/TRACE] [net.neoforged.fml.loading.FMLConfig/CORE]: FMLConfig versionCheck is true
[11dic2025 14:06:08.072] [main/TRACE] [net.neoforged.fml.loading.FMLConfig/CORE]: FMLConfig defaultConfigPath is defaultconfigs
[11dic2025 14:06:08.072] [main/TRACE] [net.neoforged.fml.loading.FMLConfig/CORE]: FMLConfig disableOptimizedDFU is true
[11dic2025 14:06:08.072] [main/TRACE] [net.neoforged.fml.loading.FMLConfig/CORE]: FMLConfig earlyWindowProvider is fmlearlywindow
[11dic2025 14:06:08.072] [main/TRACE] [net.neoforged.fml.loading.FMLConfig/CORE]: FMLConfig earlyWindowWidth is 854
[11dic2025 14:06:08.073] [main/TRACE] [net.neoforged.fml.loading.FMLConfig/CORE]: FMLConfig earlyWindowHeight is 480
[11dic2025 14:06:08.073] [main/TRACE] [net.neoforged.fml.loading.FMLConfig/CORE]: FMLConfig earlyWindowFBScale is 1
[11dic2025 14:06:08.073] [main/TRACE] [net.neoforged.fml.loading.FMLConfig/CORE]: FMLConfig earlyWindowMaximized is false
[11dic2025 14:06:08.073] [main/TRACE] [net.neoforged.fml.loading.FMLConfig/CORE]: FMLConfig earlyWindowSkipGLVersions is []
[11dic2025 14:06:08.073] [main/TRACE] [net.neoforged.fml.loading.FMLConfig/CORE]: FMLConfig earlyWindowSquir is false
[11dic2025 14:06:08.078] [main/DEBUG] [net.neoforged.fml.loading.targets.CommonLaunchHandler/CORE]: Got mod coordinates PipezRetriever%%/Users/joshua.morotti/dev/personal/PipezRetriever/build/resources/main:PipezRetriever%%/Users/joshua.morotti/dev/personal/PipezRetriever/build/classes/java/main from env
[11dic2025 14:06:08.078] [main/DEBUG] [net.neoforged.fml.loading.targets.CommonLaunchHandler/CORE]: Found supplied mod coordinates [{PipezRetriever=[/Users/joshua.morotti/dev/personal/PipezRetriever/build/resources/main, /Users/joshua.morotti/dev/personal/PipezRetriever/build/classes/java/main]}]
[11dic2025 14:06:08.080] [main/DEBUG] [cpw.mods.modlauncher.TransformationServicesHandler/MODLAUNCHER]: Found additional transformation services from discovery services: 
[11dic2025 14:06:08.083] [main/INFO] [net.neoforged.fml.loading.ImmediateWindowHandler/]: Loading ImmediateWindowProvider fmlearlywindow
[11dic2025 14:06:08.356] [main/INFO] [EARLYDISPLAY/]: Trying GL version 4.6
[11dic2025 14:06:08.437] [main/TRACE] [EARLYDISPLAY/]: Trying 4.6: GLFW error: [0x10007]Requested OpenGL version 4.6, got version 4.1
[11dic2025 14:06:08.437] [main/INFO] [EARLYDISPLAY/]: Trying GL version 4.5
[11dic2025 14:06:08.450] [main/TRACE] [EARLYDISPLAY/]: Trying 4.5: GLFW error: [0x10007]Requested OpenGL version 4.5, got version 4.1
[11dic2025 14:06:08.450] [main/INFO] [EARLYDISPLAY/]: Trying GL version 4.4
[11dic2025 14:06:08.461] [main/TRACE] [EARLYDISPLAY/]: Trying 4.4: GLFW error: [0x10007]Requested OpenGL version 4.4, got version 4.1
[11dic2025 14:06:08.461] [main/INFO] [EARLYDISPLAY/]: Trying GL version 4.3
[11dic2025 14:06:08.469] [main/TRACE] [EARLYDISPLAY/]: Trying 4.3: GLFW error: [0x10007]Requested OpenGL version 4.3, got version 4.1
[11dic2025 14:06:08.469] [main/INFO] [EARLYDISPLAY/]: Trying GL version 4.2
[11dic2025 14:06:08.481] [main/TRACE] [EARLYDISPLAY/]: Trying 4.2: GLFW error: [0x10007]Requested OpenGL version 4.2, got version 4.1
[11dic2025 14:06:08.481] [main/INFO] [EARLYDISPLAY/]: Trying GL version 4.1
[11dic2025 14:06:08.497] [main/INFO] [EARLYDISPLAY/]: Requested GL version 4.1 got version 4.1
[11dic2025 14:06:08.520] [main/DEBUG] [EARLYDISPLAY/]: Suppressing GLFW icon error: [0x1000C]Cocoa: Regular windows do not have icons on macOS
[11dic2025 14:06:08.618] [main/DEBUG] [cpw.mods.modlauncher.TransformationServicesHandler/MODLAUNCHER]: Found transformer services : [mixin,fml]
[11dic2025 14:06:08.619] [main/DEBUG] [cpw.mods.modlauncher.TransformationServicesHandler/MODLAUNCHER]: Transformation services loading
[11dic2025 14:06:08.619] [main/DEBUG] [cpw.mods.modlauncher.TransformationServiceDecorator/MODLAUNCHER]: Loading service mixin
[11dic2025 14:06:08.619] [main/DEBUG] [cpw.mods.modlauncher.TransformationServiceDecorator/MODLAUNCHER]: Loaded service mixin
[11dic2025 14:06:08.619] [main/DEBUG] [cpw.mods.modlauncher.TransformationServiceDecorator/MODLAUNCHER]: Loading service fml
[11dic2025 14:06:08.619] [main/DEBUG] [net.neoforged.fml.loading.FMLLoader/CORE]: FML 4.0.41 loading
[11dic2025 14:06:08.619] [main/DEBUG] [net.neoforged.fml.loading.FMLLoader/CORE]: FML found ModLauncher version : 11.0.5+main.901c6ea8
[11dic2025 14:06:08.619] [main/DEBUG] [net.neoforged.fml.loading.FMLLoader/CORE]: FML found AccessTransformer version : 10.0.1+139da711
[11dic2025 14:06:08.620] [main/DEBUG] [net.neoforged.fml.loading.FMLLoader/CORE]: FML found EventBus version : null
[11dic2025 14:06:08.620] [main/DEBUG] [net.neoforged.fml.loading.FMLLoader/CORE]: Found Runtime Dist Cleaner
[11dic2025 14:06:08.620] [main/DEBUG] [cpw.mods.modlauncher.TransformationServiceDecorator/MODLAUNCHER]: Loaded service fml
[11dic2025 14:06:08.620] [main/DEBUG] [cpw.mods.modlauncher.TransformationServicesHandler/MODLAUNCHER]: Configuring option handling for services
[11dic2025 14:06:08.631] [main/DEBUG] [net.neoforged.fml.loading.FMLServiceProvider/CORE]: Received command line version data  : VersionInfo[neoForgeVersion=21.1.194, fmlVersion=4.0.41, mcVersion=1.21.1, neoFormVersion=20240808.144430]
[11dic2025 14:06:08.631] [main/DEBUG] [cpw.mods.modlauncher.TransformationServicesHandler/MODLAUNCHER]: Transformation services initializing
[11dic2025 14:06:08.632] [main/DEBUG] [cpw.mods.modlauncher.TransformationServiceDecorator/MODLAUNCHER]: Initializing transformation service mixin
[11dic2025 14:06:08.642] [main/DEBUG] [mixin/]: MixinService [ModLauncher] was successfully booted in cpw.mods.cl.ModuleClassLoader@25bbf683
[11dic2025 14:06:08.652] [main/INFO] [mixin/]: SpongePowered MIXIN Subsystem Version=0.8.7 Source=union:/Users/joshua.morotti/.gradle/caches/modules-2/files-2.1/net.fabricmc/sponge-mixin/0.15.2+mixin.0.8.7/2af2f021d8e02a0220dc27a7a72b4666d66d44ca/sponge-mixin-0.15.2+mixin.0.8.7.jar%23134!/ Service=ModLauncher Env=CLIENT
[11dic2025 14:06:08.654] [main/DEBUG] [mixin/]: Initialising Mixin Platform Manager
[11dic2025 14:06:08.655] [main/DEBUG] [mixin/]: Adding mixin platform agents for container ModLauncher Root Container(ModLauncher:4f56a0a2)
[11dic2025 14:06:08.655] [main/DEBUG] [mixin/]: Instancing new MixinPlatformAgentMinecraftForge for ModLauncher Root Container(ModLauncher:4f56a0a2)
[11dic2025 14:06:08.655] [main/DEBUG] [mixin/]: MixinPlatformAgentMinecraftForge rejected container ModLauncher Root Container(ModLauncher:4f56a0a2)
[11dic2025 14:06:08.655] [main/DEBUG] [mixin/]: Instancing new MixinPlatformAgentDefault for ModLauncher Root Container(ModLauncher:4f56a0a2)
[11dic2025 14:06:08.655] [main/DEBUG] [mixin/]: MixinPlatformAgentDefault accepted container ModLauncher Root Container(ModLauncher:4f56a0a2)
[11dic2025 14:06:08.656] [main/DEBUG] [cpw.mods.modlauncher.TransformationServiceDecorator/MODLAUNCHER]: Initialized transformation service mixin
[11dic2025 14:06:08.656] [main/DEBUG] [cpw.mods.modlauncher.TransformationServiceDecorator/MODLAUNCHER]: Initializing transformation service fml
[11dic2025 14:06:08.656] [main/DEBUG] [net.neoforged.fml.loading.FMLServiceProvider/CORE]: Setting up basic FML game directories
[11dic2025 14:06:08.657] [main/DEBUG] [net.neoforged.fml.loading.FMLPaths/CORE]: Path GAMEDIR is /Users/joshua.morotti/dev/personal/PipezRetriever/runs/client
[11dic2025 14:06:08.657] [main/DEBUG] [net.neoforged.fml.loading.FMLPaths/CORE]: Path MODSDIR is /Users/joshua.morotti/dev/personal/PipezRetriever/runs/client/mods
[11dic2025 14:06:08.657] [main/DEBUG] [net.neoforged.fml.loading.FMLPaths/CORE]: Path CONFIGDIR is /Users/joshua.morotti/dev/personal/PipezRetriever/runs/client/config
[11dic2025 14:06:08.657] [main/DEBUG] [net.neoforged.fml.loading.FMLPaths/CORE]: Path FMLCONFIG is /Users/joshua.morotti/dev/personal/PipezRetriever/runs/client/config/fml.toml
[11dic2025 14:06:08.657] [main/DEBUG] [net.neoforged.fml.loading.FMLServiceProvider/CORE]: Loading configuration
[11dic2025 14:06:08.658] [main/WARN] [net.neoforged.fml.loading.FMLConfig/CORE]: Configuration file /Users/joshua.morotti/dev/personal/PipezRetriever/runs/client/config/fml.toml is not correct. Correcting
[11dic2025 14:06:08.659] [main/TRACE] [net.neoforged.fml.loading.FMLConfig/CORE]: Loaded FML config from /Users/joshua.morotti/dev/personal/PipezRetriever/runs/client/config/fml.toml
[11dic2025 14:06:08.660] [main/TRACE] [net.neoforged.fml.loading.FMLConfig/CORE]: FMLConfig disableConfigWatcher is false
[11dic2025 14:06:08.660] [main/TRACE] [net.neoforged.fml.loading.FMLConfig/CORE]: FMLConfig earlyWindowControl is true
[11dic2025 14:06:08.660] [main/TRACE] [net.neoforged.fml.loading.FMLConfig/CORE]: FMLConfig maxThreads is 10
[11dic2025 14:06:08.660] [main/TRACE] [net.neoforged.fml.loading.FMLConfig/CORE]: FMLConfig versionCheck is true
[11dic2025 14:06:08.660] [main/TRACE] [net.neoforged.fml.loading.FMLConfig/CORE]: FMLConfig defaultConfigPath is defaultconfigs
[11dic2025 14:06:08.660] [main/TRACE] [net.neoforged.fml.loading.FMLConfig/CORE]: FMLConfig disableOptimizedDFU is true
[11dic2025 14:06:08.660] [main/TRACE] [net.neoforged.fml.loading.FMLConfig/CORE]: FMLConfig earlyWindowProvider is fmlearlywindow
[11dic2025 14:06:08.660] [main/TRACE] [net.neoforged.fml.loading.FMLConfig/CORE]: FMLConfig earlyWindowWidth is 854
[11dic2025 14:06:08.660] [main/TRACE] [net.neoforged.fml.loading.FMLConfig/CORE]: FMLConfig earlyWindowHeight is 480
[11dic2025 14:06:08.660] [main/TRACE] [net.neoforged.fml.loading.FMLConfig/CORE]: FMLConfig earlyWindowFBScale is 1
[11dic2025 14:06:08.660] [main/TRACE] [net.neoforged.fml.loading.FMLConfig/CORE]: FMLConfig earlyWindowMaximized is false
[11dic2025 14:06:08.660] [main/TRACE] [net.neoforged.fml.loading.FMLConfig/CORE]: FMLConfig earlyWindowSkipGLVersions is []
[11dic2025 14:06:08.660] [main/TRACE] [net.neoforged.fml.loading.FMLConfig/CORE]: FMLConfig earlyWindowSquir is false
[11dic2025 14:06:08.662] [main/DEBUG] [net.neoforged.fml.loading.LaunchContext/SCAN]: Located paths when launch context was created: [/Users/joshua.morotti/.gradle/caches/modules-2/files-2.1/org.lwjgl/lwjgl-jemalloc/3.3.3/b543467b7ff3c6920539a88ee602d34098628be5/lwjgl-jemalloc-3.3.3.jar, /Users/joshua.morotti/.gradle/caches/modules-2/files-2.1/org.lwjgl/lwjgl-freetype/3.3.3/a0db6c84a8becc8ca05f9dbfa985edc348a824c7/lwjgl-freetype-3.3.3.jar, /Users/joshua.morotti/.gradle/caches/modules-2/files-2.1/cpw.mods/modlauncher/11.0.5/b8f0d49294f733fdb6173931b263553e943dc950/modlauncher-11.0.5.jar, /Users/joshua.morotti/.gradle/caches/modules-2/files-2.1/net.sf.jopt-simple/jopt-simple/5.0.4/4fdac2fbe92dfad86aa6e9301736f6b4342a3f5c/jopt-simple-5.0.4.jar, /Users/joshua.morotti/.gradle/caches/modules-2/files-2.1/org.lwjgl/lwjgl-stb/3.3.3/25dd6161988d7e65f71d5065c99902402ee32746/lwjgl-stb-3.3.3.jar, /Users/joshua.morotti/.gradle/caches/modules-2/files-2.1/it.unimi.dsi/fastutil/8.5.12/c24946d46824bd528054bface3231d2ecb7e95e8/fastutil-8.5.12.jar, /Users/joshua.morotti/.gradle/caches/modules-2/files-2.1/com.google.code.findbugs/jsr305/3.0.2/25ea2e8b0c338a877313bd4672d3fe056ea78f0d/jsr305-3.0.2.jar, /Users/joshua.morotti/.gradle/caches/modules-2/files-2.1/com.mojang/patchy/2.2.10/da05971b07cbb379d002cf7eaec6a2048211fefc/patchy-2.2.10.jar, /Users/joshua.morotti/.gradle/caches/modules-2/files-2.1/org.apache.logging.log4j/log4j-core/2.22.1/7183a25510a02ad00cc6a95d3b3d2a7d3c5a8dc4/log4j-core-2.22.1.jar, /Users/joshua.morotti/.gradle/caches/modules-2/files-2.1/net.java.dev.jna/jna/5.14.0/67bf3eaea4f0718cb376a181a629e5f88fa1c9dd/jna-5.14.0.jar, /Users/joshua.morotti/.gradle/caches/modules-2/files-2.1/org.lz4/lz4-java/1.8.0/4b986a99445e49ea5fbf5d149c4b63f6ed6c6780/lz4-java-1.8.0.jar, /Users/joshua.morotti/.gradle/caches/modules-2/files-2.1/org.openjdk.nashorn/nashorn-core/15.4/f67f5ffaa5f5130cf6fb9b133da00c7df3b532a5/nashorn-core-15.4.jar, /Users/joshua.morotti/.gradle/caches/modules-2/files-2.1/org.lwjgl/lwjgl-tinyfd/3.3.3/82d755ca94b102e9ca77283b9e2dc46d1b15fbe5/lwjgl-tinyfd-3.3.3.jar, /Users/joshua.morotti/.gradle/caches/modules-2/files-2.1/io.netty/netty-resolver/4.1.97.Final/cec8348108dc76c47cf87c669d514be52c922144/netty-resolver-4.1.97.Final.jar, /Users/joshua.morotti/.gradle/caches/modules-2/files-2.1/net.neoforged/accesstransformers/10.0.1/fd83b5725f76eae9115e9355fa1c456a6a441400/accesstransformers-10.0.1.jar, /Users/joshua.morotti/.gradle/caches/modules-2/files-2.1/org.apache.logging.log4j/log4j-slf4j2-impl/2.22.1/d7e6693c2606cb7e7335047d7bb96dec52db5665/log4j-slf4j2-impl-2.22.1.jar, /Users/joshua.morotti/.gradle/caches/modules-2/files-2.1/commons-logging/commons-logging/1.2/4bfc12adfe4842bf07b657f0369c4cb522955686/commons-logging-1.2.jar, /Users/joshua.morotti/.gradle/caches/modules-2/files-2.1/net.minecraftforge/srgutils/0.4.15/ca408b131759478f164e010fae0d73997e125fb5/srgutils-0.4.15.jar, /Users/joshua.morotti/.gradle/caches/modules-2/files-2.1/org.jetbrains/annotations/24.1.0/7af6a669488450c4a07c2c3254e2151df42d7d04/annotations-24.1.0.jar, /Users/joshua.morotti/.gradle/caches/modules-2/files-2.1/io.netty/netty-transport-classes-epoll/4.1.97.Final/795da37ded759e862457a82d9d92c4d39ce8ecee/netty-transport-classes-epoll-4.1.97.Final.jar, /Users/joshua.morotti/.gradle/caches/modules-2/files-2.1/commons-io/commons-io/2.15.1/f11560da189ab563a5c8e351941415430e9304ea/commons-io-2.15.1.jar, /Users/joshua.morotti/.gradle/caches/modules-2/files-2.1/org.antlr/antlr4-runtime/4.13.1/17125bae1d965624e265ef49552f6465a2bfa307/antlr4-runtime-4.13.1.jar, /Users/joshua.morotti/.gradle/caches/modules-2/files-2.1/com.mojang/brigadier/1.3.10/d15b53a14cf20fdcaa98f731af5dda654452c010/brigadier-1.3.10.jar, /Users/joshua.morotti/.gradle/caches/modules-2/files-2.1/net.neoforged/JarJarMetadata/0.4.1/f8da03683dc81694556dc3e177c5e3bb77ae6fcb/JarJarMetadata-0.4.1.jar, /Users/joshua.morotti/.gradle/caches/modules-2/files-2.1/com.google.j2objc/j2objc-annotations/2.8/c85270e307e7b822f1086b93689124b89768e273/j2objc-annotations-2.8.jar, /Users/joshua.morotti/.gradle/caches/modules-2/files-2.1/org.jline/jline-reader/3.20.0/8f15415b022a25b473e8e16c28ae913186ffb9c4/jline-reader-3.20.0.jar, /Users/joshua.morotti/.gradle/caches/modules-2/files-2.1/net.neoforged/JarJarSelector/0.4.1/fb3cc7a58af22ad2880adb98af6d518128c47dae/JarJarSelector-0.4.1.jar, /Users/joshua.morotti/.gradle/caches/modules-2/files-2.1/io.netty/netty-codec/4.1.97.Final/384ba4d75670befbedb45c4d3b497a93639c206d/netty-codec-4.1.97.Final.jar, /Users/joshua.morotti/.gradle/caches/modules-2/files-2.1/io.netty/netty-common/4.1.97.Final/7cceacaf11df8dc63f23d0fb58e9d4640fc88404/netty-common-4.1.97.Final.jar, /Users/joshua.morotti/.gradle/caches/modules-2/files-2.1/org.jline/jline-terminal/3.20.0/d0ddcc708ddf527a3454c941b7b9225cc83a15ff/jline-terminal-3.20.0.jar, /Users/joshua.morotti/.gradle/caches/modules-2/files-2.1/net.java.dev.jna/jna-platform/5.14.0/28934d48aed814f11e4c584da55c49fa7032b31b/jna-platform-5.14.0.jar, /Users/joshua.morotti/.gradle/caches/modules-2/files-2.1/org.slf4j/slf4j-api/2.0.9/7cf2726fdcfbc8610f9a71fb3ed639871f315340/slf4j-api-2.0.9.jar, /Users/joshua.morotti/.gradle/caches/modules-2/files-2.1/com.mojang/datafixerupper/8.0.16/67d4de6d7f95d89bcf5862995fb854ebaec02a34/datafixerupper-8.0.16.jar, /Users/joshua.morotti/.gradle/caches/modules-2/files-2.1/org.lwjgl/lwjgl/3.3.3/29589b5f87ed335a6c7e7ee6a5775f81f97ecb84/lwjgl-3.3.3.jar, /Users/joshua.morotti/.gradle/caches/modules-2/files-2.1/com.google.guava/guava/32.1.2-jre/5e64ec7e056456bef3a4bc4c6fdaef71e8ab6318/guava-32.1.2-jre.jar, /Users/joshua.morotti/.gradle/caches/modules-2/files-2.1/net.minecrell/terminalconsoleappender/1.3.0/b562e9bb61235c9520e26282cdee71f8f802d1fc/terminalconsoleappender-1.3.0.jar, /Users/joshua.morotti/.gradle/caches/modules-2/files-2.1/com.mojang/logging/1.2.7/24cb95ffb0e3433fd6e844c04e68009e504ca1c0/logging-1.2.7.jar, /Users/joshua.morotti/.gradle/caches/modules-2/files-2.1/com.mojang/text2speech/1.17.9/3cad216e3a7f0c19b4b394388bc9ffc446f13b14/text2speech-1.17.9.jar, /Users/joshua.morotti/.gradle/caches/modules-2/files-2.1/org.lwjgl/lwjgl-tinyfd/3.3.3/406feedb977372085a61eb0fee358183f4f4c67a/lwjgl-tinyfd-3.3.3-natives-macos-arm64.jar, /Users/joshua.morotti/.gradle/caches/modules-2/files-2.1/net.neoforged.fancymodloader/earlydisplay/4.0.41/53dfbd387ed1b88c7d144bdb6551b7f57d5da6d7/earlydisplay-4.0.41.jar, /Users/joshua.morotti/.gradle/caches/modules-2/files-2.1/com.machinezoo.noexception/noexception/1.7.1/b65330c98e38a1f915fa54a6e5eca496505e3f0a/noexception-1.7.1.jar, /Users/joshua.morotti/.gradle/caches/modules-2/files-2.1/com.google.guava/failureaccess/1.0.1/1dcf1de382a0bf95a3d8b0849546c88bac1292c9/failureaccess-1.0.1.jar, /Users/joshua.morotti/.gradle/caches/modules-2/files-2.1/com.ibm.icu/icu4j/73.2/61ad4ef7f9131fcf6d25c34b817f90d6da06c9e9/icu4j-73.2.jar, /Users/joshua.morotti/.gradle/caches/modules-2/files-2.1/io.netty/netty-transport/4.1.97.Final/f37380d23c9bb079bc702910833b2fd532c9abd0/netty-transport-4.1.97.Final.jar, /Users/joshua.morotti/.gradle/caches/modules-2/files-2.1/org.joml/joml/1.10.5/22566d58af70ad3d72308bab63b8339906deb649/joml-1.10.5.jar, /Users/joshua.morotti/.gradle/caches/modules-2/files-2.1/com.github.oshi/oshi-core/6.4.10/b1d8ab82d11d92fd639b56d639f8f46f739dd5fa/oshi-core-6.4.10.jar, /Users/joshua.morotti/.gradle/caches/modules-2/files-2.1/org.lwjgl/lwjgl-openal/3.3.3/daada81ceb5fc0c291fbfdd4433cb8d9423577f2/lwjgl-openal-3.3.3.jar, /Users/joshua.morotti/.gradle/caches/modules-2/files-2.1/commons-codec/commons-codec/1.16.0/4e3eb3d79888d76b54e28b350915b5dc3919c9de/commons-codec-1.16.0.jar, /Users/joshua.morotti/.gradle/caches/modules-2/files-2.1/net.fabricmc/sponge-mixin/0.15.2+mixin.0.8.7/2af2f021d8e02a0220dc27a7a72b4666d66d44ca/sponge-mixin-0.15.2+mixin.0.8.7.jar, /Users/joshua.morotti/.gradle/caches/modules-2/files-2.1/net.jodah/typetools/0.6.3/a01aaa6ddaea9ec07ec4f209487b7a46a526283a/typetools-0.6.3.jar, /Users/joshua.morotti/.gradle/caches/modules-2/files-2.1/ca.weblite/java-objc-bridge/1.1/1227f9e0666314f9de41477e3ec277e542ed7f7b/java-objc-bridge-1.1.jar, /Users/joshua.morotti/.gradle/caches/modules-2/files-2.1/com.google.code.gson/gson/2.10.1/b3add478d4382b78ea20b1671390a858002feb6c/gson-2.10.1.jar, /Users/joshua.morotti/.gradle/caches/modules-2/files-2.1/org.apache.commons/commons-compress/1.26.0/659feffdd12280201c8aacb8f7be94f9a883c824/commons-compress-1.26.0.jar, /Users/joshua.morotti/.gradle/caches/modules-2/files-2.1/com.electronwill.night-config/toml/3.8.2/c128842f759692f613ea6c3ef0ef052273bbb38c/toml-3.8.2.jar, /Users/joshua.morotti/.gradle/caches/modules-2/files-2.1/com.mojang/blocklist/1.0.10/5c685c5ffa94c4cd39496c7184c1d122e515ecef/blocklist-1.0.10.jar, /Users/joshua.morotti/.gradle/caches/modules-2/files-2.1/org.lwjgl/lwjgl-glfw/3.3.3/efa1eb78c5ccd840e9f329717109b5e892d72f8e/lwjgl-glfw-3.3.3.jar, /Users/joshua.morotti/.gradle/caches/modules-2/files-2.1/com.electronwill.night-config/core/3.8.2/94eee571e1524129804d08c75f6416a3be380ad4/core-3.8.2.jar, /Users/joshua.morotti/.gradle/caches/modules-2/files-2.1/org.lwjgl/lwjgl-opengl/3.3.3/1bd45997551ae8a28469f3a2b678f4b7289e12c0/lwjgl-opengl-3.3.3-natives-macos.jar, /Users/joshua.morotti/.gradle/caches/modules-2/files-2.1/com.mojang/authlib/6.0.54/de8bc95660e1b2fe8793fd427a7a10dcec5b3ea7/authlib-6.0.54.jar, /Users/joshua.morotti/.gradle/caches/modules-2/files-2.1/org.lwjgl/lwjgl-jemalloc/3.3.3/2906637657a57579847238c9c72d2c4bde7083f8/lwjgl-jemalloc-3.3.3-natives-macos.jar, /Users/joshua.morotti/.gradle/caches/modules-2/files-2.1/org.apache.maven/maven-artifact/3.8.5/4433f50c07debefaed0553bd0068f4f48d449313/maven-artifact-3.8.5.jar, /Users/joshua.morotti/.gradle/caches/modules-2/files-2.1/org.apache.commons/commons-lang3/3.14.0/1ed471194b02f2c6cb734a0cd6f6f107c673afae/commons-lang3-3.14.0.jar, /Users/joshua.morotti/.gradle/caches/modules-2/files-2.1/org.lwjgl/lwjgl-freetype/3.3.3/b0a8c9baa9d1f54ac61e1ab9640c7659e7fa700c/lwjgl-freetype-3.3.3-natives-macos-arm64.jar, /Users/joshua.morotti/.gradle/caches/modules-2/files-2.1/net.neoforged/mergetool/2.0.3/1275202cbbb248f49345cf6787ce299afd9a02fb/mergetool-2.0.3-api.jar, /Users/joshua.morotti/dev/personal/PipezRetriever/.gradle/repositories/ng_dummy_ng/net/minecraft/client/1.21.1/client-1.21.1-client-extra.jar, /Users/joshua.morotti/.gradle/caches/modules-2/files-2.1/org.lwjgl/lwjgl-glfw/3.3.3/a1bf400f6bc64e6195596cb1430dafda46090751/lwjgl-glfw-3.3.3-natives-macos.jar, /Users/joshua.morotti/.gradle/caches/modules-2/files-2.1/io.netty/netty-buffer/4.1.97.Final/f8f3d8644afa5e6e1a40a3a6aeb9d9aa970ecb4f/netty-buffer-4.1.97.Final.jar, /Users/joshua.morotti/.gradle/caches/modules-2/files-2.1/org.checkerframework/checker-qual/3.33.0/de2b60b62da487644fc11f734e73c8b0b431238f/checker-qual-3.33.0.jar, /Users/joshua.morotti/.gradle/caches/modules-2/files-2.1/org.apache.httpcomponents/httpclient/4.5.13/e5f6cae5ca7ecaac1ec2827a9e2d65ae2869cada/httpclient-4.5.13.jar, /Users/joshua.morotti/.gradle/caches/modules-2/files-2.1/net.neoforged.accesstransformers/at-modlauncher/10.0.1/5aba50202aceead086bc09fbc2751c9f05cb4890/at-modlauncher-10.0.1.jar, /Users/joshua.morotti/.gradle/caches/modules-2/files-2.1/org.apache.logging.log4j/log4j-api/2.22.1/bea6fede6328fabafd7e68363161a7ea6605abd1/log4j-api-2.22.1.jar, /Users/joshua.morotti/.gradle/caches/modules-2/files-2.1/org.lwjgl/lwjgl-freetype/3.3.3/806d869f37ce0df388a24e17aaaf5ca0894d851b/lwjgl-freetype-3.3.3-natives-macos-patch.jar, /Users/joshua.morotti/.gradle/caches/modules-2/files-2.1/org.lwjgl/lwjgl-opengl/3.3.3/2f6b0147078396a58979125a4c947664e98293a/lwjgl-opengl-3.3.3.jar, /Users/joshua.morotti/.gradle/caches/modules-2/files-2.1/com.google.errorprone/error_prone_annotations/2.18.0/89b684257096f548fa39a7df9fdaa409d4d4df91/error_prone_annotations-2.18.0.jar, /Users/joshua.morotti/.gradle/caches/modules-2/files-2.1/net.neoforged/bus/8.0.5/5b2d33285ab5d1554e9798ad98c40d6ea3868bd5/bus-8.0.5.jar, /Users/joshua.morotti/.gradle/caches/modules-2/files-2.1/org.lwjgl/lwjgl/3.3.3/226246e75f6bd8d4e1895bdce8638ef87808d114/lwjgl-3.3.3-natives-macos-arm64.jar, /Users/joshua.morotti/.gradle/caches/modules-2/files-2.1/org.lwjgl/lwjgl-openal/3.3.3/8df8338bfa77f2ebabef4e58964bd04d24805cbf/lwjgl-openal-3.3.3-natives-macos.jar, /Users/joshua.morotti/.gradle/caches/modules-2/files-2.1/org.codehaus.plexus/plexus-utils/3.3.0/cf43b5391de623b36fe066a21127baef82c64022/plexus-utils-3.3.0.jar, /Users/joshua.morotti/.gradle/caches/modules-2/files-2.1/org.lwjgl/lwjgl-stb/3.3.3/472792c98fb2c1557c060cb9da5fca6a9773621f/lwjgl-stb-3.3.3-natives-macos.jar, /Users/joshua.morotti/.gradle/caches/modules-2/files-2.1/net.neoforged.fancymodloader/loader/4.0.41/3aebc81b9347fa87bb629ffaed20276f2a4c944e/loader-4.0.41.jar, /Users/joshua.morotti/.gradle/caches/modules-2/files-2.1/io.netty/netty-transport-native-unix-common/4.1.97.Final/d469d84265ab70095b01b40886cabdd433b6e664/netty-transport-native-unix-common-4.1.97.Final.jar, /Users/joshua.morotti/.gradle/caches/modules-2/files-2.1/com.google.guava/listenablefuture/9999.0-empty-to-avoid-conflict-with-guava/b421526c5f297295adef1c886e5246c39d4ac629/listenablefuture-9999.0-empty-to-avoid-conflict-with-guava.jar, /Users/joshua.morotti/.gradle/caches/modules-2/files-2.1/net.neoforged/coremods/7.0.3/9147e6f638b4272b3bd5fc8f92ad37802512c6c/coremods-7.0.3.jar, /Users/joshua.morotti/.gradle/caches/modules-2/files-2.1/io.netty/netty-handler/4.1.97.Final/abb86c6906bf512bf2b797a41cd7d2e8d3cd7c36/netty-handler-4.1.97.Final.jar, /Users/joshua.morotti/.gradle/caches/modules-2/files-2.1/org.jcraft/jorbis/0.0.17/8872d22b293e8f5d7d56ff92be966e6dc28ebdc6/jorbis-0.0.17.jar, /Users/joshua.morotti/.gradle/caches/modules-2/files-2.1/org.apache.httpcomponents/httpcore/4.4.16/51cf043c87253c9f58b539c9f7e44c8894223850/httpcore-4.4.16.jar]
[11dic2025 14:06:08.662] [main/DEBUG] [net.neoforged.fml.loading.FMLServiceProvider/CORE]: Preparing launch handler
[11dic2025 14:06:08.663] [main/DEBUG] [net.neoforged.fml.loading.FMLLoader/CORE]: Using forgeclientdev as launch service
[11dic2025 14:06:08.663] [main/DEBUG] [net.neoforged.fml.common.asm.RuntimeDistCleaner/DISTXFORM]: Configuring for Dist CLIENT
[11dic2025 14:06:08.664] [main/DEBUG] [cpw.mods.modlauncher.TransformationServiceDecorator/MODLAUNCHER]: Initialized transformation service fml
[11dic2025 14:06:08.664] [main/DEBUG] [cpw.mods.modlauncher.TransformationServicesHandler/MODLAUNCHER]: Transformation services begin scanning
[11dic2025 14:06:08.665] [main/DEBUG] [cpw.mods.modlauncher.TransformationServiceDecorator/MODLAUNCHER]: Beginning scan trigger - transformation service mixin
[11dic2025 14:06:08.665] [main/DEBUG] [cpw.mods.modlauncher.TransformationServiceDecorator/MODLAUNCHER]: End scan trigger - transformation service mixin
[11dic2025 14:06:08.665] [main/DEBUG] [cpw.mods.modlauncher.TransformationServiceDecorator/MODLAUNCHER]: Beginning scan trigger - transformation service fml
[11dic2025 14:06:08.665] [main/DEBUG] [net.neoforged.fml.loading.FMLServiceProvider/CORE]: Initiating mod scan
[11dic2025 14:06:08.665] [main/DEBUG] [net.neoforged.fml.loading.targets.CommonLaunchHandler/CORE]: Got mod coordinates PipezRetriever%%/Users/joshua.morotti/dev/personal/PipezRetriever/build/resources/main:PipezRetriever%%/Users/joshua.morotti/dev/personal/PipezRetriever/build/classes/java/main from env
[11dic2025 14:06:08.665] [main/DEBUG] [net.neoforged.fml.loading.targets.CommonLaunchHandler/CORE]: Found supplied mod coordinates [{PipezRetriever=[/Users/joshua.morotti/dev/personal/PipezRetriever/build/resources/main, /Users/joshua.morotti/dev/personal/PipezRetriever/build/classes/java/main]}]
[11dic2025 14:06:08.667] [main/DEBUG] [net.neoforged.fml.loading.targets.CommonDevLaunchHandler/]: Launching with NeoForge from /Users/joshua.morotti/dev/personal/PipezRetriever/.gradle/repositories/ng_dummy_ng/net/neoforged/neoforge/21.1.194/neoforge-21.1.194.jar
[11dic2025 14:06:08.679] [main/DEBUG] [net.neoforged.fml.util.ServiceLoaderUtil/CORE]: Found 4 implementations of IModFileCandidateLocator:
[11dic2025 14:06:08.680] [main/DEBUG] [net.neoforged.fml.util.ServiceLoaderUtil/CORE]: 	       0 - [built-in] net.neoforged.fml.loading.moddiscovery.locators.NeoForgeDevProvider from loader-4.0.41.jar
[11dic2025 14:06:08.680] [main/DEBUG] [net.neoforged.fml.util.ServiceLoaderUtil/CORE]: 	       0 - net.neoforged.fml.loading.moddiscovery.locators.ModsFolderLocator from loader-4.0.41.jar
[11dic2025 14:06:08.680] [main/DEBUG] [net.neoforged.fml.util.ServiceLoaderUtil/CORE]: 	       0 - net.neoforged.fml.loading.moddiscovery.locators.MavenDirectoryLocator from loader-4.0.41.jar
[11dic2025 14:06:08.680] [main/DEBUG] [net.neoforged.fml.util.ServiceLoaderUtil/CORE]: 	   -1000 - [built-in] net.neoforged.fml.loading.moddiscovery.locators.UserdevLocator from loader-4.0.41.jar
[11dic2025 14:06:08.682] [main/DEBUG] [net.neoforged.fml.util.ServiceLoaderUtil/CORE]: Found 2 implementations of IModFileReader:
[11dic2025 14:06:08.682] [main/DEBUG] [net.neoforged.fml.util.ServiceLoaderUtil/CORE]: 	       0 - net.neoforged.fml.loading.moddiscovery.readers.JarModsDotTomlModFileReader from loader-4.0.41.jar
[11dic2025 14:06:08.682] [main/DEBUG] [net.neoforged.fml.util.ServiceLoaderUtil/CORE]: 	   -1000 - net.neoforged.fml.loading.moddiscovery.readers.NestedLibraryModReader from loader-4.0.41.jar
[11dic2025 14:06:08.683] [main/DEBUG] [net.neoforged.fml.util.ServiceLoaderUtil/CORE]: Found 1 implementations of IDependencyLocator:
[11dic2025 14:06:08.683] [main/DEBUG] [net.neoforged.fml.util.ServiceLoaderUtil/CORE]: 	       0 - net.neoforged.fml.loading.moddiscovery.locators.JarInJarDependencyLocator from loader-4.0.41.jar
[11dic2025 14:06:08.683] [main/DEBUG] [net.neoforged.fml.loading.moddiscovery.ModDiscoverer/SCAN]: Scanning for mods and other resources to load. We know 4 ways to find mods
[11dic2025 14:06:08.683] [main/DEBUG] [net.neoforged.fml.loading.moddiscovery.ModDiscoverer/SCAN]: Trying locator neoforge devenv provider ([/Users/joshua.morotti/dev/personal/PipezRetriever/.gradle/repositories/ng_dummy_ng/net/neoforged/neoforge/21.1.194/neoforge-21.1.194.jar])
[11dic2025 14:06:08.965] [main/DEBUG] [net.neoforged.fml.loading.moddiscovery.ModFileInfo/LOADING]: Found valid mod file neoforge-21.1.194.jar with {minecraft} mods - versions {1.21.1}
[11dic2025 14:06:08.965] [main/INFO] [net.neoforged.fml.loading.moddiscovery.ModDiscoverer/SCAN]: Found mod file "neoforge-21.1.194.jar" [locator: neoforge devenv provider ([/Users/joshua.morotti/dev/personal/PipezRetriever/.gradle/repositories/ng_dummy_ng/net/neoforged/neoforge/21.1.194/neoforge-21.1.194.jar])]
[11dic2025 14:06:08.969] [main/DEBUG] [net.neoforged.fml.loading.moddiscovery.readers.JarModsDotTomlModFileReader/SCAN]: Found META-INF/neoforge.mods.toml mod of type null: /Users/joshua.morotti/dev/personal/PipezRetriever/.gradle/repositories/ng_dummy_ng/net/neoforged/neoforge/21.1.194/neoforge-21.1.194.jar
[11dic2025 14:06:08.970] [main/DEBUG] [net.neoforged.fml.loading.moddiscovery.ModFileParser/LOADING]: Considering mod file candidate /Users/joshua.morotti/dev/personal/PipezRetriever/.gradle/repositories/ng_dummy_ng/net/neoforged/neoforge/21.1.194/neoforge-21.1.194.jar
[11dic2025 14:06:08.982] [main/DEBUG] [net.neoforged.fml.loading.moddiscovery.ModFileInfo/LOADING]: Found valid mod file neoforge-21.1.194.jar with {neoforge} mods - versions {21.1.194}
[11dic2025 14:06:08.982] [main/INFO] [net.neoforged.fml.loading.moddiscovery.ModDiscoverer/SCAN]: Found mod file "neoforge-21.1.194.jar" [locator: neoforge devenv provider ([/Users/joshua.morotti/dev/personal/PipezRetriever/.gradle/repositories/ng_dummy_ng/net/neoforged/neoforge/21.1.194/neoforge-21.1.194.jar])]
[11dic2025 14:06:08.982] [main/DEBUG] [net.neoforged.fml.loading.moddiscovery.ModDiscoverer/SCAN]: Locator neoforge devenv provider ([/Users/joshua.morotti/dev/personal/PipezRetriever/.gradle/repositories/ng_dummy_ng/net/neoforged/neoforge/21.1.194/neoforge-21.1.194.jar]) found 2 mods, 0 warnings, 0 errors and skipped 0 candidates
[11dic2025 14:06:08.983] [main/DEBUG] [net.neoforged.fml.loading.moddiscovery.ModDiscoverer/SCAN]: Trying locator {mods folder locator at /Users/joshua.morotti/dev/personal/PipezRetriever/runs/client/mods}
[11dic2025 14:06:08.983] [main/DEBUG] [net.neoforged.fml.loading.moddiscovery.locators.ModsFolderLocator/SCAN]: Scanning mods dir /Users/joshua.morotti/dev/personal/PipezRetriever/runs/client/mods for mods
[11dic2025 14:06:08.984] [main/DEBUG] [net.neoforged.fml.loading.moddiscovery.ModDiscoverer/SCAN]: Locator {mods folder locator at /Users/joshua.morotti/dev/personal/PipezRetriever/runs/client/mods} found 0 mods, 0 warnings, 0 errors and skipped 0 candidates
[11dic2025 14:06:08.984] [main/DEBUG] [net.neoforged.fml.loading.moddiscovery.ModDiscoverer/SCAN]: Trying locator maven libs
[11dic2025 14:06:08.985] [main/DEBUG] [net.neoforged.fml.loading.moddiscovery.ModListHandler/CORE]: Found mod coordinates from lists: []
[11dic2025 14:06:08.985] [main/DEBUG] [net.neoforged.fml.loading.moddiscovery.ModDiscoverer/SCAN]: Locator maven libs found 0 mods, 0 warnings, 0 errors and skipped 0 candidates
[11dic2025 14:06:08.985] [main/DEBUG] [net.neoforged.fml.loading.moddiscovery.ModDiscoverer/SCAN]: Trying locator userdev mods and services
[11dic2025 14:06:08.986] [main/DEBUG] [net.neoforged.fml.loading.moddiscovery.readers.JarModsDotTomlModFileReader/SCAN]: Found META-INF/neoforge.mods.toml mod of type null: /Users/joshua.morotti/dev/personal/PipezRetriever/build/resources/main
[11dic2025 14:06:08.986] [main/DEBUG] [net.neoforged.fml.loading.moddiscovery.ModFileParser/LOADING]: Considering mod file candidate /Users/joshua.morotti/dev/personal/PipezRetriever/build/resources/main
[11dic2025 14:06:08.991] [main/DEBUG] [net.neoforged.fml.loading.moddiscovery.ModFileInfo/LOADING]: Found valid mod file main with {pipezretriever} mods - versions {1.0.0}
[11dic2025 14:06:08.991] [main/INFO] [net.neoforged.fml.loading.moddiscovery.ModDiscoverer/SCAN]: Found mod file "main" [locator: userdev mods and services, reader: mod manifest]
[11dic2025 14:06:08.997] [main/DEBUG] [net.neoforged.fml.loading.moddiscovery.readers.JarModsDotTomlModFileReader/SCAN]: Found META-INF/neoforge.mods.toml mod of type null: /Users/joshua.morotti/dev/personal/PipezRetriever/.gradle/repositories/ng_dummy_ng/net/neoforged/neoforge/21.1.194/neoforge-21.1.194.jar
[11dic2025 14:06:08.997] [main/DEBUG] [net.neoforged.fml.loading.moddiscovery.ModFileParser/LOADING]: Considering mod file candidate /Users/joshua.morotti/dev/personal/PipezRetriever/.gradle/repositories/ng_dummy_ng/net/neoforged/neoforge/21.1.194/neoforge-21.1.194.jar
[11dic2025 14:06:08.998] [main/DEBUG] [net.neoforged.fml.loading.moddiscovery.ModFileInfo/LOADING]: Found valid mod file neoforge-21.1.194.jar with {neoforge} mods - versions {21.1.194}
[11dic2025 14:06:08.998] [main/INFO] [net.neoforged.fml.loading.moddiscovery.ModDiscoverer/SCAN]: Found mod file "neoforge-21.1.194.jar" [locator: userdev mods and services, reader: mod manifest]
[11dic2025 14:06:08.998] [main/DEBUG] [net.neoforged.fml.loading.moddiscovery.readers.JarModsDotTomlModFileReader/SCAN]: Found META-INF/neoforge.mods.toml mod of type null: /Users/joshua.morotti/.gradle/caches/modules-2/files-2.1/curse.maven/pipez-443900/5757713/760c1cd20e6e47ef86bd48ece413873cccddc972/pipez-443900-5757713.jar
[11dic2025 14:06:08.998] [main/DEBUG] [net.neoforged.fml.loading.moddiscovery.ModFileParser/LOADING]: Considering mod file candidate /Users/joshua.morotti/.gradle/caches/modules-2/files-2.1/curse.maven/pipez-443900/5757713/760c1cd20e6e47ef86bd48ece413873cccddc972/pipez-443900-5757713.jar
[11dic2025 14:06:09.000] [main/DEBUG] [net.neoforged.fml.loading.moddiscovery.ModFileInfo/LOADING]: Found valid mod file pipez-443900-5757713.jar with {pipez} mods - versions {1.21.1-1.2.19}
[11dic2025 14:06:09.001] [main/INFO] [net.neoforged.fml.loading.moddiscovery.ModDiscoverer/SCAN]: Found mod file "pipez-443900-5757713.jar" [locator: userdev mods and services, reader: mod manifest]
[11dic2025 14:06:09.001] [main/DEBUG] [net.neoforged.fml.loading.moddiscovery.readers.JarModsDotTomlModFileReader/SCAN]: Found META-INF/neoforge.mods.toml mod of type null: /Users/joshua.morotti/.gradle/caches/modules-2/files-2.1/curse.maven/titanium-287342/6443608/af61f1fa339ab8b11900cbafc8618491341b26c8/titanium-287342-6443608.jar
[11dic2025 14:06:09.002] [main/DEBUG] [net.neoforged.fml.loading.moddiscovery.ModFileParser/LOADING]: Considering mod file candidate /Users/joshua.morotti/.gradle/caches/modules-2/files-2.1/curse.maven/titanium-287342/6443608/af61f1fa339ab8b11900cbafc8618491341b26c8/titanium-287342-6443608.jar
[11dic2025 14:06:09.007] [main/DEBUG] [net.neoforged.fml.loading.moddiscovery.ModFileInfo/LOADING]: Found valid mod file titanium-287342-6443608.jar with {titanium} mods - versions {4.0.37}
[11dic2025 14:06:09.007] [main/INFO] [net.neoforged.fml.loading.moddiscovery.ModDiscoverer/SCAN]: Found mod file "titanium-287342-6443608.jar" [locator: userdev mods and services, reader: mod manifest]
[11dic2025 14:06:09.009] [main/DEBUG] [net.neoforged.fml.loading.moddiscovery.readers.JarModsDotTomlModFileReader/SCAN]: Found META-INF/neoforge.mods.toml mod of type null: /Users/joshua.morotti/.gradle/caches/modules-2/files-2.1/curse.maven/guideme-1173950/6488254/7a50b822de6519a796e25d79201c865cfc6b8e3d/guideme-1173950-6488254.jar
[11dic2025 14:06:09.010] [main/DEBUG] [net.neoforged.fml.loading.moddiscovery.ModFileParser/LOADING]: Considering mod file candidate /Users/joshua.morotti/.gradle/caches/modules-2/files-2.1/curse.maven/guideme-1173950/6488254/7a50b822de6519a796e25d79201c865cfc6b8e3d/guideme-1173950-6488254.jar
[11dic2025 14:06:09.011] [main/DEBUG] [net.neoforged.fml.loading.moddiscovery.ModFileInfo/LOADING]: Found valid mod file guideme-1173950-6488254.jar with {guideme} mods - versions {21.1.9}
[11dic2025 14:06:09.011] [main/INFO] [net.neoforged.fml.loading.moddiscovery.ModDiscoverer/SCAN]: Found mod file "guideme-1173950-6488254.jar" [locator: userdev mods and services, reader: mod manifest]
[11dic2025 14:06:09.012] [main/DEBUG] [net.neoforged.fml.loading.moddiscovery.readers.JarModsDotTomlModFileReader/SCAN]: Found META-INF/neoforge.mods.toml mod of type null: /Users/joshua.morotti/.gradle/caches/modules-2/files-2.1/curse.maven/athena-841890/5629395/36b80d2340718b22432e2761142cb4bdb2629a42/athena-841890-5629395.jar
[11dic2025 14:06:09.012] [main/DEBUG] [net.neoforged.fml.loading.moddiscovery.ModFileParser/LOADING]: Considering mod file candidate /Users/joshua.morotti/.gradle/caches/modules-2/files-2.1/curse.maven/athena-841890/5629395/36b80d2340718b22432e2761142cb4bdb2629a42/athena-841890-5629395.jar
[11dic2025 14:06:09.012] [main/DEBUG] [net.neoforged.fml.loading.moddiscovery.ModFileInfo/LOADING]: Found valid mod file athena-841890-5629395.jar with {athena} mods - versions {4.0.1}
[11dic2025 14:06:09.013] [main/INFO] [net.neoforged.fml.loading.moddiscovery.ModDiscoverer/SCAN]: Found mod file "athena-841890-5629395.jar" [locator: userdev mods and services, reader: mod manifest]
[11dic2025 14:06:09.013] [main/DEBUG] [net.neoforged.fml.loading.moddiscovery.readers.JarModsDotTomlModFileReader/SCAN]: Found META-INF/neoforge.mods.toml mod of type null: /Users/joshua.morotti/.gradle/caches/modules-2/files-2.1/curse.maven/architectury-419699/5786327/6ca11d3cc136bf69bb8f4d56982481eb85b5100b/architectury-419699-5786327.jar
[11dic2025 14:06:09.013] [main/DEBUG] [net.neoforged.fml.loading.moddiscovery.ModFileParser/LOADING]: Considering mod file candidate /Users/joshua.morotti/.gradle/caches/modules-2/files-2.1/curse.maven/architectury-419699/5786327/6ca11d3cc136bf69bb8f4d56982481eb85b5100b/architectury-419699-5786327.jar
[11dic2025 14:06:09.014] [main/DEBUG] [net.neoforged.fml.loading.moddiscovery.ModFileInfo/LOADING]: Found valid mod file architectury-419699-5786327.jar with {architectury} mods - versions {13.0.8}
[11dic2025 14:06:09.014] [main/INFO] [net.neoforged.fml.loading.moddiscovery.ModDiscoverer/SCAN]: Found mod file "architectury-419699-5786327.jar" [locator: userdev mods and services, reader: mod manifest]
[11dic2025 14:06:09.014] [main/DEBUG] [net.neoforged.fml.loading.moddiscovery.readers.JarModsDotTomlModFileReader/SCAN]: Found META-INF/neoforge.mods.toml mod of type null: /Users/joshua.morotti/.gradle/caches/modules-2/files-2.1/curse.maven/owolib-532610/5945693/f58392fa41845f377084be3e34f9818a5f672179/owolib-532610-5945693.jar
[11dic2025 14:06:09.014] [main/DEBUG] [net.neoforged.fml.loading.moddiscovery.ModFileParser/LOADING]: Considering mod file candidate /Users/joshua.morotti/.gradle/caches/modules-2/files-2.1/curse.maven/owolib-532610/5945693/f58392fa41845f377084be3e34f9818a5f672179/owolib-532610-5945693.jar
[11dic2025 14:06:09.016] [main/DEBUG] [net.neoforged.fml.loading.moddiscovery.ModFileInfo/LOADING]: Found valid mod file owolib-532610-5945693.jar with {owo} mods - versions {0.12.15-beta.12+1.21}
[11dic2025 14:06:09.016] [main/INFO] [net.neoforged.fml.loading.moddiscovery.ModDiscoverer/SCAN]: Found mod file "owolib-532610-5945693.jar" [locator: userdev mods and services, reader: mod manifest]
[11dic2025 14:06:09.017] [main/DEBUG] [net.neoforged.fml.loading.moddiscovery.readers.JarModsDotTomlModFileReader/SCAN]: Found META-INF/neoforge.mods.toml mod of type null: /Users/joshua.morotti/.gradle/caches/modules-2/files-2.1/curse.maven/geckolib-388172/6920810/36883f8ea9117932bb5f2643a29578c6506e2339/geckolib-388172-6920810.jar
[11dic2025 14:06:09.017] [main/DEBUG] [net.neoforged.fml.loading.moddiscovery.ModFileParser/LOADING]: Considering mod file candidate /Users/joshua.morotti/.gradle/caches/modules-2/files-2.1/curse.maven/geckolib-388172/6920810/36883f8ea9117932bb5f2643a29578c6506e2339/geckolib-388172-6920810.jar
[11dic2025 14:06:09.018] [main/DEBUG] [net.neoforged.fml.loading.moddiscovery.ModFileInfo/LOADING]: Found valid mod file geckolib-388172-6920810.jar with {geckolib} mods - versions {4.7.7}
[11dic2025 14:06:09.018] [main/INFO] [net.neoforged.fml.loading.moddiscovery.ModDiscoverer/SCAN]: Found mod file "geckolib-388172-6920810.jar" [locator: userdev mods and services, reader: mod manifest]
[11dic2025 14:06:09.019] [main/DEBUG] [net.neoforged.fml.loading.moddiscovery.readers.JarModsDotTomlModFileReader/SCAN]: Found META-INF/neoforge.mods.toml mod of type null: /Users/joshua.morotti/.gradle/caches/modules-2/files-2.1/curse.maven/glodium-957920/5821676/9f61a3162665ad0b37f6f268339ac98097af1a87/glodium-957920-5821676.jar
[11dic2025 14:06:09.019] [main/DEBUG] [net.neoforged.fml.loading.moddiscovery.ModFileParser/LOADING]: Considering mod file candidate /Users/joshua.morotti/.gradle/caches/modules-2/files-2.1/curse.maven/glodium-957920/5821676/9f61a3162665ad0b37f6f268339ac98097af1a87/glodium-957920-5821676.jar
[11dic2025 14:06:09.019] [main/DEBUG] [net.neoforged.fml.loading.moddiscovery.ModFileInfo/LOADING]: Found valid mod file glodium-957920-5821676.jar with {glodium} mods - versions {1.21-2.2-neoforge}
[11dic2025 14:06:09.020] [main/INFO] [net.neoforged.fml.loading.moddiscovery.ModDiscoverer/SCAN]: Found mod file "glodium-957920-5821676.jar" [locator: userdev mods and services, reader: mod manifest]
[11dic2025 14:06:09.020] [main/DEBUG] [net.neoforged.fml.loading.moddiscovery.readers.JarModsDotTomlModFileReader/SCAN]: Found META-INF/neoforge.mods.toml mod of type null: /Users/joshua.morotti/.gradle/caches/modules-2/files-2.1/curse.maven/ftlibrary-404465/6466106/8e97cffb520971410c9e007a17deaf1ccad831ca/ftlibrary-404465-6466106.jar
[11dic2025 14:06:09.020] [main/DEBUG] [net.neoforged.fml.loading.moddiscovery.ModFileParser/LOADING]: Considering mod file candidate /Users/joshua.morotti/.gradle/caches/modules-2/files-2.1/curse.maven/ftlibrary-404465/6466106/8e97cffb520971410c9e007a17deaf1ccad831ca/ftlibrary-404465-6466106.jar
[11dic2025 14:06:09.021] [main/DEBUG] [net.neoforged.fml.loading.moddiscovery.ModFileInfo/LOADING]: Found valid mod file ftlibrary-404465-6466106.jar with {ftblibrary} mods - versions {2101.1.13}
[11dic2025 14:06:09.021] [main/INFO] [net.neoforged.fml.loading.moddiscovery.ModDiscoverer/SCAN]: Found mod file "ftlibrary-404465-6466106.jar" [locator: userdev mods and services, reader: mod manifest]
[11dic2025 14:06:09.021] [main/DEBUG] [net.neoforged.fml.loading.moddiscovery.readers.JarModsDotTomlModFileReader/SCAN]: Found META-INF/neoforge.mods.toml mod of type null: /Users/joshua.morotti/.gradle/caches/modules-2/files-2.1/curse.maven/ftpessential-410811/6179042/c639625861cfb585a2897771e605b325f2e0addf/ftpessential-410811-6179042.jar
[11dic2025 14:06:09.022] [main/DEBUG] [net.neoforged.fml.loading.moddiscovery.ModFileParser/LOADING]: Considering mod file candidate /Users/joshua.morotti/.gradle/caches/modules-2/files-2.1/curse.maven/ftpessential-410811/6179042/c639625861cfb585a2897771e605b325f2e0addf/ftpessential-410811-6179042.jar
[11dic2025 14:06:09.022] [main/DEBUG] [net.neoforged.fml.loading.moddiscovery.ModFileInfo/LOADING]: Found valid mod file ftpessential-410811-6179042.jar with {ftbessentials} mods - versions {2101.1.6}
[11dic2025 14:06:09.023] [main/INFO] [net.neoforged.fml.loading.moddiscovery.ModDiscoverer/SCAN]: Found mod file "ftpessential-410811-6179042.jar" [locator: userdev mods and services, reader: mod manifest]
[11dic2025 14:06:09.023] [main/DEBUG] [net.neoforged.fml.loading.moddiscovery.readers.JarModsDotTomlModFileReader/SCAN]: Found META-INF/neoforge.mods.toml mod of type null: /Users/joshua.morotti/.gradle/caches/modules-2/files-2.1/curse.maven/rhino-416294/6000610/bd2652b47431bda7d567f9fd1af77b7ed700ae9a/rhino-416294-6000610.jar
[11dic2025 14:06:09.023] [main/DEBUG] [net.neoforged.fml.loading.moddiscovery.ModFileParser/LOADING]: Considering mod file candidate /Users/joshua.morotti/.gradle/caches/modules-2/files-2.1/curse.maven/rhino-416294/6000610/bd2652b47431bda7d567f9fd1af77b7ed700ae9a/rhino-416294-6000610.jar
[11dic2025 14:06:09.024] [main/DEBUG] [net.neoforged.fml.loading.moddiscovery.ModFileInfo/LOADING]: Found valid mod file rhino-416294-6000610.jar with {rhino} mods - versions {2101.2.6-build.58}
[11dic2025 14:06:09.024] [main/INFO] [net.neoforged.fml.loading.moddiscovery.ModDiscoverer/SCAN]: Found mod file "rhino-416294-6000610.jar" [locator: userdev mods and services, reader: mod manifest]
[11dic2025 14:06:09.024] [main/DEBUG] [net.neoforged.fml.loading.moddiscovery.readers.JarModsDotTomlModFileReader/SCAN]: Found META-INF/neoforge.mods.toml mod of type null: /Users/joshua.morotti/.gradle/caches/modules-2/files-2.1/curse.maven/kubejs-238086/5810100/be525f7d4d8d71a18b07718352035b3e59e50ebd/kubejs-238086-5810100.jar
[11dic2025 14:06:09.024] [main/DEBUG] [net.neoforged.fml.loading.moddiscovery.ModFileParser/LOADING]: Considering mod file candidate /Users/joshua.morotti/.gradle/caches/modules-2/files-2.1/curse.maven/kubejs-238086/5810100/be525f7d4d8d71a18b07718352035b3e59e50ebd/kubejs-238086-5810100.jar
[11dic2025 14:06:09.026] [main/DEBUG] [net.neoforged.fml.loading.moddiscovery.ModFileInfo/LOADING]: Found valid mod file kubejs-238086-5810100.jar with {kubejs} mods - versions {2101.7.1-build.181}
[11dic2025 14:06:09.026] [main/INFO] [net.neoforged.fml.loading.moddiscovery.ModDiscoverer/SCAN]: Found mod file "kubejs-238086-5810100.jar" [locator: userdev mods and services, reader: mod manifest]
[11dic2025 14:06:09.026] [main/DEBUG] [net.neoforged.fml.loading.moddiscovery.readers.JarModsDotTomlModFileReader/SCAN]: Found META-INF/neoforge.mods.toml mod of type null: /Users/joshua.morotti/.gradle/caches/modules-2/files-2.1/curse.maven/jade-324717/6011258/6b150830f1f38e9f8930af846719b9fc94818c9c/jade-324717-6011258.jar
[11dic2025 14:06:09.026] [main/DEBUG] [net.neoforged.fml.loading.moddiscovery.ModFileParser/LOADING]: Considering mod file candidate /Users/joshua.morotti/.gradle/caches/modules-2/files-2.1/curse.maven/jade-324717/6011258/6b150830f1f38e9f8930af846719b9fc94818c9c/jade-324717-6011258.jar
[11dic2025 14:06:09.027] [main/DEBUG] [net.neoforged.fml.loading.moddiscovery.ModFileInfo/LOADING]: Found valid mod file jade-324717-6011258.jar with {jade} mods - versions {15.9.2+neoforge}
[11dic2025 14:06:09.027] [main/INFO] [net.neoforged.fml.loading.moddiscovery.ModDiscoverer/SCAN]: Found mod file "jade-324717-6011258.jar" [locator: userdev mods and services, reader: mod manifest]
[11dic2025 14:06:09.028] [main/DEBUG] [net.neoforged.fml.loading.moddiscovery.readers.JarModsDotTomlModFileReader/SCAN]: Found META-INF/neoforge.mods.toml mod of type null: /Users/joshua.morotti/.gradle/caches/modules-2/files-2.1/curse.maven/trashcans-394535/5891067/8e853e0784b01b36b4503ef5599be2724be74b07/trashcans-394535-5891067.jar
[11dic2025 14:06:09.028] [main/DEBUG] [net.neoforged.fml.loading.moddiscovery.ModFileParser/LOADING]: Considering mod file candidate /Users/joshua.morotti/.gradle/caches/modules-2/files-2.1/curse.maven/trashcans-394535/5891067/8e853e0784b01b36b4503ef5599be2724be74b07/trashcans-394535-5891067.jar
[11dic2025 14:06:09.030] [main/DEBUG] [net.neoforged.fml.loading.moddiscovery.ModFileInfo/LOADING]: Found valid mod file trashcans-394535-5891067.jar with {trashcans} mods - versions {1.0.18+c}
[11dic2025 14:06:09.030] [main/INFO] [net.neoforged.fml.loading.moddiscovery.ModDiscoverer/SCAN]: Found mod file "trashcans-394535-5891067.jar" [locator: userdev mods and services, reader: mod manifest]
[11dic2025 14:06:09.031] [main/DEBUG] [net.neoforged.fml.loading.moddiscovery.readers.JarModsDotTomlModFileReader/SCAN]: Found META-INF/neoforge.mods.toml mod of type null: /Users/joshua.morotti/.gradle/caches/modules-2/files-2.1/curse.maven/supermarticonfig-438332/5546996/7452242e389975e8a88b97066f4bae6a4ebe574/supermarticonfig-438332-5546996.jar
[11dic2025 14:06:09.031] [main/DEBUG] [net.neoforged.fml.loading.moddiscovery.ModFileParser/LOADING]: Considering mod file candidate /Users/joshua.morotti/.gradle/caches/modules-2/files-2.1/curse.maven/supermarticonfig-438332/5546996/7452242e389975e8a88b97066f4bae6a4ebe574/supermarticonfig-438332-5546996.jar
[11dic2025 14:06:09.033] [main/DEBUG] [net.neoforged.fml.loading.moddiscovery.ModFileInfo/LOADING]: Found valid mod file supermarticonfig-438332-5546996.jar with {supermartijn642configlib} mods - versions {1.1.8}
[11dic2025 14:06:09.033] [main/INFO] [net.neoforged.fml.loading.moddiscovery.ModDiscoverer/SCAN]: Found mod file "supermarticonfig-438332-5546996.jar" [locator: userdev mods and services, reader: mod manifest]
[11dic2025 14:06:09.033] [main/DEBUG] [net.neoforged.fml.loading.moddiscovery.readers.JarModsDotTomlModFileReader/SCAN]: Found META-INF/neoforge.mods.toml mod of type null: /Users/joshua.morotti/.gradle/caches/modules-2/files-2.1/curse.maven/supermarticore-454372/6076757/21c75db63ca1d8b8972a94a71c9c7ec0549e1be0/supermarticore-454372-6076757.jar
[11dic2025 14:06:09.033] [main/DEBUG] [net.neoforged.fml.loading.moddiscovery.ModFileParser/LOADING]: Considering mod file candidate /Users/joshua.morotti/.gradle/caches/modules-2/files-2.1/curse.maven/supermarticore-454372/6076757/21c75db63ca1d8b8972a94a71c9c7ec0549e1be0/supermarticore-454372-6076757.jar
[11dic2025 14:06:09.035] [main/DEBUG] [net.neoforged.fml.loading.moddiscovery.ModFileInfo/LOADING]: Found valid mod file supermarticore-454372-6076757.jar with {supermartijn642corelib} mods - versions {1.1.18+a}
[11dic2025 14:06:09.035] [main/INFO] [net.neoforged.fml.loading.moddiscovery.ModDiscoverer/SCAN]: Found mod file "supermarticore-454372-6076757.jar" [locator: userdev mods and services, reader: mod manifest]
[11dic2025 14:06:09.038] [main/DEBUG] [net.neoforged.fml.loading.moddiscovery.readers.JarModsDotTomlModFileReader/SCAN]: Found META-INF/neoforge.mods.toml mod of type null: /Users/joshua.morotti/.gradle/caches/modules-2/files-2.1/curse.maven/mekanism-268560/7132168/2977b4f3130f8abab508ff56d774bb2cd419c5d0/mekanism-268560-7132168.jar
[11dic2025 14:06:09.038] [main/DEBUG] [net.neoforged.fml.loading.moddiscovery.ModFileParser/LOADING]: Considering mod file candidate /Users/joshua.morotti/.gradle/caches/modules-2/files-2.1/curse.maven/mekanism-268560/7132168/2977b4f3130f8abab508ff56d774bb2cd419c5d0/mekanism-268560-7132168.jar
[11dic2025 14:06:09.040] [main/DEBUG] [net.neoforged.fml.loading.moddiscovery.ModFileInfo/LOADING]: Found valid mod file mekanism-268560-7132168.jar with {mekanism} mods - versions {10.7.17}
[11dic2025 14:06:09.040] [main/INFO] [net.neoforged.fml.loading.moddiscovery.ModDiscoverer/SCAN]: Found mod file "mekanism-268560-7132168.jar" [locator: userdev mods and services, reader: mod manifest]
[11dic2025 14:06:09.041] [main/DEBUG] [net.neoforged.fml.loading.moddiscovery.readers.JarModsDotTomlModFileReader/SCAN]: Found META-INF/neoforge.mods.toml mod of type null: /Users/joshua.morotti/.gradle/caches/modules-2/files-2.1/curse.maven/mekanism-gen-268566/7132171/2c8d5f69ec3d69837e5caf3d2a50927b0a85d74e/mekanism-gen-268566-7132171.jar
[11dic2025 14:06:09.041] [main/DEBUG] [net.neoforged.fml.loading.moddiscovery.ModFileParser/LOADING]: Considering mod file candidate /Users/joshua.morotti/.gradle/caches/modules-2/files-2.1/curse.maven/mekanism-gen-268566/7132171/2c8d5f69ec3d69837e5caf3d2a50927b0a85d74e/mekanism-gen-268566-7132171.jar
[11dic2025 14:06:09.042] [main/DEBUG] [net.neoforged.fml.loading.moddiscovery.ModFileInfo/LOADING]: Found valid mod file mekanism-gen-268566-7132171.jar with {mekanismgenerators} mods - versions {10.7.17}
[11dic2025 14:06:09.042] [main/INFO] [net.neoforged.fml.loading.moddiscovery.ModDiscoverer/SCAN]: Found mod file "mekanism-gen-268566-7132171.jar" [locator: userdev mods and services, reader: mod manifest]
[11dic2025 14:06:09.043] [main/DEBUG] [net.neoforged.fml.loading.moddiscovery.readers.JarModsDotTomlModFileReader/SCAN]: Found META-INF/neoforge.mods.toml mod of type null: /Users/joshua.morotti/.gradle/caches/modules-2/files-2.1/curse.maven/oneprobe-245211/7292875/4c26a37deea7f147a2d15313bd50f00df4ca1f3/oneprobe-245211-7292875.jar
[11dic2025 14:06:09.043] [main/DEBUG] [net.neoforged.fml.loading.moddiscovery.ModFileParser/LOADING]: Considering mod file candidate /Users/joshua.morotti/.gradle/caches/modules-2/files-2.1/curse.maven/oneprobe-245211/7292875/4c26a37deea7f147a2d15313bd50f00df4ca1f3/oneprobe-245211-7292875.jar
[11dic2025 14:06:09.044] [main/DEBUG] [net.neoforged.fml.loading.moddiscovery.ModFileInfo/LOADING]: Found valid mod file oneprobe-245211-7292875.jar with {theoneprobe} mods - versions {1.21_neo-12.0.8}
[11dic2025 14:06:09.044] [main/INFO] [net.neoforged.fml.loading.moddiscovery.ModDiscoverer/SCAN]: Found mod file "oneprobe-245211-7292875.jar" [locator: userdev mods and services, reader: mod manifest]
[11dic2025 14:06:09.044] [main/DEBUG] [net.neoforged.fml.loading.moddiscovery.readers.JarModsDotTomlModFileReader/SCAN]: Found META-INF/neoforge.mods.toml mod of type null: /Users/joshua.morotti/.gradle/caches/modules-2/files-2.1/curse.maven/jei-238222/6829086/ad7cd1f890ef4924c62c39534d186396cde66868/jei-238222-6829086.jar
[11dic2025 14:06:09.044] [main/DEBUG] [net.neoforged.fml.loading.moddiscovery.ModFileParser/LOADING]: Considering mod file candidate /Users/joshua.morotti/.gradle/caches/modules-2/files-2.1/curse.maven/jei-238222/6829086/ad7cd1f890ef4924c62c39534d186396cde66868/jei-238222-6829086.jar
[11dic2025 14:06:09.046] [main/DEBUG] [net.neoforged.fml.loading.moddiscovery.ModFileInfo/LOADING]: Found valid mod file jei-238222-6829086.jar with {jei} mods - versions {19.22.1.316}
[11dic2025 14:06:09.046] [main/INFO] [net.neoforged.fml.loading.moddiscovery.ModDiscoverer/SCAN]: Found mod file "jei-238222-6829086.jar" [locator: userdev mods and services, reader: mod manifest]
[11dic2025 14:06:09.052] [main/DEBUG] [net.neoforged.fml.loading.moddiscovery.ModDiscoverer/]: Skipping /Users/joshua.morotti/.gradle/caches/modules-2/files-2.1/com.mojang/text2speech/1.17.9/3cad216e3a7f0c19b4b394388bc9ffc446f13b14/text2speech-1.17.9.jar because it was already located earlier
[11dic2025 14:06:09.052] [main/DEBUG] [net.neoforged.fml.loading.moddiscovery.ModDiscoverer/]: Skipping /Users/joshua.morotti/.gradle/caches/modules-2/files-2.1/ca.weblite/java-objc-bridge/1.1/1227f9e0666314f9de41477e3ec277e542ed7f7b/java-objc-bridge-1.1.jar because it was already located earlier
[11dic2025 14:06:09.053] [main/DEBUG] [net.neoforged.fml.loading.moddiscovery.ModDiscoverer/]: Skipping /Users/joshua.morotti/.gradle/caches/modules-2/files-2.1/com.github.oshi/oshi-core/6.4.10/b1d8ab82d11d92fd639b56d639f8f46f739dd5fa/oshi-core-6.4.10.jar because it was already located earlier
[11dic2025 14:06:09.053] [main/DEBUG] [net.neoforged.fml.loading.moddiscovery.ModDiscoverer/]: Skipping /Users/joshua.morotti/.gradle/caches/modules-2/files-2.1/com.mojang/authlib/6.0.54/de8bc95660e1b2fe8793fd427a7a10dcec5b3ea7/authlib-6.0.54.jar because it was already located earlier
[11dic2025 14:06:09.053] [main/DEBUG] [net.neoforged.fml.loading.moddiscovery.ModDiscoverer/]: Skipping /Users/joshua.morotti/.gradle/caches/modules-2/files-2.1/com.mojang/datafixerupper/8.0.16/67d4de6d7f95d89bcf5862995fb854ebaec02a34/datafixerupper-8.0.16.jar because it was already located earlier
[11dic2025 14:06:09.053] [main/DEBUG] [net.neoforged.fml.loading.moddiscovery.ModDiscoverer/]: Skipping /Users/joshua.morotti/.gradle/caches/modules-2/files-2.1/net.neoforged.fancymodloader/earlydisplay/4.0.41/53dfbd387ed1b88c7d144bdb6551b7f57d5da6d7/earlydisplay-4.0.41.jar because it was already located earlier
[11dic2025 14:06:09.053] [main/DEBUG] [net.neoforged.fml.loading.moddiscovery.ModDiscoverer/]: Skipping /Users/joshua.morotti/.gradle/caches/modules-2/files-2.1/net.neoforged.fancymodloader/loader/4.0.41/3aebc81b9347fa87bb629ffaed20276f2a4c944e/loader-4.0.41.jar because it was already located earlier
[11dic2025 14:06:09.053] [main/DEBUG] [net.neoforged.fml.loading.moddiscovery.ModDiscoverer/]: Skipping /Users/joshua.morotti/.gradle/caches/modules-2/files-2.1/net.neoforged/JarJarSelector/0.4.1/fb3cc7a58af22ad2880adb98af6d518128c47dae/JarJarSelector-0.4.1.jar because it was already located earlier
[11dic2025 14:06:09.053] [main/DEBUG] [net.neoforged.fml.loading.moddiscovery.ModDiscoverer/]: Skipping /Users/joshua.morotti/.gradle/caches/modules-2/files-2.1/net.neoforged/JarJarMetadata/0.4.1/f8da03683dc81694556dc3e177c5e3bb77ae6fcb/JarJarMetadata-0.4.1.jar because it was already located earlier
[11dic2025 14:06:09.053] [main/DEBUG] [net.neoforged.fml.loading.moddiscovery.ModDiscoverer/]: Skipping /Users/joshua.morotti/.gradle/caches/modules-2/files-2.1/net.fabricmc/sponge-mixin/0.15.2+mixin.0.8.7/2af2f021d8e02a0220dc27a7a72b4666d66d44ca/sponge-mixin-0.15.2+mixin.0.8.7.jar because it was already located earlier
[11dic2025 14:06:09.053] [main/DEBUG] [net.neoforged.fml.loading.moddiscovery.ModDiscoverer/]: Skipping /Users/joshua.morotti/.gradle/caches/modules-2/files-2.1/com.google.code.gson/gson/2.10.1/b3add478d4382b78ea20b1671390a858002feb6c/gson-2.10.1.jar because it was already located earlier
[11dic2025 14:06:09.053] [main/DEBUG] [net.neoforged.fml.loading.moddiscovery.ModDiscoverer/]: Skipping /Users/joshua.morotti/.gradle/caches/modules-2/files-2.1/com.mojang/patchy/2.2.10/da05971b07cbb379d002cf7eaec6a2048211fefc/patchy-2.2.10.jar because it was already located earlier
[11dic2025 14:06:09.053] [main/DEBUG] [net.neoforged.fml.loading.moddiscovery.ModDiscoverer/]: Skipping /Users/joshua.morotti/.gradle/caches/modules-2/files-2.1/com.google.guava/guava/32.1.2-jre/5e64ec7e056456bef3a4bc4c6fdaef71e8ab6318/guava-32.1.2-jre.jar because it was already located earlier
[11dic2025 14:06:09.053] [main/DEBUG] [net.neoforged.fml.loading.moddiscovery.ModDiscoverer/]: Skipping /Users/joshua.morotti/.gradle/caches/modules-2/files-2.1/com.google.guava/failureaccess/1.0.1/1dcf1de382a0bf95a3d8b0849546c88bac1292c9/failureaccess-1.0.1.jar because it was already located earlier
[11dic2025 14:06:09.053] [main/DEBUG] [net.neoforged.fml.loading.moddiscovery.ModDiscoverer/]: Skipping /Users/joshua.morotti/.gradle/caches/modules-2/files-2.1/com.ibm.icu/icu4j/73.2/61ad4ef7f9131fcf6d25c34b817f90d6da06c9e9/icu4j-73.2.jar because it was already located earlier
[11dic2025 14:06:09.053] [main/DEBUG] [net.neoforged.fml.loading.moddiscovery.ModDiscoverer/]: Skipping /Users/joshua.morotti/.gradle/caches/modules-2/files-2.1/com.mojang/blocklist/1.0.10/5c685c5ffa94c4cd39496c7184c1d122e515ecef/blocklist-1.0.10.jar because it was already located earlier
[11dic2025 14:06:09.053] [main/DEBUG] [net.neoforged.fml.loading.moddiscovery.ModDiscoverer/]: Skipping /Users/joshua.morotti/.gradle/caches/modules-2/files-2.1/com.mojang/brigadier/1.3.10/d15b53a14cf20fdcaa98f731af5dda654452c010/brigadier-1.3.10.jar because it was already located earlier
[11dic2025 14:06:09.053] [main/DEBUG] [net.neoforged.fml.loading.moddiscovery.ModDiscoverer/]: Skipping /Users/joshua.morotti/.gradle/caches/modules-2/files-2.1/com.mojang/logging/1.2.7/24cb95ffb0e3433fd6e844c04e68009e504ca1c0/logging-1.2.7.jar because it was already located earlier
[11dic2025 14:06:09.053] [main/DEBUG] [net.neoforged.fml.loading.moddiscovery.ModDiscoverer/]: Skipping /Users/joshua.morotti/.gradle/caches/modules-2/files-2.1/org.apache.httpcomponents/httpclient/4.5.13/e5f6cae5ca7ecaac1ec2827a9e2d65ae2869cada/httpclient-4.5.13.jar because it was already located earlier
[11dic2025 14:06:09.053] [main/DEBUG] [net.neoforged.fml.loading.moddiscovery.ModDiscoverer/]: Skipping /Users/joshua.morotti/.gradle/caches/modules-2/files-2.1/commons-codec/commons-codec/1.16.0/4e3eb3d79888d76b54e28b350915b5dc3919c9de/commons-codec-1.16.0.jar because it was already located earlier
[11dic2025 14:06:09.054] [main/DEBUG] [net.neoforged.fml.loading.moddiscovery.ModDiscoverer/]: Skipping /Users/joshua.morotti/.gradle/caches/modules-2/files-2.1/org.apache.commons/commons-compress/1.26.0/659feffdd12280201c8aacb8f7be94f9a883c824/commons-compress-1.26.0.jar because it was already located earlier
[11dic2025 14:06:09.054] [main/DEBUG] [net.neoforged.fml.loading.moddiscovery.ModDiscoverer/]: Skipping /Users/joshua.morotti/.gradle/caches/modules-2/files-2.1/commons-io/commons-io/2.15.1/f11560da189ab563a5c8e351941415430e9304ea/commons-io-2.15.1.jar because it was already located earlier
[11dic2025 14:06:09.054] [main/DEBUG] [net.neoforged.fml.loading.moddiscovery.ModDiscoverer/]: Skipping /Users/joshua.morotti/.gradle/caches/modules-2/files-2.1/commons-logging/commons-logging/1.2/4bfc12adfe4842bf07b657f0369c4cb522955686/commons-logging-1.2.jar because it was already located earlier
[11dic2025 14:06:09.054] [main/DEBUG] [net.neoforged.fml.loading.moddiscovery.ModDiscoverer/]: Skipping /Users/joshua.morotti/.gradle/caches/modules-2/files-2.1/io.netty/netty-handler/4.1.97.Final/abb86c6906bf512bf2b797a41cd7d2e8d3cd7c36/netty-handler-4.1.97.Final.jar because it was already located earlier
[11dic2025 14:06:09.054] [main/DEBUG] [net.neoforged.fml.loading.moddiscovery.ModDiscoverer/]: Skipping /Users/joshua.morotti/.gradle/caches/modules-2/files-2.1/io.netty/netty-codec/4.1.97.Final/384ba4d75670befbedb45c4d3b497a93639c206d/netty-codec-4.1.97.Final.jar because it was already located earlier
[11dic2025 14:06:09.054] [main/DEBUG] [net.neoforged.fml.loading.moddiscovery.ModDiscoverer/]: Skipping /Users/joshua.morotti/.gradle/caches/modules-2/files-2.1/io.netty/netty-transport-classes-epoll/4.1.97.Final/795da37ded759e862457a82d9d92c4d39ce8ecee/netty-transport-classes-epoll-4.1.97.Final.jar because it was already located earlier
[11dic2025 14:06:09.054] [main/DEBUG] [net.neoforged.fml.loading.moddiscovery.ModDiscoverer/]: Skipping /Users/joshua.morotti/.gradle/caches/modules-2/files-2.1/io.netty/netty-transport-native-unix-common/4.1.97.Final/d469d84265ab70095b01b40886cabdd433b6e664/netty-transport-native-unix-common-4.1.97.Final.jar because it was already located earlier
[11dic2025 14:06:09.054] [main/DEBUG] [net.neoforged.fml.loading.moddiscovery.ModDiscoverer/]: Skipping /Users/joshua.morotti/.gradle/caches/modules-2/files-2.1/io.netty/netty-transport/4.1.97.Final/f37380d23c9bb079bc702910833b2fd532c9abd0/netty-transport-4.1.97.Final.jar because it was already located earlier
[11dic2025 14:06:09.054] [main/DEBUG] [net.neoforged.fml.loading.moddiscovery.ModDiscoverer/]: Skipping /Users/joshua.morotti/.gradle/caches/modules-2/files-2.1/io.netty/netty-buffer/4.1.97.Final/f8f3d8644afa5e6e1a40a3a6aeb9d9aa970ecb4f/netty-buffer-4.1.97.Final.jar because it was already located earlier
[11dic2025 14:06:09.054] [main/DEBUG] [net.neoforged.fml.loading.moddiscovery.ModDiscoverer/]: Skipping /Users/joshua.morotti/.gradle/caches/modules-2/files-2.1/io.netty/netty-resolver/4.1.97.Final/cec8348108dc76c47cf87c669d514be52c922144/netty-resolver-4.1.97.Final.jar because it was already located earlier
[11dic2025 14:06:09.054] [main/DEBUG] [net.neoforged.fml.loading.moddiscovery.ModDiscoverer/]: Skipping /Users/joshua.morotti/.gradle/caches/modules-2/files-2.1/io.netty/netty-common/4.1.97.Final/7cceacaf11df8dc63f23d0fb58e9d4640fc88404/netty-common-4.1.97.Final.jar because it was already located earlier
[11dic2025 14:06:09.054] [main/DEBUG] [net.neoforged.fml.loading.moddiscovery.ModDiscoverer/]: Skipping /Users/joshua.morotti/.gradle/caches/modules-2/files-2.1/it.unimi.dsi/fastutil/8.5.12/c24946d46824bd528054bface3231d2ecb7e95e8/fastutil-8.5.12.jar because it was already located earlier
[11dic2025 14:06:09.054] [main/DEBUG] [net.neoforged.fml.loading.moddiscovery.ModDiscoverer/]: Skipping /Users/joshua.morotti/.gradle/caches/modules-2/files-2.1/net.java.dev.jna/jna-platform/5.14.0/28934d48aed814f11e4c584da55c49fa7032b31b/jna-platform-5.14.0.jar because it was already located earlier
[11dic2025 14:06:09.054] [main/DEBUG] [net.neoforged.fml.loading.moddiscovery.ModDiscoverer/]: Skipping /Users/joshua.morotti/.gradle/caches/modules-2/files-2.1/net.java.dev.jna/jna/5.14.0/67bf3eaea4f0718cb376a181a629e5f88fa1c9dd/jna-5.14.0.jar because it was already located earlier
[11dic2025 14:06:09.054] [main/DEBUG] [net.neoforged.fml.loading.moddiscovery.ModDiscoverer/]: Skipping /Users/joshua.morotti/.gradle/caches/modules-2/files-2.1/net.neoforged/mergetool/2.0.3/1275202cbbb248f49345cf6787ce299afd9a02fb/mergetool-2.0.3-api.jar because it was already located earlier
[11dic2025 14:06:09.054] [main/DEBUG] [net.neoforged.fml.loading.moddiscovery.ModDiscoverer/]: Skipping /Users/joshua.morotti/.gradle/caches/modules-2/files-2.1/net.neoforged.accesstransformers/at-modlauncher/10.0.1/5aba50202aceead086bc09fbc2751c9f05cb4890/at-modlauncher-10.0.1.jar because it was already located earlier
[11dic2025 14:06:09.054] [main/DEBUG] [net.neoforged.fml.loading.moddiscovery.ModDiscoverer/]: Skipping /Users/joshua.morotti/.gradle/caches/modules-2/files-2.1/net.neoforged/coremods/7.0.3/9147e6f638b4272b3bd5fc8f92ad37802512c6c/coremods-7.0.3.jar because it was already located earlier
[11dic2025 14:06:09.054] [main/DEBUG] [net.neoforged.fml.loading.moddiscovery.ModDiscoverer/]: Skipping /Users/joshua.morotti/.gradle/caches/modules-2/files-2.1/cpw.mods/modlauncher/11.0.5/b8f0d49294f733fdb6173931b263553e943dc950/modlauncher-11.0.5.jar because it was already located earlier
[11dic2025 14:06:09.054] [main/DEBUG] [net.neoforged.fml.loading.moddiscovery.ModDiscoverer/]: Skipping /Users/joshua.morotti/.gradle/caches/modules-2/files-2.1/net.sf.jopt-simple/jopt-simple/5.0.4/4fdac2fbe92dfad86aa6e9301736f6b4342a3f5c/jopt-simple-5.0.4.jar because it was already located earlier
[11dic2025 14:06:09.054] [main/DEBUG] [net.neoforged.fml.loading.moddiscovery.ModDiscoverer/]: Skipping /Users/joshua.morotti/.gradle/caches/modules-2/files-2.1/org.apache.maven/maven-artifact/3.8.5/4433f50c07debefaed0553bd0068f4f48d449313/maven-artifact-3.8.5.jar because it was already located earlier
[11dic2025 14:06:09.054] [main/DEBUG] [net.neoforged.fml.loading.moddiscovery.ModDiscoverer/]: Skipping /Users/joshua.morotti/.gradle/caches/modules-2/files-2.1/org.apache.commons/commons-lang3/3.14.0/1ed471194b02f2c6cb734a0cd6f6f107c673afae/commons-lang3-3.14.0.jar because it was already located earlier
[11dic2025 14:06:09.054] [main/DEBUG] [net.neoforged.fml.loading.moddiscovery.ModDiscoverer/]: Skipping /Users/joshua.morotti/.gradle/caches/modules-2/files-2.1/org.apache.httpcomponents/httpcore/4.4.16/51cf043c87253c9f58b539c9f7e44c8894223850/httpcore-4.4.16.jar because it was already located earlier
[11dic2025 14:06:09.054] [main/DEBUG] [net.neoforged.fml.loading.moddiscovery.ModDiscoverer/]: Skipping /Users/joshua.morotti/.gradle/caches/modules-2/files-2.1/org.apache.logging.log4j/log4j-slf4j2-impl/2.22.1/d7e6693c2606cb7e7335047d7bb96dec52db5665/log4j-slf4j2-impl-2.22.1.jar because it was already located earlier
[11dic2025 14:06:09.054] [main/DEBUG] [net.neoforged.fml.loading.moddiscovery.ModDiscoverer/]: Skipping /Users/joshua.morotti/.gradle/caches/modules-2/files-2.1/net.minecrell/terminalconsoleappender/1.3.0/b562e9bb61235c9520e26282cdee71f8f802d1fc/terminalconsoleappender-1.3.0.jar because it was already located earlier
[11dic2025 14:06:09.055] [main/DEBUG] [net.neoforged.fml.loading.moddiscovery.ModDiscoverer/]: Skipping /Users/joshua.morotti/.gradle/caches/modules-2/files-2.1/org.apache.logging.log4j/log4j-core/2.22.1/7183a25510a02ad00cc6a95d3b3d2a7d3c5a8dc4/log4j-core-2.22.1.jar because it was already located earlier
[11dic2025 14:06:09.055] [main/DEBUG] [net.neoforged.fml.loading.moddiscovery.ModDiscoverer/]: Skipping /Users/joshua.morotti/.gradle/caches/modules-2/files-2.1/net.neoforged/bus/8.0.5/5b2d33285ab5d1554e9798ad98c40d6ea3868bd5/bus-8.0.5.jar because it was already located earlier
[11dic2025 14:06:09.055] [main/DEBUG] [net.neoforged.fml.loading.moddiscovery.ModDiscoverer/]: Skipping /Users/joshua.morotti/.gradle/caches/modules-2/files-2.1/org.apache.logging.log4j/log4j-api/2.22.1/bea6fede6328fabafd7e68363161a7ea6605abd1/log4j-api-2.22.1.jar because it was already located earlier
[11dic2025 14:06:09.055] [main/DEBUG] [net.neoforged.fml.loading.moddiscovery.ModDiscoverer/]: Skipping /Users/joshua.morotti/.gradle/caches/modules-2/files-2.1/org.jcraft/jorbis/0.0.17/8872d22b293e8f5d7d56ff92be966e6dc28ebdc6/jorbis-0.0.17.jar because it was already located earlier
[11dic2025 14:06:09.055] [main/DEBUG] [net.neoforged.fml.loading.moddiscovery.ModDiscoverer/]: Skipping /Users/joshua.morotti/.gradle/caches/modules-2/files-2.1/org.joml/joml/1.10.5/22566d58af70ad3d72308bab63b8339906deb649/joml-1.10.5.jar because it was already located earlier
[11dic2025 14:06:09.055] [main/DEBUG] [net.neoforged.fml.loading.moddiscovery.ModDiscoverer/]: Skipping /Users/joshua.morotti/.gradle/caches/modules-2/files-2.1/org.lwjgl/lwjgl-freetype/3.3.3/a0db6c84a8becc8ca05f9dbfa985edc348a824c7/lwjgl-freetype-3.3.3.jar because it was already located earlier
[11dic2025 14:06:09.055] [main/DEBUG] [net.neoforged.fml.loading.moddiscovery.ModDiscoverer/]: Skipping /Users/joshua.morotti/.gradle/caches/modules-2/files-2.1/org.lwjgl/lwjgl-freetype/3.3.3/b0a8c9baa9d1f54ac61e1ab9640c7659e7fa700c/lwjgl-freetype-3.3.3-natives-macos-arm64.jar because it was already located earlier
[11dic2025 14:06:09.055] [main/DEBUG] [net.neoforged.fml.loading.moddiscovery.ModDiscoverer/]: Skipping /Users/joshua.morotti/.gradle/caches/modules-2/files-2.1/org.lwjgl/lwjgl-freetype/3.3.3/806d869f37ce0df388a24e17aaaf5ca0894d851b/lwjgl-freetype-3.3.3-natives-macos-patch.jar because it was already located earlier
[11dic2025 14:06:09.055] [main/DEBUG] [net.neoforged.fml.loading.moddiscovery.ModDiscoverer/]: Skipping /Users/joshua.morotti/.gradle/caches/modules-2/files-2.1/org.lwjgl/lwjgl-glfw/3.3.3/efa1eb78c5ccd840e9f329717109b5e892d72f8e/lwjgl-glfw-3.3.3.jar because it was already located earlier
[11dic2025 14:06:09.055] [main/DEBUG] [net.neoforged.fml.loading.moddiscovery.ModDiscoverer/]: Skipping /Users/joshua.morotti/.gradle/caches/modules-2/files-2.1/org.lwjgl/lwjgl-glfw/3.3.3/a1bf400f6bc64e6195596cb1430dafda46090751/lwjgl-glfw-3.3.3-natives-macos.jar because it was already located earlier
[11dic2025 14:06:09.059] [main/DEBUG] [net.neoforged.fml.loading.moddiscovery.ModDiscoverer/]: Skipping /Users/joshua.morotti/.gradle/caches/modules-2/files-2.1/org.lwjgl/lwjgl-jemalloc/3.3.3/b543467b7ff3c6920539a88ee602d34098628be5/lwjgl-jemalloc-3.3.3.jar because it was already located earlier
[11dic2025 14:06:09.059] [main/DEBUG] [net.neoforged.fml.loading.moddiscovery.ModDiscoverer/]: Skipping /Users/joshua.morotti/.gradle/caches/modules-2/files-2.1/org.lwjgl/lwjgl-jemalloc/3.3.3/2906637657a57579847238c9c72d2c4bde7083f8/lwjgl-jemalloc-3.3.3-natives-macos.jar because it was already located earlier
[11dic2025 14:06:09.061] [main/DEBUG] [net.neoforged.fml.loading.moddiscovery.ModDiscoverer/]: Skipping /Users/joshua.morotti/.gradle/caches/modules-2/files-2.1/org.lwjgl/lwjgl-openal/3.3.3/daada81ceb5fc0c291fbfdd4433cb8d9423577f2/lwjgl-openal-3.3.3.jar because it was already located earlier
[11dic2025 14:06:09.061] [main/DEBUG] [net.neoforged.fml.loading.moddiscovery.ModDiscoverer/]: Skipping /Users/joshua.morotti/.gradle/caches/modules-2/files-2.1/org.lwjgl/lwjgl-openal/3.3.3/8df8338bfa77f2ebabef4e58964bd04d24805cbf/lwjgl-openal-3.3.3-natives-macos.jar because it was already located earlier
[11dic2025 14:06:09.062] [main/DEBUG] [net.neoforged.fml.loading.moddiscovery.ModDiscoverer/]: Skipping /Users/joshua.morotti/.gradle/caches/modules-2/files-2.1/org.lwjgl/lwjgl-opengl/3.3.3/2f6b0147078396a58979125a4c947664e98293a/lwjgl-opengl-3.3.3.jar because it was already located earlier
[11dic2025 14:06:09.062] [main/DEBUG] [net.neoforged.fml.loading.moddiscovery.ModDiscoverer/]: Skipping /Users/joshua.morotti/.gradle/caches/modules-2/files-2.1/org.lwjgl/lwjgl-opengl/3.3.3/1bd45997551ae8a28469f3a2b678f4b7289e12c0/lwjgl-opengl-3.3.3-natives-macos.jar because it was already located earlier
[11dic2025 14:06:09.063] [main/DEBUG] [net.neoforged.fml.loading.moddiscovery.ModDiscoverer/]: Skipping /Users/joshua.morotti/.gradle/caches/modules-2/files-2.1/org.lwjgl/lwjgl-stb/3.3.3/25dd6161988d7e65f71d5065c99902402ee32746/lwjgl-stb-3.3.3.jar because it was already located earlier
[11dic2025 14:06:09.063] [main/DEBUG] [net.neoforged.fml.loading.moddiscovery.ModDiscoverer/]: Skipping /Users/joshua.morotti/.gradle/caches/modules-2/files-2.1/org.lwjgl/lwjgl-stb/3.3.3/472792c98fb2c1557c060cb9da5fca6a9773621f/lwjgl-stb-3.3.3-natives-macos.jar because it was already located earlier
[11dic2025 14:06:09.064] [main/DEBUG] [net.neoforged.fml.loading.moddiscovery.ModDiscoverer/]: Skipping /Users/joshua.morotti/.gradle/caches/modules-2/files-2.1/org.lwjgl/lwjgl-tinyfd/3.3.3/82d755ca94b102e9ca77283b9e2dc46d1b15fbe5/lwjgl-tinyfd-3.3.3.jar because it was already located earlier
[11dic2025 14:06:09.066] [main/DEBUG] [net.neoforged.fml.loading.moddiscovery.ModDiscoverer/]: Skipping /Users/joshua.morotti/.gradle/caches/modules-2/files-2.1/org.lwjgl/lwjgl-tinyfd/3.3.3/406feedb977372085a61eb0fee358183f4f4c67a/lwjgl-tinyfd-3.3.3-natives-macos-arm64.jar because it was already located earlier
[11dic2025 14:06:09.067] [main/DEBUG] [net.neoforged.fml.loading.moddiscovery.ModDiscoverer/]: Skipping /Users/joshua.morotti/.gradle/caches/modules-2/files-2.1/org.lwjgl/lwjgl/3.3.3/29589b5f87ed335a6c7e7ee6a5775f81f97ecb84/lwjgl-3.3.3.jar because it was already located earlier
[11dic2025 14:06:09.068] [main/DEBUG] [net.neoforged.fml.loading.moddiscovery.ModDiscoverer/]: Skipping /Users/joshua.morotti/.gradle/caches/modules-2/files-2.1/org.lwjgl/lwjgl/3.3.3/226246e75f6bd8d4e1895bdce8638ef87808d114/lwjgl-3.3.3-natives-macos-arm64.jar because it was already located earlier
[11dic2025 14:06:09.068] [main/DEBUG] [net.neoforged.fml.loading.moddiscovery.ModDiscoverer/]: Skipping /Users/joshua.morotti/.gradle/caches/modules-2/files-2.1/org.lz4/lz4-java/1.8.0/4b986a99445e49ea5fbf5d149c4b63f6ed6c6780/lz4-java-1.8.0.jar because it was already located earlier
[11dic2025 14:06:09.068] [main/DEBUG] [net.neoforged.fml.loading.moddiscovery.ModDiscoverer/]: Skipping /Users/joshua.morotti/.gradle/caches/modules-2/files-2.1/net.neoforged/accesstransformers/10.0.1/fd83b5725f76eae9115e9355fa1c456a6a441400/accesstransformers-10.0.1.jar because it was already located earlier
[11dic2025 14:06:09.068] [main/DEBUG] [net.neoforged.fml.loading.moddiscovery.ModDiscoverer/]: Skipping /Users/joshua.morotti/.gradle/caches/modules-2/files-2.1/com.machinezoo.noexception/noexception/1.7.1/b65330c98e38a1f915fa54a6e5eca496505e3f0a/noexception-1.7.1.jar because it was already located earlier
[11dic2025 14:06:09.068] [main/DEBUG] [net.neoforged.fml.loading.moddiscovery.ModDiscoverer/]: Skipping /Users/joshua.morotti/.gradle/caches/modules-2/files-2.1/org.slf4j/slf4j-api/2.0.9/7cf2726fdcfbc8610f9a71fb3ed639871f315340/slf4j-api-2.0.9.jar because it was already located earlier
[11dic2025 14:06:09.068] [main/DEBUG] [net.neoforged.fml.loading.moddiscovery.ModDiscoverer/]: Skipping /Users/joshua.morotti/.gradle/caches/modules-2/files-2.1/com.google.code.findbugs/jsr305/3.0.2/25ea2e8b0c338a877313bd4672d3fe056ea78f0d/jsr305-3.0.2.jar because it was already located earlier
[11dic2025 14:06:09.068] [main/DEBUG] [net.neoforged.fml.loading.moddiscovery.ModDiscoverer/]: Skipping /Users/joshua.morotti/.gradle/caches/modules-2/files-2.1/org.jetbrains/annotations/24.1.0/7af6a669488450c4a07c2c3254e2151df42d7d04/annotations-24.1.0.jar because it was already located earlier
[11dic2025 14:06:09.068] [main/DEBUG] [net.neoforged.fml.loading.moddiscovery.ModDiscoverer/]: Skipping /Users/joshua.morotti/.gradle/caches/modules-2/files-2.1/com.electronwill.night-config/toml/3.8.2/c128842f759692f613ea6c3ef0ef052273bbb38c/toml-3.8.2.jar because it was already located earlier
[11dic2025 14:06:09.068] [main/DEBUG] [net.neoforged.fml.loading.moddiscovery.ModDiscoverer/]: Skipping /Users/joshua.morotti/.gradle/caches/modules-2/files-2.1/com.electronwill.night-config/core/3.8.2/94eee571e1524129804d08c75f6416a3be380ad4/core-3.8.2.jar because it was already located earlier
[11dic2025 14:06:09.068] [main/DEBUG] [net.neoforged.fml.loading.moddiscovery.ModDiscoverer/]: Skipping /Users/joshua.morotti/.gradle/caches/modules-2/files-2.1/net.jodah/typetools/0.6.3/a01aaa6ddaea9ec07ec4f209487b7a46a526283a/typetools-0.6.3.jar because it was already located earlier
[11dic2025 14:06:09.068] [main/DEBUG] [net.neoforged.fml.loading.moddiscovery.ModDiscoverer/]: Skipping /Users/joshua.morotti/.gradle/caches/modules-2/files-2.1/org.openjdk.nashorn/nashorn-core/15.4/f67f5ffaa5f5130cf6fb9b133da00c7df3b532a5/nashorn-core-15.4.jar because it was already located earlier
[11dic2025 14:06:09.069] [main/DEBUG] [net.neoforged.fml.loading.moddiscovery.readers.JarModsDotTomlModFileReader/SCAN]: Found META-INF/MANIFEST.MF mod of type GAMELIBRARY: /Users/joshua.morotti/.gradle/caches/modules-2/files-2.1/io.github.llamalad7/mixinextras-neoforge/0.4.1/eff97772ecd0dcf8e52cdbafd3b3ccec425f8314/mixinextras-neoforge-0.4.1.jar
[11dic2025 14:06:09.069] [main/INFO] [net.neoforged.fml.loading.moddiscovery.ModDiscoverer/SCAN]: Found gamelibrary file "mixinextras-neoforge-0.4.1.jar" [locator: userdev mods and services, reader: mod manifest]
[11dic2025 14:06:09.070] [main/DEBUG] [net.neoforged.fml.loading.moddiscovery.ModDiscoverer/]: Skipping /Users/joshua.morotti/.gradle/caches/modules-2/files-2.1/org.antlr/antlr4-runtime/4.13.1/17125bae1d965624e265ef49552f6465a2bfa307/antlr4-runtime-4.13.1.jar because it was already located earlier
[11dic2025 14:06:09.070] [main/DEBUG] [net.neoforged.fml.loading.moddiscovery.ModDiscoverer/]: Skipping /Users/joshua.morotti/.gradle/caches/modules-2/files-2.1/org.jline/jline-reader/3.20.0/8f15415b022a25b473e8e16c28ae913186ffb9c4/jline-reader-3.20.0.jar because it was already located earlier
[11dic2025 14:06:09.070] [main/DEBUG] [net.neoforged.fml.loading.moddiscovery.ModDiscoverer/]: Skipping /Users/joshua.morotti/.gradle/caches/modules-2/files-2.1/org.jline/jline-terminal/3.20.0/d0ddcc708ddf527a3454c941b7b9225cc83a15ff/jline-terminal-3.20.0.jar because it was already located earlier
[11dic2025 14:06:09.070] [main/DEBUG] [net.neoforged.fml.loading.moddiscovery.ModDiscoverer/]: Skipping /Users/joshua.morotti/.gradle/caches/modules-2/files-2.1/net.minecraftforge/srgutils/0.4.15/ca408b131759478f164e010fae0d73997e125fb5/srgutils-0.4.15.jar because it was already located earlier
[11dic2025 14:06:09.070] [main/DEBUG] [net.neoforged.fml.loading.moddiscovery.ModDiscoverer/]: Skipping /Users/joshua.morotti/.gradle/caches/modules-2/files-2.1/com.google.guava/listenablefuture/9999.0-empty-to-avoid-conflict-with-guava/b421526c5f297295adef1c886e5246c39d4ac629/listenablefuture-9999.0-empty-to-avoid-conflict-with-guava.jar because it was already located earlier
[11dic2025 14:06:09.070] [main/DEBUG] [net.neoforged.fml.loading.moddiscovery.ModDiscoverer/]: Skipping /Users/joshua.morotti/.gradle/caches/modules-2/files-2.1/org.checkerframework/checker-qual/3.33.0/de2b60b62da487644fc11f734e73c8b0b431238f/checker-qual-3.33.0.jar because it was already located earlier
[11dic2025 14:06:09.070] [main/DEBUG] [net.neoforged.fml.loading.moddiscovery.ModDiscoverer/]: Skipping /Users/joshua.morotti/.gradle/caches/modules-2/files-2.1/com.google.errorprone/error_prone_annotations/2.18.0/89b684257096f548fa39a7df9fdaa409d4d4df91/error_prone_annotations-2.18.0.jar because it was already located earlier
[11dic2025 14:06:09.070] [main/DEBUG] [net.neoforged.fml.loading.moddiscovery.ModDiscoverer/]: Skipping /Users/joshua.morotti/.gradle/caches/modules-2/files-2.1/com.google.j2objc/j2objc-annotations/2.8/c85270e307e7b822f1086b93689124b89768e273/j2objc-annotations-2.8.jar because it was already located earlier
[11dic2025 14:06:09.070] [main/DEBUG] [net.neoforged.fml.loading.moddiscovery.ModDiscoverer/]: Skipping /Users/joshua.morotti/.gradle/caches/modules-2/files-2.1/org.codehaus.plexus/plexus-utils/3.3.0/cf43b5391de623b36fe066a21127baef82c64022/plexus-utils-3.3.0.jar because it was already located earlier
[11dic2025 14:06:09.070] [main/DEBUG] [net.neoforged.fml.loading.moddiscovery.ModDiscoverer/]: Skipping /Users/joshua.morotti/dev/personal/PipezRetriever/.gradle/repositories/ng_dummy_ng/net/minecraft/client/1.21.1/client-1.21.1-client-extra.jar because it was already located earlier
[11dic2025 14:06:09.070] [main/DEBUG] [net.neoforged.fml.loading.moddiscovery.ModDiscoverer/SCAN]: Locator userdev mods and services found 23 mods, 0 warnings, 0 errors and skipped 86 candidates
[11dic2025 14:06:09.071] [main/DEBUG] [net.neoforged.fml.loading.UniqueModListBuilder/]: Found 2 mods for first modid neoforge, selecting most recent based on version data
[11dic2025 14:06:09.071] [main/DEBUG] [net.neoforged.fml.loading.UniqueModListBuilder/]: Selected file neoforge-21.1.194.jar for modid neoforge with version 21.1.194
[11dic2025 14:06:09.072] [main/DEBUG] [net.neoforged.fml.loading.moddiscovery.ModDiscoverer/SCAN]: Successfully Loaded 24 mods. Attempting to load dependencies...
[11dic2025 14:06:09.072] [main/DEBUG] [net.neoforged.fml.loading.moddiscovery.ModDiscoverer/SCAN]: Trying locator jarinjar
[11dic2025 14:06:09.074] [main/TRACE] [net.neoforged.fml.loading.moddiscovery.locators.JarInJarDependencyLocator/]: Failed to load resource META-INF/jarjar/metadata.json from neoforge-21.1.194.jar, it does not contain dependency information.
[11dic2025 14:06:09.075] [main/TRACE] [net.neoforged.fml.loading.moddiscovery.locators.JarInJarDependencyLocator/]: Failed to load resource META-INF/jarjar/metadata.json from rhino-416294-6000610.jar, it does not contain dependency information.
[11dic2025 14:06:09.075] [main/TRACE] [net.neoforged.fml.loading.moddiscovery.locators.JarInJarDependencyLocator/]: Failed to load resource META-INF/jarjar/metadata.json from oneprobe-245211-7292875.jar, it does not contain dependency information.
[11dic2025 14:06:09.075] [main/TRACE] [net.neoforged.fml.loading.moddiscovery.locators.JarInJarDependencyLocator/]: Failed to load resource META-INF/jarjar/metadata.json from ftpessential-410811-6179042.jar, it does not contain dependency information.
[11dic2025 14:06:09.075] [main/TRACE] [net.neoforged.fml.loading.moddiscovery.locators.JarInJarDependencyLocator/]: Failed to load resource META-INF/jarjar/metadata.json from supermarticonfig-438332-5546996.jar, it does not contain dependency information.
[11dic2025 14:06:09.075] [main/TRACE] [net.neoforged.fml.loading.moddiscovery.locators.JarInJarDependencyLocator/]: Failed to load resource META-INF/jarjar/metadata.json from titanium-287342-6443608.jar, it does not contain dependency information.
[11dic2025 14:06:09.075] [main/TRACE] [net.neoforged.fml.loading.moddiscovery.locators.JarInJarDependencyLocator/]: Failed to load resource META-INF/jarjar/metadata.json from ftlibrary-404465-6466106.jar, it does not contain dependency information.
[11dic2025 14:06:09.075] [main/TRACE] [net.neoforged.fml.loading.moddiscovery.locators.JarInJarDependencyLocator/]: Failed to load resource META-INF/jarjar/metadata.json from jade-324717-6011258.jar, it does not contain dependency information.
[11dic2025 14:06:09.075] [main/TRACE] [net.neoforged.fml.loading.moddiscovery.locators.JarInJarDependencyLocator/]: Failed to load resource META-INF/jarjar/metadata.json from geckolib-388172-6920810.jar, it does not contain dependency information.
[11dic2025 14:06:09.075] [main/TRACE] [net.neoforged.fml.loading.moddiscovery.locators.JarInJarDependencyLocator/]: Failed to load resource META-INF/jarjar/metadata.json from architectury-419699-5786327.jar, it does not contain dependency information.
[11dic2025 14:06:09.075] [main/TRACE] [net.neoforged.fml.loading.moddiscovery.locators.JarInJarDependencyLocator/]: Failed to load resource META-INF/jarjar/metadata.json from guideme-1173950-6488254.jar, it does not contain dependency information.
[11dic2025 14:06:09.075] [main/TRACE] [net.neoforged.fml.loading.moddiscovery.locators.JarInJarDependencyLocator/]: Failed to load resource META-INF/jarjar/metadata.json from mekanism-gen-268566-7132171.jar, it does not contain dependency information.
[11dic2025 14:06:09.075] [main/TRACE] [net.neoforged.fml.loading.moddiscovery.locators.JarInJarDependencyLocator/]: Failed to load resource META-INF/jarjar/metadata.json from jei-238222-6829086.jar, it does not contain dependency information.
[11dic2025 14:06:09.075] [main/TRACE] [net.neoforged.fml.loading.moddiscovery.locators.JarInJarDependencyLocator/]: Failed to load resource META-INF/jarjar/metadata.json from supermarticore-454372-6076757.jar, it does not contain dependency information.
[11dic2025 14:06:09.075] [main/TRACE] [net.neoforged.fml.loading.moddiscovery.locators.JarInJarDependencyLocator/]: Failed to load resource META-INF/jarjar/metadata.json from trashcans-394535-5891067.jar, it does not contain dependency information.
[11dic2025 14:06:09.076] [main/TRACE] [net.neoforged.fml.loading.moddiscovery.locators.JarInJarDependencyLocator/]: Failed to load resource META-INF/jarjar/metadata.json from main, it does not contain dependency information.
[11dic2025 14:06:09.076] [main/TRACE] [net.neoforged.fml.loading.moddiscovery.locators.JarInJarDependencyLocator/]: Failed to load resource META-INF/jarjar/metadata.json from mixinextras-neoforge-0.4.1.jar, it does not contain dependency information.
[11dic2025 14:06:09.076] [main/TRACE] [net.neoforged.fml.loading.moddiscovery.locators.JarInJarDependencyLocator/]: Failed to load resource META-INF/jarjar/metadata.json from mekanism-268560-7132168.jar, it does not contain dependency information.
[11dic2025 14:06:09.076] [main/TRACE] [net.neoforged.fml.loading.moddiscovery.locators.JarInJarDependencyLocator/]: Failed to load resource META-INF/jarjar/metadata.json from pipez-443900-5757713.jar, it does not contain dependency information.
[11dic2025 14:06:09.076] [main/TRACE] [net.neoforged.fml.loading.moddiscovery.locators.JarInJarDependencyLocator/]: Failed to load resource META-INF/jarjar/metadata.json from athena-841890-5629395.jar, it does not contain dependency information.
[11dic2025 14:06:09.076] [main/TRACE] [net.neoforged.fml.loading.moddiscovery.locators.JarInJarDependencyLocator/]: Failed to load resource META-INF/jarjar/metadata.json from glodium-957920-5821676.jar, it does not contain dependency information.
[11dic2025 14:06:09.111] [main/DEBUG] [net.neoforged.fml.loading.moddiscovery.readers.JarModsDotTomlModFileReader/SCAN]: Found META-INF/MANIFEST.MF mod of type GAMELIBRARY: 
[11dic2025 14:06:09.112] [main/DEBUG] [net.neoforged.fml.loading.moddiscovery.readers.JarModsDotTomlModFileReader/SCAN]: Found META-INF/MANIFEST.MF mod of type LIBRARY: 
[11dic2025 14:06:09.117] [main/DEBUG] [net.neoforged.fml.loading.moddiscovery.readers.JarModsDotTomlModFileReader/SCAN]: Found META-INF/neoforge.mods.toml mod of type null: 
[11dic2025 14:06:09.117] [main/DEBUG] [net.neoforged.fml.loading.moddiscovery.ModFileParser/LOADING]: Considering mod file candidate 
[11dic2025 14:06:09.118] [main/DEBUG] [net.neoforged.fml.loading.moddiscovery.ModFileInfo/LOADING]: Found valid mod file fabric-api-base-0.4.42+d1308dedd1.jar with {fabric_api_base} mods - versions {0.4.42+d1308dedd1}
[11dic2025 14:06:09.123] [main/DEBUG] [net.neoforged.fml.loading.moddiscovery.readers.JarModsDotTomlModFileReader/SCAN]: Found META-INF/neoforge.mods.toml mod of type null: 
[11dic2025 14:06:09.123] [main/DEBUG] [net.neoforged.fml.loading.moddiscovery.ModFileParser/LOADING]: Considering mod file candidate 
[11dic2025 14:06:09.124] [main/DEBUG] [net.neoforged.fml.loading.moddiscovery.ModFileInfo/LOADING]: Found valid mod file fabric-networking-api-v1-4.2.2+a92978fd19.jar with {fabric_networking_api_v1} mods - versions {4.2.2+a92978fd19}
[11dic2025 14:06:09.125] [main/DEBUG] [net.neoforged.fml.loading.moddiscovery.readers.JarModsDotTomlModFileReader/SCAN]: Found META-INF/neoforge.mods.toml mod of type null: 
[11dic2025 14:06:09.125] [main/DEBUG] [net.neoforged.fml.loading.moddiscovery.ModFileParser/LOADING]: Considering mod file candidate 
[11dic2025 14:06:09.126] [main/DEBUG] [net.neoforged.fml.loading.moddiscovery.ModFileInfo/LOADING]: Found valid mod file fabric-screen-api-v1-2.0.24+79a4c2b0d1.jar with {fabric_screen_api_v1} mods - versions {2.0.24+79a4c2b0d1}
[11dic2025 14:06:09.138] [pool-2-thread-1/INFO] [EARLYDISPLAY/]: GL info: Apple M1 Pro GL version 4.1 Metal - 89.4, Apple
[11dic2025 14:06:09.155] [main/DEBUG] [net.neoforged.fml.loading.moddiscovery.readers.JarModsDotTomlModFileReader/SCAN]: Found META-INF/MANIFEST.MF mod of type LIBRARY: 
[11dic2025 14:06:09.163] [main/TRACE] [net.neoforged.fml.loading.moddiscovery.locators.JarInJarDependencyLocator/]: Failed to load resource META-INF/jarjar/metadata.json from animated-gif-lib-for-java-animated-gif-lib-1.7.jar, it does not contain dependency information.
[11dic2025 14:06:09.163] [main/TRACE] [net.neoforged.fml.loading.moddiscovery.locators.JarInJarDependencyLocator/]: Failed to load resource META-INF/jarjar/metadata.json from tiny-java-server-1.0.0-build.6.jar, it does not contain dependency information.
[11dic2025 14:06:09.163] [main/TRACE] [net.neoforged.fml.loading.moddiscovery.locators.JarInJarDependencyLocator/]: Failed to load resource META-INF/jarjar/metadata.json from mixinextras-neoforge-0.4.1.jar, it does not contain dependency information.
[11dic2025 14:06:09.163] [main/TRACE] [net.neoforged.fml.loading.moddiscovery.locators.JarInJarDependencyLocator/]: Failed to load resource META-INF/jarjar/metadata.json from net.neoforged.neoforge-coremods-21.1.194.jar, it does not contain dependency information.
[11dic2025 14:06:09.164] [main/TRACE] [net.neoforged.fml.loading.moddiscovery.locators.JarInJarDependencyLocator/]: Failed to load resource META-INF/jarjar/metadata.json from endec-0.1.8.jar, it does not contain dependency information.
[11dic2025 14:06:09.164] [main/TRACE] [net.neoforged.fml.loading.moddiscovery.locators.JarInJarDependencyLocator/]: Failed to load resource META-INF/jarjar/metadata.json from fabric-api-base-0.4.42+d1308dedd1.jar, it does not contain dependency information.
[11dic2025 14:06:09.164] [main/TRACE] [net.neoforged.fml.loading.moddiscovery.locators.JarInJarDependencyLocator/]: Failed to load resource META-INF/jarjar/metadata.json from fabric-networking-api-v1-4.2.2+a92978fd19.jar, it does not contain dependency information.
[11dic2025 14:06:09.164] [main/TRACE] [net.neoforged.fml.loading.moddiscovery.locators.JarInJarDependencyLocator/]: Failed to load resource META-INF/jarjar/metadata.json from fabric-screen-api-v1-2.0.24+79a4c2b0d1.jar, it does not contain dependency information.
[11dic2025 14:06:09.164] [main/TRACE] [net.neoforged.fml.loading.moddiscovery.locators.JarInJarDependencyLocator/]: Failed to load resource META-INF/jarjar/metadata.json from forgified-fabric-loader-2.5.29+0.16.0+1.21-full.jar, it does not contain dependency information.
[11dic2025 14:06:09.164] [main/TRACE] [net.neoforged.fml.loading.moddiscovery.locators.JarInJarDependencyLocator/]: Failed to load resource META-INF/jarjar/metadata.json from gson-0.1.5.jar, it does not contain dependency information.
[11dic2025 14:06:09.164] [main/TRACE] [net.neoforged.fml.loading.moddiscovery.locators.JarInJarDependencyLocator/]: Failed to load resource META-INF/jarjar/metadata.json from jankson-0.1.5.jar, it does not contain dependency information.
[11dic2025 14:06:09.164] [main/TRACE] [net.neoforged.fml.loading.moddiscovery.locators.JarInJarDependencyLocator/]: Failed to load resource META-INF/jarjar/metadata.json from jankson-1.2.2.jar, it does not contain dependency information.
[11dic2025 14:06:09.164] [main/TRACE] [net.neoforged.fml.loading.moddiscovery.locators.JarInJarDependencyLocator/]: Failed to load resource META-INF/jarjar/metadata.json from netty-0.1.4.jar, it does not contain dependency information.
[11dic2025 14:06:09.245] [main/DEBUG] [net.neoforged.fml.loading.moddiscovery.readers.JarModsDotTomlModFileReader/SCAN]: Found META-INF/neoforge.mods.toml mod of type null: 
[11dic2025 14:06:09.245] [main/DEBUG] [net.neoforged.fml.loading.moddiscovery.ModFileParser/LOADING]: Considering mod file candidate 
[11dic2025 14:06:09.246] [main/DEBUG] [net.neoforged.fml.loading.moddiscovery.ModFileInfo/LOADING]: Found valid mod file fabric-screen-api-v1-2.0.24+79a4c2b0d1.jar with {fabric_screen_api_v1} mods - versions {2.0.24+79a4c2b0d1}
[11dic2025 14:06:09.273] [main/DEBUG] [net.neoforged.fml.loading.moddiscovery.readers.JarModsDotTomlModFileReader/SCAN]: Found META-INF/MANIFEST.MF mod of type LIBRARY: 
[11dic2025 14:06:09.279] [main/DEBUG] [net.neoforged.fml.loading.moddiscovery.readers.JarModsDotTomlModFileReader/SCAN]: Found META-INF/MANIFEST.MF mod of type LIBRARY: 
[11dic2025 14:06:09.281] [main/DEBUG] [net.neoforged.fml.loading.moddiscovery.readers.JarModsDotTomlModFileReader/SCAN]: Found META-INF/neoforge.mods.toml mod of type null: 
[11dic2025 14:06:09.281] [main/DEBUG] [net.neoforged.fml.loading.moddiscovery.ModFileParser/LOADING]: Considering mod file candidate 
[11dic2025 14:06:09.282] [main/DEBUG] [net.neoforged.fml.loading.moddiscovery.ModFileInfo/LOADING]: Found valid mod file fabric-networking-api-v1-4.2.2+a92978fd19.jar with {fabric_networking_api_v1} mods - versions {4.2.2+a92978fd19}
[11dic2025 14:06:09.283] [main/DEBUG] [net.neoforged.fml.loading.moddiscovery.readers.JarModsDotTomlModFileReader/SCAN]: Found META-INF/neoforge.mods.toml mod of type null: 
[11dic2025 14:06:09.283] [main/DEBUG] [net.neoforged.fml.loading.moddiscovery.ModFileParser/LOADING]: Considering mod file candidate 
[11dic2025 14:06:09.284] [main/DEBUG] [net.neoforged.fml.loading.moddiscovery.ModFileInfo/LOADING]: Found valid mod file fabric-api-base-0.4.42+d1308dedd1.jar with {fabric_api_base} mods - versions {0.4.42+d1308dedd1}
[11dic2025 14:06:09.289] [main/DEBUG] [net.neoforged.fml.loading.moddiscovery.readers.JarModsDotTomlModFileReader/SCAN]: Found META-INF/MANIFEST.MF mod of type GAMELIBRARY: 
[11dic2025 14:06:09.290] [main/WARN] [net.neoforged.jarjar.selection.JarSelector/]: Attempted to select a dependency jar for JarJar which was passed in as source: library:mixinextras.neoforge. Using Mod File: /Users/joshua.morotti/.gradle/caches/modules-2/files-2.1/io.github.llamalad7/mixinextras-neoforge/0.4.1/eff97772ecd0dcf8e52cdbafd3b3ccec425f8314/mixinextras-neoforge-0.4.1.jar
[11dic2025 14:06:09.290] [main/INFO] [net.neoforged.fml.loading.moddiscovery.locators.JarInJarDependencyLocator/]: Found 12 dependencies adding them to mods collection
[11dic2025 14:06:09.290] [main/INFO] [net.neoforged.fml.loading.moddiscovery.ModDiscoverer/SCAN]: Found mod file "fabric-networking-api-v1-4.2.2+a92978fd19.jar" [parent: owolib-532610-5945693.jar, locator: jarinjar, reader: mod manifest]
[11dic2025 14:06:09.291] [main/INFO] [net.neoforged.fml.loading.moddiscovery.ModDiscoverer/SCAN]: Found library file "gson-0.1.5.jar" [parent: owolib-532610-5945693.jar, locator: jarinjar]
[11dic2025 14:06:09.291] [main/INFO] [net.neoforged.fml.loading.moddiscovery.ModDiscoverer/SCAN]: Found library file "animated-gif-lib-for-java-animated-gif-lib-1.7.jar" [parent: kubejs-238086-5810100.jar, locator: jarinjar]
[11dic2025 14:06:09.291] [main/INFO] [net.neoforged.fml.loading.moddiscovery.ModDiscoverer/SCAN]: Found mod file "fabric-api-base-0.4.42+d1308dedd1.jar" [parent: owolib-532610-5945693.jar, locator: jarinjar, reader: mod manifest]
[11dic2025 14:06:09.291] [main/INFO] [net.neoforged.fml.loading.moddiscovery.ModDiscoverer/SCAN]: Found library file "forgified-fabric-loader-2.5.29+0.16.0+1.21-full.jar" [parent: owolib-532610-5945693.jar, locator: jarinjar, reader: mod manifest]
[11dic2025 14:06:09.291] [main/INFO] [net.neoforged.fml.loading.moddiscovery.ModDiscoverer/SCAN]: Found library file "tiny-java-server-1.0.0-build.6.jar" [parent: kubejs-238086-5810100.jar, locator: jarinjar]
[11dic2025 14:06:09.291] [main/INFO] [net.neoforged.fml.loading.moddiscovery.ModDiscoverer/SCAN]: Found library file "jankson-0.1.5.jar" [parent: owolib-532610-5945693.jar, locator: jarinjar]
[11dic2025 14:06:09.291] [main/INFO] [net.neoforged.fml.loading.moddiscovery.ModDiscoverer/SCAN]: Found library file "endec-0.1.8.jar" [parent: owolib-532610-5945693.jar, locator: jarinjar]
[11dic2025 14:06:09.291] [main/INFO] [net.neoforged.fml.loading.moddiscovery.ModDiscoverer/SCAN]: Found library file "netty-0.1.4.jar" [parent: owolib-532610-5945693.jar, locator: jarinjar]
[11dic2025 14:06:09.291] [main/INFO] [net.neoforged.fml.loading.moddiscovery.ModDiscoverer/SCAN]: Found library file "net.neoforged.neoforge-coremods-21.1.194.jar" [parent: neoforge-21.1.194.jar, locator: jarinjar, reader: mod manifest]
[11dic2025 14:06:09.291] [main/INFO] [net.neoforged.fml.loading.moddiscovery.ModDiscoverer/SCAN]: Found mod file "fabric-screen-api-v1-2.0.24+79a4c2b0d1.jar" [parent: owolib-532610-5945693.jar, locator: jarinjar, reader: mod manifest]
[11dic2025 14:06:09.292] [main/INFO] [net.neoforged.fml.loading.moddiscovery.ModDiscoverer/SCAN]: Found library file "jankson-1.2.2.jar" [parent: owolib-532610-5945693.jar, locator: jarinjar]
[11dic2025 14:06:09.293] [main/INFO] [net.neoforged.fml.loading.moddiscovery.ModDiscoverer/]: 
     Mod List:
		Name Version (Mod Id)

		Architectury 13.0.8 (architectury)
		Athena 4.0.1 (athena)
		Forgified Fabric API Base 0.4.42+d1308dedd1 (fabric_api_base)
		Forgified Fabric Networking API (v1) 4.2.2+a92978fd19 (fabric_networking_api_v1)
		Forgified Fabric Screen API (v1) 2.0.24+79a4c2b0d1 (fabric_screen_api_v1)
		FTB Essentials 2101.1.6 (ftbessentials)
		FTB Library 2101.1.13 (ftblibrary)
		GeckoLib 4 4.7.7 (geckolib)
		Glodium 1.21-2.2-neoforge (glodium)
		GuideME 21.1.9 (guideme)
		Jade 15.9.2+neoforge (jade)
		Just Enough Items 19.22.1.316 (jei)
		KubeJS 2101.7.1-build.181 (kubejs)
		Mekanism 10.7.17 (mekanism)
		Mekanism: Generators 10.7.17 (mekanismgenerators)
		Minecraft 1.21.1 (minecraft)
		NeoForge 21.1.194 (neoforge)
		oωo 0.12.15-beta.12+1.21 (owo)
		Pipez 1.21.1-1.2.19 (pipez)
		Pipez Retriever 1.0.0 (pipezretriever)
		Rhino 2101.2.6-build.58 (rhino)
		SuperMartijn642's Config Library 1.1.8 (supermartijn642configlib)
		SuperMartijn642's Core Lib 1.1.18+a (supermartijn642corelib)
		The One Probe 1.21_neo-12.0.8 (theoneprobe)
		Titanium 4.0.37 (titanium)
		Trash Cans 1.0.18+c (trashcans)
[11dic2025 14:06:09.294] [main/DEBUG] [net.neoforged.fml.loading.moddiscovery.ModFileInfo/LOADING]: Found valid mod file neoforge-21.1.194.jar with {minecraft} mods - versions {1.21.1}
[11dic2025 14:06:09.295] [main/DEBUG] [net.neoforged.fml.loading.moddiscovery.ModFile/LOADING]: Loading mod file /Users/joshua.morotti/dev/personal/PipezRetriever/.gradle/repositories/ng_dummy_ng/net/neoforged/neoforge/21.1.194/neoforge-21.1.194.jar with languages [LanguageSpec[languageName=minecraft, acceptedVersions=1]]
[11dic2025 14:06:09.296] [main/DEBUG] [net.neoforged.fml.loading.moddiscovery.ModFileParser/LOADING]: Considering mod file candidate /Users/joshua.morotti/.gradle/caches/modules-2/files-2.1/curse.maven/rhino-416294/6000610/bd2652b47431bda7d567f9fd1af77b7ed700ae9a/rhino-416294-6000610.jar
[11dic2025 14:06:09.297] [main/DEBUG] [net.neoforged.fml.loading.moddiscovery.ModFileInfo/LOADING]: Found valid mod file rhino-416294-6000610.jar with {rhino} mods - versions {2101.2.6-build.58}
[11dic2025 14:06:09.297] [main/DEBUG] [net.neoforged.fml.loading.moddiscovery.ModFile/LOADING]: Loading mod file /Users/joshua.morotti/.gradle/caches/modules-2/files-2.1/curse.maven/rhino-416294/6000610/bd2652b47431bda7d567f9fd1af77b7ed700ae9a/rhino-416294-6000610.jar with languages [LanguageSpec[languageName=lowcodefml, acceptedVersions=[2,)]]
[11dic2025 14:06:09.297] [main/DEBUG] [net.neoforged.fml.loading.moddiscovery.ModFileParser/LOADING]: Considering mod file candidate /Users/joshua.morotti/.gradle/caches/modules-2/files-2.1/curse.maven/kubejs-238086/5810100/be525f7d4d8d71a18b07718352035b3e59e50ebd/kubejs-238086-5810100.jar
[11dic2025 14:06:09.297] [main/DEBUG] [net.neoforged.fml.loading.moddiscovery.ModFileInfo/LOADING]: Found valid mod file kubejs-238086-5810100.jar with {kubejs} mods - versions {2101.7.1-build.181}
[11dic2025 14:06:09.297] [main/DEBUG] [net.neoforged.fml.loading.moddiscovery.ModFile/LOADING]: Loading mod file /Users/joshua.morotti/.gradle/caches/modules-2/files-2.1/curse.maven/kubejs-238086/5810100/be525f7d4d8d71a18b07718352035b3e59e50ebd/kubejs-238086-5810100.jar with languages [LanguageSpec[languageName=javafml, acceptedVersions=[2,)]]
[11dic2025 14:06:09.298] [main/DEBUG] [net.neoforged.fml.loading.moddiscovery.ModFile/LOADING]: Found mixin config MixinConfig[config=kubejs.mixins.json, requiredMods=[]]
[11dic2025 14:06:09.298] [main/DEBUG] [net.neoforged.fml.loading.moddiscovery.ModFileParser/LOADING]: Considering mod file candidate 
[11dic2025 14:06:09.298] [main/DEBUG] [net.neoforged.fml.loading.moddiscovery.ModFileInfo/LOADING]: Found valid mod file fabric-api-base-0.4.42+d1308dedd1.jar with {fabric_api_base} mods - versions {0.4.42+d1308dedd1}
[11dic2025 14:06:09.298] [main/DEBUG] [net.neoforged.fml.loading.moddiscovery.ModFile/LOADING]: Loading mod file  with languages [LanguageSpec[languageName=javafml, acceptedVersions=[1,)]]
[11dic2025 14:06:09.298] [main/DEBUG] [net.neoforged.fml.loading.moddiscovery.ModFileParser/LOADING]: Considering mod file candidate /Users/joshua.morotti/.gradle/caches/modules-2/files-2.1/curse.maven/oneprobe-245211/7292875/4c26a37deea7f147a2d15313bd50f00df4ca1f3/oneprobe-245211-7292875.jar
[11dic2025 14:06:09.299] [main/DEBUG] [net.neoforged.fml.loading.moddiscovery.ModFileInfo/LOADING]: Found valid mod file oneprobe-245211-7292875.jar with {theoneprobe} mods - versions {1.21_neo-12.0.8}
[11dic2025 14:06:09.299] [main/DEBUG] [net.neoforged.fml.loading.moddiscovery.ModFile/LOADING]: Loading mod file /Users/joshua.morotti/.gradle/caches/modules-2/files-2.1/curse.maven/oneprobe-245211/7292875/4c26a37deea7f147a2d15313bd50f00df4ca1f3/oneprobe-245211-7292875.jar with languages [LanguageSpec[languageName=javafml, acceptedVersions=[2,)]]
[11dic2025 14:06:09.300] [main/DEBUG] [net.neoforged.fml.loading.moddiscovery.ModFileParser/LOADING]: Considering mod file candidate /Users/joshua.morotti/.gradle/caches/modules-2/files-2.1/curse.maven/ftpessential-410811/6179042/c639625861cfb585a2897771e605b325f2e0addf/ftpessential-410811-6179042.jar
[11dic2025 14:06:09.300] [main/DEBUG] [net.neoforged.fml.loading.moddiscovery.ModFileInfo/LOADING]: Found valid mod file ftpessential-410811-6179042.jar with {ftbessentials} mods - versions {2101.1.6}
[11dic2025 14:06:09.300] [main/DEBUG] [net.neoforged.fml.loading.moddiscovery.ModFile/LOADING]: Loading mod file /Users/joshua.morotti/.gradle/caches/modules-2/files-2.1/curse.maven/ftpessential-410811/6179042/c639625861cfb585a2897771e605b325f2e0addf/ftpessential-410811-6179042.jar with languages [LanguageSpec[languageName=javafml, acceptedVersions=[4,)]]
[11dic2025 14:06:09.300] [main/DEBUG] [net.neoforged.fml.loading.moddiscovery.ModFile/LOADING]: Found mixin config MixinConfig[config=ftbessentials-common.mixins.json, requiredMods=[]]
[11dic2025 14:06:09.300] [main/DEBUG] [net.neoforged.fml.loading.moddiscovery.ModFileParser/LOADING]: Considering mod file candidate /Users/joshua.morotti/.gradle/caches/modules-2/files-2.1/curse.maven/titanium-287342/6443608/af61f1fa339ab8b11900cbafc8618491341b26c8/titanium-287342-6443608.jar
[11dic2025 14:06:09.301] [main/DEBUG] [net.neoforged.fml.loading.moddiscovery.ModFileInfo/LOADING]: Found valid mod file titanium-287342-6443608.jar with {titanium} mods - versions {4.0.37}
[11dic2025 14:06:09.301] [main/DEBUG] [net.neoforged.fml.loading.moddiscovery.ModFile/LOADING]: Loading mod file /Users/joshua.morotti/.gradle/caches/modules-2/files-2.1/curse.maven/titanium-287342/6443608/af61f1fa339ab8b11900cbafc8618491341b26c8/titanium-287342-6443608.jar with languages [LanguageSpec[languageName=javafml, acceptedVersions=[1,)]]
[11dic2025 14:06:09.301] [main/DEBUG] [net.neoforged.fml.loading.moddiscovery.ModFileParser/LOADING]: Considering mod file candidate /Users/joshua.morotti/.gradle/caches/modules-2/files-2.1/curse.maven/owolib-532610/5945693/f58392fa41845f377084be3e34f9818a5f672179/owolib-532610-5945693.jar
[11dic2025 14:06:09.302] [main/DEBUG] [net.neoforged.fml.loading.moddiscovery.ModFileInfo/LOADING]: Found valid mod file owolib-532610-5945693.jar with {owo} mods - versions {0.12.15-beta.12+1.21}
[11dic2025 14:06:09.302] [main/DEBUG] [net.neoforged.fml.loading.moddiscovery.ModFile/LOADING]: Loading mod file /Users/joshua.morotti/.gradle/caches/modules-2/files-2.1/curse.maven/owolib-532610/5945693/f58392fa41845f377084be3e34f9818a5f672179/owolib-532610-5945693.jar with languages [LanguageSpec[languageName=javafml, acceptedVersions=[1,)]]
[11dic2025 14:06:09.302] [main/DEBUG] [net.neoforged.fml.loading.moddiscovery.ModFile/LOADING]: Found mixin config MixinConfig[config=owo.mixins.json, requiredMods=[]]
[11dic2025 14:06:09.302] [main/DEBUG] [net.neoforged.fml.loading.moddiscovery.ModFileParser/LOADING]: Considering mod file candidate /Users/joshua.morotti/.gradle/caches/modules-2/files-2.1/curse.maven/supermarticonfig-438332/5546996/7452242e389975e8a88b97066f4bae6a4ebe574/supermarticonfig-438332-5546996.jar
[11dic2025 14:06:09.303] [main/DEBUG] [net.neoforged.fml.loading.moddiscovery.ModFileInfo/LOADING]: Found valid mod file supermarticonfig-438332-5546996.jar with {supermartijn642configlib} mods - versions {1.1.8}
[11dic2025 14:06:09.303] [main/DEBUG] [net.neoforged.fml.loading.moddiscovery.ModFile/LOADING]: Loading mod file /Users/joshua.morotti/.gradle/caches/modules-2/files-2.1/curse.maven/supermarticonfig-438332/5546996/7452242e389975e8a88b97066f4bae6a4ebe574/supermarticonfig-438332-5546996.jar with languages [LanguageSpec[languageName=javafml, acceptedVersions=[1,)]]
[11dic2025 14:06:09.303] [main/DEBUG] [net.neoforged.fml.loading.moddiscovery.ModFileParser/LOADING]: Considering mod file candidate /Users/joshua.morotti/.gradle/caches/modules-2/files-2.1/curse.maven/ftlibrary-404465/6466106/8e97cffb520971410c9e007a17deaf1ccad831ca/ftlibrary-404465-6466106.jar
[11dic2025 14:06:09.303] [main/DEBUG] [net.neoforged.fml.loading.moddiscovery.ModFileInfo/LOADING]: Found valid mod file ftlibrary-404465-6466106.jar with {ftblibrary} mods - versions {2101.1.13}
[11dic2025 14:06:09.303] [main/DEBUG] [net.neoforged.fml.loading.moddiscovery.ModFile/LOADING]: Loading mod file /Users/joshua.morotti/.gradle/caches/modules-2/files-2.1/curse.maven/ftlibrary-404465/6466106/8e97cffb520971410c9e007a17deaf1ccad831ca/ftlibrary-404465-6466106.jar with languages [LanguageSpec[languageName=javafml, acceptedVersions=[4,)]]
[11dic2025 14:06:09.303] [main/DEBUG] [net.neoforged.fml.loading.moddiscovery.ModFile/LOADING]: Found mixin config MixinConfig[config=ftblibrary-common.mixins.json, requiredMods=[]]
[11dic2025 14:06:09.304] [main/DEBUG] [net.neoforged.fml.loading.moddiscovery.ModFileParser/LOADING]: Considering mod file candidate /Users/joshua.morotti/.gradle/caches/modules-2/files-2.1/curse.maven/jade-324717/6011258/6b150830f1f38e9f8930af846719b9fc94818c9c/jade-324717-6011258.jar
[11dic2025 14:06:09.304] [main/DEBUG] [net.neoforged.fml.loading.moddiscovery.ModFileInfo/LOADING]: Found valid mod file jade-324717-6011258.jar with {jade} mods - versions {15.9.2+neoforge}
[11dic2025 14:06:09.304] [main/DEBUG] [net.neoforged.fml.loading.moddiscovery.ModFile/LOADING]: Loading mod file /Users/joshua.morotti/.gradle/caches/modules-2/files-2.1/curse.maven/jade-324717/6011258/6b150830f1f38e9f8930af846719b9fc94818c9c/jade-324717-6011258.jar with languages [LanguageSpec[languageName=javafml, acceptedVersions=[1,)]]
[11dic2025 14:06:09.304] [main/DEBUG] [net.neoforged.fml.loading.moddiscovery.ModFile/LOADING]: Found mixin config MixinConfig[config=jade.mixins.json, requiredMods=[]]
[11dic2025 14:06:09.304] [main/DEBUG] [net.neoforged.fml.loading.moddiscovery.ModFileParser/LOADING]: Considering mod file candidate /Users/joshua.morotti/.gradle/caches/modules-2/files-2.1/curse.maven/geckolib-388172/6920810/36883f8ea9117932bb5f2643a29578c6506e2339/geckolib-388172-6920810.jar
[11dic2025 14:06:09.305] [main/DEBUG] [net.neoforged.fml.loading.moddiscovery.ModFileInfo/LOADING]: Found valid mod file geckolib-388172-6920810.jar with {geckolib} mods - versions {4.7.7}
[11dic2025 14:06:09.305] [main/DEBUG] [net.neoforged.fml.loading.moddiscovery.ModFile/LOADING]: Loading mod file /Users/joshua.morotti/.gradle/caches/modules-2/files-2.1/curse.maven/geckolib-388172/6920810/36883f8ea9117932bb5f2643a29578c6506e2339/geckolib-388172-6920810.jar with languages [LanguageSpec[languageName=javafml, acceptedVersions=[4,)]]
[11dic2025 14:06:09.305] [main/DEBUG] [net.neoforged.fml.loading.moddiscovery.ModFile/LOADING]: Found mixin config MixinConfig[config=geckolib.mixins.json, requiredMods=[]]
[11dic2025 14:06:09.305] [main/DEBUG] [net.neoforged.fml.loading.moddiscovery.ModFileParser/LOADING]: Considering mod file candidate /Users/joshua.morotti/.gradle/caches/modules-2/files-2.1/curse.maven/jei-238222/6829086/ad7cd1f890ef4924c62c39534d186396cde66868/jei-238222-6829086.jar
[11dic2025 14:06:09.305] [main/DEBUG] [net.neoforged.fml.loading.moddiscovery.ModFileInfo/LOADING]: Found valid mod file jei-238222-6829086.jar with {jei} mods - versions {19.22.1.316}
[11dic2025 14:06:09.306] [main/DEBUG] [net.neoforged.fml.loading.moddiscovery.ModFile/LOADING]: Loading mod file /Users/joshua.morotti/.gradle/caches/modules-2/files-2.1/curse.maven/jei-238222/6829086/ad7cd1f890ef4924c62c39534d186396cde66868/jei-238222-6829086.jar with languages [LanguageSpec[languageName=javafml, acceptedVersions=[4,)]]
[11dic2025 14:06:09.306] [main/DEBUG] [net.neoforged.fml.loading.moddiscovery.ModFileParser/LOADING]: Considering mod file candidate /Users/joshua.morotti/.gradle/caches/modules-2/files-2.1/curse.maven/supermarticore-454372/6076757/21c75db63ca1d8b8972a94a71c9c7ec0549e1be0/supermarticore-454372-6076757.jar
[11dic2025 14:06:09.306] [main/DEBUG] [net.neoforged.fml.loading.moddiscovery.ModFileInfo/LOADING]: Found valid mod file supermarticore-454372-6076757.jar with {supermartijn642corelib} mods - versions {1.1.18+a}
[11dic2025 14:06:09.307] [main/DEBUG] [net.neoforged.fml.loading.moddiscovery.ModFile/LOADING]: Loading mod file /Users/joshua.morotti/.gradle/caches/modules-2/files-2.1/curse.maven/supermarticore-454372/6076757/21c75db63ca1d8b8972a94a71c9c7ec0549e1be0/supermarticore-454372-6076757.jar with languages [LanguageSpec[languageName=javafml, acceptedVersions=[1,)]]
[11dic2025 14:06:09.307] [main/DEBUG] [net.neoforged.fml.loading.moddiscovery.ModFile/LOADING]: Found mixin config MixinConfig[config=supermartijn642corelib.mixins.json, requiredMods=[]]
[11dic2025 14:06:09.307] [main/DEBUG] [net.neoforged.fml.loading.moddiscovery.ModFileParser/LOADING]: Considering mod file candidate /Users/joshua.morotti/.gradle/caches/modules-2/files-2.1/curse.maven/mekanism-268560/7132168/2977b4f3130f8abab508ff56d774bb2cd419c5d0/mekanism-268560-7132168.jar
[11dic2025 14:06:09.308] [main/DEBUG] [net.neoforged.fml.loading.moddiscovery.ModFileInfo/LOADING]: Found valid mod file mekanism-268560-7132168.jar with {mekanism} mods - versions {10.7.17}
[11dic2025 14:06:09.308] [main/DEBUG] [net.neoforged.fml.loading.moddiscovery.ModFile/LOADING]: Loading mod file /Users/joshua.morotti/.gradle/caches/modules-2/files-2.1/curse.maven/mekanism-268560/7132168/2977b4f3130f8abab508ff56d774bb2cd419c5d0/mekanism-268560-7132168.jar with languages [LanguageSpec[languageName=javafml, acceptedVersions=[4,)]]
[11dic2025 14:06:09.308] [main/DEBUG] [net.neoforged.fml.loading.moddiscovery.ModFileParser/LOADING]: Considering mod file candidate /Users/joshua.morotti/.gradle/caches/modules-2/files-2.1/curse.maven/pipez-443900/5757713/760c1cd20e6e47ef86bd48ece413873cccddc972/pipez-443900-5757713.jar
[11dic2025 14:06:09.309] [main/DEBUG] [net.neoforged.fml.loading.moddiscovery.ModFileInfo/LOADING]: Found valid mod file pipez-443900-5757713.jar with {pipez} mods - versions {1.21.1-1.2.19}
[11dic2025 14:06:09.309] [main/DEBUG] [net.neoforged.fml.loading.moddiscovery.ModFile/LOADING]: Loading mod file /Users/joshua.morotti/.gradle/caches/modules-2/files-2.1/curse.maven/pipez-443900/5757713/760c1cd20e6e47ef86bd48ece413873cccddc972/pipez-443900-5757713.jar with languages [LanguageSpec[languageName=javafml, acceptedVersions=*]]
[11dic2025 14:06:09.309] [main/DEBUG] [net.neoforged.fml.loading.moddiscovery.ModFileParser/LOADING]: Considering mod file candidate /Users/joshua.morotti/dev/personal/PipezRetriever/.gradle/repositories/ng_dummy_ng/net/neoforged/neoforge/21.1.194/neoforge-21.1.194.jar
[11dic2025 14:06:09.309] [main/DEBUG] [net.neoforged.fml.loading.moddiscovery.ModFileInfo/LOADING]: Found valid mod file neoforge-21.1.194.jar with {neoforge} mods - versions {21.1.194}
[11dic2025 14:06:09.309] [main/DEBUG] [net.neoforged.fml.loading.moddiscovery.ModFile/LOADING]: Loading mod file /Users/joshua.morotti/dev/personal/PipezRetriever/.gradle/repositories/ng_dummy_ng/net/neoforged/neoforge/21.1.194/neoforge-21.1.194.jar with languages [LanguageSpec[languageName=javafml, acceptedVersions=[3,]]]
[11dic2025 14:06:09.309] [main/DEBUG] [net.neoforged.fml.loading.moddiscovery.ModFile/LOADING]: Found mixin config MixinConfig[config=neoforge.mixins.json, requiredMods=[]]
[11dic2025 14:06:09.309] [main/DEBUG] [net.neoforged.fml.loading.moddiscovery.ModFileParser/LOADING]: Considering mod file candidate /Users/joshua.morotti/.gradle/caches/modules-2/files-2.1/curse.maven/guideme-1173950/6488254/7a50b822de6519a796e25d79201c865cfc6b8e3d/guideme-1173950-6488254.jar
[11dic2025 14:06:09.310] [main/DEBUG] [net.neoforged.fml.loading.moddiscovery.ModFileInfo/LOADING]: Found valid mod file guideme-1173950-6488254.jar with {guideme} mods - versions {21.1.9}
[11dic2025 14:06:09.310] [main/DEBUG] [net.neoforged.fml.loading.moddiscovery.ModFile/LOADING]: Loading mod file /Users/joshua.morotti/.gradle/caches/modules-2/files-2.1/curse.maven/guideme-1173950/6488254/7a50b822de6519a796e25d79201c865cfc6b8e3d/guideme-1173950-6488254.jar with languages [LanguageSpec[languageName=javafml, acceptedVersions=*]]
[11dic2025 14:06:09.310] [main/DEBUG] [net.neoforged.fml.loading.moddiscovery.ModFileParser/LOADING]: Considering mod file candidate /Users/joshua.morotti/.gradle/caches/modules-2/files-2.1/curse.maven/architectury-419699/5786327/6ca11d3cc136bf69bb8f4d56982481eb85b5100b/architectury-419699-5786327.jar
[11dic2025 14:06:09.310] [main/DEBUG] [net.neoforged.fml.loading.moddiscovery.ModFileInfo/LOADING]: Found valid mod file architectury-419699-5786327.jar with {architectury} mods - versions {13.0.8}
[11dic2025 14:06:09.310] [main/DEBUG] [net.neoforged.fml.loading.moddiscovery.ModFile/LOADING]: Loading mod file /Users/joshua.morotti/.gradle/caches/modules-2/files-2.1/curse.maven/architectury-419699/5786327/6ca11d3cc136bf69bb8f4d56982481eb85b5100b/architectury-419699-5786327.jar with languages [LanguageSpec[languageName=javafml, acceptedVersions=[1,)]]
[11dic2025 14:06:09.310] [main/DEBUG] [net.neoforged.fml.loading.moddiscovery.ModFile/LOADING]: Found mixin config MixinConfig[config=architectury.mixins.json, requiredMods=[]]
[11dic2025 14:06:09.311] [main/DEBUG] [net.neoforged.fml.loading.moddiscovery.ModFile/LOADING]: Found mixin config MixinConfig[config=architectury-common.mixins.json, requiredMods=[]]
[11dic2025 14:06:09.311] [main/DEBUG] [net.neoforged.fml.loading.moddiscovery.ModFileParser/LOADING]: Considering mod file candidate /Users/joshua.morotti/.gradle/caches/modules-2/files-2.1/curse.maven/mekanism-gen-268566/7132171/2c8d5f69ec3d69837e5caf3d2a50927b0a85d74e/mekanism-gen-268566-7132171.jar
[11dic2025 14:06:09.311] [main/DEBUG] [net.neoforged.fml.loading.moddiscovery.ModFileInfo/LOADING]: Found valid mod file mekanism-gen-268566-7132171.jar with {mekanismgenerators} mods - versions {10.7.17}
[11dic2025 14:06:09.311] [main/DEBUG] [net.neoforged.fml.loading.moddiscovery.ModFile/LOADING]: Loading mod file /Users/joshua.morotti/.gradle/caches/modules-2/files-2.1/curse.maven/mekanism-gen-268566/7132171/2c8d5f69ec3d69837e5caf3d2a50927b0a85d74e/mekanism-gen-268566-7132171.jar with languages [LanguageSpec[languageName=javafml, acceptedVersions=[4,)]]
[11dic2025 14:06:09.311] [main/DEBUG] [net.neoforged.fml.loading.moddiscovery.ModFileParser/LOADING]: Considering mod file candidate 
[11dic2025 14:06:09.312] [main/DEBUG] [net.neoforged.fml.loading.moddiscovery.ModFileInfo/LOADING]: Found valid mod file fabric-screen-api-v1-2.0.24+79a4c2b0d1.jar with {fabric_screen_api_v1} mods - versions {2.0.24+79a4c2b0d1}
[11dic2025 14:06:09.312] [main/DEBUG] [net.neoforged.fml.loading.moddiscovery.ModFile/LOADING]: Loading mod file  with languages [LanguageSpec[languageName=javafml, acceptedVersions=[1,)]]
[11dic2025 14:06:09.312] [main/DEBUG] [net.neoforged.fml.loading.moddiscovery.ModFile/LOADING]: Found mixin config MixinConfig[config=fabric-screen-api-v1.mixins.json, requiredMods=[]]
[11dic2025 14:06:09.312] [main/DEBUG] [net.neoforged.fml.loading.moddiscovery.ModFileParser/LOADING]: Considering mod file candidate /Users/joshua.morotti/dev/personal/PipezRetriever/build/resources/main
[11dic2025 14:06:09.313] [main/DEBUG] [net.neoforged.fml.loading.moddiscovery.ModFileInfo/LOADING]: Found valid mod file main with {pipezretriever} mods - versions {1.0.0}
[11dic2025 14:06:09.314] [main/DEBUG] [net.neoforged.fml.loading.moddiscovery.ModFile/LOADING]: Loading mod file /Users/joshua.morotti/dev/personal/PipezRetriever/build/resources/main with languages [LanguageSpec[languageName=javafml, acceptedVersions=[4,)]]
[11dic2025 14:06:09.314] [main/DEBUG] [net.neoforged.fml.loading.moddiscovery.ModFile/LOADING]: Found mixin config MixinConfig[config=pipezretriever.mixins.json, requiredMods=[]]
[11dic2025 14:06:09.314] [main/DEBUG] [net.neoforged.fml.loading.moddiscovery.ModFileParser/LOADING]: Considering mod file candidate /Users/joshua.morotti/.gradle/caches/modules-2/files-2.1/curse.maven/trashcans-394535/5891067/8e853e0784b01b36b4503ef5599be2724be74b07/trashcans-394535-5891067.jar
[11dic2025 14:06:09.315] [main/DEBUG] [net.neoforged.fml.loading.moddiscovery.ModFileInfo/LOADING]: Found valid mod file trashcans-394535-5891067.jar with {trashcans} mods - versions {1.0.18+c}
[11dic2025 14:06:09.315] [main/DEBUG] [net.neoforged.fml.loading.moddiscovery.ModFile/LOADING]: Loading mod file /Users/joshua.morotti/.gradle/caches/modules-2/files-2.1/curse.maven/trashcans-394535/5891067/8e853e0784b01b36b4503ef5599be2724be74b07/trashcans-394535-5891067.jar with languages [LanguageSpec[languageName=javafml, acceptedVersions=[1,)]]
[11dic2025 14:06:09.315] [main/DEBUG] [net.neoforged.fml.loading.moddiscovery.ModFile/LOADING]: Found mixin config MixinConfig[config=trashcans.mixins.json, requiredMods=[]]
[11dic2025 14:06:09.315] [main/DEBUG] [net.neoforged.fml.loading.moddiscovery.ModFileParser/LOADING]: Considering mod file candidate 
[11dic2025 14:06:09.316] [main/DEBUG] [net.neoforged.fml.loading.moddiscovery.ModFileInfo/LOADING]: Found valid mod file fabric-networking-api-v1-4.2.2+a92978fd19.jar with {fabric_networking_api_v1} mods - versions {4.2.2+a92978fd19}
[11dic2025 14:06:09.316] [main/DEBUG] [net.neoforged.fml.loading.moddiscovery.ModFile/LOADING]: Loading mod file  with languages [LanguageSpec[languageName=javafml, acceptedVersions=[1,)]]
[11dic2025 14:06:09.316] [main/DEBUG] [net.neoforged.fml.loading.moddiscovery.ModFile/LOADING]: Found mixin config MixinConfig[config=fabric-networking-api-v1.mixins.json, requiredMods=[]]
[11dic2025 14:06:09.317] [main/DEBUG] [net.neoforged.fml.loading.moddiscovery.ModFile/LOADING]: Found mixin config MixinConfig[config=fabric-networking-api-v1.client.mixins.json, requiredMods=[]]
[11dic2025 14:06:09.317] [main/DEBUG] [net.neoforged.fml.loading.moddiscovery.ModFileParser/LOADING]: Considering mod file candidate /Users/joshua.morotti/.gradle/caches/modules-2/files-2.1/curse.maven/athena-841890/5629395/36b80d2340718b22432e2761142cb4bdb2629a42/athena-841890-5629395.jar
[11dic2025 14:06:09.317] [main/DEBUG] [net.neoforged.fml.loading.moddiscovery.ModFileInfo/LOADING]: Found valid mod file athena-841890-5629395.jar with {athena} mods - versions {4.0.1}
[11dic2025 14:06:09.317] [main/DEBUG] [net.neoforged.fml.loading.moddiscovery.ModFile/LOADING]: Loading mod file /Users/joshua.morotti/.gradle/caches/modules-2/files-2.1/curse.maven/athena-841890/5629395/36b80d2340718b22432e2761142cb4bdb2629a42/athena-841890-5629395.jar with languages [LanguageSpec[languageName=javafml, acceptedVersions=[1,)]]
[11dic2025 14:06:09.317] [main/DEBUG] [net.neoforged.fml.loading.moddiscovery.ModFile/LOADING]: Found mixin config MixinConfig[config=athena.mixins.json, requiredMods=[]]
[11dic2025 14:06:09.317] [main/DEBUG] [net.neoforged.fml.loading.moddiscovery.ModFile/LOADING]: Found mixin config MixinConfig[config=athena-neoforge.mixins.json, requiredMods=[]]
[11dic2025 14:06:09.318] [main/DEBUG] [net.neoforged.fml.loading.moddiscovery.ModFileParser/LOADING]: Considering mod file candidate /Users/joshua.morotti/.gradle/caches/modules-2/files-2.1/curse.maven/glodium-957920/5821676/9f61a3162665ad0b37f6f268339ac98097af1a87/glodium-957920-5821676.jar
[11dic2025 14:06:09.318] [main/DEBUG] [net.neoforged.fml.loading.moddiscovery.ModFileInfo/LOADING]: Found valid mod file glodium-957920-5821676.jar with {glodium} mods - versions {1.21-2.2-neoforge}
[11dic2025 14:06:09.318] [main/DEBUG] [net.neoforged.fml.loading.moddiscovery.ModFile/LOADING]: Loading mod file /Users/joshua.morotti/.gradle/caches/modules-2/files-2.1/curse.maven/glodium-957920/5821676/9f61a3162665ad0b37f6f268339ac98097af1a87/glodium-957920-5821676.jar with languages [LanguageSpec[languageName=javafml, acceptedVersions=[1,)]]
[11dic2025 14:06:09.319] [main/DEBUG] [net.neoforged.fml.loading.moddiscovery.ModFile/LOADING]: Loading mod file /Users/joshua.morotti/.gradle/caches/modules-2/files-2.1/io.github.llamalad7/mixinextras-neoforge/0.4.1/eff97772ecd0dcf8e52cdbafd3b3ccec425f8314/mixinextras-neoforge-0.4.1.jar with languages []
[11dic2025 14:06:09.319] [main/DEBUG] [net.neoforged.fml.loading.moddiscovery.ModValidator/SCAN]: Found 27 mod files with 26 mods
[11dic2025 14:06:09.319] [main/DEBUG] [cpw.mods.modlauncher.TransformationServiceDecorator/MODLAUNCHER]: End scan trigger - transformation service fml
[11dic2025 14:06:09.341] [main/DEBUG] [net.neoforged.fml.util.ServiceLoaderUtil/CORE]: Found 4 implementations of IModLanguageLoader:
[11dic2025 14:06:09.341] [main/DEBUG] [net.neoforged.fml.util.ServiceLoaderUtil/CORE]: 	net.fabricmc.loader.impl.bootstrap.FabricLoaderHackyInjector from owolib-532610-5945693.jar > forgified-fabric-loader-2.5.29+0.16.0+1.21-full.jar
[11dic2025 14:06:09.342] [main/DEBUG] [net.neoforged.fml.util.ServiceLoaderUtil/CORE]: 	net.neoforged.fml.javafmlmod.FMLJavaModLanguageProvider from loader-4.0.41.jar
[11dic2025 14:06:09.342] [main/DEBUG] [net.neoforged.fml.util.ServiceLoaderUtil/CORE]: 	net.neoforged.fml.lowcodemod.LowCodeModLanguageProvider from loader-4.0.41.jar
[11dic2025 14:06:09.342] [main/DEBUG] [net.neoforged.fml.util.ServiceLoaderUtil/CORE]: 	net.neoforged.fml.mclanguageprovider.MinecraftModLanguageProvider from loader-4.0.41.jar
[11dic2025 14:06:09.342] [main/DEBUG] [net.neoforged.fml.loading.LanguageProviderLoader/CORE]: Found language provider __fabric_loader_bootstrap, version 2.5.29+0.16.0+1.21-full
[11dic2025 14:06:09.343] [main/DEBUG] [net.neoforged.fml.loading.LanguageProviderLoader/CORE]: Found language provider javafml, version 4.0.41
[11dic2025 14:06:09.343] [main/DEBUG] [net.neoforged.fml.loading.LanguageProviderLoader/CORE]: Found language provider lowcodefml, version 4.0.41
[11dic2025 14:06:09.343] [main/DEBUG] [net.neoforged.fml.loading.LanguageProviderLoader/CORE]: Found language provider minecraft, version 4.0.41
[11dic2025 14:06:09.349] [main/DEBUG] [net.neoforged.fml.loading.ModSorter/]: Configured system mods: [minecraft, neoforge]
[11dic2025 14:06:09.349] [main/DEBUG] [net.neoforged.fml.loading.ModSorter/]: Found system mod: minecraft
[11dic2025 14:06:09.349] [main/DEBUG] [net.neoforged.fml.loading.ModSorter/]: Found system mod: neoforge
[11dic2025 14:06:09.350] [main/DEBUG] [net.neoforged.fml.loading.ModSorter/LOADING]: Found 63 mod requirements (49 mandatory, 14 optional)
[11dic2025 14:06:09.351] [main/DEBUG] [net.neoforged.fml.loading.ModSorter/LOADING]: Found 0 mod requirements missing (0 mandatory, 0 optional)
[11dic2025 14:06:09.363] [main/DEBUG] [net.neoforged.fml.loading.FMLLoader/SCAN]: Adding Access Transformer in /Users/joshua.morotti/.gradle/caches/modules-2/files-2.1/curse.maven/oneprobe-245211/7292875/4c26a37deea7f147a2d15313bd50f00df4ca1f3/oneprobe-245211-7292875.jar
[11dic2025 14:06:09.365] [main/DEBUG] [AXFORM/AXFORM]: Loading access transformer accesstransformer.cfg
[11dic2025 14:06:09.413] [main/DEBUG] [AXFORM/AXFORM]: Loaded access transformer accesstransformer.cfg
[11dic2025 14:06:09.413] [main/DEBUG] [net.neoforged.fml.loading.FMLLoader/SCAN]: Adding Access Transformer in /Users/joshua.morotti/.gradle/caches/modules-2/files-2.1/curse.maven/ftpessential-410811/6179042/c639625861cfb585a2897771e605b325f2e0addf/ftpessential-410811-6179042.jar
[11dic2025 14:06:09.413] [main/DEBUG] [AXFORM/AXFORM]: Loading access transformer accesstransformer.cfg
[11dic2025 14:06:09.414] [main/DEBUG] [AXFORM/AXFORM]: Loaded access transformer accesstransformer.cfg
[11dic2025 14:06:09.414] [main/DEBUG] [net.neoforged.fml.loading.FMLLoader/SCAN]: Adding Access Transformer in /Users/joshua.morotti/.gradle/caches/modules-2/files-2.1/curse.maven/owolib-532610/5945693/f58392fa41845f377084be3e34f9818a5f672179/owolib-532610-5945693.jar
[11dic2025 14:06:09.415] [main/DEBUG] [AXFORM/AXFORM]: Loading access transformer owo.accesstransformer.cfg
[11dic2025 14:06:09.417] [main/DEBUG] [AXFORM/AXFORM]: Loaded access transformer owo.accesstransformer.cfg
[11dic2025 14:06:09.417] [main/DEBUG] [net.neoforged.fml.loading.FMLLoader/SCAN]: Adding Access Transformer in /Users/joshua.morotti/.gradle/caches/modules-2/files-2.1/curse.maven/titanium-287342/6443608/af61f1fa339ab8b11900cbafc8618491341b26c8/titanium-287342-6443608.jar
[11dic2025 14:06:09.417] [main/DEBUG] [AXFORM/AXFORM]: Loading access transformer accesstransformer.cfg
[11dic2025 14:06:09.419] [main/DEBUG] [AXFORM/AXFORM]: Loaded access transformer accesstransformer.cfg
[11dic2025 14:06:09.419] [main/DEBUG] [net.neoforged.fml.loading.FMLLoader/SCAN]: Adding Access Transformer in /Users/joshua.morotti/.gradle/caches/modules-2/files-2.1/curse.maven/jade-324717/6011258/6b150830f1f38e9f8930af846719b9fc94818c9c/jade-324717-6011258.jar
[11dic2025 14:06:09.419] [main/DEBUG] [AXFORM/AXFORM]: Loading access transformer accesstransformer.cfg
[11dic2025 14:06:09.424] [main/DEBUG] [AXFORM/AXFORM]: Loaded access transformer accesstransformer.cfg
[11dic2025 14:06:09.424] [main/DEBUG] [net.neoforged.fml.loading.FMLLoader/SCAN]: Adding Access Transformer in /Users/joshua.morotti/.gradle/caches/modules-2/files-2.1/curse.maven/geckolib-388172/6920810/36883f8ea9117932bb5f2643a29578c6506e2339/geckolib-388172-6920810.jar
[11dic2025 14:06:09.425] [main/DEBUG] [AXFORM/AXFORM]: Loading access transformer accesstransformer-nf.cfg
[11dic2025 14:06:09.427] [main/DEBUG] [AXFORM/AXFORM]: Loaded access transformer accesstransformer-nf.cfg
[11dic2025 14:06:09.427] [main/DEBUG] [net.neoforged.fml.loading.FMLLoader/SCAN]: Adding Access Transformer in /Users/joshua.morotti/.gradle/caches/modules-2/files-2.1/curse.maven/jei-238222/6829086/ad7cd1f890ef4924c62c39534d186396cde66868/jei-238222-6829086.jar
[11dic2025 14:06:09.427] [main/DEBUG] [AXFORM/AXFORM]: Loading access transformer accesstransformer.cfg
[11dic2025 14:06:09.428] [main/DEBUG] [AXFORM/AXFORM]: Loaded access transformer accesstransformer.cfg
[11dic2025 14:06:09.429] [main/DEBUG] [net.neoforged.fml.loading.FMLLoader/SCAN]: Adding Access Transformer in /Users/joshua.morotti/.gradle/caches/modules-2/files-2.1/curse.maven/kubejs-238086/5810100/be525f7d4d8d71a18b07718352035b3e59e50ebd/kubejs-238086-5810100.jar
[11dic2025 14:06:09.429] [main/DEBUG] [AXFORM/AXFORM]: Loading access transformer accesstransformer.cfg
[11dic2025 14:06:09.434] [main/DEBUG] [AXFORM/AXFORM]: Loaded access transformer accesstransformer.cfg
[11dic2025 14:06:09.434] [main/DEBUG] [net.neoforged.fml.loading.FMLLoader/SCAN]: Adding Access Transformer in /Users/joshua.morotti/.gradle/caches/modules-2/files-2.1/curse.maven/supermarticore-454372/6076757/21c75db63ca1d8b8972a94a71c9c7ec0549e1be0/supermarticore-454372-6076757.jar
[11dic2025 14:06:09.434] [main/DEBUG] [AXFORM/AXFORM]: Loading access transformer accesstransformer.cfg
[11dic2025 14:06:09.436] [main/DEBUG] [AXFORM/AXFORM]: Loaded access transformer accesstransformer.cfg
[11dic2025 14:06:09.436] [main/DEBUG] [net.neoforged.fml.loading.FMLLoader/SCAN]: Adding Access Transformer in /Users/joshua.morotti/.gradle/caches/modules-2/files-2.1/curse.maven/mekanism-268560/7132168/2977b4f3130f8abab508ff56d774bb2cd419c5d0/mekanism-268560-7132168.jar
[11dic2025 14:06:09.437] [main/DEBUG] [AXFORM/AXFORM]: Loading access transformer accesstransformer.cfg
[11dic2025 14:06:09.441] [main/DEBUG] [AXFORM/AXFORM]: Loaded access transformer accesstransformer.cfg
[11dic2025 14:06:09.441] [main/DEBUG] [net.neoforged.fml.loading.FMLLoader/SCAN]: Adding Access Transformer in /Users/joshua.morotti/dev/personal/PipezRetriever/.gradle/repositories/ng_dummy_ng/net/neoforged/neoforge/21.1.194/neoforge-21.1.194.jar
[11dic2025 14:06:09.443] [main/DEBUG] [AXFORM/AXFORM]: Loading access transformer accesstransformer.cfg
[11dic2025 14:06:09.465] [main/DEBUG] [AXFORM/AXFORM]: Loaded access transformer accesstransformer.cfg
[11dic2025 14:06:09.466] [main/DEBUG] [net.neoforged.fml.loading.FMLLoader/SCAN]: Adding Access Transformer in /Users/joshua.morotti/.gradle/caches/modules-2/files-2.1/curse.maven/architectury-419699/5786327/6ca11d3cc136bf69bb8f4d56982481eb85b5100b/architectury-419699-5786327.jar
[11dic2025 14:06:09.467] [main/DEBUG] [AXFORM/AXFORM]: Loading access transformer accesstransformer.cfg
[11dic2025 14:06:09.477] [main/DEBUG] [AXFORM/AXFORM]: Loaded access transformer accesstransformer.cfg
[11dic2025 14:06:09.477] [main/DEBUG] [net.neoforged.fml.loading.FMLLoader/SCAN]: Adding Access Transformer in /Users/joshua.morotti/.gradle/caches/modules-2/files-2.1/curse.maven/ftlibrary-404465/6466106/8e97cffb520971410c9e007a17deaf1ccad831ca/ftlibrary-404465-6466106.jar
[11dic2025 14:06:09.477] [main/DEBUG] [AXFORM/AXFORM]: Loading access transformer accesstransformer.cfg
[11dic2025 14:06:09.480] [main/DEBUG] [AXFORM/AXFORM]: Loaded access transformer accesstransformer.cfg
[11dic2025 14:06:09.480] [main/DEBUG] [net.neoforged.fml.loading.FMLLoader/SCAN]: Adding Access Transformer in /Users/joshua.morotti/.gradle/caches/modules-2/files-2.1/curse.maven/guideme-1173950/6488254/7a50b822de6519a796e25d79201c865cfc6b8e3d/guideme-1173950-6488254.jar
[11dic2025 14:06:09.480] [main/DEBUG] [AXFORM/AXFORM]: Loading access transformer accesstransformer.cfg
[11dic2025 14:06:09.483] [main/DEBUG] [AXFORM/AXFORM]: Loaded access transformer accesstransformer.cfg
[11dic2025 14:06:09.483] [main/DEBUG] [net.neoforged.fml.loading.FMLLoader/SCAN]: Adding Access Transformer in /Users/joshua.morotti/.gradle/caches/modules-2/files-2.1/curse.maven/trashcans-394535/5891067/8e853e0784b01b36b4503ef5599be2724be74b07/trashcans-394535-5891067.jar
[11dic2025 14:06:09.483] [main/DEBUG] [AXFORM/AXFORM]: Loading access transformer accesstransformer.cfg
[11dic2025 14:06:09.485] [main/DEBUG] [AXFORM/AXFORM]: Loaded access transformer accesstransformer.cfg
[11dic2025 14:06:09.485] [main/DEBUG] [net.neoforged.fml.loading.FMLLoader/SCAN]: Adding Access Transformer in 
[11dic2025 14:06:09.485] [main/DEBUG] [AXFORM/AXFORM]: Loading access transformer accesstransformer.cfg
[11dic2025 14:06:09.488] [main/DEBUG] [AXFORM/AXFORM]: Loaded access transformer accesstransformer.cfg
[11dic2025 14:06:09.488] [main/DEBUG] [net.neoforged.fml.loading.FMLLoader/SCAN]: Adding Access Transformer in /Users/joshua.morotti/.gradle/caches/modules-2/files-2.1/curse.maven/glodium-957920/5821676/9f61a3162665ad0b37f6f268339ac98097af1a87/glodium-957920-5821676.jar
[11dic2025 14:06:09.488] [main/DEBUG] [AXFORM/AXFORM]: Loading access transformer accesstransformer.cfg
[11dic2025 14:06:09.490] [main/DEBUG] [AXFORM/AXFORM]: Loaded access transformer accesstransformer.cfg
[11dic2025 14:06:09.492] [main/DEBUG] [mixin/]: Adding mixin platform agents for container net.neoforged.fml.loading.mixin.FMLMixinContainerHandle@bd1111a
[11dic2025 14:06:09.492] [main/DEBUG] [mixin/]: Instancing new MixinPlatformAgentMinecraftForge for net.neoforged.fml.loading.mixin.FMLMixinContainerHandle@bd1111a
[11dic2025 14:06:09.492] [main/DEBUG] [mixin/]: MixinPlatformAgentMinecraftForge rejected container net.neoforged.fml.loading.mixin.FMLMixinContainerHandle@bd1111a
[11dic2025 14:06:09.492] [main/DEBUG] [mixin/]: Instancing new MixinPlatformAgentDefault for net.neoforged.fml.loading.mixin.FMLMixinContainerHandle@bd1111a
[11dic2025 14:06:09.492] [main/DEBUG] [mixin/]: MixinPlatformAgentDefault accepted container net.neoforged.fml.loading.mixin.FMLMixinContainerHandle@bd1111a
[11dic2025 14:06:09.492] [main/DEBUG] [mixin/]: Instancing new FMLMixinPlatformAgent for net.neoforged.fml.loading.mixin.FMLMixinContainerHandle@bd1111a
[11dic2025 14:06:09.492] [main/DEBUG] [mixin/]: FMLMixinPlatformAgent accepted container net.neoforged.fml.loading.mixin.FMLMixinContainerHandle@bd1111a
[11dic2025 14:06:09.505] [main/DEBUG] [cpw.mods.modlauncher.TransformationServicesHandler/MODLAUNCHER]: Transformation services loading transformers
[11dic2025 14:06:09.505] [main/DEBUG] [cpw.mods.modlauncher.TransformationServiceDecorator/MODLAUNCHER]: Initializing transformers for transformation service mixin
[11dic2025 14:06:09.506] [main/DEBUG] [cpw.mods.modlauncher.TransformationServiceDecorator/MODLAUNCHER]: Initialized transformers for transformation service mixin
[11dic2025 14:06:09.506] [main/DEBUG] [cpw.mods.modlauncher.TransformationServiceDecorator/MODLAUNCHER]: Initializing transformers for transformation service fml
[11dic2025 14:06:09.506] [main/DEBUG] [net.neoforged.fml.loading.FMLServiceProvider/LOADING]: Loading coremod transformers
[11dic2025 14:06:09.506] [main/DEBUG] [net.neoforged.fml.loading.FMLServiceProvider/CORE]: Not loading coremod script-engine since no mod requested it
[11dic2025 14:06:09.506] [main/DEBUG] [net.neoforged.fml.util.ServiceLoaderUtil/CORE]: Found 1 implementations of ICoreMod:
[11dic2025 14:06:09.507] [main/DEBUG] [net.neoforged.fml.util.ServiceLoaderUtil/CORE]: 	net.neoforged.neoforge.coremods.NeoForgeCoreMod from neoforge-21.1.194.jar > net.neoforged.neoforge-coremods-21.1.194.jar
[11dic2025 14:06:09.510] [main/DEBUG] [net.neoforged.fml.loading.FMLServiceProvider/CORE]: Adding [Target[className=net.minecraft.world.level.biome.Biome, elementName=, elementDescriptor=, targetType=cpw.mods.modlauncher.api.TargetType@59252cb6]] transformer from core-mod net.neoforged.neoforge.coremods.NeoForgeCoreMod@128c502c in neoforge-21.1.194.jar > net.neoforged.neoforge-coremods-21.1.194.jar
[11dic2025 14:06:09.510] [main/DEBUG] [net.neoforged.fml.loading.FMLServiceProvider/CORE]: Adding [Target[className=net.minecraft.world.level.levelgen.structure.Structure, elementName=, elementDescriptor=, targetType=cpw.mods.modlauncher.api.TargetType@59252cb6]] transformer from core-mod net.neoforged.neoforge.coremods.NeoForgeCoreMod@128c502c in neoforge-21.1.194.jar > net.neoforged.neoforge-coremods-21.1.194.jar
[11dic2025 14:06:09.510] [main/DEBUG] [net.neoforged.fml.loading.FMLServiceProvider/CORE]: Adding [Target[className=net.minecraft.world.level.block.FlowerPotBlock, elementName=, elementDescriptor=, targetType=cpw.mods.modlauncher.api.TargetType@59252cb6]] transformer from core-mod net.neoforged.neoforge.coremods.NeoForgeCoreMod@128c502c in neoforge-21.1.194.jar > net.neoforged.neoforge-coremods-21.1.194.jar
[11dic2025 14:06:09.511] [main/DEBUG] [net.neoforged.fml.loading.FMLServiceProvider/CORE]: Adding [Target[className=net/minecraft/world/entity/monster/Strider, elementName=, elementDescriptor=, targetType=cpw.mods.modlauncher.api.TargetType@59252cb6], Target[className=net/minecraft/world/entity/monster/Spider, elementName=, elementDescriptor=, targetType=cpw.mods.modlauncher.api.TargetType@59252cb6], Target[className=net/minecraft/world/entity/monster/Zombie, elementName=, elementDescriptor=, targetType=cpw.mods.modlauncher.api.TargetType@59252cb6], Target[className=net/minecraft/world/entity/raid/Raid, elementName=, elementDescriptor=, targetType=cpw.mods.modlauncher.api.TargetType@59252cb6], Target[className=net/minecraft/world/entity/EntityType, elementName=, elementDescriptor=, targetType=cpw.mods.modlauncher.api.TargetType@59252cb6], Target[className=net/minecraft/world/entity/animal/horse/SkeletonTrapGoal, elementName=, elementDescriptor=, targetType=cpw.mods.modlauncher.api.TargetType@59252cb6], Target[className=net/minecraft/world/level/levelgen/structure/structures/OceanRuinPieces$OceanRuinPiece, elementName=, elementDescriptor=, targetType=cpw.mods.modlauncher.api.TargetType@59252cb6], Target[className=net/minecraft/world/level/levelgen/structure/templatesystem/StructureTemplate, elementName=, elementDescriptor=, targetType=cpw.mods.modlauncher.api.TargetType@59252cb6], Target[className=net/minecraft/world/entity/animal/frog/Tadpole, elementName=, elementDescriptor=, targetType=cpw.mods.modlauncher.api.TargetType@59252cb6], Target[className=net/minecraft/world/level/levelgen/structure/structures/SwampHutPiece, elementName=, elementDescriptor=, targetType=cpw.mods.modlauncher.api.TargetType@59252cb6], Target[className=net/minecraft/world/level/levelgen/PhantomSpawner, elementName=, elementDescriptor=, targetType=cpw.mods.modlauncher.api.TargetType@59252cb6], Target[className=net/minecraft/world/entity/npc/Villager, elementName=, elementDescriptor=, targetType=cpw.mods.modlauncher.api.TargetType@59252cb6], Target[className=net/minecraft/world/entity/ai/village/VillageSiege, elementName=, elementDescriptor=, targetType=cpw.mods.modlauncher.api.TargetType@59252cb6], Target[className=net/minecraft/world/level/levelgen/PatrolSpawner, elementName=, elementDescriptor=, targetType=cpw.mods.modlauncher.api.TargetType@59252cb6], Target[className=net/minecraft/world/entity/monster/ZombieVillager, elementName=, elementDescriptor=, targetType=cpw.mods.modlauncher.api.TargetType@59252cb6], Target[className=net/minecraft/world/entity/monster/Evoker$EvokerSummonSpellGoal, elementName=, elementDescriptor=, targetType=cpw.mods.modlauncher.api.TargetType@59252cb6], Target[className=net/minecraft/world/level/levelgen/structure/structures/OceanMonumentPieces$OceanMonumentPiece, elementName=, elementDescriptor=, targetType=cpw.mods.modlauncher.api.TargetType@59252cb6], Target[className=net/minecraft/world/level/levelgen/structure/structures/WoodlandMansionPieces$WoodlandMansionPiece, elementName=, elementDescriptor=, targetType=cpw.mods.modlauncher.api.TargetType@59252cb6], Target[className=net/minecraft/server/commands/SummonCommand, elementName=, elementDescriptor=, targetType=cpw.mods.modlauncher.api.TargetType@59252cb6], Target[className=net/minecraft/world/entity/npc/CatSpawner, elementName=, elementDescriptor=, targetType=cpw.mods.modlauncher.api.TargetType@59252cb6], Target[className=net/minecraft/server/commands/RaidCommand, elementName=, elementDescriptor=, targetType=cpw.mods.modlauncher.api.TargetType@59252cb6], Target[className=net/minecraft/world/level/NaturalSpawner, elementName=, elementDescriptor=, targetType=cpw.mods.modlauncher.api.TargetType@59252cb6]] transformer from core-mod net.neoforged.neoforge.coremods.NeoForgeCoreMod@128c502c in neoforge-21.1.194.jar > net.neoforged.neoforge-coremods-21.1.194.jar
[11dic2025 14:06:09.512] [main/DEBUG] [cpw.mods.modlauncher.TransformStore/MODLAUNCHER]: Adding transformer net.neoforged.neoforge.coremods.ReplaceFieldWithGetterAccess@19058533 to Target : cpw.mods.modlauncher.api.TargetType@59252cb6 {Lnet/minecraft/world/level/biome/Biome;} {} {V}
[11dic2025 14:06:09.513] [main/DEBUG] [cpw.mods.modlauncher.TransformStore/MODLAUNCHER]: Adding transformer net.neoforged.neoforge.coremods.ReplaceFieldWithGetterAccess@dab48d3 to Target : cpw.mods.modlauncher.api.TargetType@59252cb6 {Lnet/minecraft/world/level/levelgen/structure/Structure;} {} {V}
[11dic2025 14:06:09.513] [main/DEBUG] [cpw.mods.modlauncher.TransformStore/MODLAUNCHER]: Adding transformer net.neoforged.neoforge.coremods.ReplaceFieldWithGetterAccess@58a2b4c to Target : cpw.mods.modlauncher.api.TargetType@59252cb6 {Lnet/minecraft/world/level/block/FlowerPotBlock;} {} {V}
[11dic2025 14:06:09.513] [main/DEBUG] [cpw.mods.modlauncher.TransformStore/MODLAUNCHER]: Adding transformer net.neoforged.neoforge.coremods.MethodRedirector@7159a5cd to Target : cpw.mods.modlauncher.api.TargetType@59252cb6 {Lnet/minecraft/world/entity/monster/Strider;} {} {V}
[11dic2025 14:06:09.513] [main/DEBUG] [cpw.mods.modlauncher.TransformStore/MODLAUNCHER]: Adding transformer net.neoforged.neoforge.coremods.MethodRedirector@7159a5cd to Target : cpw.mods.modlauncher.api.TargetType@59252cb6 {Lnet/minecraft/world/entity/monster/Spider;} {} {V}
[11dic2025 14:06:09.513] [main/DEBUG] [cpw.mods.modlauncher.TransformStore/MODLAUNCHER]: Adding transformer net.neoforged.neoforge.coremods.MethodRedirector@7159a5cd to Target : cpw.mods.modlauncher.api.TargetType@59252cb6 {Lnet/minecraft/world/entity/monster/Zombie;} {} {V}
[11dic2025 14:06:09.513] [main/DEBUG] [cpw.mods.modlauncher.TransformStore/MODLAUNCHER]: Adding transformer net.neoforged.neoforge.coremods.MethodRedirector@7159a5cd to Target : cpw.mods.modlauncher.api.TargetType@59252cb6 {Lnet/minecraft/world/entity/raid/Raid;} {} {V}
[11dic2025 14:06:09.513] [main/DEBUG] [cpw.mods.modlauncher.TransformStore/MODLAUNCHER]: Adding transformer net.neoforged.neoforge.coremods.MethodRedirector@7159a5cd to Target : cpw.mods.modlauncher.api.TargetType@59252cb6 {Lnet/minecraft/world/entity/EntityType;} {} {V}
[11dic2025 14:06:09.513] [main/DEBUG] [cpw.mods.modlauncher.TransformStore/MODLAUNCHER]: Adding transformer net.neoforged.neoforge.coremods.MethodRedirector@7159a5cd to Target : cpw.mods.modlauncher.api.TargetType@59252cb6 {Lnet/minecraft/world/entity/animal/horse/SkeletonTrapGoal;} {} {V}
[11dic2025 14:06:09.513] [main/DEBUG] [cpw.mods.modlauncher.TransformStore/MODLAUNCHER]: Adding transformer net.neoforged.neoforge.coremods.MethodRedirector@7159a5cd to Target : cpw.mods.modlauncher.api.TargetType@59252cb6 {Lnet/minecraft/world/level/levelgen/structure/structures/OceanRuinPieces$OceanRuinPiece;} {} {V}
[11dic2025 14:06:09.513] [main/DEBUG] [cpw.mods.modlauncher.TransformStore/MODLAUNCHER]: Adding transformer net.neoforged.neoforge.coremods.MethodRedirector@7159a5cd to Target : cpw.mods.modlauncher.api.TargetType@59252cb6 {Lnet/minecraft/world/level/levelgen/structure/templatesystem/StructureTemplate;} {} {V}
[11dic2025 14:06:09.513] [main/DEBUG] [cpw.mods.modlauncher.TransformStore/MODLAUNCHER]: Adding transformer net.neoforged.neoforge.coremods.MethodRedirector@7159a5cd to Target : cpw.mods.modlauncher.api.TargetType@59252cb6 {Lnet/minecraft/world/entity/animal/frog/Tadpole;} {} {V}
[11dic2025 14:06:09.513] [main/DEBUG] [cpw.mods.modlauncher.TransformStore/MODLAUNCHER]: Adding transformer net.neoforged.neoforge.coremods.MethodRedirector@7159a5cd to Target : cpw.mods.modlauncher.api.TargetType@59252cb6 {Lnet/minecraft/world/level/levelgen/structure/structures/SwampHutPiece;} {} {V}
[11dic2025 14:06:09.513] [main/DEBUG] [cpw.mods.modlauncher.TransformStore/MODLAUNCHER]: Adding transformer net.neoforged.neoforge.coremods.MethodRedirector@7159a5cd to Target : cpw.mods.modlauncher.api.TargetType@59252cb6 {Lnet/minecraft/world/level/levelgen/PhantomSpawner;} {} {V}
[11dic2025 14:06:09.513] [main/DEBUG] [cpw.mods.modlauncher.TransformStore/MODLAUNCHER]: Adding transformer net.neoforged.neoforge.coremods.MethodRedirector@7159a5cd to Target : cpw.mods.modlauncher.api.TargetType@59252cb6 {Lnet/minecraft/world/entity/npc/Villager;} {} {V}
[11dic2025 14:06:09.513] [main/DEBUG] [cpw.mods.modlauncher.TransformStore/MODLAUNCHER]: Adding transformer net.neoforged.neoforge.coremods.MethodRedirector@7159a5cd to Target : cpw.mods.modlauncher.api.TargetType@59252cb6 {Lnet/minecraft/world/entity/ai/village/VillageSiege;} {} {V}
[11dic2025 14:06:09.513] [main/DEBUG] [cpw.mods.modlauncher.TransformStore/MODLAUNCHER]: Adding transformer net.neoforged.neoforge.coremods.MethodRedirector@7159a5cd to Target : cpw.mods.modlauncher.api.TargetType@59252cb6 {Lnet/minecraft/world/level/levelgen/PatrolSpawner;} {} {V}
[11dic2025 14:06:09.513] [main/DEBUG] [cpw.mods.modlauncher.TransformStore/MODLAUNCHER]: Adding transformer net.neoforged.neoforge.coremods.MethodRedirector@7159a5cd to Target : cpw.mods.modlauncher.api.TargetType@59252cb6 {Lnet/minecraft/world/entity/monster/ZombieVillager;} {} {V}
[11dic2025 14:06:09.514] [main/DEBUG] [cpw.mods.modlauncher.TransformStore/MODLAUNCHER]: Adding transformer net.neoforged.neoforge.coremods.MethodRedirector@7159a5cd to Target : cpw.mods.modlauncher.api.TargetType@59252cb6 {Lnet/minecraft/world/entity/monster/Evoker$EvokerSummonSpellGoal;} {} {V}
[11dic2025 14:06:09.514] [main/DEBUG] [cpw.mods.modlauncher.TransformStore/MODLAUNCHER]: Adding transformer net.neoforged.neoforge.coremods.MethodRedirector@7159a5cd to Target : cpw.mods.modlauncher.api.TargetType@59252cb6 {Lnet/minecraft/world/level/levelgen/structure/structures/OceanMonumentPieces$OceanMonumentPiece;} {} {V}
[11dic2025 14:06:09.514] [main/DEBUG] [cpw.mods.modlauncher.TransformStore/MODLAUNCHER]: Adding transformer net.neoforged.neoforge.coremods.MethodRedirector@7159a5cd to Target : cpw.mods.modlauncher.api.TargetType@59252cb6 {Lnet/minecraft/world/level/levelgen/structure/structures/WoodlandMansionPieces$WoodlandMansionPiece;} {} {V}
[11dic2025 14:06:09.514] [main/DEBUG] [cpw.mods.modlauncher.TransformStore/MODLAUNCHER]: Adding transformer net.neoforged.neoforge.coremods.MethodRedirector@7159a5cd to Target : cpw.mods.modlauncher.api.TargetType@59252cb6 {Lnet/minecraft/server/commands/SummonCommand;} {} {V}
[11dic2025 14:06:09.514] [main/DEBUG] [cpw.mods.modlauncher.TransformStore/MODLAUNCHER]: Adding transformer net.neoforged.neoforge.coremods.MethodRedirector@7159a5cd to Target : cpw.mods.modlauncher.api.TargetType@59252cb6 {Lnet/minecraft/world/entity/npc/CatSpawner;} {} {V}
[11dic2025 14:06:09.514] [main/DEBUG] [cpw.mods.modlauncher.TransformStore/MODLAUNCHER]: Adding transformer net.neoforged.neoforge.coremods.MethodRedirector@7159a5cd to Target : cpw.mods.modlauncher.api.TargetType@59252cb6 {Lnet/minecraft/server/commands/RaidCommand;} {} {V}
[11dic2025 14:06:09.514] [main/DEBUG] [cpw.mods.modlauncher.TransformStore/MODLAUNCHER]: Adding transformer net.neoforged.neoforge.coremods.MethodRedirector@7159a5cd to Target : cpw.mods.modlauncher.api.TargetType@59252cb6 {Lnet/minecraft/world/level/NaturalSpawner;} {} {V}
[11dic2025 14:06:09.514] [main/DEBUG] [cpw.mods.modlauncher.TransformationServiceDecorator/MODLAUNCHER]: Initialized transformers for transformation service fml
[11dic2025 14:06:10.021] [main/DEBUG] [mixin/]: Processing prepare() for PlatformAgent[MixinPlatformAgentDefault:ModLauncher Root Container(ModLauncher:4f56a0a2)]
[11dic2025 14:06:10.021] [main/DEBUG] [mixin/]: Processing prepare() for PlatformAgent[MixinPlatformAgentDefault:net.neoforged.fml.loading.mixin.FMLMixinContainerHandle@bd1111a]
[11dic2025 14:06:10.022] [main/DEBUG] [mixin/]: Processing prepare() for PlatformAgent[FMLMixinPlatformAgent:null]
[11dic2025 14:06:10.043] [main/DEBUG] [mixin/]: Compatibility level JAVA_17 specified by ftbessentials-common.mixins.json is higher than the maximum level supported by this version of mixin (JAVA_13).
[11dic2025 14:06:10.046] [main/INFO] [mixin/]: Compatibility level set to JAVA_17
[11dic2025 14:06:10.048] [main/DEBUG] [mixin/]: Compatibility level JAVA_16 specified by owo.mixins.json is higher than the maximum level supported by this version of mixin (JAVA_13).
[11dic2025 14:06:10.048] [main/DEBUG] [mixin/]: Compatibility level JAVA_16 specified by jade.mixins.json is higher than the maximum level supported by this version of mixin (JAVA_13).
[11dic2025 14:06:10.050] [main/DEBUG] [mixin/]: Compatibility level JAVA_21 specified by kubejs.mixins.json is higher than the maximum level supported by this version of mixin (JAVA_13).
[11dic2025 14:06:10.050] [main/INFO] [mixin/]: Compatibility level set to JAVA_21
[11dic2025 14:06:10.050] [main/DEBUG] [mixin/]: Compatibility level JAVA_17 specified by supermartijn642corelib.mixins.json is higher than the maximum level supported by this version of mixin (JAVA_13).
[11dic2025 14:06:10.052] [main/DEBUG] [mixin/]: Compatibility level JAVA_16 specified by architectury.mixins.json is higher than the maximum level supported by this version of mixin (JAVA_13).
[11dic2025 14:06:10.052] [main/DEBUG] [mixin/]: Compatibility level JAVA_16 specified by architectury-common.mixins.json is higher than the maximum level supported by this version of mixin (JAVA_13).
[11dic2025 14:06:10.053] [main/DEBUG] [mixin/]: Compatibility level JAVA_8 specified by ftblibrary-common.mixins.json is lower than the default level supported by the current mixin service (JAVA_16).
[11dic2025 14:06:10.053] [main/DEBUG] [mixin/]: Compatibility level JAVA_17 specified by fabric-screen-api-v1.mixins.json is higher than the maximum level supported by this version of mixin (JAVA_13).
[11dic2025 14:06:10.053] [main/DEBUG] [mixin/]: Mixin config fabric-screen-api-v1.mixins.json does not specify "minVersion" or "requiredFeatures" property
[11dic2025 14:06:10.054] [main/DEBUG] [mixin/]: Compatibility level JAVA_17 specified by trashcans.mixins.json is higher than the maximum level supported by this version of mixin (JAVA_13).
[11dic2025 14:06:10.055] [main/DEBUG] [mixin/]: Compatibility level JAVA_17 specified by fabric-networking-api-v1.mixins.json is higher than the maximum level supported by this version of mixin (JAVA_13).
[11dic2025 14:06:10.056] [main/DEBUG] [mixin/]: Mixin config fabric-networking-api-v1.mixins.json does not specify "minVersion" or "requiredFeatures" property
[11dic2025 14:06:10.056] [main/DEBUG] [mixin/]: Compatibility level JAVA_17 specified by fabric-networking-api-v1.client.mixins.json is higher than the maximum level supported by this version of mixin (JAVA_13).
[11dic2025 14:06:10.056] [main/DEBUG] [mixin/]: Mixin config fabric-networking-api-v1.client.mixins.json does not specify "minVersion" or "requiredFeatures" property
[11dic2025 14:06:10.057] [main/DEBUG] [mixin/]: Compatibility level JAVA_17 specified by athena.mixins.json is higher than the maximum level supported by this version of mixin (JAVA_13).
[11dic2025 14:06:10.057] [main/DEBUG] [mixin/]: Compatibility level JAVA_17 specified by athena-neoforge.mixins.json is higher than the maximum level supported by this version of mixin (JAVA_13).
[11dic2025 14:06:10.058] [main/DEBUG] [mixin/]: Processing launch tasks for PlatformAgent[MixinPlatformAgentDefault:ModLauncher Root Container(ModLauncher:4f56a0a2)]
[11dic2025 14:06:10.058] [main/DEBUG] [mixin/]: Adding mixin platform agents for container SecureJarResource(mixin_synthetic)
[11dic2025 14:06:10.058] [main/DEBUG] [mixin/]: Instancing new MixinPlatformAgentMinecraftForge for SecureJarResource(mixin_synthetic)
[11dic2025 14:06:10.058] [main/DEBUG] [mixin/]: MixinPlatformAgentMinecraftForge rejected container SecureJarResource(mixin_synthetic)
[11dic2025 14:06:10.058] [main/DEBUG] [mixin/]: Instancing new MixinPlatformAgentDefault for SecureJarResource(mixin_synthetic)
[11dic2025 14:06:10.058] [main/DEBUG] [mixin/]: MixinPlatformAgentDefault accepted container SecureJarResource(mixin_synthetic)
[11dic2025 14:06:10.058] [main/DEBUG] [mixin/]: Instancing new FMLMixinPlatformAgent for SecureJarResource(mixin_synthetic)
[11dic2025 14:06:10.058] [main/DEBUG] [mixin/]: FMLMixinPlatformAgent rejected container SecureJarResource(mixin_synthetic)
[11dic2025 14:06:10.058] [main/DEBUG] [mixin/]: Processing prepare() for PlatformAgent[MixinPlatformAgentDefault:SecureJarResource(mixin_synthetic)]
[11dic2025 14:06:10.058] [main/DEBUG] [mixin/]: Adding mixin platform agents for container SecureJarResource(minecraft)
[11dic2025 14:06:10.058] [main/DEBUG] [mixin/]: Instancing new MixinPlatformAgentMinecraftForge for SecureJarResource(minecraft)
[11dic2025 14:06:10.058] [main/DEBUG] [mixin/]: MixinPlatformAgentMinecraftForge rejected container SecureJarResource(minecraft)
[11dic2025 14:06:10.058] [main/DEBUG] [mixin/]: Instancing new MixinPlatformAgentDefault for SecureJarResource(minecraft)
[11dic2025 14:06:10.058] [main/DEBUG] [mixin/]: MixinPlatformAgentDefault accepted container SecureJarResource(minecraft)
[11dic2025 14:06:10.058] [main/DEBUG] [mixin/]: Instancing new FMLMixinPlatformAgent for SecureJarResource(minecraft)
[11dic2025 14:06:10.058] [main/DEBUG] [mixin/]: FMLMixinPlatformAgent rejected container SecureJarResource(minecraft)
[11dic2025 14:06:10.058] [main/DEBUG] [mixin/]: Processing prepare() for PlatformAgent[MixinPlatformAgentDefault:SecureJarResource(minecraft)]
[11dic2025 14:06:10.058] [main/DEBUG] [mixin/]: Adding mixin platform agents for container SecureJarResource(rhino)
[11dic2025 14:06:10.058] [main/DEBUG] [mixin/]: Instancing new MixinPlatformAgentMinecraftForge for SecureJarResource(rhino)
[11dic2025 14:06:10.058] [main/DEBUG] [mixin/]: MixinPlatformAgentMinecraftForge rejected container SecureJarResource(rhino)
[11dic2025 14:06:10.058] [main/DEBUG] [mixin/]: Instancing new MixinPlatformAgentDefault for SecureJarResource(rhino)
[11dic2025 14:06:10.058] [main/DEBUG] [mixin/]: MixinPlatformAgentDefault accepted container SecureJarResource(rhino)
[11dic2025 14:06:10.058] [main/DEBUG] [mixin/]: Instancing new FMLMixinPlatformAgent for SecureJarResource(rhino)
[11dic2025 14:06:10.059] [main/DEBUG] [mixin/]: FMLMixinPlatformAgent rejected container SecureJarResource(rhino)
[11dic2025 14:06:10.059] [main/DEBUG] [mixin/]: Processing prepare() for PlatformAgent[MixinPlatformAgentDefault:SecureJarResource(rhino)]
[11dic2025 14:06:10.059] [main/DEBUG] [mixin/]: Adding mixin platform agents for container SecureJarResource(theoneprobe)
[11dic2025 14:06:10.059] [main/DEBUG] [mixin/]: Instancing new MixinPlatformAgentMinecraftForge for SecureJarResource(theoneprobe)
[11dic2025 14:06:10.059] [main/DEBUG] [mixin/]: MixinPlatformAgentMinecraftForge rejected container SecureJarResource(theoneprobe)
[11dic2025 14:06:10.059] [main/DEBUG] [mixin/]: Instancing new MixinPlatformAgentDefault for SecureJarResource(theoneprobe)
[11dic2025 14:06:10.059] [main/DEBUG] [mixin/]: MixinPlatformAgentDefault accepted container SecureJarResource(theoneprobe)
[11dic2025 14:06:10.059] [main/DEBUG] [mixin/]: Instancing new FMLMixinPlatformAgent for SecureJarResource(theoneprobe)
[11dic2025 14:06:10.059] [main/DEBUG] [mixin/]: FMLMixinPlatformAgent rejected container SecureJarResource(theoneprobe)
[11dic2025 14:06:10.059] [main/DEBUG] [mixin/]: Processing prepare() for PlatformAgent[MixinPlatformAgentDefault:SecureJarResource(theoneprobe)]
[11dic2025 14:06:10.059] [main/DEBUG] [mixin/]: Adding mixin platform agents for container SecureJarResource(fabric_api_base)
[11dic2025 14:06:10.059] [main/DEBUG] [mixin/]: Instancing new MixinPlatformAgentMinecraftForge for SecureJarResource(fabric_api_base)
[11dic2025 14:06:10.059] [main/DEBUG] [mixin/]: MixinPlatformAgentMinecraftForge rejected container SecureJarResource(fabric_api_base)
[11dic2025 14:06:10.059] [main/DEBUG] [mixin/]: Instancing new MixinPlatformAgentDefault for SecureJarResource(fabric_api_base)
[11dic2025 14:06:10.059] [main/DEBUG] [mixin/]: MixinPlatformAgentDefault accepted container SecureJarResource(fabric_api_base)
[11dic2025 14:06:10.059] [main/DEBUG] [mixin/]: Instancing new FMLMixinPlatformAgent for SecureJarResource(fabric_api_base)
[11dic2025 14:06:10.059] [main/DEBUG] [mixin/]: FMLMixinPlatformAgent rejected container SecureJarResource(fabric_api_base)
[11dic2025 14:06:10.059] [main/DEBUG] [mixin/]: Processing prepare() for PlatformAgent[MixinPlatformAgentDefault:SecureJarResource(fabric_api_base)]
[11dic2025 14:06:10.059] [main/DEBUG] [mixin/]: Adding mixin platform agents for container SecureJarResource(ftbessentials)
[11dic2025 14:06:10.059] [main/DEBUG] [mixin/]: Instancing new MixinPlatformAgentMinecraftForge for SecureJarResource(ftbessentials)
[11dic2025 14:06:10.059] [main/DEBUG] [mixin/]: MixinPlatformAgentMinecraftForge rejected container SecureJarResource(ftbessentials)
[11dic2025 14:06:10.059] [main/DEBUG] [mixin/]: Instancing new MixinPlatformAgentDefault for SecureJarResource(ftbessentials)
[11dic2025 14:06:10.059] [main/DEBUG] [mixin/]: MixinPlatformAgentDefault accepted container SecureJarResource(ftbessentials)
[11dic2025 14:06:10.059] [main/DEBUG] [mixin/]: Instancing new FMLMixinPlatformAgent for SecureJarResource(ftbessentials)
[11dic2025 14:06:10.059] [main/DEBUG] [mixin/]: FMLMixinPlatformAgent rejected container SecureJarResource(ftbessentials)
[11dic2025 14:06:10.059] [main/DEBUG] [mixin/]: Processing prepare() for PlatformAgent[MixinPlatformAgentDefault:SecureJarResource(ftbessentials)]
[11dic2025 14:06:10.059] [main/DEBUG] [mixin/]: Adding mixin platform agents for container SecureJarResource(supermartijn642configlib)
[11dic2025 14:06:10.059] [main/DEBUG] [mixin/]: Instancing new MixinPlatformAgentMinecraftForge for SecureJarResource(supermartijn642configlib)
[11dic2025 14:06:10.059] [main/DEBUG] [mixin/]: MixinPlatformAgentMinecraftForge rejected container SecureJarResource(supermartijn642configlib)
[11dic2025 14:06:10.059] [main/DEBUG] [mixin/]: Instancing new MixinPlatformAgentDefault for SecureJarResource(supermartijn642configlib)
[11dic2025 14:06:10.059] [main/DEBUG] [mixin/]: MixinPlatformAgentDefault accepted container SecureJarResource(supermartijn642configlib)
[11dic2025 14:06:10.059] [main/DEBUG] [mixin/]: Instancing new FMLMixinPlatformAgent for SecureJarResource(supermartijn642configlib)
[11dic2025 14:06:10.059] [main/DEBUG] [mixin/]: FMLMixinPlatformAgent rejected container SecureJarResource(supermartijn642configlib)
[11dic2025 14:06:10.059] [main/DEBUG] [mixin/]: Processing prepare() for PlatformAgent[MixinPlatformAgentDefault:SecureJarResource(supermartijn642configlib)]
[11dic2025 14:06:10.059] [main/DEBUG] [mixin/]: Adding mixin platform agents for container SecureJarResource(owo)
[11dic2025 14:06:10.060] [main/DEBUG] [mixin/]: Instancing new MixinPlatformAgentMinecraftForge for SecureJarResource(owo)
[11dic2025 14:06:10.060] [main/DEBUG] [mixin/]: MixinPlatformAgentMinecraftForge rejected container SecureJarResource(owo)
[11dic2025 14:06:10.060] [main/DEBUG] [mixin/]: Instancing new MixinPlatformAgentDefault for SecureJarResource(owo)
[11dic2025 14:06:10.060] [main/DEBUG] [mixin/]: MixinPlatformAgentDefault accepted container SecureJarResource(owo)
[11dic2025 14:06:10.060] [main/DEBUG] [mixin/]: Instancing new FMLMixinPlatformAgent for SecureJarResource(owo)
[11dic2025 14:06:10.060] [main/DEBUG] [mixin/]: FMLMixinPlatformAgent rejected container SecureJarResource(owo)
[11dic2025 14:06:10.060] [main/DEBUG] [mixin/]: Processing prepare() for PlatformAgent[MixinPlatformAgentDefault:SecureJarResource(owo)]
[11dic2025 14:06:10.060] [main/DEBUG] [mixin/]: Adding mixin platform agents for container SecureJarResource(titanium)
[11dic2025 14:06:10.060] [main/DEBUG] [mixin/]: Instancing new MixinPlatformAgentMinecraftForge for SecureJarResource(titanium)
[11dic2025 14:06:10.060] [main/DEBUG] [mixin/]: MixinPlatformAgentMinecraftForge rejected container SecureJarResource(titanium)
[11dic2025 14:06:10.060] [main/DEBUG] [mixin/]: Instancing new MixinPlatformAgentDefault for SecureJarResource(titanium)
[11dic2025 14:06:10.060] [main/DEBUG] [mixin/]: MixinPlatformAgentDefault accepted container SecureJarResource(titanium)
[11dic2025 14:06:10.060] [main/DEBUG] [mixin/]: Instancing new FMLMixinPlatformAgent for SecureJarResource(titanium)
[11dic2025 14:06:10.060] [main/DEBUG] [mixin/]: FMLMixinPlatformAgent rejected container SecureJarResource(titanium)
[11dic2025 14:06:10.060] [main/DEBUG] [mixin/]: Processing prepare() for PlatformAgent[MixinPlatformAgentDefault:SecureJarResource(titanium)]
[11dic2025 14:06:10.060] [main/DEBUG] [mixin/]: Adding mixin platform agents for container SecureJarResource(jade)
[11dic2025 14:06:10.060] [main/DEBUG] [mixin/]: Instancing new MixinPlatformAgentMinecraftForge for SecureJarResource(jade)
[11dic2025 14:06:10.060] [main/DEBUG] [mixin/]: MixinPlatformAgentMinecraftForge rejected container SecureJarResource(jade)
[11dic2025 14:06:10.060] [main/DEBUG] [mixin/]: Instancing new MixinPlatformAgentDefault for SecureJarResource(jade)
[11dic2025 14:06:10.060] [main/DEBUG] [mixin/]: MixinPlatformAgentDefault accepted container SecureJarResource(jade)
[11dic2025 14:06:10.060] [main/DEBUG] [mixin/]: Instancing new FMLMixinPlatformAgent for SecureJarResource(jade)
[11dic2025 14:06:10.060] [main/DEBUG] [mixin/]: FMLMixinPlatformAgent rejected container SecureJarResource(jade)
[11dic2025 14:06:10.060] [main/DEBUG] [mixin/]: Processing prepare() for PlatformAgent[MixinPlatformAgentDefault:SecureJarResource(jade)]
[11dic2025 14:06:10.060] [main/DEBUG] [mixin/]: Registering mixin config: jade.mixins.json source=SecureJarResource(jade)
[11dic2025 14:06:10.060] [main/DEBUG] [mixin/]: Adding mixin platform agents for container SecureJarResource(geckolib)
[11dic2025 14:06:10.060] [main/DEBUG] [mixin/]: Instancing new MixinPlatformAgentMinecraftForge for SecureJarResource(geckolib)
[11dic2025 14:06:10.060] [main/DEBUG] [mixin/]: MixinPlatformAgentMinecraftForge rejected container SecureJarResource(geckolib)
[11dic2025 14:06:10.060] [main/DEBUG] [mixin/]: Instancing new MixinPlatformAgentDefault for SecureJarResource(geckolib)
[11dic2025 14:06:10.060] [main/DEBUG] [mixin/]: MixinPlatformAgentDefault accepted container SecureJarResource(geckolib)
[11dic2025 14:06:10.060] [main/DEBUG] [mixin/]: Instancing new FMLMixinPlatformAgent for SecureJarResource(geckolib)
[11dic2025 14:06:10.060] [main/DEBUG] [mixin/]: FMLMixinPlatformAgent rejected container SecureJarResource(geckolib)
[11dic2025 14:06:10.060] [main/DEBUG] [mixin/]: Processing prepare() for PlatformAgent[MixinPlatformAgentDefault:SecureJarResource(geckolib)]
[11dic2025 14:06:10.060] [main/DEBUG] [mixin/]: Registering mixin config: geckolib.mixins.json source=SecureJarResource(geckolib)
[11dic2025 14:06:10.060] [main/DEBUG] [mixin/]: Adding mixin platform agents for container SecureJarResource(jei)
[11dic2025 14:06:10.060] [main/DEBUG] [mixin/]: Instancing new MixinPlatformAgentMinecraftForge for SecureJarResource(jei)
[11dic2025 14:06:10.061] [main/DEBUG] [mixin/]: MixinPlatformAgentMinecraftForge rejected container SecureJarResource(jei)
[11dic2025 14:06:10.061] [main/DEBUG] [mixin/]: Instancing new MixinPlatformAgentDefault for SecureJarResource(jei)
[11dic2025 14:06:10.061] [main/DEBUG] [mixin/]: MixinPlatformAgentDefault accepted container SecureJarResource(jei)
[11dic2025 14:06:10.061] [main/DEBUG] [mixin/]: Instancing new FMLMixinPlatformAgent for SecureJarResource(jei)
[11dic2025 14:06:10.061] [main/DEBUG] [mixin/]: FMLMixinPlatformAgent rejected container SecureJarResource(jei)
[11dic2025 14:06:10.061] [main/DEBUG] [mixin/]: Processing prepare() for PlatformAgent[MixinPlatformAgentDefault:SecureJarResource(jei)]
[11dic2025 14:06:10.061] [main/DEBUG] [mixin/]: Adding mixin platform agents for container SecureJarResource(kubejs)
[11dic2025 14:06:10.061] [main/DEBUG] [mixin/]: Instancing new MixinPlatformAgentMinecraftForge for SecureJarResource(kubejs)
[11dic2025 14:06:10.061] [main/DEBUG] [mixin/]: MixinPlatformAgentMinecraftForge rejected container SecureJarResource(kubejs)
[11dic2025 14:06:10.061] [main/DEBUG] [mixin/]: Instancing new MixinPlatformAgentDefault for SecureJarResource(kubejs)
[11dic2025 14:06:10.061] [main/DEBUG] [mixin/]: MixinPlatformAgentDefault accepted container SecureJarResource(kubejs)
[11dic2025 14:06:10.061] [main/DEBUG] [mixin/]: Instancing new FMLMixinPlatformAgent for SecureJarResource(kubejs)
[11dic2025 14:06:10.061] [main/DEBUG] [mixin/]: FMLMixinPlatformAgent rejected container SecureJarResource(kubejs)
[11dic2025 14:06:10.061] [main/DEBUG] [mixin/]: Processing prepare() for PlatformAgent[MixinPlatformAgentDefault:SecureJarResource(kubejs)]
[11dic2025 14:06:10.061] [main/DEBUG] [mixin/]: Adding mixin platform agents for container SecureJarResource(supermartijn642corelib)
[11dic2025 14:06:10.061] [main/DEBUG] [mixin/]: Instancing new MixinPlatformAgentMinecraftForge for SecureJarResource(supermartijn642corelib)
[11dic2025 14:06:10.061] [main/DEBUG] [mixin/]: MixinPlatformAgentMinecraftForge rejected container SecureJarResource(supermartijn642corelib)
[11dic2025 14:06:10.061] [main/DEBUG] [mixin/]: Instancing new MixinPlatformAgentDefault for SecureJarResource(supermartijn642corelib)
[11dic2025 14:06:10.061] [main/DEBUG] [mixin/]: MixinPlatformAgentDefault accepted container SecureJarResource(supermartijn642corelib)
[11dic2025 14:06:10.061] [main/DEBUG] [mixin/]: Instancing new FMLMixinPlatformAgent for SecureJarResource(supermartijn642corelib)
[11dic2025 14:06:10.061] [main/DEBUG] [mixin/]: FMLMixinPlatformAgent rejected container SecureJarResource(supermartijn642corelib)
[11dic2025 14:06:10.061] [main/DEBUG] [mixin/]: Processing prepare() for PlatformAgent[MixinPlatformAgentDefault:SecureJarResource(supermartijn642corelib)]
[11dic2025 14:06:10.061] [main/DEBUG] [mixin/]: Adding mixin platform agents for container SecureJarResource(mekanism)
[11dic2025 14:06:10.061] [main/DEBUG] [mixin/]: Instancing new MixinPlatformAgentMinecraftForge for SecureJarResource(mekanism)
[11dic2025 14:06:10.061] [main/DEBUG] [mixin/]: MixinPlatformAgentMinecraftForge rejected container SecureJarResource(mekanism)
[11dic2025 14:06:10.061] [main/DEBUG] [mixin/]: Instancing new MixinPlatformAgentDefault for SecureJarResource(mekanism)
[11dic2025 14:06:10.061] [main/DEBUG] [mixin/]: MixinPlatformAgentDefault accepted container SecureJarResource(mekanism)
[11dic2025 14:06:10.061] [main/DEBUG] [mixin/]: Instancing new FMLMixinPlatformAgent for SecureJarResource(mekanism)
[11dic2025 14:06:10.061] [main/DEBUG] [mixin/]: FMLMixinPlatformAgent rejected container SecureJarResource(mekanism)
[11dic2025 14:06:10.061] [main/DEBUG] [mixin/]: Processing prepare() for PlatformAgent[MixinPlatformAgentDefault:SecureJarResource(mekanism)]
[11dic2025 14:06:10.062] [main/DEBUG] [mixin/]: Adding mixin platform agents for container SecureJarResource(pipez)
[11dic2025 14:06:10.062] [main/DEBUG] [mixin/]: Instancing new MixinPlatformAgentMinecraftForge for SecureJarResource(pipez)
[11dic2025 14:06:10.062] [main/DEBUG] [mixin/]: MixinPlatformAgentMinecraftForge rejected container SecureJarResource(pipez)
[11dic2025 14:06:10.062] [main/DEBUG] [mixin/]: Instancing new MixinPlatformAgentDefault for SecureJarResource(pipez)
[11dic2025 14:06:10.062] [main/DEBUG] [mixin/]: MixinPlatformAgentDefault accepted container SecureJarResource(pipez)
[11dic2025 14:06:10.062] [main/DEBUG] [mixin/]: Instancing new FMLMixinPlatformAgent for SecureJarResource(pipez)
[11dic2025 14:06:10.062] [main/DEBUG] [mixin/]: FMLMixinPlatformAgent rejected container SecureJarResource(pipez)
[11dic2025 14:06:10.062] [main/DEBUG] [mixin/]: Processing prepare() for PlatformAgent[MixinPlatformAgentDefault:SecureJarResource(pipez)]
[11dic2025 14:06:10.062] [main/DEBUG] [mixin/]: Adding mixin platform agents for container SecureJarResource(architectury)
[11dic2025 14:06:10.062] [main/DEBUG] [mixin/]: Instancing new MixinPlatformAgentMinecraftForge for SecureJarResource(architectury)
[11dic2025 14:06:10.062] [main/DEBUG] [mixin/]: MixinPlatformAgentMinecraftForge rejected container SecureJarResource(architectury)
[11dic2025 14:06:10.062] [main/DEBUG] [mixin/]: Instancing new MixinPlatformAgentDefault for SecureJarResource(architectury)
[11dic2025 14:06:10.062] [main/DEBUG] [mixin/]: MixinPlatformAgentDefault accepted container SecureJarResource(architectury)
[11dic2025 14:06:10.062] [main/DEBUG] [mixin/]: Instancing new FMLMixinPlatformAgent for SecureJarResource(architectury)
[11dic2025 14:06:10.062] [main/DEBUG] [mixin/]: FMLMixinPlatformAgent rejected container SecureJarResource(architectury)
[11dic2025 14:06:10.062] [main/DEBUG] [mixin/]: Processing prepare() for PlatformAgent[MixinPlatformAgentDefault:SecureJarResource(architectury)]
[11dic2025 14:06:10.062] [main/DEBUG] [mixin/]: Adding mixin platform agents for container SecureJarResource(ftblibrary)
[11dic2025 14:06:10.062] [main/DEBUG] [mixin/]: Instancing new MixinPlatformAgentMinecraftForge for SecureJarResource(ftblibrary)
[11dic2025 14:06:10.062] [main/DEBUG] [mixin/]: MixinPlatformAgentMinecraftForge rejected container SecureJarResource(ftblibrary)
[11dic2025 14:06:10.062] [main/DEBUG] [mixin/]: Instancing new MixinPlatformAgentDefault for SecureJarResource(ftblibrary)
[11dic2025 14:06:10.062] [main/DEBUG] [mixin/]: MixinPlatformAgentDefault accepted container SecureJarResource(ftblibrary)
[11dic2025 14:06:10.062] [main/DEBUG] [mixin/]: Instancing new FMLMixinPlatformAgent for SecureJarResource(ftblibrary)
[11dic2025 14:06:10.062] [main/DEBUG] [mixin/]: FMLMixinPlatformAgent rejected container SecureJarResource(ftblibrary)
[11dic2025 14:06:10.062] [main/DEBUG] [mixin/]: Processing prepare() for PlatformAgent[MixinPlatformAgentDefault:SecureJarResource(ftblibrary)]
[11dic2025 14:06:10.062] [main/DEBUG] [mixin/]: Adding mixin platform agents for container SecureJarResource(guideme)
[11dic2025 14:06:10.062] [main/DEBUG] [mixin/]: Instancing new MixinPlatformAgentMinecraftForge for SecureJarResource(guideme)
[11dic2025 14:06:10.062] [main/DEBUG] [mixin/]: MixinPlatformAgentMinecraftForge rejected container SecureJarResource(guideme)
[11dic2025 14:06:10.062] [main/DEBUG] [mixin/]: Instancing new MixinPlatformAgentDefault for SecureJarResource(guideme)
[11dic2025 14:06:10.062] [main/DEBUG] [mixin/]: MixinPlatformAgentDefault accepted container SecureJarResource(guideme)
[11dic2025 14:06:10.062] [main/DEBUG] [mixin/]: Instancing new FMLMixinPlatformAgent for SecureJarResource(guideme)
[11dic2025 14:06:10.062] [main/DEBUG] [mixin/]: FMLMixinPlatformAgent rejected container SecureJarResource(guideme)
[11dic2025 14:06:10.062] [main/DEBUG] [mixin/]: Processing prepare() for PlatformAgent[MixinPlatformAgentDefault:SecureJarResource(guideme)]
[11dic2025 14:06:10.062] [main/DEBUG] [mixin/]: Adding mixin platform agents for container SecureJarResource(mekanismgenerators)
[11dic2025 14:06:10.062] [main/DEBUG] [mixin/]: Instancing new MixinPlatformAgentMinecraftForge for SecureJarResource(mekanismgenerators)
[11dic2025 14:06:10.062] [main/DEBUG] [mixin/]: MixinPlatformAgentMinecraftForge rejected container SecureJarResource(mekanismgenerators)
[11dic2025 14:06:10.063] [main/DEBUG] [mixin/]: Instancing new MixinPlatformAgentDefault for SecureJarResource(mekanismgenerators)
[11dic2025 14:06:10.063] [main/DEBUG] [mixin/]: MixinPlatformAgentDefault accepted container SecureJarResource(mekanismgenerators)
[11dic2025 14:06:10.063] [main/DEBUG] [mixin/]: Instancing new FMLMixinPlatformAgent for SecureJarResource(mekanismgenerators)
[11dic2025 14:06:10.063] [main/DEBUG] [mixin/]: FMLMixinPlatformAgent rejected container SecureJarResource(mekanismgenerators)
[11dic2025 14:06:10.063] [main/DEBUG] [mixin/]: Processing prepare() for PlatformAgent[MixinPlatformAgentDefault:SecureJarResource(mekanismgenerators)]
[11dic2025 14:06:10.063] [main/DEBUG] [mixin/]: Adding mixin platform agents for container SecureJarResource(fabric_screen_api_v1)
[11dic2025 14:06:10.063] [main/DEBUG] [mixin/]: Instancing new MixinPlatformAgentMinecraftForge for SecureJarResource(fabric_screen_api_v1)
[11dic2025 14:06:10.063] [main/DEBUG] [mixin/]: MixinPlatformAgentMinecraftForge rejected container SecureJarResource(fabric_screen_api_v1)
[11dic2025 14:06:10.063] [main/DEBUG] [mixin/]: Instancing new MixinPlatformAgentDefault for SecureJarResource(fabric_screen_api_v1)
[11dic2025 14:06:10.063] [main/DEBUG] [mixin/]: MixinPlatformAgentDefault accepted container SecureJarResource(fabric_screen_api_v1)
[11dic2025 14:06:10.063] [main/DEBUG] [mixin/]: Instancing new FMLMixinPlatformAgent for SecureJarResource(fabric_screen_api_v1)
[11dic2025 14:06:10.063] [main/DEBUG] [mixin/]: FMLMixinPlatformAgent rejected container SecureJarResource(fabric_screen_api_v1)
[11dic2025 14:06:10.063] [main/DEBUG] [mixin/]: Processing prepare() for PlatformAgent[MixinPlatformAgentDefault:SecureJarResource(fabric_screen_api_v1)]
[11dic2025 14:06:10.063] [main/DEBUG] [mixin/]: Adding mixin platform agents for container SecureJarResource(trashcans)
[11dic2025 14:06:10.063] [main/DEBUG] [mixin/]: Instancing new MixinPlatformAgentMinecraftForge for SecureJarResource(trashcans)
[11dic2025 14:06:10.063] [main/DEBUG] [mixin/]: MixinPlatformAgentMinecraftForge rejected container SecureJarResource(trashcans)
[11dic2025 14:06:10.063] [main/DEBUG] [mixin/]: Instancing new MixinPlatformAgentDefault for SecureJarResource(trashcans)
[11dic2025 14:06:10.063] [main/DEBUG] [mixin/]: MixinPlatformAgentDefault accepted container SecureJarResource(trashcans)
[11dic2025 14:06:10.063] [main/DEBUG] [mixin/]: Instancing new FMLMixinPlatformAgent for SecureJarResource(trashcans)
[11dic2025 14:06:10.063] [main/DEBUG] [mixin/]: FMLMixinPlatformAgent rejected container SecureJarResource(trashcans)
[11dic2025 14:06:10.063] [main/DEBUG] [mixin/]: Processing prepare() for PlatformAgent[MixinPlatformAgentDefault:SecureJarResource(trashcans)]
[11dic2025 14:06:10.063] [main/DEBUG] [mixin/]: Adding mixin platform agents for container SecureJarResource(pipezretriever)
[11dic2025 14:06:10.063] [main/DEBUG] [mixin/]: Instancing new MixinPlatformAgentMinecraftForge for SecureJarResource(pipezretriever)
[11dic2025 14:06:10.063] [main/DEBUG] [mixin/]: MixinPlatformAgentMinecraftForge rejected container SecureJarResource(pipezretriever)
[11dic2025 14:06:10.063] [main/DEBUG] [mixin/]: Instancing new MixinPlatformAgentDefault for SecureJarResource(pipezretriever)
[11dic2025 14:06:10.063] [main/DEBUG] [mixin/]: MixinPlatformAgentDefault accepted container SecureJarResource(pipezretriever)
[11dic2025 14:06:10.063] [main/DEBUG] [mixin/]: Instancing new FMLMixinPlatformAgent for SecureJarResource(pipezretriever)
[11dic2025 14:06:10.063] [main/DEBUG] [mixin/]: FMLMixinPlatformAgent rejected container SecureJarResource(pipezretriever)
[11dic2025 14:06:10.063] [main/DEBUG] [mixin/]: Processing prepare() for PlatformAgent[MixinPlatformAgentDefault:SecureJarResource(pipezretriever)]
[11dic2025 14:06:10.063] [main/DEBUG] [mixin/]: Adding mixin platform agents for container SecureJarResource(fabric_networking_api_v1)
[11dic2025 14:06:10.063] [main/DEBUG] [mixin/]: Instancing new MixinPlatformAgentMinecraftForge for SecureJarResource(fabric_networking_api_v1)
[11dic2025 14:06:10.063] [main/DEBUG] [mixin/]: MixinPlatformAgentMinecraftForge rejected container SecureJarResource(fabric_networking_api_v1)
[11dic2025 14:06:10.063] [main/DEBUG] [mixin/]: Instancing new MixinPlatformAgentDefault for SecureJarResource(fabric_networking_api_v1)
[11dic2025 14:06:10.063] [main/DEBUG] [mixin/]: MixinPlatformAgentDefault accepted container SecureJarResource(fabric_networking_api_v1)
[11dic2025 14:06:10.063] [main/DEBUG] [mixin/]: Instancing new FMLMixinPlatformAgent for SecureJarResource(fabric_networking_api_v1)
[11dic2025 14:06:10.063] [main/DEBUG] [mixin/]: FMLMixinPlatformAgent rejected container SecureJarResource(fabric_networking_api_v1)
[11dic2025 14:06:10.064] [main/DEBUG] [mixin/]: Processing prepare() for PlatformAgent[MixinPlatformAgentDefault:SecureJarResource(fabric_networking_api_v1)]
[11dic2025 14:06:10.064] [main/DEBUG] [mixin/]: Adding mixin platform agents for container SecureJarResource(athena)
[11dic2025 14:06:10.064] [main/DEBUG] [mixin/]: Instancing new MixinPlatformAgentMinecraftForge for SecureJarResource(athena)
[11dic2025 14:06:10.064] [main/DEBUG] [mixin/]: MixinPlatformAgentMinecraftForge rejected container SecureJarResource(athena)
[11dic2025 14:06:10.064] [main/DEBUG] [mixin/]: Instancing new MixinPlatformAgentDefault for SecureJarResource(athena)
[11dic2025 14:06:10.064] [main/DEBUG] [mixin/]: MixinPlatformAgentDefault accepted container SecureJarResource(athena)
[11dic2025 14:06:10.064] [main/DEBUG] [mixin/]: Instancing new FMLMixinPlatformAgent for SecureJarResource(athena)
[11dic2025 14:06:10.064] [main/DEBUG] [mixin/]: FMLMixinPlatformAgent rejected container SecureJarResource(athena)
[11dic2025 14:06:10.064] [main/DEBUG] [mixin/]: Processing prepare() for PlatformAgent[MixinPlatformAgentDefault:SecureJarResource(athena)]
[11dic2025 14:06:10.064] [main/DEBUG] [mixin/]: Adding mixin platform agents for container SecureJarResource(glodium)
[11dic2025 14:06:10.064] [main/DEBUG] [mixin/]: Instancing new MixinPlatformAgentMinecraftForge for SecureJarResource(glodium)
[11dic2025 14:06:10.064] [main/DEBUG] [mixin/]: MixinPlatformAgentMinecraftForge rejected container SecureJarResource(glodium)
[11dic2025 14:06:10.064] [main/DEBUG] [mixin/]: Instancing new MixinPlatformAgentDefault for SecureJarResource(glodium)
[11dic2025 14:06:10.064] [main/DEBUG] [mixin/]: MixinPlatformAgentDefault accepted container SecureJarResource(glodium)
[11dic2025 14:06:10.064] [main/DEBUG] [mixin/]: Instancing new FMLMixinPlatformAgent for SecureJarResource(glodium)
[11dic2025 14:06:10.064] [main/DEBUG] [mixin/]: FMLMixinPlatformAgent rejected container SecureJarResource(glodium)
[11dic2025 14:06:10.064] [main/DEBUG] [mixin/]: Processing prepare() for PlatformAgent[MixinPlatformAgentDefault:SecureJarResource(glodium)]
[11dic2025 14:06:10.064] [main/DEBUG] [mixin/]: Adding mixin platform agents for container SecureJarResource(mixinextras.neoforge)
[11dic2025 14:06:10.064] [main/DEBUG] [mixin/]: Instancing new MixinPlatformAgentMinecraftForge for SecureJarResource(mixinextras.neoforge)
[11dic2025 14:06:10.064] [main/DEBUG] [mixin/]: MixinPlatformAgentMinecraftForge rejected container SecureJarResource(mixinextras.neoforge)
[11dic2025 14:06:10.064] [main/DEBUG] [mixin/]: Instancing new MixinPlatformAgentDefault for SecureJarResource(mixinextras.neoforge)
[11dic2025 14:06:10.064] [main/DEBUG] [mixin/]: MixinPlatformAgentDefault accepted container SecureJarResource(mixinextras.neoforge)
[11dic2025 14:06:10.064] [main/DEBUG] [mixin/]: Instancing new FMLMixinPlatformAgent for SecureJarResource(mixinextras.neoforge)
[11dic2025 14:06:10.064] [main/DEBUG] [mixin/]: FMLMixinPlatformAgent rejected container SecureJarResource(mixinextras.neoforge)
[11dic2025 14:06:10.064] [main/DEBUG] [mixin/]: Processing prepare() for PlatformAgent[MixinPlatformAgentDefault:SecureJarResource(mixinextras.neoforge)]
[11dic2025 14:06:10.064] [main/DEBUG] [mixin/]: Registering mixin config: mixinextras.init.mixins.json source=SecureJarResource(mixinextras.neoforge)
[11dic2025 14:06:10.065] [main/DEBUG] [mixin/]: inject() running with 29 agents
[11dic2025 14:06:10.066] [main/DEBUG] [mixin/]: Processing inject() for PlatformAgent[MixinPlatformAgentDefault:ModLauncher Root Container(ModLauncher:4f56a0a2)]
[11dic2025 14:06:10.066] [main/DEBUG] [mixin/]: Processing inject() for PlatformAgent[MixinPlatformAgentDefault:net.neoforged.fml.loading.mixin.FMLMixinContainerHandle@bd1111a]
[11dic2025 14:06:10.066] [main/DEBUG] [mixin/]: Processing inject() for PlatformAgent[FMLMixinPlatformAgent:null]
[11dic2025 14:06:10.066] [main/DEBUG] [mixin/]: Processing inject() for PlatformAgent[MixinPlatformAgentDefault:SecureJarResource(mixin_synthetic)]
[11dic2025 14:06:10.066] [main/DEBUG] [mixin/]: Processing inject() for PlatformAgent[MixinPlatformAgentDefault:SecureJarResource(minecraft)]
[11dic2025 14:06:10.066] [main/DEBUG] [mixin/]: Processing inject() for PlatformAgent[MixinPlatformAgentDefault:SecureJarResource(rhino)]
[11dic2025 14:06:10.066] [main/DEBUG] [mixin/]: Processing inject() for PlatformAgent[MixinPlatformAgentDefault:SecureJarResource(theoneprobe)]
[11dic2025 14:06:10.066] [main/DEBUG] [mixin/]: Processing inject() for PlatformAgent[MixinPlatformAgentDefault:SecureJarResource(fabric_api_base)]
[11dic2025 14:06:10.066] [main/DEBUG] [mixin/]: Processing inject() for PlatformAgent[MixinPlatformAgentDefault:SecureJarResource(ftbessentials)]
[11dic2025 14:06:10.066] [main/DEBUG] [mixin/]: Processing inject() for PlatformAgent[MixinPlatformAgentDefault:SecureJarResource(supermartijn642configlib)]
[11dic2025 14:06:10.066] [main/DEBUG] [mixin/]: Processing inject() for PlatformAgent[MixinPlatformAgentDefault:SecureJarResource(owo)]
[11dic2025 14:06:10.066] [main/DEBUG] [mixin/]: Processing inject() for PlatformAgent[MixinPlatformAgentDefault:SecureJarResource(titanium)]
[11dic2025 14:06:10.066] [main/DEBUG] [mixin/]: Processing inject() for PlatformAgent[MixinPlatformAgentDefault:SecureJarResource(jade)]
[11dic2025 14:06:10.066] [main/DEBUG] [mixin/]: Processing inject() for PlatformAgent[MixinPlatformAgentDefault:SecureJarResource(geckolib)]
[11dic2025 14:06:10.066] [main/DEBUG] [mixin/]: Processing inject() for PlatformAgent[MixinPlatformAgentDefault:SecureJarResource(jei)]
[11dic2025 14:06:10.066] [main/DEBUG] [mixin/]: Processing inject() for PlatformAgent[MixinPlatformAgentDefault:SecureJarResource(kubejs)]
[11dic2025 14:06:10.066] [main/DEBUG] [mixin/]: Processing inject() for PlatformAgent[MixinPlatformAgentDefault:SecureJarResource(supermartijn642corelib)]
[11dic2025 14:06:10.066] [main/DEBUG] [mixin/]: Processing inject() for PlatformAgent[MixinPlatformAgentDefault:SecureJarResource(mekanism)]
[11dic2025 14:06:10.066] [main/DEBUG] [mixin/]: Processing inject() for PlatformAgent[MixinPlatformAgentDefault:SecureJarResource(pipez)]
[11dic2025 14:06:10.066] [main/DEBUG] [mixin/]: Processing inject() for PlatformAgent[MixinPlatformAgentDefault:SecureJarResource(architectury)]
[11dic2025 14:06:10.066] [main/DEBUG] [mixin/]: Processing inject() for PlatformAgent[MixinPlatformAgentDefault:SecureJarResource(ftblibrary)]
[11dic2025 14:06:10.066] [main/DEBUG] [mixin/]: Processing inject() for PlatformAgent[MixinPlatformAgentDefault:SecureJarResource(guideme)]
[11dic2025 14:06:10.066] [main/DEBUG] [mixin/]: Processing inject() for PlatformAgent[MixinPlatformAgentDefault:SecureJarResource(mekanismgenerators)]
[11dic2025 14:06:10.066] [main/DEBUG] [mixin/]: Processing inject() for PlatformAgent[MixinPlatformAgentDefault:SecureJarResource(fabric_screen_api_v1)]
[11dic2025 14:06:10.066] [main/DEBUG] [mixin/]: Processing inject() for PlatformAgent[MixinPlatformAgentDefault:SecureJarResource(trashcans)]
[11dic2025 14:06:10.066] [main/DEBUG] [mixin/]: Processing inject() for PlatformAgent[MixinPlatformAgentDefault:SecureJarResource(pipezretriever)]
[11dic2025 14:06:10.066] [main/DEBUG] [mixin/]: Processing inject() for PlatformAgent[MixinPlatformAgentDefault:SecureJarResource(fabric_networking_api_v1)]
[11dic2025 14:06:10.066] [main/DEBUG] [mixin/]: Processing inject() for PlatformAgent[MixinPlatformAgentDefault:SecureJarResource(athena)]
[11dic2025 14:06:10.066] [main/DEBUG] [mixin/]: Processing inject() for PlatformAgent[MixinPlatformAgentDefault:SecureJarResource(glodium)]
[11dic2025 14:06:10.066] [main/DEBUG] [mixin/]: Processing inject() for PlatformAgent[MixinPlatformAgentDefault:SecureJarResource(mixinextras.neoforge)]
[11dic2025 14:06:10.067] [main/INFO] [net.fabricmc.loader.impl.bootstrap.FabricLoaderBootstrap/]: Propagating FML mod list to Fabric Loader
[11dic2025 14:06:10.072] [main/INFO] [cpw.mods.modlauncher.LaunchServiceHandler/MODLAUNCHER]: Launching target 'forgeclientdev' with arguments [--version, 21.1.194, --gameDir, ., --assetsDir, /Users/joshua.morotti/.gradle/caches/minecraft/assets, --assetIndex, asset-index]
[11dic2025 14:06:10.128] [main/DEBUG] [mixin/]: Preparing mixins for MixinEnvironment[DEFAULT]
[11dic2025 14:06:10.129] [main/DEBUG] [mixin/]: Selecting config ftbessentials-common.mixins.json
[11dic2025 14:06:10.131] [main/DEBUG] [mixin/]: Selecting config owo.mixins.json
[11dic2025 14:06:10.132] [main/DEBUG] [mixin/]: Selecting config jade.mixins.json
[11dic2025 14:06:10.132] [main/DEBUG] [mixin/]: Selecting config geckolib.mixins.json
[11dic2025 14:06:10.132] [main/WARN] [mixin/]: Reference map 'geckolib.refmap.json' for geckolib.mixins.json could not be read. If this is a development environment you can ignore this message
[11dic2025 14:06:10.132] [main/DEBUG] [mixin/]: Selecting config kubejs.mixins.json
[11dic2025 14:06:10.133] [main/DEBUG] [mixin/]: Selecting config supermartijn642corelib.mixins.json
[11dic2025 14:06:10.135] [main/WARN] [mixin/]: Reference map 'supermartijn642corelib.mixins.refmap.json' for supermartijn642corelib.mixins.json could not be read. If this is a development environment you can ignore this message
[11dic2025 14:06:10.135] [main/DEBUG] [mixin/]: Selecting config neoforge.mixins.json
[11dic2025 14:06:10.135] [main/DEBUG] [mixin/]: Selecting config architectury.mixins.json
[11dic2025 14:06:10.136] [main/DEBUG] [mixin/]: Selecting config architectury-common.mixins.json
[11dic2025 14:06:10.136] [main/DEBUG] [mixin/]: Selecting config ftblibrary-common.mixins.json
[11dic2025 14:06:10.137] [main/DEBUG] [mixin/]: Selecting config fabric-screen-api-v1.mixins.json
[11dic2025 14:06:10.137] [main/DEBUG] [mixin/]: Selecting config trashcans.mixins.json
[11dic2025 14:06:10.137] [main/DEBUG] [mixin/]: Selecting config pipezretriever.mixins.json
[11dic2025 14:06:10.137] [main/DEBUG] [mixin/]: Selecting config fabric-networking-api-v1.mixins.json
[11dic2025 14:06:10.137] [main/DEBUG] [mixin/]: Selecting config fabric-networking-api-v1.client.mixins.json
[11dic2025 14:06:10.137] [main/DEBUG] [mixin/]: Selecting config athena.mixins.json
[11dic2025 14:06:10.138] [main/DEBUG] [mixin/]: Selecting config athena-neoforge.mixins.json
[11dic2025 14:06:10.138] [main/DEBUG] [mixin/]: Selecting config mixinextras.init.mixins.json
[11dic2025 14:06:10.173] [main/DEBUG] [MixinExtras|Service/]: com.llamalad7.mixinextras.service.MixinExtrasServiceImpl(version=0.4.1) is taking over from null
[11dic2025 14:06:10.199] [main/DEBUG] [mixin/]: Registering new injector for @Inject with org.spongepowered.asm.mixin.injection.struct.CallbackInjectionInfo
[11dic2025 14:06:10.200] [main/DEBUG] [mixin/]: Registering new injector for @ModifyArg with org.spongepowered.asm.mixin.injection.struct.ModifyArgInjectionInfo
[11dic2025 14:06:10.201] [main/DEBUG] [mixin/]: Registering new injector for @ModifyArgs with org.spongepowered.asm.mixin.injection.struct.ModifyArgsInjectionInfo
[11dic2025 14:06:10.202] [main/DEBUG] [mixin/]: Registering new injector for @Redirect with org.spongepowered.asm.mixin.injection.struct.RedirectInjectionInfo
[11dic2025 14:06:10.203] [main/DEBUG] [mixin/]: Registering new injector for @ModifyVariable with org.spongepowered.asm.mixin.injection.struct.ModifyVariableInjectionInfo
[11dic2025 14:06:10.204] [main/DEBUG] [mixin/]: Registering new injector for @ModifyConstant with org.spongepowered.asm.mixin.injection.struct.ModifyConstantInjectionInfo
[11dic2025 14:06:10.214] [main/DEBUG] [mixin/]: Preparing ftbessentials-common.mixins.json (1)
[11dic2025 14:06:10.230] [main/TRACE] [mixin/]: Added class metadata for net/minecraft/server/players/PlayerList to metadata cache
[11dic2025 14:06:10.232] [main/DEBUG] [mixin/]: Preparing owo.mixins.json (84)
[11dic2025 14:06:10.246] [main/DEBUG] [net.neoforged.accesstransformer.AccessTransformer/AXFORM]: Transforming com.mojang.blaze3d.vertex.BufferBuilder FIELD building to access PUBLIC and LEAVE
[11dic2025 14:06:10.247] [main/DEBUG] [net.neoforged.fml.common.asm.RuntimeDistCleaner/DISTXFORM]: Removing Class Annotation: com/mojang/blaze3d/vertex/BufferBuilder @Lnet/neoforged/api/distmarker/OnlyIn;
[11dic2025 14:06:10.254] [main/TRACE] [mixin/]: Added class metadata for com/mojang/blaze3d/vertex/BufferBuilder to metadata cache
[11dic2025 14:06:10.255] [main/DEBUG] [net.neoforged.accesstransformer.AccessTransformer/AXFORM]: Transforming net.minecraft.resources.RegistryOps$HolderLookupAdapter CLASS to access PUBLIC and LEAVE
[11dic2025 14:06:10.256] [main/DEBUG] [net.neoforged.accesstransformer.AccessTransformer/AXFORM]: Transforming net.minecraft.resources.RegistryOps$HolderLookupAdapter FIELD lookupProvider to access PUBLIC and LEAVE
[11dic2025 14:06:10.256] [main/TRACE] [mixin/]: Added class metadata for net/minecraft/resources/RegistryOps$HolderLookupAdapter to metadata cache
[11dic2025 14:06:10.259] [main/TRACE] [mixin/]: Added class metadata for net/minecraft/network/Connection to metadata cache
[11dic2025 14:06:10.260] [main/TRACE] [mixin/]: Added class metadata for net/minecraft/core/component/DataComponentType$Builder to metadata cache
[11dic2025 14:06:10.262] [main/TRACE] [mixin/]: Added class metadata for net/minecraft/world/level/levelgen/feature/OreFeature to metadata cache
[11dic2025 14:06:10.264] [main/TRACE] [mixin/]: Added class metadata for com/mojang/serialization/DataResult to metadata cache
[11dic2025 14:06:10.265] [main/TRACE] [mixin/]: Added class metadata for com/mojang/serialization/DataResult$Error to metadata cache
[11dic2025 14:06:10.266] [main/TRACE] [mixin/]: Added class metadata for net/minecraft/resources/DelegatingOps to metadata cache
[11dic2025 14:06:10.267] [main/DEBUG] [net.neoforged.accesstransformer.AccessTransformer/AXFORM]: Transforming net.minecraft.nbt.CompoundTag FIELD tags to access PUBLIC and LEAVE
[11dic2025 14:06:10.271] [main/TRACE] [mixin/]: Added class metadata for net/minecraft/nbt/CompoundTag to metadata cache
[11dic2025 14:06:10.276] [main/TRACE] [mixin/]: Added class metadata for net/minecraft/network/FriendlyByteBuf to metadata cache
[11dic2025 14:06:10.277] [main/DEBUG] [net.neoforged.accesstransformer.AccessTransformer/AXFORM]: Transforming net.minecraft.resources.RegistryOps INNERCLASS HolderLookupAdapter to access PUBLIC and LEAVE
[11dic2025 14:06:10.278] [main/DEBUG] [net.neoforged.accesstransformer.AccessTransformer/AXFORM]: Transforming net.minecraft.resources.RegistryOps FIELD lookupProvider to access PUBLIC and LEAVE
[11dic2025 14:06:10.278] [main/DEBUG] [net.neoforged.accesstransformer.AccessTransformer/AXFORM]: Transforming net.minecraft.resources.RegistryOps METHOD <init>(Lcom/mojang/serialization/DynamicOps;Lnet/minecraft/resources/RegistryOps$RegistryInfoLookup;)V to access PROTECTED and LEAVE
[11dic2025 14:06:10.280] [main/TRACE] [mixin/]: Added class metadata for net/minecraft/resources/RegistryOps to metadata cache
[11dic2025 14:06:10.281] [main/DEBUG] [net.neoforged.accesstransformer.AccessTransformer/AXFORM]: Transforming net.minecraft.client.gui.screens.Screen INNERCLASS DeferredTooltipRendering to access PUBLIC and LEAVE
[11dic2025 14:06:10.281] [main/DEBUG] [net.neoforged.accesstransformer.AccessTransformer/AXFORM]: Transforming net.minecraft.client.gui.screens.Screen FIELD narratables to access PUBLIC and LEAVE
[11dic2025 14:06:10.281] [main/DEBUG] [net.neoforged.accesstransformer.AccessTransformer/AXFORM]: Transforming net.minecraft.client.gui.screens.Screen FIELD renderables to access PUBLIC and LEAVE
[11dic2025 14:06:10.281] [main/DEBUG] [net.neoforged.accesstransformer.AccessTransformer/AXFORM]: Transforming net.minecraft.client.gui.screens.Screen FIELD deferredTooltipRendering to access PUBLIC and LEAVE
[11dic2025 14:06:10.281] [main/DEBUG] [net.neoforged.accesstransformer.AccessTransformer/AXFORM]: Transforming net.minecraft.client.gui.screens.Screen METHOD renderWithTooltip(Lnet/minecraft/client/gui/GuiGraphics;IIF)V to access PUBLIC and REMOVEFINAL
[11dic2025 14:06:10.281] [main/DEBUG] [net.neoforged.accesstransformer.AccessTransformer/AXFORM]: Transforming net.minecraft.client.gui.screens.Screen METHOD addRenderableWidget(Lnet/minecraft/client/gui/components/events/GuiEventListener;)Lnet/minecraft/client/gui/components/events/GuiEventListener; to access PUBLIC and LEAVE
[11dic2025 14:06:10.281] [main/DEBUG] [net.neoforged.accesstransformer.AccessTransformer/AXFORM]: Transforming net.minecraft.client.gui.screens.Screen METHOD addRenderableOnly(Lnet/minecraft/client/gui/components/Renderable;)Lnet/minecraft/client/gui/components/Renderable; to access PUBLIC and LEAVE
[11dic2025 14:06:10.281] [main/DEBUG] [net.neoforged.accesstransformer.AccessTransformer/AXFORM]: Transforming net.minecraft.client.gui.screens.Screen METHOD addWidget(Lnet/minecraft/client/gui/components/events/GuiEventListener;)Lnet/minecraft/client/gui/components/events/GuiEventListener; to access PUBLIC and LEAVE
[11dic2025 14:06:10.282] [main/DEBUG] [net.neoforged.fml.common.asm.RuntimeDistCleaner/DISTXFORM]: Removing Class Annotation: net/minecraft/client/gui/screens/Screen @Lnet/neoforged/api/distmarker/OnlyIn;
[11dic2025 14:06:10.288] [main/TRACE] [mixin/]: Added class metadata for net/minecraft/client/gui/screens/Screen to metadata cache
[11dic2025 14:06:10.290] [main/DEBUG] [net.neoforged.accesstransformer.AccessTransformer/AXFORM]: Transforming net.minecraft.world.inventory.AbstractContainerMenu FIELD containerId to access PUBLIC and REMOVEFINAL
[11dic2025 14:06:10.290] [main/DEBUG] [net.neoforged.accesstransformer.AccessTransformer/AXFORM]: Transforming net.minecraft.world.inventory.AbstractContainerMenu METHOD synchronizeCarriedToRemote()V to access PUBLIC and LEAVE
[11dic2025 14:06:10.297] [main/TRACE] [mixin/]: Added class metadata for net/minecraft/world/inventory/AbstractContainerMenu to metadata cache
[11dic2025 14:06:10.298] [main/DEBUG] [net.neoforged.accesstransformer.AccessTransformer/AXFORM]: Transforming net.minecraft.server.network.ServerCommonPacketListenerImpl FIELD server to access PUBLIC and LEAVE
[11dic2025 14:06:10.300] [main/TRACE] [mixin/]: Added class metadata for net/minecraft/server/network/ServerCommonPacketListenerImpl to metadata cache
[11dic2025 14:06:10.303] [main/DEBUG] [net.neoforged.accesstransformer.AccessTransformer/AXFORM]: Transforming net.minecraft.server.level.ServerPlayer INNERCLASS RespawnPosAngle to access PUBLIC and LEAVE
[11dic2025 14:06:10.303] [main/DEBUG] [net.neoforged.accesstransformer.AccessTransformer/AXFORM]: Transforming net.minecraft.server.level.ServerPlayer FIELD enteredNetherPosition to access PUBLIC and LEAVE
[11dic2025 14:06:10.303] [main/DEBUG] [net.neoforged.accesstransformer.AccessTransformer/AXFORM]: Transforming net.minecraft.server.level.ServerPlayer METHOD triggerDimensionChangeTriggers(Lnet/minecraft/server/level/ServerLevel;)V to access PUBLIC and LEAVE
[11dic2025 14:06:10.303] [main/DEBUG] [net.neoforged.accesstransformer.AccessTransformer/AXFORM]: Transforming net.minecraft.server.level.ServerPlayer METHOD checkRidingStatistics(DDD)V to access PUBLIC and LEAVE
[11dic2025 14:06:10.318] [main/TRACE] [mixin/]: Added class metadata for net/minecraft/server/level/ServerPlayer to metadata cache
[11dic2025 14:06:10.319] [main/DEBUG] [net.neoforged.accesstransformer.AccessTransformer/AXFORM]: Transforming net.minecraft.server.level.ServerPlayerGameMode FIELD isDestroyingBlock to access PUBLIC and LEAVE
[11dic2025 14:06:10.322] [main/TRACE] [mixin/]: Added class metadata for net/minecraft/server/level/ServerPlayerGameMode to metadata cache
[11dic2025 14:06:10.323] [main/TRACE] [mixin/]: Added class metadata for net/minecraft/world/level/storage/loot/functions/SetComponentsFunction to metadata cache
[11dic2025 14:06:10.325] [main/TRACE] [mixin/]: Added class metadata for net/minecraft/tags/TagLoader to metadata cache
[11dic2025 14:06:10.325] [main/DEBUG] [net.neoforged.accesstransformer.AccessTransformer/AXFORM]: Transforming net.minecraft.core.component.PatchedDataComponentMap FIELD copyOnWrite to access PUBLIC and LEAVE
[11dic2025 14:06:10.328] [main/TRACE] [mixin/]: Added class metadata for net/minecraft/core/component/PatchedDataComponentMap to metadata cache
[11dic2025 14:06:10.329] [main/DEBUG] [net.neoforged.accesstransformer.AccessTransformer/AXFORM]: Transforming net.minecraft.world.item.Item FIELD components to access PRIVATE and REMOVEFINAL
[11dic2025 14:06:10.329] [main/DEBUG] [net.neoforged.accesstransformer.AccessTransformer/AXFORM]: Transforming net.minecraft.world.item.Item METHOD getPlayerPOVHitResult(Lnet/minecraft/world/level/Level;Lnet/minecraft/world/entity/player/Player;Lnet/minecraft/world/level/ClipContext$Fluid;)Lnet/minecraft/world/phys/BlockHitResult; to access PUBLIC and LEAVE
[11dic2025 14:06:10.332] [main/TRACE] [mixin/]: Added class metadata for net/minecraft/world/item/Item to metadata cache
[11dic2025 14:06:10.336] [main/DEBUG] [net.neoforged.accesstransformer.AccessTransformer/AXFORM]: Transforming net.minecraft.world.item.ItemStack METHOD addToTooltip(Lnet/minecraft/core/component/DataComponentType;Lnet/minecraft/world/item/Item$TooltipContext;Ljava/util/function/Consumer;Lnet/minecraft/world/item/TooltipFlag;)V to access PUBLIC and LEAVE
[11dic2025 14:06:10.344] [main/TRACE] [mixin/]: Added class metadata for net/minecraft/world/item/ItemStack to metadata cache
[11dic2025 14:06:10.345] [main/DEBUG] [net.neoforged.accesstransformer.AccessTransformer/AXFORM]: Transforming net.minecraft.world.item.CreativeModeTab INNERCLASS Output to access PUBLIC and LEAVE
[11dic2025 14:06:10.346] [main/DEBUG] [net.neoforged.accesstransformer.AccessTransformer/AXFORM]: Transforming net.minecraft.world.item.CreativeModeTab INNERCLASS ItemDisplayBuilder to access PUBLIC and LEAVE
[11dic2025 14:06:10.346] [main/DEBUG] [net.neoforged.accesstransformer.AccessTransformer/AXFORM]: Transforming net.minecraft.world.item.CreativeModeTab INNERCLASS TabVisibility to access PUBLIC and LEAVE
[11dic2025 14:06:10.346] [main/DEBUG] [net.neoforged.accesstransformer.AccessTransformer/AXFORM]: Transforming net.minecraft.world.item.CreativeModeTab FIELD displayItems to access PUBLIC and LEAVE
[11dic2025 14:06:10.346] [main/DEBUG] [net.neoforged.accesstransformer.AccessTransformer/AXFORM]: Transforming net.minecraft.world.item.CreativeModeTab FIELD displayItemsGenerator to access PUBLIC and REMOVEFINAL
[11dic2025 14:06:10.346] [main/DEBUG] [net.neoforged.accesstransformer.AccessTransformer/AXFORM]: Transforming net.minecraft.world.item.CreativeModeTab METHOD <init>(Lnet/minecraft/world/item/CreativeModeTab$Row;ILnet/minecraft/world/item/CreativeModeTab$Type;Lnet/minecraft/network/chat/Component;Ljava/util/function/Supplier;Lnet/minecraft/world/item/CreativeModeTab$DisplayItemsGenerator;Lnet/minecraft/resources/ResourceLocation;ZILnet/minecraft/resources/ResourceLocation;IILjava/util/List;Ljava/util/List;)V to access PUBLIC and LEAVE
[11dic2025 14:06:10.347] [main/TRACE] [mixin/]: Added class metadata for net/minecraft/world/item/CreativeModeTab to metadata cache
[11dic2025 14:06:10.349] [main/DEBUG] [net.neoforged.accesstransformer.AccessTransformer/AXFORM]: Transforming net.minecraft.world.item.Item$Properties FIELD COMPONENT_INTERNER to access PUBLIC and LEAVE
[11dic2025 14:06:10.350] [main/TRACE] [mixin/]: Added class metadata for net/minecraft/world/item/Item$Properties to metadata cache
[11dic2025 14:06:10.351] [main/TRACE] [mixin/]: Added class metadata for net/minecraft/advancements/AdvancementProgress to metadata cache
[11dic2025 14:06:10.353] [main/TRACE] [mixin/]: Added class metadata for net/minecraft/server/PlayerAdvancements to metadata cache
[11dic2025 14:06:10.353] [main/TRACE] [mixin/]: Added class metadata for net/minecraft/server/PlayerAdvancements$Data to metadata cache
[11dic2025 14:06:10.353] [main/TRACE] [mixin/]: Added class metadata for net/minecraft/world/level/storage/PlayerDataStorage to metadata cache
[11dic2025 14:06:10.354] [main/TRACE] [mixin/]: Added class metadata for net/minecraft/world/inventory/ResultSlot to metadata cache
[11dic2025 14:06:10.355] [main/DEBUG] [net.neoforged.accesstransformer.AccessTransformer/AXFORM]: Transforming net.minecraft.world.item.crafting.RecipeManager FIELD LOGGER to access PUBLIC and LEAVE
[11dic2025 14:06:10.355] [main/DEBUG] [net.neoforged.accesstransformer.AccessTransformer/AXFORM]: Transforming net.minecraft.world.item.crafting.RecipeManager FIELD byType to access PUBLIC and LEAVE
[11dic2025 14:06:10.355] [main/DEBUG] [net.neoforged.accesstransformer.AccessTransformer/AXFORM]: Transforming net.minecraft.world.item.crafting.RecipeManager METHOD byType(Lnet/minecraft/world/item/crafting/RecipeType;)Ljava/util/Collection; to access PUBLIC and LEAVE
[11dic2025 14:06:10.355] [main/DEBUG] [net.neoforged.accesstransformer.AccessTransformer/AXFORM]: Transforming net.minecraft.world.item.crafting.RecipeManager METHOD fromJson(Lnet/minecraft/resources/ResourceLocation;Lcom/google/gson/JsonObject;Lnet/minecraft/core/HolderLookup$Provider;)Lnet/minecraft/world/item/crafting/RecipeHolder; to access PUBLIC and LEAVE
[11dic2025 14:06:10.357] [main/TRACE] [mixin/]: Added class metadata for net/minecraft/world/item/crafting/RecipeManager to metadata cache
[11dic2025 14:06:10.358] [main/DEBUG] [net.neoforged.accesstransformer.AccessTransformer/AXFORM]: Transforming net.minecraft.core.Holder$Reference METHOD bindKey(Lnet/minecraft/resources/ResourceKey;)V to access PUBLIC and LEAVE
[11dic2025 14:06:10.360] [main/TRACE] [mixin/]: Added class metadata for net/minecraft/core/Holder$Reference to metadata cache
[11dic2025 14:06:10.362] [main/TRACE] [mixin/]: Added class metadata for net/minecraft/core/MappedRegistry to metadata cache
[11dic2025 14:06:10.363] [main/TRACE] [mixin/]: Added class metadata for net/minecraft/locale/Language to metadata cache
[11dic2025 14:06:10.364] [main/TRACE] [mixin/]: Added class metadata for net/minecraft/network/chat/ComponentSerialization to metadata cache
[11dic2025 14:06:10.365] [main/TRACE] [mixin/]: Added class metadata for net/minecraft/server/Eula to metadata cache
[11dic2025 14:06:10.365] [main/TRACE] [mixin/]: Added class metadata for net/minecraft/world/level/LevelSettings to metadata cache
[11dic2025 14:06:10.366] [main/DEBUG] [net.neoforged.accesstransformer.AccessTransformer/AXFORM]: Transforming net.minecraft.world.inventory.Slot FIELD x to access PUBLIC and REMOVEFINAL
[11dic2025 14:06:10.366] [main/DEBUG] [net.neoforged.accesstransformer.AccessTransformer/AXFORM]: Transforming net.minecraft.world.inventory.Slot FIELD y to access PUBLIC and REMOVEFINAL
[11dic2025 14:06:10.367] [main/TRACE] [mixin/]: Added class metadata for net/minecraft/world/inventory/Slot to metadata cache
[11dic2025 14:06:10.369] [main/DEBUG] [net.neoforged.accesstransformer.AccessTransformer/AXFORM]: Transforming net.minecraft.world.level.block.entity.BlockEntity INNERCLASS ComponentHelper to access PUBLIC and LEAVE
[11dic2025 14:06:10.369] [main/DEBUG] [net.neoforged.accesstransformer.AccessTransformer/AXFORM]: Transforming net.minecraft.world.level.block.entity.BlockEntity INNERCLASS DataComponentInput to access PUBLIC and LEAVE
[11dic2025 14:06:10.371] [main/TRACE] [mixin/]: Added class metadata for net/minecraft/world/level/block/entity/BlockEntity to metadata cache
[11dic2025 14:06:10.371] [main/TRACE] [mixin/]: Added class metadata for org/sinytra/fabric/networking_api/NeoNetworkRegistrar to metadata cache
[11dic2025 14:06:10.381] [main/DEBUG] [net.neoforged.fml.common.asm.RuntimeDistCleaner/DISTXFORM]: Removing Class Annotation: net/minecraft/client/multiplayer/ClientCommonPacketListenerImpl @Lnet/neoforged/api/distmarker/OnlyIn;
[11dic2025 14:06:10.390] [main/TRACE] [mixin/]: Added class metadata for net/minecraft/client/multiplayer/ClientCommonPacketListenerImpl to metadata cache
[11dic2025 14:06:10.391] [main/DEBUG] [net.neoforged.fml.common.asm.RuntimeDistCleaner/DISTXFORM]: Removing Class Annotation: net/minecraft/client/multiplayer/ClientConfigurationPacketListenerImpl @Lnet/neoforged/api/distmarker/OnlyIn;
[11dic2025 14:06:10.391] [main/TRACE] [mixin/]: Added class metadata for net/minecraft/client/multiplayer/ClientConfigurationPacketListenerImpl to metadata cache
[11dic2025 14:06:10.392] [main/DEBUG] [net.neoforged.fml.common.asm.RuntimeDistCleaner/DISTXFORM]: Removing Class Annotation: net/minecraft/client/multiplayer/ClientHandshakePacketListenerImpl @Lnet/neoforged/api/distmarker/OnlyIn;
[11dic2025 14:06:10.393] [main/TRACE] [mixin/]: Added class metadata for net/minecraft/client/multiplayer/ClientHandshakePacketListenerImpl to metadata cache
[11dic2025 14:06:10.395] [main/DEBUG] [net.neoforged.accesstransformer.AccessTransformer/AXFORM]: Transforming net.minecraft.client.gui.GuiGraphics INNERCLASS ScissorStack to access PUBLIC and LEAVE
[11dic2025 14:06:10.395] [main/DEBUG] [net.neoforged.accesstransformer.AccessTransformer/AXFORM]: Transforming net.minecraft.client.gui.GuiGraphics FIELD minecraft to access PUBLIC and REMOVEFINAL
[11dic2025 14:06:10.395] [main/DEBUG] [net.neoforged.accesstransformer.AccessTransformer/AXFORM]: Transforming net.minecraft.client.gui.GuiGraphics FIELD pose to access PUBLIC and REMOVEFINAL
[11dic2025 14:06:10.395] [main/DEBUG] [net.neoforged.accesstransformer.AccessTransformer/AXFORM]: Transforming net.minecraft.client.gui.GuiGraphics FIELD bufferSource to access PUBLIC and REMOVEFINAL
[11dic2025 14:06:10.395] [main/DEBUG] [net.neoforged.accesstransformer.AccessTransformer/AXFORM]: Transforming net.minecraft.client.gui.GuiGraphics METHOD <init>(Lnet/minecraft/client/Minecraft;Lcom/mojang/blaze3d/vertex/PoseStack;Lnet/minecraft/client/renderer/MultiBufferSource$BufferSource;)V to access PROTECTED and LEAVE
[11dic2025 14:06:10.395] [main/DEBUG] [net.neoforged.accesstransformer.AccessTransformer/AXFORM]: Transforming net.minecraft.client.gui.GuiGraphics METHOD applyScissor(Lnet/minecraft/client/gui/navigation/ScreenRectangle;)V to access PROTECTED and LEAVE
[11dic2025 14:06:10.395] [main/DEBUG] [net.neoforged.accesstransformer.AccessTransformer/AXFORM]: Transforming net.minecraft.client.gui.GuiGraphics METHOD blitSprite(Lnet/minecraft/client/renderer/texture/TextureAtlasSprite;IIIIIIIII)V to access PUBLIC and LEAVE
[11dic2025 14:06:10.395] [main/DEBUG] [net.neoforged.accesstransformer.AccessTransformer/AXFORM]: Transforming net.minecraft.client.gui.GuiGraphics METHOD blitTiledSprite(Lnet/minecraft/client/renderer/texture/TextureAtlasSprite;IIIIIIIIIII)V to access PUBLIC and LEAVE
[11dic2025 14:06:10.395] [main/DEBUG] [net.neoforged.accesstransformer.AccessTransformer/AXFORM]: Transforming net.minecraft.client.gui.GuiGraphics METHOD renderTooltipInternal(Lnet/minecraft/client/gui/Font;Ljava/util/List;IILnet/minecraft/client/gui/screens/inventory/tooltip/ClientTooltipPositioner;)V to access PUBLIC and LEAVE
[11dic2025 14:06:10.395] [main/DEBUG] [net.neoforged.fml.common.asm.RuntimeDistCleaner/DISTXFORM]: Removing Class Annotation: net/minecraft/client/gui/GuiGraphics @Lnet/neoforged/api/distmarker/OnlyIn;
[11dic2025 14:06:10.399] [main/TRACE] [mixin/]: Added class metadata for net/minecraft/client/gui/GuiGraphics to metadata cache
[11dic2025 14:06:10.402] [main/DEBUG] [net.neoforged.accesstransformer.AccessTransformer/AXFORM]: Transforming net.minecraft.client.Minecraft INNERCLASS GameLoadCookie to access PUBLIC and LEAVE
[11dic2025 14:06:10.402] [main/DEBUG] [net.neoforged.accesstransformer.AccessTransformer/AXFORM]: Transforming net.minecraft.client.Minecraft FIELD pendingConnection to access PUBLIC and LEAVE
[11dic2025 14:06:10.402] [main/DEBUG] [net.neoforged.accesstransformer.AccessTransformer/AXFORM]: Transforming net.minecraft.client.Minecraft METHOD addCustomNbtData(Lnet/minecraft/world/item/ItemStack;Lnet/minecraft/world/level/block/entity/BlockEntity;Lnet/minecraft/core/RegistryAccess;)V to access PUBLIC and LEAVE
[11dic2025 14:06:10.403] [main/DEBUG] [net.neoforged.fml.common.asm.RuntimeDistCleaner/DISTXFORM]: Removing Class Annotation: net/minecraft/client/Minecraft @Lnet/neoforged/api/distmarker/OnlyIn;
[11dic2025 14:06:10.415] [main/TRACE] [mixin/]: Added class metadata for net/minecraft/client/Minecraft to metadata cache
[11dic2025 14:06:10.416] [main/DEBUG] [net.neoforged.fml.common.asm.RuntimeDistCleaner/DISTXFORM]: Removing Class Annotation: net/minecraft/client/gui/screens/inventory/EffectRenderingInventoryScreen @Lnet/neoforged/api/distmarker/OnlyIn;
[11dic2025 14:06:10.418] [main/TRACE] [mixin/]: Added class metadata for net/minecraft/client/gui/screens/inventory/EffectRenderingInventoryScreen to metadata cache
[11dic2025 14:06:10.419] [main/DEBUG] [net.neoforged.accesstransformer.AccessTransformer/AXFORM]: Transforming net.minecraft.client.gui.screens.inventory.CreativeModeInventoryScreen FIELD selectedTab to access PUBLIC and LEAVE
[11dic2025 14:06:10.420] [main/DEBUG] [net.neoforged.fml.common.asm.RuntimeDistCleaner/DISTXFORM]: Removing Class Annotation: net/minecraft/client/gui/screens/inventory/CreativeModeInventoryScreen @Lnet/neoforged/api/distmarker/OnlyIn;
[11dic2025 14:06:10.423] [main/TRACE] [mixin/]: Added class metadata for net/minecraft/client/gui/screens/inventory/CreativeModeInventoryScreen to metadata cache
[11dic2025 14:06:10.425] [main/DEBUG] [net.neoforged.accesstransformer.AccessTransformer/AXFORM]: Transforming net.minecraft.client.renderer.GameRenderer FIELD renderBuffers to access PUBLIC and LEAVE
[11dic2025 14:06:10.425] [main/DEBUG] [net.neoforged.accesstransformer.AccessTransformer/AXFORM]: Transforming net.minecraft.client.renderer.GameRenderer METHOD loadEffect(Lnet/minecraft/resources/ResourceLocation;)V to access PUBLIC and LEAVE
[11dic2025 14:06:10.426] [main/DEBUG] [net.neoforged.fml.common.asm.RuntimeDistCleaner/DISTXFORM]: Removing Class Annotation: net/minecraft/client/renderer/GameRenderer @Lnet/neoforged/api/distmarker/OnlyIn;
[11dic2025 14:06:10.431] [main/TRACE] [mixin/]: Added class metadata for net/minecraft/client/renderer/GameRenderer to metadata cache
[11dic2025 14:06:10.432] [main/DEBUG] [net.neoforged.fml.common.asm.RuntimeDistCleaner/DISTXFORM]: Removing Class Annotation: net/minecraft/client/renderer/ShaderInstance @Lnet/neoforged/api/distmarker/OnlyIn;
[11dic2025 14:06:10.433] [main/TRACE] [mixin/]: Added class metadata for net/minecraft/client/renderer/ShaderInstance to metadata cache
[11dic2025 14:06:10.434] [main/DEBUG] [net.neoforged.fml.common.asm.RuntimeDistCleaner/DISTXFORM]: Removing Class Annotation: net/minecraft/client/resources/language/ClientLanguage @Lnet/neoforged/api/distmarker/OnlyIn;
[11dic2025 14:06:10.434] [main/TRACE] [mixin/]: Added class metadata for net/minecraft/client/resources/language/ClientLanguage to metadata cache
[11dic2025 14:06:10.435] [main/TRACE] [mixin/]: Added class metadata for net/minecraft/Util$OS to metadata cache
[11dic2025 14:06:10.436] [main/DEBUG] [net.neoforged.accesstransformer.AccessTransformer/AXFORM]: Transforming net.minecraft.client.gui.components.EditBox FIELD SPRITES to access PUBLIC and LEAVE
[11dic2025 14:06:10.436] [main/DEBUG] [net.neoforged.accesstransformer.AccessTransformer/AXFORM]: Transforming net.minecraft.client.gui.components.EditBox FIELD maxLength to access PUBLIC and LEAVE
[11dic2025 14:06:10.436] [main/DEBUG] [net.neoforged.accesstransformer.AccessTransformer/AXFORM]: Transforming net.minecraft.client.gui.components.EditBox FIELD canLoseFocus to access PUBLIC and LEAVE
[11dic2025 14:06:10.436] [main/DEBUG] [net.neoforged.accesstransformer.AccessTransformer/AXFORM]: Transforming net.minecraft.client.gui.components.EditBox FIELD highlightPos to access PUBLIC and LEAVE
[11dic2025 14:06:10.436] [main/DEBUG] [net.neoforged.accesstransformer.AccessTransformer/AXFORM]: Transforming net.minecraft.client.gui.components.EditBox METHOD isEditable()Z to access PUBLIC and LEAVE
[11dic2025 14:06:10.437] [main/DEBUG] [net.neoforged.fml.common.asm.RuntimeDistCleaner/DISTXFORM]: Removing Class Annotation: net/minecraft/client/gui/components/EditBox @Lnet/neoforged/api/distmarker/OnlyIn;
[11dic2025 14:06:10.438] [main/TRACE] [mixin/]: Added class metadata for net/minecraft/client/gui/components/EditBox to metadata cache
[11dic2025 14:06:10.439] [main/DEBUG] [net.neoforged.fml.common.asm.RuntimeDistCleaner/DISTXFORM]: Removing Class Annotation: net/minecraft/client/gui/screens/ChatScreen @Lnet/neoforged/api/distmarker/OnlyIn;
[11dic2025 14:06:10.440] [main/TRACE] [mixin/]: Added class metadata for net/minecraft/client/gui/screens/ChatScreen to metadata cache
[11dic2025 14:06:10.440] [main/DEBUG] [net.neoforged.accesstransformer.AccessTransformer/AXFORM]: Transforming net.minecraft.client.gui.components.AbstractWidget FIELD PERIOD_PER_SCROLLED_PIXEL to access PUBLIC and LEAVE
[11dic2025 14:06:10.441] [main/DEBUG] [net.neoforged.accesstransformer.AccessTransformer/AXFORM]: Transforming net.minecraft.client.gui.components.AbstractWidget FIELD MIN_SCROLL_PERIOD to access PUBLIC and LEAVE
[11dic2025 14:06:10.441] [main/DEBUG] [net.neoforged.accesstransformer.AccessTransformer/AXFORM]: Transforming net.minecraft.client.gui.components.AbstractWidget FIELD tooltip to access PUBLIC and LEAVE
[11dic2025 14:06:10.441] [main/DEBUG] [net.neoforged.accesstransformer.AccessTransformer/AXFORM]: Transforming net.minecraft.client.gui.components.AbstractWidget METHOD render(Lnet/minecraft/client/gui/GuiGraphics;IIF)V to access PUBLIC and REMOVEFINAL
[11dic2025 14:06:10.441] [main/DEBUG] [net.neoforged.accesstransformer.AccessTransformer/AXFORM]: Transforming net.minecraft.client.gui.components.AbstractWidget METHOD renderScrollingString(Lnet/minecraft/client/gui/GuiGraphics;Lnet/minecraft/client/gui/Font;Lnet/minecraft/network/chat/Component;IIIII)V to access PUBLIC and LEAVE
[11dic2025 14:06:10.441] [main/DEBUG] [net.neoforged.accesstransformer.AccessTransformer/AXFORM]: Transforming net.minecraft.client.gui.components.AbstractWidget METHOD renderScrollingString(Lnet/minecraft/client/gui/GuiGraphics;Lnet/minecraft/client/gui/Font;Lnet/minecraft/network/chat/Component;IIIIII)V to access PUBLIC and LEAVE
[11dic2025 14:06:10.441] [main/DEBUG] [net.neoforged.fml.common.asm.RuntimeDistCleaner/DISTXFORM]: Removing Class Annotation: net/minecraft/client/gui/components/AbstractWidget @Lnet/neoforged/api/distmarker/OnlyIn;
[11dic2025 14:06:10.442] [main/TRACE] [mixin/]: Added class metadata for net/minecraft/client/gui/components/AbstractWidget to metadata cache
[11dic2025 14:06:10.442] [main/DEBUG] [net.neoforged.fml.common.asm.RuntimeDistCleaner/DISTXFORM]: Removing Class Annotation: net/minecraft/client/gui/components/MultiLineEditBox @Lnet/neoforged/api/distmarker/OnlyIn;
[11dic2025 14:06:10.443] [main/TRACE] [mixin/]: Added class metadata for net/minecraft/client/gui/components/MultiLineEditBox to metadata cache
[11dic2025 14:06:10.444] [main/DEBUG] [net.neoforged.accesstransformer.AccessTransformer/AXFORM]: Transforming net.minecraft.client.renderer.entity.EntityRenderDispatcher FIELD renderers to access PUBLIC and LEAVE
[11dic2025 14:06:10.445] [main/DEBUG] [net.neoforged.fml.common.asm.RuntimeDistCleaner/DISTXFORM]: Removing Class Annotation: net/minecraft/client/renderer/entity/EntityRenderDispatcher @Lnet/neoforged/api/distmarker/OnlyIn;
[11dic2025 14:06:10.446] [main/TRACE] [mixin/]: Added class metadata for net/minecraft/client/renderer/entity/EntityRenderDispatcher to metadata cache
[11dic2025 14:06:10.446] [main/DEBUG] [net.neoforged.fml.common.asm.RuntimeDistCleaner/DISTXFORM]: Removing Class Annotation: net/minecraft/client/renderer/entity/EntityRenderer @Lnet/neoforged/api/distmarker/OnlyIn;
[11dic2025 14:06:10.447] [main/TRACE] [mixin/]: Added class metadata for net/minecraft/client/renderer/entity/EntityRenderer to metadata cache
[11dic2025 14:06:10.449] [main/DEBUG] [net.neoforged.accesstransformer.AccessTransformer/AXFORM]: Transforming net.minecraft.client.gui.screens.inventory.AbstractContainerScreen FIELD hoveredSlot to access PUBLIC and LEAVE
[11dic2025 14:06:10.449] [main/DEBUG] [net.neoforged.accesstransformer.AccessTransformer/AXFORM]: Transforming net.minecraft.client.gui.screens.inventory.AbstractContainerScreen FIELD clickedSlot to access PROTECTED and LEAVE
[11dic2025 14:06:10.449] [main/DEBUG] [net.neoforged.accesstransformer.AccessTransformer/AXFORM]: Transforming net.minecraft.client.gui.screens.inventory.AbstractContainerScreen FIELD snapbackEnd to access PROTECTED and LEAVE
[11dic2025 14:06:10.449] [main/DEBUG] [net.neoforged.accesstransformer.AccessTransformer/AXFORM]: Transforming net.minecraft.client.gui.screens.inventory.AbstractContainerScreen FIELD lastClickSlot to access PROTECTED and LEAVE
[11dic2025 14:06:10.449] [main/DEBUG] [net.neoforged.accesstransformer.AccessTransformer/AXFORM]: Transforming net.minecraft.client.gui.screens.inventory.AbstractContainerScreen FIELD isSplittingStack to access PROTECTED and LEAVE
[11dic2025 14:06:10.449] [main/DEBUG] [net.neoforged.accesstransformer.AccessTransformer/AXFORM]: Transforming net.minecraft.client.gui.screens.inventory.AbstractContainerScreen FIELD draggingItem to access PROTECTED and LEAVE
[11dic2025 14:06:10.449] [main/DEBUG] [net.neoforged.accesstransformer.AccessTransformer/AXFORM]: Transforming net.minecraft.client.gui.screens.inventory.AbstractContainerScreen FIELD snapbackStartX to access PROTECTED and LEAVE
[11dic2025 14:06:10.449] [main/DEBUG] [net.neoforged.accesstransformer.AccessTransformer/AXFORM]: Transforming net.minecraft.client.gui.screens.inventory.AbstractContainerScreen FIELD snapbackStartY to access PROTECTED and LEAVE
[11dic2025 14:06:10.449] [main/DEBUG] [net.neoforged.accesstransformer.AccessTransformer/AXFORM]: Transforming net.minecraft.client.gui.screens.inventory.AbstractContainerScreen FIELD snapbackTime to access PROTECTED and LEAVE
[11dic2025 14:06:10.449] [main/DEBUG] [net.neoforged.accesstransformer.AccessTransformer/AXFORM]: Transforming net.minecraft.client.gui.screens.inventory.AbstractContainerScreen FIELD snapbackItem to access PROTECTED and LEAVE
[11dic2025 14:06:10.449] [main/DEBUG] [net.neoforged.accesstransformer.AccessTransformer/AXFORM]: Transforming net.minecraft.client.gui.screens.inventory.AbstractContainerScreen FIELD quickCraftingType to access PROTECTED and LEAVE
[11dic2025 14:06:10.449] [main/DEBUG] [net.neoforged.accesstransformer.AccessTransformer/AXFORM]: Transforming net.minecraft.client.gui.screens.inventory.AbstractContainerScreen FIELD quickCraftingButton to access PROTECTED and LEAVE
[11dic2025 14:06:10.449] [main/DEBUG] [net.neoforged.accesstransformer.AccessTransformer/AXFORM]: Transforming net.minecraft.client.gui.screens.inventory.AbstractContainerScreen FIELD skipNextRelease to access PROTECTED and LEAVE
[11dic2025 14:06:10.449] [main/DEBUG] [net.neoforged.accesstransformer.AccessTransformer/AXFORM]: Transforming net.minecraft.client.gui.screens.inventory.AbstractContainerScreen FIELD quickCraftingRemainder to access PROTECTED and LEAVE
[11dic2025 14:06:10.449] [main/DEBUG] [net.neoforged.accesstransformer.AccessTransformer/AXFORM]: Transforming net.minecraft.client.gui.screens.inventory.AbstractContainerScreen FIELD lastClickTime to access PROTECTED and LEAVE
[11dic2025 14:06:10.449] [main/DEBUG] [net.neoforged.accesstransformer.AccessTransformer/AXFORM]: Transforming net.minecraft.client.gui.screens.inventory.AbstractContainerScreen FIELD lastClickButton to access PROTECTED and LEAVE
[11dic2025 14:06:10.449] [main/DEBUG] [net.neoforged.accesstransformer.AccessTransformer/AXFORM]: Transforming net.minecraft.client.gui.screens.inventory.AbstractContainerScreen FIELD doubleclick to access PROTECTED and LEAVE
[11dic2025 14:06:10.449] [main/DEBUG] [net.neoforged.accesstransformer.AccessTransformer/AXFORM]: Transforming net.minecraft.client.gui.screens.inventory.AbstractContainerScreen FIELD lastQuickMoved to access PROTECTED and LEAVE
[11dic2025 14:06:10.449] [main/DEBUG] [net.neoforged.accesstransformer.AccessTransformer/AXFORM]: Transforming net.minecraft.client.gui.screens.inventory.AbstractContainerScreen METHOD renderFloatingItem(Lnet/minecraft/client/gui/GuiGraphics;Lnet/minecraft/world/item/ItemStack;IILjava/lang/String;)V to access PROTECTED and LEAVE
[11dic2025 14:06:10.449] [main/DEBUG] [net.neoforged.accesstransformer.AccessTransformer/AXFORM]: Transforming net.minecraft.client.gui.screens.inventory.AbstractContainerScreen METHOD renderSlot(Lnet/minecraft/client/gui/GuiGraphics;Lnet/minecraft/world/inventory/Slot;)V to access PUBLIC and LEAVE
[11dic2025 14:06:10.449] [main/DEBUG] [net.neoforged.accesstransformer.AccessTransformer/AXFORM]: Transforming net.minecraft.client.gui.screens.inventory.AbstractContainerScreen METHOD recalculateQuickCraftRemaining()V to access PROTECTED and LEAVE
[11dic2025 14:06:10.449] [main/DEBUG] [net.neoforged.accesstransformer.AccessTransformer/AXFORM]: Transforming net.minecraft.client.gui.screens.inventory.AbstractContainerScreen METHOD findSlot(DD)Lnet/minecraft/world/inventory/Slot; to access PROTECTED and LEAVE
[11dic2025 14:06:10.449] [main/DEBUG] [net.neoforged.accesstransformer.AccessTransformer/AXFORM]: Transforming net.minecraft.client.gui.screens.inventory.AbstractContainerScreen METHOD checkHotbarMouseClicked(I)V to access PROTECTED and LEAVE
[11dic2025 14:06:10.449] [main/DEBUG] [net.neoforged.accesstransformer.AccessTransformer/AXFORM]: Transforming net.minecraft.client.gui.screens.inventory.AbstractContainerScreen METHOD isHovering(Lnet/minecraft/world/inventory/Slot;DD)Z to access PROTECTED and LEAVE
[11dic2025 14:06:10.450] [main/DEBUG] [net.neoforged.fml.common.asm.RuntimeDistCleaner/DISTXFORM]: Removing Class Annotation: net/minecraft/client/gui/screens/inventory/AbstractContainerScreen @Lnet/neoforged/api/distmarker/OnlyIn;
[11dic2025 14:06:10.456] [main/TRACE] [mixin/]: Added class metadata for net/minecraft/client/gui/screens/inventory/AbstractContainerScreen to metadata cache
[11dic2025 14:06:10.457] [main/DEBUG] [net.neoforged.fml.common.asm.RuntimeDistCleaner/DISTXFORM]: Removing Class Annotation: com/mojang/blaze3d/systems/RenderSystem @Lnet/neoforged/api/distmarker/OnlyIn;
[11dic2025 14:06:10.459] [main/TRACE] [mixin/]: Added class metadata for com/mojang/blaze3d/systems/RenderSystem to metadata cache
[11dic2025 14:06:10.459] [main/DEBUG] [net.neoforged.accesstransformer.AccessTransformer/AXFORM]: Transforming net.minecraft.client.gui.components.AbstractSliderButton METHOD getSprite()Lnet/minecraft/resources/ResourceLocation; to access PROTECTED and LEAVE
[11dic2025 14:06:10.460] [main/DEBUG] [net.neoforged.accesstransformer.AccessTransformer/AXFORM]: Transforming net.minecraft.client.gui.components.AbstractSliderButton METHOD getHandleSprite()Lnet/minecraft/resources/ResourceLocation; to access PROTECTED and LEAVE
[11dic2025 14:06:10.460] [main/DEBUG] [net.neoforged.fml.common.asm.RuntimeDistCleaner/DISTXFORM]: Removing Class Annotation: net/minecraft/client/gui/components/AbstractSliderButton @Lnet/neoforged/api/distmarker/OnlyIn;
[11dic2025 14:06:10.460] [main/TRACE] [mixin/]: Added class metadata for net/minecraft/client/gui/components/AbstractSliderButton to metadata cache
[11dic2025 14:06:10.461] [main/DEBUG] [net.neoforged.fml.common.asm.RuntimeDistCleaner/DISTXFORM]: Removing Class Annotation: com/mojang/blaze3d/vertex/Tesselator @Lnet/neoforged/api/distmarker/OnlyIn;
[11dic2025 14:06:10.461] [main/TRACE] [mixin/]: Added class metadata for com/mojang/blaze3d/vertex/Tesselator to metadata cache
[11dic2025 14:06:10.461] [main/TRACE] [mixin/]: Added class metadata for io/wispforest/owo/ui/base/BaseOwoHandledScreen to metadata cache
[11dic2025 14:06:10.462] [main/DEBUG] [net.neoforged.fml.common.asm.RuntimeDistCleaner/DISTXFORM]: Removing Class Annotation: net/minecraft/client/gui/components/Button @Lnet/neoforged/api/distmarker/OnlyIn;
[11dic2025 14:06:10.462] [main/TRACE] [mixin/]: Added class metadata for net/minecraft/client/gui/components/Button to metadata cache
[11dic2025 14:06:10.463] [main/DEBUG] [net.neoforged.accesstransformer.AccessTransformer/AXFORM]: Transforming net.minecraft.client.gui.components.Checkbox METHOD <init>(IIILnet/minecraft/network/chat/Component;Lnet/minecraft/client/gui/Font;ZLnet/minecraft/client/gui/components/Checkbox$OnValueChange;)V to access PUBLIC and LEAVE
[11dic2025 14:06:10.463] [main/DEBUG] [net.neoforged.fml.common.asm.RuntimeDistCleaner/DISTXFORM]: Removing Class Annotation: net/minecraft/client/gui/components/Checkbox @Lnet/neoforged/api/distmarker/OnlyIn;
[11dic2025 14:06:10.463] [main/TRACE] [mixin/]: Added class metadata for net/minecraft/client/gui/components/Checkbox to metadata cache
[11dic2025 14:06:10.464] [main/DEBUG] [net.neoforged.accesstransformer.AccessTransformer/AXFORM]: Transforming net.minecraft.client.gui.components.MultilineTextField INNERCLASS StringView to access PUBLIC and LEAVE
[11dic2025 14:06:10.464] [main/DEBUG] [net.neoforged.fml.common.asm.RuntimeDistCleaner/DISTXFORM]: Removing Class Annotation: net/minecraft/client/gui/components/MultilineTextField @Lnet/neoforged/api/distmarker/OnlyIn;
[11dic2025 14:06:10.465] [main/TRACE] [mixin/]: Added class metadata for net/minecraft/client/gui/components/MultilineTextField to metadata cache
[11dic2025 14:06:10.465] [main/TRACE] [mixin/]: Added class metadata for io/wispforest/owo/ui/component/TextBoxComponent to metadata cache
[11dic2025 14:06:10.466] [main/DEBUG] [net.neoforged.fml.common.asm.RuntimeDistCleaner/DISTXFORM]: Removing Class Annotation: net/minecraft/client/KeyboardHandler @Lnet/neoforged/api/distmarker/OnlyIn;
[11dic2025 14:06:10.468] [main/TRACE] [mixin/]: Added class metadata for net/minecraft/client/KeyboardHandler to metadata cache
[11dic2025 14:06:10.468] [main/DEBUG] [net.neoforged.fml.common.asm.RuntimeDistCleaner/DISTXFORM]: Removing Class Annotation: net/minecraft/client/MouseHandler @Lnet/neoforged/api/distmarker/OnlyIn;
[11dic2025 14:06:10.469] [main/TRACE] [mixin/]: Added class metadata for net/minecraft/client/MouseHandler to metadata cache
[11dic2025 14:06:10.469] [main/DEBUG] [mixin/]: Preparing jade.mixins.json (6)
[11dic2025 14:06:10.471] [main/DEBUG] [net.neoforged.accesstransformer.AccessTransformer/AXFORM]: Transforming net.minecraft.world.level.block.entity.AbstractFurnaceBlockEntity FIELD litTime to access PUBLIC and LEAVE
[11dic2025 14:06:10.472] [main/TRACE] [mixin/]: Added class metadata for net/minecraft/world/level/block/entity/AbstractFurnaceBlockEntity to metadata cache
[11dic2025 14:06:10.473] [main/TRACE] [mixin/]: Added class metadata for net/neoforged/neoforge/common/loot/CanItemPerformAbility to metadata cache
[11dic2025 14:06:10.477] [main/DEBUG] [net.neoforged.accesstransformer.AccessTransformer/AXFORM]: Transforming net.minecraft.world.entity.Entity FIELD ENTITY_COUNTER to access PROTECTED and LEAVE
[11dic2025 14:06:10.477] [main/DEBUG] [net.neoforged.accesstransformer.AccessTransformer/AXFORM]: Transforming net.minecraft.world.entity.Entity METHOD isInRain()Z to access PUBLIC and LEAVE
[11dic2025 14:06:10.477] [main/DEBUG] [net.neoforged.accesstransformer.AccessTransformer/AXFORM]: Transforming net.minecraft.world.entity.Entity METHOD getEncodeId()Ljava/lang/String; to access PUBLIC and LEAVE
[11dic2025 14:06:10.477] [main/DEBUG] [net.neoforged.accesstransformer.AccessTransformer/AXFORM]: Transforming net.minecraft.world.entity.Entity METHOD setLevel(Lnet/minecraft/world/level/Level;)V to access PUBLIC and LEAVE
[11dic2025 14:06:10.484] [main/TRACE] [mixin/]: Added class metadata for net/minecraft/world/entity/Entity to metadata cache
[11dic2025 14:06:10.486] [main/DEBUG] [net.neoforged.accesstransformer.AccessTransformer/AXFORM]: Transforming net.minecraft.client.gui.Font INNERCLASS StringRenderOutput to access PUBLIC and LEAVE
[11dic2025 14:06:10.486] [main/DEBUG] [net.neoforged.accesstransformer.AccessTransformer/AXFORM]: Transforming net.minecraft.client.gui.Font METHOD getFontSet(Lnet/minecraft/resources/ResourceLocation;)Lnet/minecraft/client/gui/font/FontSet; to access PUBLIC and LEAVE
[11dic2025 14:06:10.487] [main/DEBUG] [net.neoforged.fml.common.asm.RuntimeDistCleaner/DISTXFORM]: Removing Class Annotation: net/minecraft/client/gui/Font @Lnet/neoforged/api/distmarker/OnlyIn;
[11dic2025 14:06:10.487] [main/TRACE] [mixin/]: Added class metadata for net/minecraft/client/gui/Font to metadata cache
[11dic2025 14:06:10.488] [main/DEBUG] [net.neoforged.accesstransformer.AccessTransformer/AXFORM]: Transforming net.minecraft.client.multiplayer.SessionSearchTrees INNERCLASS Key to access PUBLIC and LEAVE
[11dic2025 14:06:10.488] [main/DEBUG] [net.neoforged.accesstransformer.AccessTransformer/AXFORM]: Transforming net.minecraft.client.multiplayer.SessionSearchTrees FIELD CREATIVE_NAMES to access PUBLIC and LEAVE
[11dic2025 14:06:10.488] [main/DEBUG] [net.neoforged.accesstransformer.AccessTransformer/AXFORM]: Transforming net.minecraft.client.multiplayer.SessionSearchTrees FIELD CREATIVE_TAGS to access PUBLIC and LEAVE
[11dic2025 14:06:10.488] [main/DEBUG] [net.neoforged.fml.common.asm.RuntimeDistCleaner/DISTXFORM]: Removing Class Annotation: net/minecraft/client/multiplayer/SessionSearchTrees @Lnet/neoforged/api/distmarker/OnlyIn;
[11dic2025 14:06:10.489] [main/TRACE] [mixin/]: Added class metadata for net/minecraft/client/multiplayer/SessionSearchTrees to metadata cache
[11dic2025 14:06:10.489] [main/DEBUG] [net.neoforged.accesstransformer.AccessTransformer/AXFORM]: Transforming net.minecraft.client.gui.Font$StringRenderOutput CLASS to access PUBLIC and LEAVE
[11dic2025 14:06:10.490] [main/DEBUG] [net.neoforged.fml.common.asm.RuntimeDistCleaner/DISTXFORM]: Removing Class Annotation: net/minecraft/client/gui/Font$StringRenderOutput @Lnet/neoforged/api/distmarker/OnlyIn;
[11dic2025 14:06:10.490] [main/TRACE] [mixin/]: Added class metadata for net/minecraft/client/gui/Font$StringRenderOutput to metadata cache
[11dic2025 14:06:10.490] [main/DEBUG] [mixin/]: Preparing geckolib.mixins.json (6)
[11dic2025 14:06:10.492] [main/DEBUG] [net.neoforged.fml.common.asm.RuntimeDistCleaner/DISTXFORM]: Removing Class Annotation: net/minecraft/client/renderer/BlockEntityWithoutLevelRenderer @Lnet/neoforged/api/distmarker/OnlyIn;
[11dic2025 14:06:10.493] [main/TRACE] [mixin/]: Added class metadata for net/minecraft/client/renderer/BlockEntityWithoutLevelRenderer to metadata cache
[11dic2025 14:06:10.494] [main/DEBUG] [net.neoforged.accesstransformer.AccessTransformer/AXFORM]: Transforming net.minecraft.client.renderer.entity.layers.HumanoidArmorLayer FIELD innerModel to access PUBLIC and LEAVE
[11dic2025 14:06:10.494] [main/DEBUG] [net.neoforged.accesstransformer.AccessTransformer/AXFORM]: Transforming net.minecraft.client.renderer.entity.layers.HumanoidArmorLayer FIELD outerModel to access PUBLIC and LEAVE
[11dic2025 14:06:10.494] [main/DEBUG] [net.neoforged.fml.common.asm.RuntimeDistCleaner/DISTXFORM]: Removing Class Annotation: net/minecraft/client/renderer/entity/layers/HumanoidArmorLayer @Lnet/neoforged/api/distmarker/OnlyIn;
[11dic2025 14:06:10.495] [main/TRACE] [mixin/]: Added class metadata for net/minecraft/client/renderer/entity/layers/HumanoidArmorLayer to metadata cache
[11dic2025 14:06:10.500] [main/DEBUG] [net.neoforged.accesstransformer.AccessTransformer/AXFORM]: Transforming net.minecraft.client.renderer.LevelRenderer FIELD renderBuffers to access PUBLIC and LEAVE
[11dic2025 14:06:10.500] [main/DEBUG] [net.neoforged.accesstransformer.AccessTransformer/AXFORM]: Transforming net.minecraft.client.renderer.LevelRenderer METHOD shouldShowEntityOutlines()Z to access PUBLIC and LEAVE
[11dic2025 14:06:10.500] [main/DEBUG] [net.neoforged.accesstransformer.AccessTransformer/AXFORM]: Transforming net.minecraft.client.renderer.LevelRenderer METHOD renderHitOutline(Lcom/mojang/blaze3d/vertex/PoseStack;Lcom/mojang/blaze3d/vertex/VertexConsumer;Lnet/minecraft/world/entity/Entity;DDDLnet/minecraft/core/BlockPos;Lnet/minecraft/world/level/block/state/BlockState;)V to access PUBLIC and LEAVE
[11dic2025 14:06:10.500] [main/DEBUG] [net.neoforged.accesstransformer.AccessTransformer/AXFORM]: Transforming net.minecraft.client.renderer.LevelRenderer METHOD renderShape(Lcom/mojang/blaze3d/vertex/PoseStack;Lcom/mojang/blaze3d/vertex/VertexConsumer;Lnet/minecraft/world/phys/shapes/VoxelShape;DDDFFFF)V to access PUBLIC and LEAVE
[11dic2025 14:06:10.501] [main/DEBUG] [net.neoforged.fml.common.asm.RuntimeDistCleaner/DISTXFORM]: Removing Class Annotation: net/minecraft/client/renderer/LevelRenderer @Lnet/neoforged/api/distmarker/OnlyIn;
[11dic2025 14:06:10.508] [main/TRACE] [mixin/]: Added class metadata for net/minecraft/client/renderer/LevelRenderer to metadata cache
[11dic2025 14:06:10.509] [main/DEBUG] [net.neoforged.fml.common.asm.RuntimeDistCleaner/DISTXFORM]: Removing Class Annotation: net/minecraft/client/renderer/texture/TextureManager @Lnet/neoforged/api/distmarker/OnlyIn;
[11dic2025 14:06:10.510] [main/TRACE] [mixin/]: Added class metadata for net/minecraft/client/renderer/texture/TextureManager to metadata cache
[11dic2025 14:06:10.510] [main/DEBUG] [mixin/]: Preparing kubejs.mixins.json (79)
[11dic2025 14:06:10.521] [main/TRACE] [mixin/]: Added class metadata for net/minecraft/advancements/AdvancementNode to metadata cache
[11dic2025 14:06:10.521] [main/DEBUG] [net.neoforged.accesstransformer.AccessTransformer/AXFORM]: Transforming net.minecraft.world.level.block.state.BlockBehaviour FIELD properties to access PUBLIC and LEAVE
[11dic2025 14:06:10.522] [main/DEBUG] [net.neoforged.accesstransformer.AccessTransformer/AXFORM]: Transforming net.minecraft.world.level.block.state.BlockBehaviour METHOD propertiesCodec()Lcom/mojang/serialization/codecs/RecordCodecBuilder; to access PUBLIC and LEAVE
[11dic2025 14:06:10.523] [main/TRACE] [mixin/]: Added class metadata for net/minecraft/world/level/block/state/BlockBehaviour to metadata cache
[11dic2025 14:06:10.524] [main/DEBUG] [net.neoforged.accesstransformer.AccessTransformer/AXFORM]: Transforming net.minecraft.world.level.block.Block METHOD popExperience(Lnet/minecraft/server/level/ServerLevel;Lnet/minecraft/core/BlockPos;I)V to access PUBLIC and LEAVE
[11dic2025 14:06:10.525] [main/TRACE] [mixin/]: Added class metadata for net/minecraft/world/level/block/Block to metadata cache
[11dic2025 14:06:10.526] [main/DEBUG] [net.neoforged.accesstransformer.AccessTransformer/AXFORM]: Transforming net.minecraft.world.level.block.state.BlockBehaviour$BlockStateBase FIELD destroySpeed to access PUBLIC and LEAVE
[11dic2025 14:06:10.527] [main/TRACE] [mixin/]: Added class metadata for net/minecraft/world/level/block/state/BlockBehaviour$BlockStateBase to metadata cache
[11dic2025 14:06:10.528] [main/TRACE] [mixin/]: Added class metadata for net/minecraft/ChatFormatting to metadata cache
[11dic2025 14:06:10.528] [main/TRACE] [mixin/]: Added class metadata for net/minecraft/network/chat/ClickEvent to metadata cache
[11dic2025 14:06:10.528] [main/TRACE] [mixin/]: Added class metadata for net/minecraft/nbt/CollectionTag to metadata cache
[11dic2025 14:06:10.529] [main/DEBUG] [net.neoforged.accesstransformer.AccessTransformer/AXFORM]: Transforming net.minecraft.commands.CommandSourceStack FIELD source to access PUBLIC and LEAVE
[11dic2025 14:06:10.530] [main/TRACE] [mixin/]: Added class metadata for net/minecraft/commands/CommandSourceStack to metadata cache
[11dic2025 14:06:10.531] [main/TRACE] [mixin/]: Added class metadata for net/minecraft/world/Container to metadata cache
[11dic2025 14:06:10.532] [main/DEBUG] [net.neoforged.accesstransformer.AccessTransformer/AXFORM]: Transforming net.minecraft.world.damagesource.DamageSource METHOD <init>(Lnet/minecraft/core/Holder;Lnet/minecraft/world/entity/Entity;Lnet/minecraft/world/entity/Entity;Lnet/minecraft/world/phys/Vec3;)V to access PUBLIC and LEAVE
[11dic2025 14:06:10.532] [main/TRACE] [mixin/]: Added class metadata for net/minecraft/world/damagesource/DamageSource to metadata cache
[11dic2025 14:06:10.533] [main/TRACE] [mixin/]: Added class metadata for net/minecraft/core/component/DataComponents to metadata cache
[11dic2025 14:06:10.533] [main/TRACE] [mixin/]: Added class metadata for net/neoforged/neoforge/common/crafting/DifferenceIngredient to metadata cache
[11dic2025 14:06:10.535] [main/TRACE] [mixin/]: Added class metadata for net/minecraft/core/Direction to metadata cache
[11dic2025 14:06:10.536] [main/TRACE] [mixin/]: Added class metadata for net/minecraft/world/item/DyeColor to metadata cache
[11dic2025 14:06:10.545] [main/TRACE] [mixin/]: Added class metadata for net/minecraft/world/entity/EntityType to metadata cache
[11dic2025 14:06:10.561] [main/TRACE] [mixin/]: Added class metadata for net/minecraft/world/entity/item/FallingBlockEntity to metadata cache
[11dic2025 14:06:10.562] [main/TRACE] [mixin/]: Added class metadata for net/minecraft/world/entity/projectile/FireworkRocketEntity to metadata cache
[11dic2025 14:06:10.563] [main/TRACE] [mixin/]: Added class metadata for net/neoforged/neoforge/fluids/crafting/FluidIngredient to metadata cache
[11dic2025 14:06:10.563] [main/TRACE] [mixin/]: Added class metadata for net/minecraft/world/level/material/Fluid to metadata cache
[11dic2025 14:06:10.564] [main/TRACE] [mixin/]: Added class metadata for net/neoforged/neoforge/fluids/FluidStack to metadata cache
[11dic2025 14:06:10.565] [main/DEBUG] [net.neoforged.accesstransformer.AccessTransformer/AXFORM]: Transforming net.minecraft.world.level.GameRules METHOD register(Ljava/lang/String;Lnet/minecraft/world/level/GameRules$Category;Lnet/minecraft/world/level/GameRules$Type;)Lnet/minecraft/world/level/GameRules$Key; to access PUBLIC and LEAVE
[11dic2025 14:06:10.566] [main/TRACE] [mixin/]: Added class metadata for net/minecraft/world/level/GameRules to metadata cache
[11dic2025 14:06:10.566] [main/TRACE] [mixin/]: Added class metadata for net/neoforged/neoforge/items/IItemHandler to metadata cache
[11dic2025 14:06:10.567] [main/DEBUG] [net.neoforged.accesstransformer.AccessTransformer/AXFORM]: Transforming net.minecraft.world.item.crafting.Ingredient INNERCLASS Value to access PUBLIC and REMOVEFINAL
[11dic2025 14:06:10.567] [main/DEBUG] [net.neoforged.accesstransformer.AccessTransformer/AXFORM]: Transforming net.minecraft.world.item.crafting.Ingredient INNERCLASS TagValue to access PUBLIC and LEAVE
[11dic2025 14:06:10.567] [main/DEBUG] [net.neoforged.accesstransformer.AccessTransformer/AXFORM]: Transforming net.minecraft.world.item.crafting.Ingredient INNERCLASS ItemValue to access PUBLIC and LEAVE
[11dic2025 14:06:10.567] [main/DEBUG] [net.neoforged.accesstransformer.AccessTransformer/AXFORM]: Transforming net.minecraft.world.item.crafting.Ingredient CLASS to access PUBLIC and REMOVEFINAL
[11dic2025 14:06:10.567] [main/DEBUG] [net.neoforged.accesstransformer.AccessTransformer/AXFORM]: Transforming net.minecraft.world.item.crafting.Ingredient FIELD values to access PUBLIC and REMOVEFINAL
[11dic2025 14:06:10.567] [main/DEBUG] [net.neoforged.accesstransformer.AccessTransformer/AXFORM]: Transforming net.minecraft.world.item.crafting.Ingredient FIELD itemStacks to access PUBLIC and LEAVE
[11dic2025 14:06:10.567] [main/DEBUG] [net.neoforged.accesstransformer.AccessTransformer/AXFORM]: Transforming net.minecraft.world.item.crafting.Ingredient FIELD stackingIds to access PUBLIC and LEAVE
[11dic2025 14:06:10.567] [main/DEBUG] [net.neoforged.accesstransformer.AccessTransformer/AXFORM]: Transforming net.minecraft.world.item.crafting.Ingredient METHOD fromValues(Ljava/util/stream/Stream;)Lnet/minecraft/world/item/crafting/Ingredient; to access PUBLIC and LEAVE
[11dic2025 14:06:10.568] [main/TRACE] [mixin/]: Added class metadata for net/minecraft/world/item/crafting/Ingredient to metadata cache
[11dic2025 14:06:10.569] [main/DEBUG] [net.neoforged.accesstransformer.AccessTransformer/AXFORM]: Transforming net.minecraft.world.entity.item.ItemEntity FIELD LIFETIME to access PUBLIC and LEAVE
[11dic2025 14:06:10.569] [main/DEBUG] [net.neoforged.accesstransformer.AccessTransformer/AXFORM]: Transforming net.minecraft.world.entity.item.ItemEntity FIELD age to access PUBLIC and LEAVE
[11dic2025 14:06:10.570] [main/TRACE] [mixin/]: Added class metadata for net/minecraft/world/entity/item/ItemEntity to metadata cache
[11dic2025 14:06:10.571] [main/TRACE] [mixin/]: Added class metadata for net/minecraft/world/entity/decoration/ItemFrame to metadata cache
[11dic2025 14:06:10.571] [main/TRACE] [mixin/]: Added class metadata for net/neoforged/neoforge/items/ItemStackHandler to metadata cache
[11dic2025 14:06:10.572] [main/TRACE] [mixin/]: Added class metadata for net/neoforged/neoforge/items/ComponentItemHandler to metadata cache
[11dic2025 14:06:10.573] [main/DEBUG] [net.neoforged.accesstransformer.AccessTransformer/AXFORM]: Transforming net.minecraft.world.level.Level FIELD oRainLevel to access PUBLIC and LEAVE
[11dic2025 14:06:10.573] [main/DEBUG] [net.neoforged.accesstransformer.AccessTransformer/AXFORM]: Transforming net.minecraft.world.level.Level FIELD rainLevel to access PUBLIC and LEAVE
[11dic2025 14:06:10.573] [main/DEBUG] [net.neoforged.accesstransformer.AccessTransformer/AXFORM]: Transforming net.minecraft.world.level.Level FIELD oThunderLevel to access PUBLIC and LEAVE
[11dic2025 14:06:10.573] [main/DEBUG] [net.neoforged.accesstransformer.AccessTransformer/AXFORM]: Transforming net.minecraft.world.level.Level FIELD thunderLevel to access PUBLIC and LEAVE
[11dic2025 14:06:10.575] [main/TRACE] [mixin/]: Added class metadata for net/minecraft/world/level/Level to metadata cache
[11dic2025 14:06:10.580] [main/DEBUG] [net.neoforged.accesstransformer.AccessTransformer/AXFORM]: Transforming net.minecraft.world.entity.LivingEntity FIELD effectsDirty to access PUBLIC and LEAVE
[11dic2025 14:06:10.580] [main/DEBUG] [net.neoforged.accesstransformer.AccessTransformer/AXFORM]: Transforming net.minecraft.world.entity.LivingEntity METHOD refreshDirtyAttributes()V to access PUBLIC and LEAVE
[11dic2025 14:06:10.580] [main/DEBUG] [net.neoforged.accesstransformer.AccessTransformer/AXFORM]: Transforming net.minecraft.world.entity.LivingEntity METHOD getHitbox()Lnet/minecraft/world/phys/AABB; to access PUBLIC and LEAVE
[11dic2025 14:06:10.580] [main/DEBUG] [net.neoforged.accesstransformer.AccessTransformer/AXFORM]: Transforming net.minecraft.world.entity.LivingEntity METHOD hurtCurrentlyUsedShield(F)V to access PUBLIC and LEAVE
[11dic2025 14:06:10.580] [main/DEBUG] [net.neoforged.accesstransformer.AccessTransformer/AXFORM]: Transforming net.minecraft.world.entity.LivingEntity METHOD getCurrentSwingDuration()I to access PUBLIC and LEAVE
[11dic2025 14:06:10.586] [main/TRACE] [mixin/]: Added class metadata for net/minecraft/world/entity/LivingEntity to metadata cache
[11dic2025 14:06:10.587] [main/TRACE] [mixin/]: Added class metadata for net/minecraft/world/level/storage/loot/LootDataType to metadata cache
[11dic2025 14:06:10.588] [main/DEBUG] [net.neoforged.accesstransformer.AccessTransformer/AXFORM]: Transforming net.minecraft.world.inventory.MenuType INNERCLASS MenuSupplier to access PUBLIC and LEAVE
[11dic2025 14:06:10.588] [main/DEBUG] [net.neoforged.accesstransformer.AccessTransformer/AXFORM]: Transforming net.minecraft.world.inventory.MenuType METHOD <init>(Lnet/minecraft/world/inventory/MenuType$MenuSupplier;Lnet/minecraft/world/flag/FeatureFlagSet;)V to access PUBLIC and LEAVE
[11dic2025 14:06:10.589] [main/TRACE] [mixin/]: Added class metadata for net/minecraft/world/inventory/MenuType to metadata cache
[11dic2025 14:06:10.591] [main/DEBUG] [net.neoforged.accesstransformer.AccessTransformer/AXFORM]: Transforming net.minecraft.server.MinecraftServer INNERCLASS ReloadableResources to access PUBLIC and LEAVE
[11dic2025 14:06:10.592] [main/DEBUG] [net.neoforged.accesstransformer.AccessTransformer/AXFORM]: Transforming net.minecraft.server.MinecraftServer FIELD nextTickTimeNanos to access PROTECTED and LEAVE
[11dic2025 14:06:10.596] [main/TRACE] [mixin/]: Added class metadata for net/minecraft/server/MinecraftServer to metadata cache
[11dic2025 14:06:10.597] [main/TRACE] [mixin/]: Added class metadata for net/minecraft/network/chat/MutableComponent to metadata cache
[11dic2025 14:06:10.597] [main/TRACE] [mixin/]: Added class metadata for net/neoforged/neoforge/common/MutableDataComponentHolder to metadata cache
[11dic2025 14:06:10.598] [main/TRACE] [mixin/]: Added class metadata for net/minecraft/nbt/NumericTag to metadata cache
[11dic2025 14:06:10.601] [main/DEBUG] [net.neoforged.accesstransformer.AccessTransformer/AXFORM]: Transforming net.minecraft.world.entity.player.Player METHOD closeContainer()V to access PUBLIC and LEAVE
[11dic2025 14:06:10.601] [main/DEBUG] [net.neoforged.accesstransformer.AccessTransformer/AXFORM]: Transforming net.minecraft.world.entity.player.Player METHOD hurtCurrentlyUsedShield(F)V to access PUBLIC and LEAVE
[11dic2025 14:06:10.601] [main/DEBUG] [net.neoforged.accesstransformer.AccessTransformer/AXFORM]: Transforming net.minecraft.world.entity.player.Player METHOD playStepSound(Lnet/minecraft/core/BlockPos;Lnet/minecraft/world/level/block/state/BlockState;)V to access PUBLIC and LEAVE
[11dic2025 14:06:10.605] [main/TRACE] [mixin/]: Added class metadata for net/minecraft/world/entity/player/Player to metadata cache
[11dic2025 14:06:10.605] [main/TRACE] [mixin/]: Added class metadata for net/minecraft/world/item/crafting/RecipeHolder to metadata cache
[11dic2025 14:06:10.605] [main/TRACE] [mixin/]: Added class metadata for net/minecraft/world/item/crafting/RecipeInput to metadata cache
[11dic2025 14:06:10.606] [main/TRACE] [mixin/]: Added class metadata for net/minecraft/server/ReloadableServerResources to metadata cache
[11dic2025 14:06:10.606] [main/TRACE] [mixin/]: Added class metadata for net/minecraft/resources/ResourceKey to metadata cache
[11dic2025 14:06:10.607] [main/DEBUG] [net.neoforged.accesstransformer.AccessTransformer/AXFORM]: Transforming net.minecraft.resources.ResourceLocation METHOD validNamespaceChar(C)Z to access PUBLIC and LEAVE
[11dic2025 14:06:10.607] [main/TRACE] [mixin/]: Added class metadata for net/minecraft/resources/ResourceLocation to metadata cache
[11dic2025 14:06:10.610] [main/DEBUG] [net.neoforged.accesstransformer.AccessTransformer/AXFORM]: Transforming net.minecraft.server.level.ServerLevel METHOD getEntities()Lnet/minecraft/world/level/entity/LevelEntityGetter; to access PUBLIC and LEAVE
[11dic2025 14:06:10.613] [main/TRACE] [mixin/]: Added class metadata for net/minecraft/server/level/ServerLevel to metadata cache
[11dic2025 14:06:10.614] [main/TRACE] [mixin/]: Added class metadata for net/neoforged/neoforge/fluids/crafting/SizedFluidIngredient to metadata cache
[11dic2025 14:06:10.614] [main/TRACE] [mixin/]: Added class metadata for net/neoforged/neoforge/common/crafting/SizedIngredient to metadata cache
[11dic2025 14:06:10.614] [main/TRACE] [mixin/]: Added class metadata for net/minecraft/util/StringRepresentable to metadata cache
[11dic2025 14:06:10.615] [main/TRACE] [mixin/]: Added class metadata for net/minecraft/nbt/StringTag to metadata cache
[11dic2025 14:06:10.615] [main/TRACE] [mixin/]: Added class metadata for net/neoforged/neoforge/common/conditions/TagEmptyCondition to metadata cache
[11dic2025 14:06:10.616] [main/TRACE] [mixin/]: Added class metadata for net/minecraft/tags/TagManager to metadata cache
[11dic2025 14:06:10.616] [main/TRACE] [mixin/]: Added class metadata for net/minecraft/network/chat/TextColor to metadata cache
[11dic2025 14:06:10.620] [main/TRACE] [mixin/]: Added class metadata for net/minecraft/Util to metadata cache
[11dic2025 14:06:10.621] [main/TRACE] [mixin/]: Added class metadata for net/minecraft/server/WorldLoader to metadata cache
[11dic2025 14:06:10.622] [main/TRACE] [mixin/]: Added class metadata for net/minecraft/server/WorldLoader$PackConfig to metadata cache
[11dic2025 14:06:10.625] [main/DEBUG] [net.neoforged.fml.common.asm.RuntimeDistCleaner/DISTXFORM]: Removing Class Annotation: net/minecraft/client/player/AbstractClientPlayer @Lnet/neoforged/api/distmarker/OnlyIn;
[11dic2025 14:06:10.625] [main/TRACE] [mixin/]: Added class metadata for net/minecraft/client/player/AbstractClientPlayer to metadata cache
[11dic2025 14:06:10.626] [main/DEBUG] [net.neoforged.accesstransformer.AccessTransformer/AXFORM]: Transforming net.minecraft.client.gui.components.AbstractSelectionList INNERCLASS Entry to access PUBLIC and LEAVE
[11dic2025 14:06:10.626] [main/DEBUG] [net.neoforged.accesstransformer.AccessTransformer/AXFORM]: Transforming net.minecraft.client.gui.components.AbstractSelectionList FIELD SCROLLER_SPRITE to access PUBLIC and LEAVE
[11dic2025 14:06:10.626] [main/DEBUG] [net.neoforged.accesstransformer.AccessTransformer/AXFORM]: Transforming net.minecraft.client.gui.components.AbstractSelectionList FIELD SCROLLER_BACKGROUND_SPRITE to access PUBLIC and LEAVE
[11dic2025 14:06:10.626] [main/DEBUG] [net.neoforged.accesstransformer.AccessTransformer/AXFORM]: Transforming net.minecraft.client.gui.components.AbstractSelectionList FIELD hovered to access PUBLIC and LEAVE
[11dic2025 14:06:10.626] [main/DEBUG] [net.neoforged.fml.common.asm.RuntimeDistCleaner/DISTXFORM]: Removing Class Annotation: net/minecraft/client/gui/components/AbstractSelectionList @Lnet/neoforged/api/distmarker/OnlyIn;
[11dic2025 14:06:10.627] [main/TRACE] [mixin/]: Added class metadata for net/minecraft/client/gui/components/AbstractSelectionList to metadata cache
[11dic2025 14:06:10.629] [main/DEBUG] [net.neoforged.fml.common.asm.RuntimeDistCleaner/DISTXFORM]: Removing Class Annotation: net/minecraft/client/multiplayer/ClientLevel @Lnet/neoforged/api/distmarker/OnlyIn;
[11dic2025 14:06:10.632] [main/TRACE] [mixin/]: Added class metadata for net/minecraft/client/multiplayer/ClientLevel to metadata cache
[11dic2025 14:06:10.637] [main/DEBUG] [net.neoforged.accesstransformer.AccessTransformer/AXFORM]: Transforming net.minecraft.client.multiplayer.ClientPacketListener FIELD commands to access PUBLIC and LEAVE
[11dic2025 14:06:10.637] [main/DEBUG] [net.neoforged.fml.common.asm.RuntimeDistCleaner/DISTXFORM]: Removing Class Annotation: net/minecraft/client/multiplayer/ClientPacketListener @Lnet/neoforged/api/distmarker/OnlyIn;
[11dic2025 14:06:10.642] [main/TRACE] [mixin/]: Added class metadata for net/minecraft/client/multiplayer/ClientPacketListener to metadata cache
[11dic2025 14:06:10.643] [main/DEBUG] [net.neoforged.accesstransformer.AccessTransformer/AXFORM]: Transforming net.minecraft.client.gui.screens.LoadingOverlay FIELD reload to access PUBLIC and LEAVE
[11dic2025 14:06:10.643] [main/DEBUG] [net.neoforged.fml.common.asm.RuntimeDistCleaner/DISTXFORM]: Removing Class Annotation: net/minecraft/client/gui/screens/LoadingOverlay @Lnet/neoforged/api/distmarker/OnlyIn;
[11dic2025 14:06:10.643] [main/TRACE] [mixin/]: Added class metadata for net/minecraft/client/gui/screens/LoadingOverlay to metadata cache
[11dic2025 14:06:10.646] [main/DEBUG] [net.neoforged.accesstransformer.AccessTransformer/AXFORM]: Transforming net.minecraft.client.player.LocalPlayer METHOD getPermissionLevel()I to access PUBLIC and LEAVE
[11dic2025 14:06:10.647] [main/DEBUG] [net.neoforged.fml.common.asm.RuntimeDistCleaner/DISTXFORM]: Removing Class Annotation: net/minecraft/client/player/LocalPlayer @Lnet/neoforged/api/distmarker/OnlyIn;
[11dic2025 14:06:10.648] [main/TRACE] [mixin/]: Added class metadata for net/minecraft/client/player/LocalPlayer to metadata cache
[11dic2025 14:06:10.650] [main/DEBUG] [net.neoforged.accesstransformer.AccessTransformer/AXFORM]: Transforming net.minecraft.client.Options INNERCLASS FieldAccess to access PUBLIC and LEAVE
[11dic2025 14:06:10.650] [main/DEBUG] [net.neoforged.accesstransformer.AccessTransformer/AXFORM]: Transforming net.minecraft.client.Options FIELD keyMappings to access PUBLIC and REMOVEFINAL
[11dic2025 14:06:10.650] [main/DEBUG] [net.neoforged.fml.common.asm.RuntimeDistCleaner/DISTXFORM]: Removing Class Annotation: net/minecraft/client/Options @Lnet/neoforged/api/distmarker/OnlyIn;
[11dic2025 14:06:10.653] [main/TRACE] [mixin/]: Added class metadata for net/minecraft/client/Options to metadata cache
[11dic2025 14:06:10.654] [main/DEBUG] [net.neoforged.fml.common.asm.RuntimeDistCleaner/DISTXFORM]: Removing Class Annotation: com/mojang/blaze3d/platform/Window @Lnet/neoforged/api/distmarker/OnlyIn;
[11dic2025 14:06:10.655] [main/TRACE] [mixin/]: Added class metadata for com/mojang/blaze3d/platform/Window to metadata cache
[11dic2025 14:06:10.656] [main/DEBUG] [net.neoforged.fml.common.asm.RuntimeDistCleaner/DISTXFORM]: Removing Class Annotation: net/minecraft/client/gui/screens/worldselection/WorldOpenFlows @Lnet/neoforged/api/distmarker/OnlyIn;
[11dic2025 14:06:10.657] [main/TRACE] [mixin/]: Added class metadata for net/minecraft/client/gui/screens/worldselection/WorldOpenFlows to metadata cache
[11dic2025 14:06:10.658] [main/TRACE] [mixin/CATCHING]: Catching
java.lang.ClassNotFoundException: mezz.modnametooltip.TooltipEventHandler
	at cpw.mods.securejarhandler/cpw.mods.cl.ModuleClassLoader.getMaybeTransformedClassBytes(ModuleClassLoader.java:334) ~[securejarhandler-3.0.8.jar:?]
	at MC-BOOTSTRAP/cpw.mods.modlauncher@11.0.5/cpw.mods.modlauncher.TransformingClassLoader.buildTransformedClassNodeFor(TransformingClassLoader.java:65) ~[modlauncher-11.0.5.jar:?]
	at MC-BOOTSTRAP/cpw.mods.modlauncher@11.0.5/cpw.mods.modlauncher.LaunchPluginHandler.lambda$announceLaunch$10(LaunchPluginHandler.java:106) ~[modlauncher-11.0.5.jar:?]
	at MC-BOOTSTRAP/org.spongepowered.mixin/org.spongepowered.asm.launch.MixinLaunchPluginLegacy.getClassNode(MixinLaunchPluginLegacy.java:227) ~[sponge-mixin-0.15.2+mixin.0.8.7.jar:0.15.2+mixin.0.8.7]
	at MC-BOOTSTRAP/org.spongepowered.mixin/org.spongepowered.asm.mixin.transformer.ClassInfo.forName(ClassInfo.java:2029) ~[sponge-mixin-0.15.2+mixin.0.8.7.jar:0.15.2+mixin.0.8.7]
	at MC-BOOTSTRAP/org.spongepowered.mixin/org.spongepowered.asm.mixin.transformer.MixinInfo.getTargetClass(MixinInfo.java:1017) ~[sponge-mixin-0.15.2+mixin.0.8.7.jar:0.15.2+mixin.0.8.7]
	at MC-BOOTSTRAP/org.spongepowered.mixin/org.spongepowered.asm.mixin.transformer.MixinInfo.readTargetClasses(MixinInfo.java:1007) ~[sponge-mixin-0.15.2+mixin.0.8.7.jar:0.15.2+mixin.0.8.7]
	at MC-BOOTSTRAP/org.spongepowered.mixin/org.spongepowered.asm.mixin.transformer.MixinInfo.parseTargets(MixinInfo.java:895) ~[sponge-mixin-0.15.2+mixin.0.8.7.jar:0.15.2+mixin.0.8.7]
	at MC-BOOTSTRAP/org.spongepowered.mixin/org.spongepowered.asm.mixin.transformer.MixinConfig.prepareMixins(MixinConfig.java:950) ~[sponge-mixin-0.15.2+mixin.0.8.7.jar:0.15.2+mixin.0.8.7]
	at MC-BOOTSTRAP/org.spongepowered.mixin/org.spongepowered.asm.mixin.transformer.MixinConfig.prepare(MixinConfig.java:862) ~[sponge-mixin-0.15.2+mixin.0.8.7.jar:0.15.2+mixin.0.8.7]
	at MC-BOOTSTRAP/org.spongepowered.mixin/org.spongepowered.asm.mixin.transformer.MixinProcessor.prepareConfigs(MixinProcessor.java:540) ~[sponge-mixin-0.15.2+mixin.0.8.7.jar:0.15.2+mixin.0.8.7]
	at MC-BOOTSTRAP/org.spongepowered.mixin/org.spongepowered.asm.mixin.transformer.MixinProcessor.select(MixinProcessor.java:462) ~[sponge-mixin-0.15.2+mixin.0.8.7.jar:0.15.2+mixin.0.8.7]
	at MC-BOOTSTRAP/org.spongepowered.mixin/org.spongepowered.asm.mixin.transformer.MixinProcessor.checkSelect(MixinProcessor.java:438) ~[sponge-mixin-0.15.2+mixin.0.8.7.jar:0.15.2+mixin.0.8.7]
	at MC-BOOTSTRAP/org.spongepowered.mixin/org.spongepowered.asm.mixin.transformer.MixinProcessor.applyMixins(MixinProcessor.java:290) ~[sponge-mixin-0.15.2+mixin.0.8.7.jar:0.15.2+mixin.0.8.7]
	at MC-BOOTSTRAP/org.spongepowered.mixin/org.spongepowered.asm.mixin.transformer.MixinTransformer.transformClass(MixinTransformer.java:250) ~[sponge-mixin-0.15.2+mixin.0.8.7.jar:0.15.2+mixin.0.8.7]
	at MC-BOOTSTRAP/org.spongepowered.mixin/org.spongepowered.asm.service.modlauncher.MixinTransformationHandler.processClass(MixinTransformationHandler.java:131) ~[sponge-mixin-0.15.2+mixin.0.8.7.jar:0.15.2+mixin.0.8.7]
	at MC-BOOTSTRAP/org.spongepowered.mixin/org.spongepowered.asm.launch.MixinLaunchPluginLegacy.processClass(MixinLaunchPluginLegacy.java:131) ~[sponge-mixin-0.15.2+mixin.0.8.7.jar:0.15.2+mixin.0.8.7]
	at MC-BOOTSTRAP/cpw.mods.modlauncher@11.0.5/cpw.mods.modlauncher.serviceapi.ILaunchPluginService.processClassWithFlags(ILaunchPluginService.java:156) ~[modlauncher-11.0.5.jar:11.0.5+main.901c6ea8]
	at MC-BOOTSTRAP/cpw.mods.modlauncher@11.0.5/cpw.mods.modlauncher.LaunchPluginHandler.offerClassNodeToPlugins(LaunchPluginHandler.java:94) ~[modlauncher-11.0.5.jar:?]
	at MC-BOOTSTRAP/cpw.mods.modlauncher@11.0.5/cpw.mods.modlauncher.ClassTransformer.transform(ClassTransformer.java:120) ~[modlauncher-11.0.5.jar:?]
	at MC-BOOTSTRAP/cpw.mods.modlauncher@11.0.5/cpw.mods.modlauncher.TransformingClassLoader.maybeTransformClassBytes(TransformingClassLoader.java:57) ~[modlauncher-11.0.5.jar:?]
	at cpw.mods.securejarhandler/cpw.mods.cl.ModuleClassLoader.readerToClass(ModuleClassLoader.java:190) ~[securejarhandler-3.0.8.jar:?]
	at cpw.mods.securejarhandler/cpw.mods.cl.ModuleClassLoader.lambda$findClass$20(ModuleClassLoader.java:298) ~[securejarhandler-3.0.8.jar:?]
	at cpw.mods.securejarhandler/cpw.mods.cl.ModuleClassLoader.loadFromModule(ModuleClassLoader.java:311) [securejarhandler-3.0.8.jar:?]
	at cpw.mods.securejarhandler/cpw.mods.cl.ModuleClassLoader.findClass(ModuleClassLoader.java:298) [securejarhandler-3.0.8.jar:?]
	at java.base/java.lang.ClassLoader.loadClass(ClassLoader.java:638) [?:?]
	at java.base/java.lang.Class.forName(Class.java:627) [?:?]
	at java.base/java.lang.Class.forName(Class.java:602) [?:?]
	at MC-BOOTSTRAP/fml_earlydisplay@4.0.41/net.neoforged.fml.earlydisplay.DisplayWindow.updateModuleReads(DisplayWindow.java:605) [earlydisplay-4.0.41.jar%23141!/:4.0]
	at MC-BOOTSTRAP/fml_loader@4.0.41/net.neoforged.fml.loading.ImmediateWindowHandler.acceptGameLayer(ImmediateWindowHandler.java:94) [loader-4.0.41.jar%23142!/:4.0]
	at MC-BOOTSTRAP/fml_loader@4.0.41/net.neoforged.fml.loading.FMLLoader.beforeStart(FMLLoader.java:166) [loader-4.0.41.jar%23142!/:4.0]
	at MC-BOOTSTRAP/fml_loader@4.0.41/net.neoforged.fml.loading.targets.CommonLaunchHandler.launchService(CommonLaunchHandler.java:115) [loader-4.0.41.jar%23142!/:4.0]
	at MC-BOOTSTRAP/cpw.mods.modlauncher@11.0.5/cpw.mods.modlauncher.LaunchServiceHandlerDecorator.launch(LaunchServiceHandlerDecorator.java:30) [modlauncher-11.0.5.jar%23124!/:?]
	at MC-BOOTSTRAP/cpw.mods.modlauncher@11.0.5/cpw.mods.modlauncher.LaunchServiceHandler.launch(LaunchServiceHandler.java:53) [modlauncher-11.0.5.jar%23124!/:?]
	at MC-BOOTSTRAP/cpw.mods.modlauncher@11.0.5/cpw.mods.modlauncher.LaunchServiceHandler.launch(LaunchServiceHandler.java:71) [modlauncher-11.0.5.jar%23124!/:?]
	at MC-BOOTSTRAP/cpw.mods.modlauncher@11.0.5/cpw.mods.modlauncher.Launcher.run(Launcher.java:103) [modlauncher-11.0.5.jar%23124!/:?]
	at MC-BOOTSTRAP/cpw.mods.modlauncher@11.0.5/cpw.mods.modlauncher.Launcher.main(Launcher.java:74) [modlauncher-11.0.5.jar%23124!/:?]
	at MC-BOOTSTRAP/cpw.mods.modlauncher@11.0.5/cpw.mods.modlauncher.BootstrapLaunchConsumer.accept(BootstrapLaunchConsumer.java:26) [modlauncher-11.0.5.jar%23124!/:?]
	at MC-BOOTSTRAP/cpw.mods.modlauncher@11.0.5/cpw.mods.modlauncher.BootstrapLaunchConsumer.accept(BootstrapLaunchConsumer.java:23) [modlauncher-11.0.5.jar%23124!/:?]
	at cpw.mods.bootstraplauncher@2.0.2/cpw.mods.bootstraplauncher.BootstrapLauncher.run(BootstrapLauncher.java:210) [bootstraplauncher-2.0.2.jar:?]
	at cpw.mods.bootstraplauncher@2.0.2/cpw.mods.bootstraplauncher.BootstrapLauncher.main(BootstrapLauncher.java:69) [bootstraplauncher-2.0.2.jar:?]
[11dic2025 14:06:10.667] [main/WARN] [mixin/]: Error loading class: mezz/modnametooltip/TooltipEventHandler (java.lang.ClassNotFoundException: mezz.modnametooltip.TooltipEventHandler)
[11dic2025 14:06:10.667] [main/TRACE] [mixin/]: Added class metadata for mezz/modnametooltip/TooltipEventHandler to metadata cache
[11dic2025 14:06:10.667] [main/DEBUG] [mixin/]: Skipping virtual target mezz/modnametooltip/TooltipEventHandler for kubejs.mixins.json:mod.ModNameTooltipMixin from mod kubejs
[11dic2025 14:06:10.668] [main/TRACE] [mixin/CATCHING]: Catching
java.lang.ClassNotFoundException: me.shedaniel.rei.impl.client.ClientHelperImpl
	at cpw.mods.securejarhandler/cpw.mods.cl.ModuleClassLoader.getMaybeTransformedClassBytes(ModuleClassLoader.java:334) ~[securejarhandler-3.0.8.jar:?]
	at MC-BOOTSTRAP/cpw.mods.modlauncher@11.0.5/cpw.mods.modlauncher.TransformingClassLoader.buildTransformedClassNodeFor(TransformingClassLoader.java:65) ~[modlauncher-11.0.5.jar:?]
	at MC-BOOTSTRAP/cpw.mods.modlauncher@11.0.5/cpw.mods.modlauncher.LaunchPluginHandler.lambda$announceLaunch$10(LaunchPluginHandler.java:106) ~[modlauncher-11.0.5.jar:?]
	at MC-BOOTSTRAP/org.spongepowered.mixin/org.spongepowered.asm.launch.MixinLaunchPluginLegacy.getClassNode(MixinLaunchPluginLegacy.java:227) ~[sponge-mixin-0.15.2+mixin.0.8.7.jar:0.15.2+mixin.0.8.7]
	at MC-BOOTSTRAP/org.spongepowered.mixin/org.spongepowered.asm.mixin.transformer.ClassInfo.forName(ClassInfo.java:2029) ~[sponge-mixin-0.15.2+mixin.0.8.7.jar:0.15.2+mixin.0.8.7]
	at MC-BOOTSTRAP/org.spongepowered.mixin/org.spongepowered.asm.mixin.transformer.MixinInfo.getTargetClass(MixinInfo.java:1017) ~[sponge-mixin-0.15.2+mixin.0.8.7.jar:0.15.2+mixin.0.8.7]
	at MC-BOOTSTRAP/org.spongepowered.mixin/org.spongepowered.asm.mixin.transformer.MixinInfo.readTargetClasses(MixinInfo.java:1007) ~[sponge-mixin-0.15.2+mixin.0.8.7.jar:0.15.2+mixin.0.8.7]
	at MC-BOOTSTRAP/org.spongepowered.mixin/org.spongepowered.asm.mixin.transformer.MixinInfo.parseTargets(MixinInfo.java:895) ~[sponge-mixin-0.15.2+mixin.0.8.7.jar:0.15.2+mixin.0.8.7]
	at MC-BOOTSTRAP/org.spongepowered.mixin/org.spongepowered.asm.mixin.transformer.MixinConfig.prepareMixins(MixinConfig.java:950) ~[sponge-mixin-0.15.2+mixin.0.8.7.jar:0.15.2+mixin.0.8.7]
	at MC-BOOTSTRAP/org.spongepowered.mixin/org.spongepowered.asm.mixin.transformer.MixinConfig.prepare(MixinConfig.java:862) ~[sponge-mixin-0.15.2+mixin.0.8.7.jar:0.15.2+mixin.0.8.7]
	at MC-BOOTSTRAP/org.spongepowered.mixin/org.spongepowered.asm.mixin.transformer.MixinProcessor.prepareConfigs(MixinProcessor.java:540) ~[sponge-mixin-0.15.2+mixin.0.8.7.jar:0.15.2+mixin.0.8.7]
	at MC-BOOTSTRAP/org.spongepowered.mixin/org.spongepowered.asm.mixin.transformer.MixinProcessor.select(MixinProcessor.java:462) ~[sponge-mixin-0.15.2+mixin.0.8.7.jar:0.15.2+mixin.0.8.7]
	at MC-BOOTSTRAP/org.spongepowered.mixin/org.spongepowered.asm.mixin.transformer.MixinProcessor.checkSelect(MixinProcessor.java:438) ~[sponge-mixin-0.15.2+mixin.0.8.7.jar:0.15.2+mixin.0.8.7]
	at MC-BOOTSTRAP/org.spongepowered.mixin/org.spongepowered.asm.mixin.transformer.MixinProcessor.applyMixins(MixinProcessor.java:290) ~[sponge-mixin-0.15.2+mixin.0.8.7.jar:0.15.2+mixin.0.8.7]
	at MC-BOOTSTRAP/org.spongepowered.mixin/org.spongepowered.asm.mixin.transformer.MixinTransformer.transformClass(MixinTransformer.java:250) ~[sponge-mixin-0.15.2+mixin.0.8.7.jar:0.15.2+mixin.0.8.7]
	at MC-BOOTSTRAP/org.spongepowered.mixin/org.spongepowered.asm.service.modlauncher.MixinTransformationHandler.processClass(MixinTransformationHandler.java:131) ~[sponge-mixin-0.15.2+mixin.0.8.7.jar:0.15.2+mixin.0.8.7]
	at MC-BOOTSTRAP/org.spongepowered.mixin/org.spongepowered.asm.launch.MixinLaunchPluginLegacy.processClass(MixinLaunchPluginLegacy.java:131) ~[sponge-mixin-0.15.2+mixin.0.8.7.jar:0.15.2+mixin.0.8.7]
	at MC-BOOTSTRAP/cpw.mods.modlauncher@11.0.5/cpw.mods.modlauncher.serviceapi.ILaunchPluginService.processClassWithFlags(ILaunchPluginService.java:156) ~[modlauncher-11.0.5.jar:11.0.5+main.901c6ea8]
	at MC-BOOTSTRAP/cpw.mods.modlauncher@11.0.5/cpw.mods.modlauncher.LaunchPluginHandler.offerClassNodeToPlugins(LaunchPluginHandler.java:94) ~[modlauncher-11.0.5.jar:?]
	at MC-BOOTSTRAP/cpw.mods.modlauncher@11.0.5/cpw.mods.modlauncher.ClassTransformer.transform(ClassTransformer.java:120) ~[modlauncher-11.0.5.jar:?]
	at MC-BOOTSTRAP/cpw.mods.modlauncher@11.0.5/cpw.mods.modlauncher.TransformingClassLoader.maybeTransformClassBytes(TransformingClassLoader.java:57) ~[modlauncher-11.0.5.jar:?]
	at cpw.mods.securejarhandler/cpw.mods.cl.ModuleClassLoader.readerToClass(ModuleClassLoader.java:190) ~[securejarhandler-3.0.8.jar:?]
	at cpw.mods.securejarhandler/cpw.mods.cl.ModuleClassLoader.lambda$findClass$20(ModuleClassLoader.java:298) ~[securejarhandler-3.0.8.jar:?]
	at cpw.mods.securejarhandler/cpw.mods.cl.ModuleClassLoader.loadFromModule(ModuleClassLoader.java:311) [securejarhandler-3.0.8.jar:?]
	at cpw.mods.securejarhandler/cpw.mods.cl.ModuleClassLoader.findClass(ModuleClassLoader.java:298) [securejarhandler-3.0.8.jar:?]
	at java.base/java.lang.ClassLoader.loadClass(ClassLoader.java:638) [?:?]
	at java.base/java.lang.Class.forName(Class.java:627) [?:?]
	at java.base/java.lang.Class.forName(Class.java:602) [?:?]
	at MC-BOOTSTRAP/fml_earlydisplay@4.0.41/net.neoforged.fml.earlydisplay.DisplayWindow.updateModuleReads(DisplayWindow.java:605) [earlydisplay-4.0.41.jar%23141!/:4.0]
	at MC-BOOTSTRAP/fml_loader@4.0.41/net.neoforged.fml.loading.ImmediateWindowHandler.acceptGameLayer(ImmediateWindowHandler.java:94) [loader-4.0.41.jar%23142!/:4.0]
	at MC-BOOTSTRAP/fml_loader@4.0.41/net.neoforged.fml.loading.FMLLoader.beforeStart(FMLLoader.java:166) [loader-4.0.41.jar%23142!/:4.0]
	at MC-BOOTSTRAP/fml_loader@4.0.41/net.neoforged.fml.loading.targets.CommonLaunchHandler.launchService(CommonLaunchHandler.java:115) [loader-4.0.41.jar%23142!/:4.0]
	at MC-BOOTSTRAP/cpw.mods.modlauncher@11.0.5/cpw.mods.modlauncher.LaunchServiceHandlerDecorator.launch(LaunchServiceHandlerDecorator.java:30) [modlauncher-11.0.5.jar%23124!/:?]
	at MC-BOOTSTRAP/cpw.mods.modlauncher@11.0.5/cpw.mods.modlauncher.LaunchServiceHandler.launch(LaunchServiceHandler.java:53) [modlauncher-11.0.5.jar%23124!/:?]
	at MC-BOOTSTRAP/cpw.mods.modlauncher@11.0.5/cpw.mods.modlauncher.LaunchServiceHandler.launch(LaunchServiceHandler.java:71) [modlauncher-11.0.5.jar%23124!/:?]
	at MC-BOOTSTRAP/cpw.mods.modlauncher@11.0.5/cpw.mods.modlauncher.Launcher.run(Launcher.java:103) [modlauncher-11.0.5.jar%23124!/:?]
	at MC-BOOTSTRAP/cpw.mods.modlauncher@11.0.5/cpw.mods.modlauncher.Launcher.main(Launcher.java:74) [modlauncher-11.0.5.jar%23124!/:?]
	at MC-BOOTSTRAP/cpw.mods.modlauncher@11.0.5/cpw.mods.modlauncher.BootstrapLaunchConsumer.accept(BootstrapLaunchConsumer.java:26) [modlauncher-11.0.5.jar%23124!/:?]
	at MC-BOOTSTRAP/cpw.mods.modlauncher@11.0.5/cpw.mods.modlauncher.BootstrapLaunchConsumer.accept(BootstrapLaunchConsumer.java:23) [modlauncher-11.0.5.jar%23124!/:?]
	at cpw.mods.bootstraplauncher@2.0.2/cpw.mods.bootstraplauncher.BootstrapLauncher.run(BootstrapLauncher.java:210) [bootstraplauncher-2.0.2.jar:?]
	at cpw.mods.bootstraplauncher@2.0.2/cpw.mods.bootstraplauncher.BootstrapLauncher.main(BootstrapLauncher.java:69) [bootstraplauncher-2.0.2.jar:?]
[11dic2025 14:06:10.668] [main/WARN] [mixin/]: Error loading class: me/shedaniel/rei/impl/client/ClientHelperImpl (java.lang.ClassNotFoundException: me.shedaniel.rei.impl.client.ClientHelperImpl)
[11dic2025 14:06:10.668] [main/TRACE] [mixin/]: Added class metadata for me/shedaniel/rei/impl/client/ClientHelperImpl to metadata cache
[11dic2025 14:06:10.668] [main/DEBUG] [mixin/]: Skipping virtual target me/shedaniel/rei/impl/client/ClientHelperImpl for kubejs.mixins.json:mod.REITooltipMixin from mod kubejs
[11dic2025 14:06:10.668] [main/DEBUG] [mixin/]: Preparing supermartijn642corelib.mixins.json (12)
[11dic2025 14:06:10.670] [main/DEBUG] [net.neoforged.accesstransformer.AccessTransformer/AXFORM]: Transforming net.minecraft.world.level.block.state.BlockBehaviour$Properties FIELD mapColor to access PUBLIC and LEAVE
[11dic2025 14:06:10.670] [main/DEBUG] [net.neoforged.accesstransformer.AccessTransformer/AXFORM]: Transforming net.minecraft.world.level.block.state.BlockBehaviour$Properties FIELD hasCollision to access PUBLIC and REMOVEFINAL
[11dic2025 14:06:10.670] [main/DEBUG] [net.neoforged.accesstransformer.AccessTransformer/AXFORM]: Transforming net.minecraft.world.level.block.state.BlockBehaviour$Properties FIELD soundType to access PUBLIC and REMOVEFINAL
[11dic2025 14:06:10.671] [main/DEBUG] [net.neoforged.accesstransformer.AccessTransformer/AXFORM]: Transforming net.minecraft.world.level.block.state.BlockBehaviour$Properties FIELD lightEmission to access PUBLIC and REMOVEFINAL
[11dic2025 14:06:10.671] [main/DEBUG] [net.neoforged.accesstransformer.AccessTransformer/AXFORM]: Transforming net.minecraft.world.level.block.state.BlockBehaviour$Properties FIELD explosionResistance to access PUBLIC and REMOVEFINAL
[11dic2025 14:06:10.671] [main/DEBUG] [net.neoforged.accesstransformer.AccessTransformer/AXFORM]: Transforming net.minecraft.world.level.block.state.BlockBehaviour$Properties FIELD destroyTime to access PUBLIC and REMOVEFINAL
[11dic2025 14:06:10.671] [main/DEBUG] [net.neoforged.accesstransformer.AccessTransformer/AXFORM]: Transforming net.minecraft.world.level.block.state.BlockBehaviour$Properties FIELD requiresCorrectToolForDrops to access PUBLIC and REMOVEFINAL
[11dic2025 14:06:10.671] [main/DEBUG] [net.neoforged.accesstransformer.AccessTransformer/AXFORM]: Transforming net.minecraft.world.level.block.state.BlockBehaviour$Properties FIELD isRandomlyTicking to access PUBLIC and REMOVEFINAL
[11dic2025 14:06:10.671] [main/DEBUG] [net.neoforged.accesstransformer.AccessTransformer/AXFORM]: Transforming net.minecraft.world.level.block.state.BlockBehaviour$Properties FIELD friction to access PUBLIC and REMOVEFINAL
[11dic2025 14:06:10.671] [main/DEBUG] [net.neoforged.accesstransformer.AccessTransformer/AXFORM]: Transforming net.minecraft.world.level.block.state.BlockBehaviour$Properties FIELD speedFactor to access PUBLIC and REMOVEFINAL
[11dic2025 14:06:10.671] [main/DEBUG] [net.neoforged.accesstransformer.AccessTransformer/AXFORM]: Transforming net.minecraft.world.level.block.state.BlockBehaviour$Properties FIELD jumpFactor to access PUBLIC and REMOVEFINAL
[11dic2025 14:06:10.671] [main/DEBUG] [net.neoforged.accesstransformer.AccessTransformer/AXFORM]: Transforming net.minecraft.world.level.block.state.BlockBehaviour$Properties FIELD drops to access PUBLIC and LEAVE
[11dic2025 14:06:10.671] [main/DEBUG] [net.neoforged.accesstransformer.AccessTransformer/AXFORM]: Transforming net.minecraft.world.level.block.state.BlockBehaviour$Properties FIELD canOcclude to access PUBLIC and REMOVEFINAL
[11dic2025 14:06:10.671] [main/DEBUG] [net.neoforged.accesstransformer.AccessTransformer/AXFORM]: Transforming net.minecraft.world.level.block.state.BlockBehaviour$Properties FIELD isAir to access PUBLIC and REMOVEFINAL
[11dic2025 14:06:10.671] [main/DEBUG] [net.neoforged.accesstransformer.AccessTransformer/AXFORM]: Transforming net.minecraft.world.level.block.state.BlockBehaviour$Properties FIELD isValidSpawn to access PUBLIC and REMOVEFINAL
[11dic2025 14:06:10.671] [main/DEBUG] [net.neoforged.accesstransformer.AccessTransformer/AXFORM]: Transforming net.minecraft.world.level.block.state.BlockBehaviour$Properties FIELD isRedstoneConductor to access PUBLIC and REMOVEFINAL
[11dic2025 14:06:10.671] [main/DEBUG] [net.neoforged.accesstransformer.AccessTransformer/AXFORM]: Transforming net.minecraft.world.level.block.state.BlockBehaviour$Properties FIELD isSuffocating to access PUBLIC and REMOVEFINAL
[11dic2025 14:06:10.671] [main/DEBUG] [net.neoforged.accesstransformer.AccessTransformer/AXFORM]: Transforming net.minecraft.world.level.block.state.BlockBehaviour$Properties FIELD isViewBlocking to access PUBLIC and REMOVEFINAL
[11dic2025 14:06:10.671] [main/DEBUG] [net.neoforged.accesstransformer.AccessTransformer/AXFORM]: Transforming net.minecraft.world.level.block.state.BlockBehaviour$Properties FIELD hasPostProcess to access PUBLIC and REMOVEFINAL
[11dic2025 14:06:10.671] [main/DEBUG] [net.neoforged.accesstransformer.AccessTransformer/AXFORM]: Transforming net.minecraft.world.level.block.state.BlockBehaviour$Properties FIELD emissiveRendering to access PUBLIC and REMOVEFINAL
[11dic2025 14:06:10.671] [main/DEBUG] [net.neoforged.accesstransformer.AccessTransformer/AXFORM]: Transforming net.minecraft.world.level.block.state.BlockBehaviour$Properties FIELD dynamicShape to access PUBLIC and REMOVEFINAL
[11dic2025 14:06:10.671] [main/DEBUG] [net.neoforged.accesstransformer.AccessTransformer/AXFORM]: Transforming net.minecraft.world.level.block.state.BlockBehaviour$Properties METHOD <init>()V to access PUBLIC and LEAVE
[11dic2025 14:06:10.672] [main/TRACE] [mixin/]: Added class metadata for net/minecraft/world/level/block/state/BlockBehaviour$Properties to metadata cache
[11dic2025 14:06:10.672] [main/TRACE] [mixin/]: Added class metadata for net/neoforged/neoforge/registries/GameData to metadata cache
[11dic2025 14:06:10.673] [main/TRACE] [mixin/]: Added class metadata for net/neoforged/neoforge/data/event/GatherDataEvent$DataGeneratorConfig to metadata cache
[11dic2025 14:06:10.674] [main/DEBUG] [net.neoforged.accesstransformer.AccessTransformer/AXFORM]: Transforming net.minecraft.data.DataGenerator FIELD rootOutputFolder to access PUBLIC and LEAVE
[11dic2025 14:06:10.674] [main/TRACE] [mixin/]: Added class metadata for net/minecraft/data/DataGenerator to metadata cache
[11dic2025 14:06:10.675] [main/TRACE] [mixin/]: Added class metadata for net/neoforged/neoforge/data/loading/DatagenModLoader to metadata cache
[11dic2025 14:06:10.675] [main/DEBUG] [net.neoforged.fml.common.asm.RuntimeDistCleaner/DISTXFORM]: Removing Class Annotation: net/minecraft/client/renderer/texture/atlas/SpriteSourceList @Lnet/neoforged/api/distmarker/OnlyIn;
[11dic2025 14:06:10.675] [main/TRACE] [mixin/]: Added class metadata for net/minecraft/client/renderer/texture/atlas/SpriteSourceList to metadata cache
[11dic2025 14:06:10.675] [main/DEBUG] [mixin/]: Preparing neoforge.mixins.json (2)
[11dic2025 14:06:10.676] [main/DEBUG] [net.neoforged.accesstransformer.AccessTransformer/AXFORM]: Transforming net.minecraft.world.level.block.entity.BlockEntityType INNERCLASS BlockEntitySupplier to access PUBLIC and LEAVE
[11dic2025 14:06:10.677] [main/TRACE] [mixin/]: Added class metadata for net/minecraft/world/level/block/entity/BlockEntityType to metadata cache
[11dic2025 14:06:10.677] [main/DEBUG] [mixin/]: Preparing architectury.mixins.json (11)
[11dic2025 14:06:10.679] [main/DEBUG] [net.neoforged.accesstransformer.AccessTransformer/AXFORM]: Transforming net.minecraft.world.item.BucketItem FIELD content to access PUBLIC and LEAVE
[11dic2025 14:06:10.680] [main/TRACE] [mixin/]: Added class metadata for net/minecraft/world/item/BucketItem to metadata cache
[11dic2025 14:06:10.680] [main/DEBUG] [net.neoforged.accesstransformer.AccessTransformer/AXFORM]: Transforming net.minecraft.world.level.block.LiquidBlock FIELD fluid to access PUBLIC and LEAVE
[11dic2025 14:06:10.680] [main/DEBUG] [net.neoforged.accesstransformer.AccessTransformer/AXFORM]: Transforming net.minecraft.world.level.block.LiquidBlock METHOD <init>(Lnet/minecraft/world/level/material/FlowingFluid;Lnet/minecraft/world/level/block/state/BlockBehaviour$Properties;)V to access PUBLIC and LEAVE
[11dic2025 14:06:10.680] [main/TRACE] [mixin/]: Added class metadata for net/minecraft/world/level/block/LiquidBlock to metadata cache
[11dic2025 14:06:10.682] [main/TRACE] [mixin/]: Added class metadata for net/minecraft/world/level/chunk/storage/ChunkSerializer to metadata cache
[11dic2025 14:06:10.683] [main/TRACE] [mixin/]: Added class metadata for net/minecraft/world/entity/player/Inventory to metadata cache
[11dic2025 14:06:10.683] [main/TRACE] [mixin/]: Added class metadata for dev/architectury/extensions/ItemExtension to metadata cache
[11dic2025 14:06:10.683] [main/TRACE] [mixin/]: Added class metadata for net/neoforged/neoforge/event/level/LevelEvent to metadata cache
[11dic2025 14:06:10.684] [main/DEBUG] [mixin/]: Preparing architectury-common.mixins.json (9)
[11dic2025 14:06:10.685] [main/TRACE] [mixin/]: Added class metadata for net/minecraft/world/food/FoodProperties$Builder to metadata cache
[11dic2025 14:06:10.686] [main/TRACE] [mixin/]: Added class metadata for net/minecraft/world/entity/LightningBolt to metadata cache
[11dic2025 14:06:10.686] [main/DEBUG] [mixin/]: Preparing ftblibrary-common.mixins.json (4)
[11dic2025 14:06:10.686] [main/TRACE] [mixin/]: Added class metadata for net/minecraft/world/CompoundContainer to metadata cache
[11dic2025 14:06:10.686] [main/DEBUG] [mixin/]: Preparing fabric-screen-api-v1.mixins.json (3)
[11dic2025 14:06:10.687] [main/DEBUG] [mixin/]: Preparing trashcans.mixins.json (0)
[11dic2025 14:06:10.687] [main/DEBUG] [mixin/]: Preparing pipezretriever.mixins.json (8)
[11dic2025 14:06:10.689] [main/TRACE] [mixin/]: Added class metadata for de/maxhenkel/pipez/blocks/tileentity/PipeTileEntity to metadata cache
[11dic2025 14:06:10.690] [main/TRACE] [mixin/]: Added class metadata for de/maxhenkel/pipez/blocks/tileentity/UpgradeTileEntity to metadata cache
[11dic2025 14:06:10.690] [main/TRACE] [mixin/]: Added class metadata for de/maxhenkel/pipez/blocks/tileentity/types/ItemPipeType to metadata cache
[11dic2025 14:06:10.691] [main/TRACE] [mixin/]: Added class metadata for de/maxhenkel/pipez/blocks/tileentity/types/FluidPipeType to metadata cache
[11dic2025 14:06:10.692] [main/TRACE] [mixin/]: Added class metadata for de/maxhenkel/pipez/blocks/tileentity/types/EnergyPipeType to metadata cache
[11dic2025 14:06:10.693] [main/TRACE] [mixin/]: Added class metadata for de/maxhenkel/pipez/blocks/tileentity/types/GasPipeType to metadata cache
[11dic2025 14:06:10.693] [main/TRACE] [mixin/]: Added class metadata for de/maxhenkel/pipez/utils/PipeEnergyStorage to metadata cache
[11dic2025 14:06:10.694] [main/TRACE] [mixin/]: Added class metadata for de/maxhenkel/pipez/gui/ExtractScreen to metadata cache
[11dic2025 14:06:10.694] [main/DEBUG] [mixin/]: Preparing fabric-networking-api-v1.mixins.json (14)
[11dic2025 14:06:10.698] [main/TRACE] [mixin/]: Added class metadata for net/minecraft/server/level/ServerEntity to metadata cache
[11dic2025 14:06:10.698] [main/TRACE] [mixin/]: Added class metadata for net/minecraft/network/protocol/login/ClientboundCustomQueryPacket to metadata cache
[11dic2025 14:06:10.699] [main/TRACE] [mixin/]: Added class metadata for net/minecraft/network/protocol/login/ServerboundCustomQueryAnswerPacket to metadata cache
[11dic2025 14:06:10.700] [main/DEBUG] [net.neoforged.accesstransformer.AccessTransformer/AXFORM]: Transforming net.minecraft.server.network.ServerConfigurationPacketListenerImpl METHOD finishCurrentTask(Lnet/minecraft/server/network/ConfigurationTask$Type;)V to access PUBLIC and LEAVE
[11dic2025 14:06:10.700] [main/TRACE] [mixin/]: Added class metadata for net/minecraft/server/network/ServerConfigurationPacketListenerImpl to metadata cache
[11dic2025 14:06:10.701] [main/TRACE] [mixin/]: Added class metadata for net/minecraft/server/network/ServerLoginPacketListenerImpl to metadata cache
[11dic2025 14:06:10.704] [main/DEBUG] [net.neoforged.accesstransformer.AccessTransformer/AXFORM]: Transforming net.minecraft.server.network.ServerGamePacketListenerImpl FIELD aboveGroundTickCount to access PUBLIC and LEAVE
[11dic2025 14:06:10.707] [main/TRACE] [mixin/]: Added class metadata for net/minecraft/server/network/ServerGamePacketListenerImpl to metadata cache
[11dic2025 14:06:10.709] [main/TRACE] [mixin/]: Added class metadata for net/neoforged/neoforge/network/registration/NetworkRegistry to metadata cache
[11dic2025 14:06:10.709] [main/DEBUG] [net.neoforged.accesstransformer.AccessTransformer/AXFORM]: Transforming net.minecraft.server.level.ChunkMap$TrackedEntity CLASS to access PUBLIC and LEAVE
[11dic2025 14:06:10.710] [main/TRACE] [mixin/]: Added class metadata for net/minecraft/server/level/ChunkMap$TrackedEntity to metadata cache
[11dic2025 14:06:10.712] [main/DEBUG] [net.neoforged.accesstransformer.AccessTransformer/AXFORM]: Transforming net.minecraft.server.level.ChunkMap INNERCLASS TrackedEntity to access PUBLIC and LEAVE
[11dic2025 14:06:10.712] [main/DEBUG] [net.neoforged.accesstransformer.AccessTransformer/AXFORM]: Transforming net.minecraft.server.level.ChunkMap FIELD playerMap to access PUBLIC and LEAVE
[11dic2025 14:06:10.712] [main/DEBUG] [net.neoforged.accesstransformer.AccessTransformer/AXFORM]: Transforming net.minecraft.server.level.ChunkMap METHOD isChunkTracked(Lnet/minecraft/server/level/ServerPlayer;II)Z to access PUBLIC and LEAVE
[11dic2025 14:06:10.712] [main/DEBUG] [net.neoforged.accesstransformer.AccessTransformer/AXFORM]: Transforming net.minecraft.server.level.ChunkMap METHOD getVisibleChunkIfPresent(J)Lnet/minecraft/server/level/ChunkHolder; to access PUBLIC and LEAVE
[11dic2025 14:06:10.715] [main/TRACE] [mixin/]: Added class metadata for net/minecraft/server/level/ChunkMap to metadata cache
[11dic2025 14:06:10.715] [main/DEBUG] [mixin/]: @Mixin target net/minecraft/server/level/ChunkMap$TrackedEntity is public in fabric-networking-api-v1.mixins.json:accessor.EntityTrackerAccessor from mod fabric_networking_api_v1 and should be specified in value
[11dic2025 14:06:10.715] [main/DEBUG] [mixin/]: Preparing fabric-networking-api-v1.client.mixins.json (8)
[11dic2025 14:06:10.717] [main/DEBUG] [net.neoforged.accesstransformer.AccessTransformer/AXFORM]: Transforming net.minecraft.client.gui.screens.ConnectScreen FIELD connection to access PUBLIC and LEAVE
[11dic2025 14:06:10.717] [main/DEBUG] [net.neoforged.fml.common.asm.RuntimeDistCleaner/DISTXFORM]: Removing Class Annotation: net/minecraft/client/gui/screens/ConnectScreen @Lnet/neoforged/api/distmarker/OnlyIn;
[11dic2025 14:06:10.717] [main/TRACE] [mixin/]: Added class metadata for net/minecraft/client/gui/screens/ConnectScreen to metadata cache
[11dic2025 14:06:10.717] [main/DEBUG] [mixin/]: Preparing athena.mixins.json (1)
[11dic2025 14:06:10.718] [main/DEBUG] [net.neoforged.accesstransformer.AccessTransformer/AXFORM]: Transforming net.minecraft.client.resources.model.ModelBakery INNERCLASS ModelBakerImpl to access PUBLIC and LEAVE
[11dic2025 14:06:10.718] [main/DEBUG] [net.neoforged.accesstransformer.AccessTransformer/AXFORM]: Transforming net.minecraft.client.resources.model.ModelBakery METHOD getModel(Lnet/minecraft/resources/ResourceLocation;)Lnet/minecraft/client/resources/model/UnbakedModel; to access PUBLIC and LEAVE
[11dic2025 14:06:10.718] [main/DEBUG] [net.neoforged.fml.common.asm.RuntimeDistCleaner/DISTXFORM]: Removing Class Annotation: net/minecraft/client/resources/model/ModelBakery @Lnet/neoforged/api/distmarker/OnlyIn;
[11dic2025 14:06:10.719] [main/TRACE] [mixin/]: Added class metadata for net/minecraft/client/resources/model/ModelBakery to metadata cache
[11dic2025 14:06:10.719] [main/DEBUG] [mixin/]: Preparing athena-neoforge.mixins.json (1)
[11dic2025 14:06:10.719] [main/DEBUG] [mixin/]: Preparing mixinextras.init.mixins.json (0)
[11dic2025 14:06:10.722] [main/DEBUG] [net.neoforged.fml.common.asm.RuntimeDistCleaner/DISTXFORM]: Removing Class Annotation: com/mojang/blaze3d/vertex/VertexFormat$Mode @Lnet/neoforged/api/distmarker/OnlyIn;
[11dic2025 14:06:10.722] [main/TRACE] [mixin/]: Added class metadata for com/mojang/blaze3d/vertex/VertexFormat$Mode to metadata cache
[11dic2025 14:06:10.722] [main/TRACE] [mixin/]: Added class metadata for net/minecraft/core/HolderLookup$Provider to metadata cache
[11dic2025 14:06:10.723] [main/TRACE] [mixin/]: Added class metadata for net/minecraft/world/level/levelgen/feature/configurations/OreConfiguration$TargetBlockState to metadata cache
[11dic2025 14:06:10.724] [main/TRACE] [mixin/]: Added class metadata for net/minecraft/core/BlockPos$MutableBlockPos to metadata cache
[11dic2025 14:06:10.726] [main/TRACE] [mixin/]: Added class metadata for java/lang/invoke/MethodHandles$Lookup to metadata cache
[11dic2025 14:06:10.727] [main/TRACE] [mixin/]: Added class metadata for io/wispforest/endec/SerializationAttribute$Instance to metadata cache
[11dic2025 14:06:10.727] [main/TRACE] [mixin/]: Added class metadata for io/wispforest/endec/SerializationAttribute$Marker to metadata cache
[11dic2025 14:06:10.727] [main/TRACE] [mixin/]: Added class metadata for net/minecraft/resources/RegistryOps$RegistryInfoLookup to metadata cache
[11dic2025 14:06:10.728] [main/TRACE] [mixin/]: Added class metadata for io/wispforest/owo/client/screens/ScreenInternals$LocalPacket to metadata cache
[11dic2025 14:06:10.728] [main/TRACE] [mixin/]: Added class metadata for io/wispforest/owo/client/screens/ScreenInternals$SyncPropertiesPacket to metadata cache
[11dic2025 14:06:10.728] [main/TRACE] [mixin/]: Added class metadata for io/wispforest/owo/util/TagInjector$TagLocation to metadata cache
[11dic2025 14:06:10.729] [main/TRACE] [mixin/]: Added class metadata for net/minecraft/tags/TagLoader$EntryWithSource to metadata cache
[11dic2025 14:06:10.729] [main/TRACE] [mixin/]: Added class metadata for org/spongepowered/asm/mixin/injection/At$Shift to metadata cache
[11dic2025 14:06:10.729] [main/TRACE] [mixin/]: Added class metadata for net/minecraft/world/item/CreativeModeTab$DisplayItemsGenerator to metadata cache
[11dic2025 14:06:10.730] [main/TRACE] [mixin/]: Added class metadata for net/minecraft/world/item/CreativeModeTab$Row to metadata cache
[11dic2025 14:06:10.730] [main/DEBUG] [net.neoforged.accesstransformer.AccessTransformer/AXFORM]: Transforming net.minecraft.world.item.CreativeModeTab$Output CLASS to access PUBLIC and LEAVE
[11dic2025 14:06:10.730] [main/TRACE] [mixin/]: Added class metadata for net/minecraft/world/item/CreativeModeTab$Output to metadata cache
[11dic2025 14:06:10.730] [main/TRACE] [mixin/]: Added class metadata for io/wispforest/owo/offline/DataSavedEvents$Advancements to metadata cache
[11dic2025 14:06:10.731] [main/TRACE] [mixin/]: Added class metadata for io/wispforest/owo/offline/DataSavedEvents$PlayerData to metadata cache
[11dic2025 14:06:10.731] [main/TRACE] [mixin/]: Added class metadata for net/minecraft/world/item/crafting/CraftingInput$Positioned to metadata cache
[11dic2025 14:06:10.731] [main/TRACE] [mixin/]: Added class metadata for java/util/Map$Entry to metadata cache
[11dic2025 14:06:10.732] [main/TRACE] [mixin/]: Added class metadata for net/neoforged/neoforge/registries/BaseMappedRegistry to metadata cache
[11dic2025 14:06:10.732] [main/TRACE] [mixin/]: Added class metadata for net/minecraft/network/chat/ComponentContents$Type to metadata cache
[11dic2025 14:06:10.732] [main/TRACE] [mixin/]: Added class metadata for io/wispforest/owo/mixin/text/TextCodecsMixin$1 to metadata cache
[11dic2025 14:06:10.732] [main/TRACE] [mixin/]: Added class metadata for io/wispforest/owo/mixin/text/TextCodecsMixin$2 to metadata cache
[11dic2025 14:06:10.733] [main/TRACE] [mixin/]: Added class metadata for io/wispforest/owo/text/CustomTextRegistry$Entry to metadata cache
[11dic2025 14:06:10.733] [main/DEBUG] [mixin/]: Inner class io/wispforest/owo/mixin/text/TextCodecsMixin$2 in io/wispforest/owo/mixin/text/TextCodecsMixin on net/minecraft/network/chat/ComponentSerialization gets unique name net/minecraft/network/chat/ComponentSerialization$Anonymous$a9edb52a24224eed8586f5e1747356f7
[11dic2025 14:06:10.733] [main/DEBUG] [mixin/]: Inner class io/wispforest/owo/mixin/text/TextCodecsMixin$1 in io/wispforest/owo/mixin/text/TextCodecsMixin on net/minecraft/network/chat/ComponentSerialization gets unique name net/minecraft/network/chat/ComponentSerialization$Anonymous$6088e41fd6d84df6884892aa906a8fd9
[11dic2025 14:06:10.734] [main/TRACE] [mixin/]: Added class metadata for net/minecraft/world/level/GameRules$Key to metadata cache
[11dic2025 14:06:10.734] [main/TRACE] [mixin/]: Added class metadata for net/minecraft/world/level/GameRules$Value to metadata cache
[11dic2025 14:06:10.735] [main/DEBUG] [net.neoforged.accesstransformer.AccessTransformer/AXFORM]: Transforming net.minecraft.world.level.GameRules$BooleanValue METHOD create(ZLjava/util/function/BiConsumer;)Lnet/minecraft/world/level/GameRules$Type; to access PUBLIC and LEAVE
[11dic2025 14:06:10.735] [main/DEBUG] [net.neoforged.accesstransformer.AccessTransformer/AXFORM]: Transforming net.minecraft.world.level.GameRules$BooleanValue METHOD create(Z)Lnet/minecraft/world/level/GameRules$Type; to access PUBLIC and LEAVE
[11dic2025 14:06:10.735] [main/TRACE] [mixin/]: Added class metadata for net/minecraft/world/level/GameRules$BooleanValue to metadata cache
[11dic2025 14:06:10.736] [main/TRACE] [mixin/]: Added class metadata for org/sinytra/fabric/networking_api/NeoNetworkRegistrar$NeoPayloadHandler to metadata cache
[11dic2025 14:06:10.736] [main/TRACE] [mixin/]: Added class metadata for io/wispforest/owo/itemgroup/OwoItemGroup$ScrollerTextures to metadata cache
[11dic2025 14:06:10.736] [main/TRACE] [mixin/]: Added class metadata for io/wispforest/owo/itemgroup/OwoItemGroup$TabTextures to metadata cache
[11dic2025 14:06:10.737] [main/TRACE] [mixin/]: Added class metadata for io/wispforest/owo/itemgroup/OwoItemGroup$ButtonDefinition to metadata cache
[11dic2025 14:06:10.737] [main/TRACE] [mixin/]: Added class metadata for net/minecraft/world/item/CreativeModeTab$ItemDisplayParameters to metadata cache
[11dic2025 14:06:10.737] [main/DEBUG] [net.neoforged.fml.common.asm.RuntimeDistCleaner/DISTXFORM]: Removing Class Annotation: net/minecraft/client/gui/screens/inventory/CreativeModeInventoryScreen$ItemPickerMenu @Lnet/neoforged/api/distmarker/OnlyIn;
[11dic2025 14:06:10.737] [main/TRACE] [mixin/]: Added class metadata for net/minecraft/client/gui/screens/inventory/CreativeModeInventoryScreen$ItemPickerMenu to metadata cache
[11dic2025 14:06:10.747] [main/TRACE] [mixin/]: Added class metadata for com/google/common/collect/ImmutableMap$Builder to metadata cache
[11dic2025 14:06:10.748] [main/TRACE] [mixin/]: Added class metadata for java/lang/ProcessBuilder$Redirect to metadata cache
[11dic2025 14:06:10.748] [main/TRACE] [mixin/]: Added class metadata for io/wispforest/owo/ui/core/Component$DismountReason to metadata cache
[11dic2025 14:06:10.748] [main/TRACE] [mixin/]: Added class metadata for io/wispforest/owo/ui/core/Component$FocusSource to metadata cache
[11dic2025 14:06:10.749] [main/DEBUG] [net.neoforged.accesstransformer.AccessTransformer/AXFORM]: Transforming net.minecraft.client.gui.GuiGraphics$ScissorStack CLASS to access PUBLIC and LEAVE
[11dic2025 14:06:10.749] [main/DEBUG] [net.neoforged.fml.common.asm.RuntimeDistCleaner/DISTXFORM]: Removing Class Annotation: net/minecraft/client/gui/GuiGraphics$ScissorStack @Lnet/neoforged/api/distmarker/OnlyIn;
[11dic2025 14:06:10.749] [main/TRACE] [mixin/]: Added class metadata for net/minecraft/client/gui/GuiGraphics$ScissorStack to metadata cache
[11dic2025 14:06:10.750] [main/DEBUG] [net.neoforged.fml.common.asm.RuntimeDistCleaner/DISTXFORM]: Removing Class Annotation: net/minecraft/client/gui/components/AbstractScrollWidget @Lnet/neoforged/api/distmarker/OnlyIn;
[11dic2025 14:06:10.750] [main/TRACE] [mixin/]: Added class metadata for net/minecraft/client/gui/components/AbstractScrollWidget to metadata cache
[11dic2025 14:06:10.751] [main/TRACE] [mixin/]: Added class metadata for io/wispforest/owo/ui/core/OwoUIDrawContext$UtilityScreen to metadata cache
[11dic2025 14:06:10.751] [main/DEBUG] [net.neoforged.fml.common.asm.RuntimeDistCleaner/DISTXFORM]: Removing Class Annotation: net/minecraft/client/gui/components/Button$OnPress @Lnet/neoforged/api/distmarker/OnlyIn;
[11dic2025 14:06:10.751] [main/TRACE] [mixin/]: Added class metadata for net/minecraft/client/gui/components/Button$OnPress to metadata cache
[11dic2025 14:06:10.752] [main/TRACE] [mixin/]: Added class metadata for org/jetbrains/annotations/ApiStatus$Internal to metadata cache
[11dic2025 14:06:10.752] [main/TRACE] [mixin/]: Added class metadata for io/wispforest/owo/ui/layers/Layer$Instance to metadata cache
[11dic2025 14:06:10.753] [main/DEBUG] [net.neoforged.fml.common.asm.RuntimeDistCleaner/DISTXFORM]: Removing Class Annotation: net/minecraft/client/gui/components/events/AbstractContainerEventHandler @Lnet/neoforged/api/distmarker/OnlyIn;
[11dic2025 14:06:10.753] [main/TRACE] [mixin/]: Added class metadata for net/minecraft/client/gui/components/events/AbstractContainerEventHandler to metadata cache
[11dic2025 14:06:10.753] [main/TRACE] [mixin/]: Added class metadata for net/minecraft/world/item/Item$TooltipContext to metadata cache
[11dic2025 14:06:10.753] [main/DEBUG] [net.neoforged.fml.common.asm.RuntimeDistCleaner/DISTXFORM]: Removing Class Annotation: net/minecraft/client/gui/Font$DisplayMode @Lnet/neoforged/api/distmarker/OnlyIn;
[11dic2025 14:06:10.753] [main/TRACE] [mixin/]: Added class metadata for net/minecraft/client/gui/Font$DisplayMode to metadata cache
[11dic2025 14:06:10.755] [main/TRACE] [mixin/]: Added class metadata for dev/latvian/mods/kubejs/core/mixin/GameRulesMixin$1 to metadata cache
[11dic2025 14:06:10.755] [main/TRACE] [mixin/]: Added class metadata for net/minecraft/world/level/GameRules$GameRuleTypeVisitor to metadata cache
[11dic2025 14:06:10.756] [main/DEBUG] [mixin/]: Inner class dev/latvian/mods/kubejs/core/mixin/GameRulesMixin$1 in dev/latvian/mods/kubejs/core/mixin/GameRulesMixin on net/minecraft/world/level/GameRules gets unique name net/minecraft/world/level/GameRules$Anonymous$b4a997ac519546738609468f9aedc54d
[11dic2025 14:06:10.756] [main/TRACE] [mixin/]: Added class metadata for net/minecraft/core/component/DataComponentMap$Builder to metadata cache
[11dic2025 14:06:10.756] [main/TRACE] [mixin/]: Added class metadata for dev/latvian/mods/kubejs/item/ItemBuilder$NameCallback to metadata cache
[11dic2025 14:06:10.757] [main/TRACE] [mixin/]: Added class metadata for dev/latvian/mods/kubejs/item/ItemBuilder$UseCallback to metadata cache
[11dic2025 14:06:10.757] [main/TRACE] [mixin/]: Added class metadata for dev/latvian/mods/kubejs/item/ItemBuilder$FinishUsingCallback to metadata cache
[11dic2025 14:06:10.757] [main/TRACE] [mixin/]: Added class metadata for dev/latvian/mods/kubejs/item/ItemBuilder$ReleaseUsingCallback to metadata cache
[11dic2025 14:06:10.757] [main/TRACE] [mixin/]: Added class metadata for dev/latvian/mods/kubejs/item/ItemBuilder$HurtEnemyContext to metadata cache
[11dic2025 14:06:10.758] [main/TRACE] [mixin/]: Added class metadata for net/minecraft/core/RegistryAccess$Frozen to metadata cache
[11dic2025 14:06:10.758] [main/TRACE] [mixin/]: Added class metadata for dev/latvian/mods/kubejs/recipe/CachedTagLookup$Entry to metadata cache
[11dic2025 14:06:10.759] [main/TRACE] [mixin/]: Added class metadata for com/google/common/collect/ImmutableMultimap$Builder to metadata cache
[11dic2025 14:06:10.759] [main/DEBUG] [net.neoforged.accesstransformer.AccessTransformer/AXFORM]: Transforming net.minecraft.server.MinecraftServer$ReloadableResources CLASS to access PUBLIC and LEAVE
[11dic2025 14:06:10.759] [main/DEBUG] [net.neoforged.accesstransformer.AccessTransformer/AXFORM]: Transforming net.minecraft.server.MinecraftServer$ReloadableResources METHOD <init>(Lnet/minecraft/server/packs/resources/CloseableResourceManager;Lnet/minecraft/server/ReloadableServerResources;)V to access PUBLIC and LEAVE
[11dic2025 14:06:10.761] [main/TRACE] [mixin/]: Added class metadata for net/minecraft/server/MinecraftServer$ReloadableResources to metadata cache
[11dic2025 14:06:10.761] [main/DEBUG] [net.neoforged.accesstransformer.AccessTransformer/AXFORM]: Transforming net.minecraft.commands.Commands$CommandSelection FIELD includeIntegrated to access PUBLIC and LEAVE
[11dic2025 14:06:10.761] [main/DEBUG] [net.neoforged.accesstransformer.AccessTransformer/AXFORM]: Transforming net.minecraft.commands.Commands$CommandSelection FIELD includeDedicated to access PUBLIC and LEAVE
[11dic2025 14:06:10.761] [main/TRACE] [mixin/]: Added class metadata for net/minecraft/commands/Commands$CommandSelection to metadata cache
[11dic2025 14:06:10.762] [main/TRACE] [mixin/]: Added class metadata for dev/latvian/mods/kubejs/registry/RegistryType$Scanner to metadata cache
[11dic2025 14:06:10.762] [main/TRACE] [mixin/]: Added class metadata for net/neoforged/neoforge/common/conditions/ICondition$IContext to metadata cache
[11dic2025 14:06:10.762] [main/TRACE] [mixin/]: Added class metadata for net/minecraft/core/RegistryAccess$RegistryEntry to metadata cache
[11dic2025 14:06:10.763] [main/TRACE] [mixin/]: Added class metadata for net/minecraft/tags/TagManager$LoadResult to metadata cache
[11dic2025 14:06:10.763] [main/TRACE] [mixin/]: Added class metadata for net/minecraft/server/packs/resources/PreparableReloadListener$PreparationBarrier to metadata cache
[11dic2025 14:06:10.763] [main/TRACE] [mixin/]: Added class metadata for net/minecraft/server/WorldLoader$InitConfig to metadata cache
[11dic2025 14:06:10.763] [main/TRACE] [mixin/]: Added class metadata for net/minecraft/server/WorldLoader$WorldDataSupplier to metadata cache
[11dic2025 14:06:10.763] [main/TRACE] [mixin/]: Added class metadata for net/minecraft/server/WorldLoader$ResultFactory to metadata cache
[11dic2025 14:06:10.764] [main/DEBUG] [net.neoforged.accesstransformer.AccessTransformer/AXFORM]: Transforming net.minecraft.client.gui.components.AbstractSelectionList$Entry CLASS to access PUBLIC and LEAVE
[11dic2025 14:06:10.764] [main/DEBUG] [net.neoforged.accesstransformer.AccessTransformer/AXFORM]: Transforming net.minecraft.client.gui.components.AbstractSelectionList$Entry FIELD list to access PROTECTED and LEAVE
[11dic2025 14:06:10.764] [main/DEBUG] [net.neoforged.fml.common.asm.RuntimeDistCleaner/DISTXFORM]: Removing Class Annotation: net/minecraft/client/gui/components/AbstractSelectionList$Entry @Lnet/neoforged/api/distmarker/OnlyIn;
[11dic2025 14:06:10.764] [main/TRACE] [mixin/]: Added class metadata for net/minecraft/client/gui/components/AbstractSelectionList$Entry to metadata cache
[11dic2025 14:06:10.765] [main/TRACE] [mixin/]: Added class metadata for dev/latvian/mods/kubejs/kubedex/KubedexHighlight$Mode to metadata cache
[11dic2025 14:06:10.765] [main/TRACE] [mixin/]: Added class metadata for net/neoforged/neoforge/attachment/AttachmentHolder to metadata cache
[11dic2025 14:06:10.766] [main/DEBUG] [net.neoforged.accesstransformer.AccessTransformer/AXFORM]: Transforming net.minecraft.client.Minecraft$GameLoadCookie CLASS to access PUBLIC and LEAVE
[11dic2025 14:06:10.766] [main/DEBUG] [net.neoforged.accesstransformer.AccessTransformer/AXFORM]: Transforming net.minecraft.client.Minecraft$GameLoadCookie METHOD <init>(Lcom/mojang/realmsclient/client/RealmsClient;Lnet/minecraft/client/main/GameConfig$QuickPlayData;)V to access PUBLIC and LEAVE
[11dic2025 14:06:10.766] [main/DEBUG] [net.neoforged.fml.common.asm.RuntimeDistCleaner/DISTXFORM]: Removing Class Annotation: net/minecraft/client/Minecraft$GameLoadCookie @Lnet/neoforged/api/distmarker/OnlyIn;
[11dic2025 14:06:10.766] [main/TRACE] [mixin/]: Added class metadata for net/minecraft/client/Minecraft$GameLoadCookie to metadata cache
[11dic2025 14:06:10.767] [main/TRACE] [mixin/]: Added class metadata for com/supermartijn642/core/registry/RegistryEntryAcceptor$Handler to metadata cache
[11dic2025 14:06:10.767] [main/TRACE] [mixin/]: Added class metadata for net/minecraft/server/packs/resources/SimpleJsonResourceReloadListener to metadata cache
[11dic2025 14:06:10.768] [main/TRACE] [mixin/]: Added class metadata for net/minecraft/server/packs/resources/SimplePreparableReloadListener to metadata cache
[11dic2025 14:06:10.768] [main/TRACE] [mixin/]: Added class metadata for net/neoforged/neoforge/resource/ContextAwareReloadListener to metadata cache
[11dic2025 14:06:10.768] [main/TRACE] [mixin/]: Added class metadata for com/supermartijn642/core/registry/Registries$Registry to metadata cache
[11dic2025 14:06:10.768] [main/TRACE] [mixin/]: Added class metadata for net/minecraft/tags/TagEntry$Lookup to metadata cache
[11dic2025 14:06:10.769] [main/TRACE] [mixin/]: Added class metadata for com/supermartijn642/core/generator/ResourceCache$HashCacheWrapper to metadata cache
[11dic2025 14:06:10.769] [main/TRACE] [mixin/]: Added class metadata for com/supermartijn642/core/generator/ResourceGenerator$DataProviderInstance to metadata cache
[11dic2025 14:06:10.770] [main/DEBUG] [net.neoforged.accesstransformer.AccessTransformer/AXFORM]: Transforming net.minecraft.data.HashCache$ProviderCache CLASS to access PUBLIC and LEAVE
[11dic2025 14:06:10.770] [main/DEBUG] [net.neoforged.accesstransformer.AccessTransformer/AXFORM]: Transforming net.minecraft.data.HashCache$ProviderCache METHOD <init>(Ljava/lang/String;Lcom/google/common/collect/ImmutableMap;)V to access PUBLIC and LEAVE
[11dic2025 14:06:10.770] [main/TRACE] [mixin/]: Added class metadata for net/minecraft/data/HashCache$ProviderCache to metadata cache
[11dic2025 14:06:10.771] [main/TRACE] [mixin/]: Added class metadata for dev/architectury/event/events/common/PlayerEvent$FillBucket to metadata cache
[11dic2025 14:06:10.771] [main/TRACE] [mixin/]: Added class metadata for net/neoforged/neoforge/event/level/ChunkDataEvent$Load to metadata cache
[11dic2025 14:06:10.771] [main/TRACE] [mixin/]: Added class metadata for dev/architectury/event/forge/EventHandlerImplCommon$LevelEventAttachment to metadata cache
[11dic2025 14:06:10.771] [main/TRACE] [mixin/]: Added class metadata for dev/architectury/event/events/common/BlockEvent$FallingLand to metadata cache
[11dic2025 14:06:10.771] [main/TRACE] [mixin/]: Added class metadata for dev/architectury/event/events/client/ClientCommandRegistrationEvent$ClientCommandSourceStack to metadata cache
[11dic2025 14:06:10.771] [main/DEBUG] [net.neoforged.fml.common.asm.RuntimeDistCleaner/DISTXFORM]: Removing Class Annotation: dev/architectury/event/events/client/ClientTickEvent$ClientLevel @Lnet/neoforged/api/distmarker/OnlyIn;
[11dic2025 14:06:10.771] [main/TRACE] [mixin/]: Added class metadata for dev/architectury/event/events/client/ClientTickEvent$ClientLevel to metadata cache
[11dic2025 14:06:10.772] [main/DEBUG] [net.neoforged.fml.common.asm.RuntimeDistCleaner/DISTXFORM]: Removing Class Annotation: dev/architectury/event/events/client/ClientLifecycleEvent$ClientState @Lnet/neoforged/api/distmarker/OnlyIn;
[11dic2025 14:06:10.772] [main/TRACE] [mixin/]: Added class metadata for dev/architectury/event/events/client/ClientLifecycleEvent$ClientState to metadata cache
[11dic2025 14:06:10.772] [main/TRACE] [mixin/]: Added class metadata for dev/architectury/event/events/common/LightningEvent$Strike to metadata cache
[11dic2025 14:06:10.772] [main/TRACE] [mixin/]: Added class metadata for net/fabricmc/fabric/api/client/screen/v1/ScreenEvents$Remove to metadata cache
[11dic2025 14:06:10.772] [main/TRACE] [mixin/]: Added class metadata for net/fabricmc/fabric/api/client/screen/v1/ScreenEvents$BeforeTick to metadata cache
[11dic2025 14:06:10.772] [main/TRACE] [mixin/]: Added class metadata for net/fabricmc/fabric/api/client/screen/v1/ScreenEvents$AfterTick to metadata cache
[11dic2025 14:06:10.773] [main/TRACE] [mixin/]: Added class metadata for net/fabricmc/fabric/api/client/screen/v1/ScreenEvents$BeforeInit to metadata cache
[11dic2025 14:06:10.773] [main/TRACE] [mixin/]: Added class metadata for net/fabricmc/fabric/api/client/screen/v1/ScreenEvents$AfterInit to metadata cache
[11dic2025 14:06:10.773] [main/TRACE] [mixin/]: Added class metadata for net/fabricmc/fabric/api/client/screen/v1/ScreenEvents$BeforeRender to metadata cache
[11dic2025 14:06:10.773] [main/TRACE] [mixin/]: Added class metadata for net/fabricmc/fabric/api/client/screen/v1/ScreenEvents$AfterRender to metadata cache
[11dic2025 14:06:10.773] [main/TRACE] [mixin/]: Added class metadata for net/fabricmc/fabric/api/client/screen/v1/ScreenKeyboardEvents$AllowKeyPress to metadata cache
[11dic2025 14:06:10.773] [main/TRACE] [mixin/]: Added class metadata for net/fabricmc/fabric/api/client/screen/v1/ScreenKeyboardEvents$BeforeKeyPress to metadata cache
[11dic2025 14:06:10.773] [main/TRACE] [mixin/]: Added class metadata for net/fabricmc/fabric/api/client/screen/v1/ScreenKeyboardEvents$AfterKeyPress to metadata cache
[11dic2025 14:06:10.773] [main/TRACE] [mixin/]: Added class metadata for net/fabricmc/fabric/api/client/screen/v1/ScreenKeyboardEvents$AllowKeyRelease to metadata cache
[11dic2025 14:06:10.773] [main/TRACE] [mixin/]: Added class metadata for net/fabricmc/fabric/api/client/screen/v1/ScreenKeyboardEvents$BeforeKeyRelease to metadata cache
[11dic2025 14:06:10.773] [main/TRACE] [mixin/]: Added class metadata for net/fabricmc/fabric/api/client/screen/v1/ScreenKeyboardEvents$AfterKeyRelease to metadata cache
[11dic2025 14:06:10.773] [main/TRACE] [mixin/]: Added class metadata for net/fabricmc/fabric/api/client/screen/v1/ScreenMouseEvents$AllowMouseClick to metadata cache
[11dic2025 14:06:10.773] [main/TRACE] [mixin/]: Added class metadata for net/fabricmc/fabric/api/client/screen/v1/ScreenMouseEvents$BeforeMouseClick to metadata cache
[11dic2025 14:06:10.774] [main/TRACE] [mixin/]: Added class metadata for net/fabricmc/fabric/api/client/screen/v1/ScreenMouseEvents$AfterMouseClick to metadata cache
[11dic2025 14:06:10.774] [main/TRACE] [mixin/]: Added class metadata for net/fabricmc/fabric/api/client/screen/v1/ScreenMouseEvents$AllowMouseRelease to metadata cache
[11dic2025 14:06:10.774] [main/TRACE] [mixin/]: Added class metadata for net/fabricmc/fabric/api/client/screen/v1/ScreenMouseEvents$BeforeMouseRelease to metadata cache
[11dic2025 14:06:10.774] [main/TRACE] [mixin/]: Added class metadata for net/fabricmc/fabric/api/client/screen/v1/ScreenMouseEvents$AfterMouseRelease to metadata cache
[11dic2025 14:06:10.774] [main/TRACE] [mixin/]: Added class metadata for net/fabricmc/fabric/api/client/screen/v1/ScreenMouseEvents$AllowMouseScroll to metadata cache
[11dic2025 14:06:10.774] [main/TRACE] [mixin/]: Added class metadata for net/fabricmc/fabric/api/client/screen/v1/ScreenMouseEvents$BeforeMouseScroll to metadata cache
[11dic2025 14:06:10.774] [main/TRACE] [mixin/]: Added class metadata for net/fabricmc/fabric/api/client/screen/v1/ScreenMouseEvents$AfterMouseScroll to metadata cache
[11dic2025 14:06:10.775] [main/TRACE] [mixin/]: Added class metadata for de/maxhenkel/pipez/corelib/inventory/ScreenBase to metadata cache
[11dic2025 14:06:10.775] [main/DEBUG] [net.neoforged.fml.common.asm.RuntimeDistCleaner/DISTXFORM]: Removing Class Annotation: net/minecraft/client/gui/components/Button$Builder @Lnet/neoforged/api/distmarker/OnlyIn;
[11dic2025 14:06:10.775] [main/TRACE] [mixin/]: Added class metadata for net/minecraft/client/gui/components/Button$Builder to metadata cache
[11dic2025 14:06:10.776] [main/TRACE] [mixin/]: Added class metadata for net/fabricmc/fabric/api/networking/v1/EntityTrackingEvents$StartTracking to metadata cache
[11dic2025 14:06:10.776] [main/TRACE] [mixin/]: Added class metadata for net/fabricmc/fabric/api/networking/v1/EntityTrackingEvents$StopTracking to metadata cache
[11dic2025 14:06:10.776] [main/TRACE] [mixin/]: Added class metadata for net/minecraft/server/network/ConfigurationTask$Type to metadata cache
[11dic2025 14:06:10.776] [main/TRACE] [mixin/]: Added class metadata for net/fabricmc/fabric/api/networking/v1/ServerConfigurationConnectionEvents$Configure to metadata cache
[11dic2025 14:06:10.776] [main/TRACE] [mixin/]: Added class metadata for net/fabricmc/fabric/api/networking/v1/ServerConfigurationConnectionEvents$Disconnect to metadata cache
[11dic2025 14:06:10.776] [main/TRACE] [mixin/]: Added class metadata for net/fabricmc/fabric/api/networking/v1/ServerPlayConnectionEvents$Init to metadata cache
[11dic2025 14:06:10.776] [main/TRACE] [mixin/]: Added class metadata for net/fabricmc/fabric/api/networking/v1/ServerPlayConnectionEvents$Disconnect to metadata cache
[11dic2025 14:06:10.777] [main/TRACE] [mixin/]: Added class metadata for net/minecraft/network/protocol/common/custom/CustomPacketPayload$TypeAndCodec to metadata cache
[11dic2025 14:06:10.777] [main/TRACE] [mixin/]: Added class metadata for net/minecraft/network/protocol/common/custom/CustomPacketPayload$Type to metadata cache
[11dic2025 14:06:10.777] [main/TRACE] [mixin/]: Added class metadata for net/fabricmc/fabric/api/client/networking/v1/ClientConfigurationConnectionEvents$Init to metadata cache
[11dic2025 14:06:10.778] [main/TRACE] [mixin/]: Added class metadata for net/fabricmc/fabric/api/client/networking/v1/ClientConfigurationConnectionEvents$Complete to metadata cache
[11dic2025 14:06:10.778] [main/TRACE] [mixin/]: Added class metadata for net/fabricmc/fabric/api/client/networking/v1/ClientConfigurationConnectionEvents$Ready to metadata cache
[11dic2025 14:06:10.778] [main/TRACE] [mixin/]: Added class metadata for net/fabricmc/fabric/api/client/networking/v1/ClientConfigurationConnectionEvents$Disconnect to metadata cache
[11dic2025 14:06:10.778] [main/TRACE] [mixin/]: Added class metadata for net/fabricmc/fabric/api/client/networking/v1/ClientPlayConnectionEvents$Init to metadata cache
[11dic2025 14:06:10.778] [main/TRACE] [mixin/]: Added class metadata for net/fabricmc/fabric/api/client/networking/v1/ClientPlayConnectionEvents$Disconnect to metadata cache
[11dic2025 14:06:10.778] [main/TRACE] [mixin/]: Added class metadata for net/fabricmc/fabric/api/client/networking/v1/ClientConfigurationConnectionEvents$Start to metadata cache
[11dic2025 14:06:10.778] [main/DEBUG] [net.neoforged.fml.common.asm.RuntimeDistCleaner/DISTXFORM]: Removing Class Annotation: net/minecraft/client/resources/model/BlockStateModelLoader$LoadedJson @Lnet/neoforged/api/distmarker/OnlyIn;
[11dic2025 14:06:10.779] [main/TRACE] [mixin/]: Added class metadata for net/minecraft/client/resources/model/BlockStateModelLoader$LoadedJson to metadata cache
[11dic2025 14:06:10.779] [main/DEBUG] [net.neoforged.fml.common.asm.RuntimeDistCleaner/DISTXFORM]: Removing Class Annotation: net/minecraft/client/resources/model/ModelBakery$TextureGetter @Lnet/neoforged/api/distmarker/OnlyIn;
[11dic2025 14:06:10.779] [main/TRACE] [mixin/]: Added class metadata for net/minecraft/client/resources/model/ModelBakery$TextureGetter to metadata cache
[11dic2025 14:06:10.781] [main/DEBUG] [mixin/]: Prepared 246 mixins in 0,650 sec (2,6ms avg) (0ms load, 0ms transform, 0ms plugin)
[11dic2025 14:06:10.782] [main/DEBUG] [net.neoforged.accesstransformer.AccessTransformer/AXFORM]: Transforming net.minecraft.client.gui.screens.LoadingOverlay FIELD reload to access PUBLIC and LEAVE
[11dic2025 14:06:10.783] [main/INFO] [MixinExtras|Service/]: Initializing MixinExtras via com.llamalad7.mixinextras.service.MixinExtrasServiceImpl(version=0.4.1).
[11dic2025 14:06:10.784] [main/DEBUG] [mixin/]: Registering new injector for @SugarWrapper with com.llamalad7.mixinextras.sugar.impl.SugarWrapperInjectionInfo
[11dic2025 14:06:10.784] [main/DEBUG] [mixin/]: Registering new injector for @FactoryRedirectWrapper with com.llamalad7.mixinextras.wrapper.factory.FactoryRedirectWrapperInjectionInfo
[11dic2025 14:06:10.786] [main/DEBUG] [mixin/]: Mixing LoadingOverlayMixin from kubejs.mixins.json into net.minecraft.client.gui.screens.LoadingOverlay
[11dic2025 14:06:10.787] [main/DEBUG] [net.neoforged.fml.common.asm.RuntimeDistCleaner/DISTXFORM]: Removing Class Annotation: net/minecraft/client/gui/screens/Overlay @Lnet/neoforged/api/distmarker/OnlyIn;
[11dic2025 14:06:10.787] [main/TRACE] [mixin/]: Added class metadata for net/minecraft/client/gui/screens/Overlay to metadata cache
[11dic2025 14:06:10.793] [main/DEBUG] [net.neoforged.fml.common.asm.RuntimeDistCleaner/DISTXFORM]: Removing Class Annotation: net/minecraft/client/gui/components/Renderable @Lnet/neoforged/api/distmarker/OnlyIn;
[11dic2025 14:06:10.794] [main/TRACE] [mixin/]: Added class metadata for net/minecraft/client/gui/components/Renderable to metadata cache
[11dic2025 14:06:10.796] [main/DEBUG] [net.neoforged.fml.common.asm.RuntimeDistCleaner/DISTXFORM]: Removing Class Annotation: net/minecraft/client/gui/screens/LoadingOverlay @Lnet/neoforged/api/distmarker/OnlyIn;
[11dic2025 14:06:10.797] [main/DEBUG] [net.neoforged.fml.common.asm.RuntimeDistCleaner/DISTXFORM]: Removing Class Annotation: net/minecraft/client/gui/screens/Overlay @Lnet/neoforged/api/distmarker/OnlyIn;
[11dic2025 14:06:10.797] [main/DEBUG] [net.neoforged.fml.common.asm.RuntimeDistCleaner/DISTXFORM]: Removing Class Annotation: net/minecraft/client/gui/components/Renderable @Lnet/neoforged/api/distmarker/OnlyIn;
[11dic2025 14:06:10.798] [main/DEBUG] [net.neoforged.fml.common.asm.RuntimeDistCleaner/DISTXFORM]: Removing Class Annotation: net/minecraft/client/renderer/texture/AbstractTexture @Lnet/neoforged/api/distmarker/OnlyIn;
[11dic2025 14:06:10.798] [main/DEBUG] [net.neoforged.fml.common.asm.RuntimeDistCleaner/DISTXFORM]: Removing Class Annotation: net/minecraft/client/gui/screens/LoadingOverlay$LogoTexture @Lnet/neoforged/api/distmarker/OnlyIn;
[11dic2025 14:06:10.799] [main/DEBUG] [net.neoforged.fml.common.asm.RuntimeDistCleaner/DISTXFORM]: Removing Class Annotation: net/minecraft/client/renderer/texture/SimpleTexture @Lnet/neoforged/api/distmarker/OnlyIn;
[11dic2025 14:06:10.799] [main/DEBUG] [net.neoforged.fml.common.asm.RuntimeDistCleaner/DISTXFORM]: Removing Class Annotation: com/mojang/blaze3d/vertex/VertexConsumer @Lnet/neoforged/api/distmarker/OnlyIn;
[11dic2025 14:06:10.801] [main/DEBUG] [net.neoforged.accesstransformer.AccessTransformer/AXFORM]: Transforming net.minecraft.client.gui.GuiGraphics INNERCLASS ScissorStack to access PUBLIC and LEAVE
[11dic2025 14:06:10.801] [main/DEBUG] [net.neoforged.accesstransformer.AccessTransformer/AXFORM]: Transforming net.minecraft.client.gui.GuiGraphics FIELD minecraft to access PUBLIC and REMOVEFINAL
[11dic2025 14:06:10.801] [main/DEBUG] [net.neoforged.accesstransformer.AccessTransformer/AXFORM]: Transforming net.minecraft.client.gui.GuiGraphics FIELD pose to access PUBLIC and REMOVEFINAL
[11dic2025 14:06:10.801] [main/DEBUG] [net.neoforged.accesstransformer.AccessTransformer/AXFORM]: Transforming net.minecraft.client.gui.GuiGraphics FIELD bufferSource to access PUBLIC and REMOVEFINAL
[11dic2025 14:06:10.801] [main/DEBUG] [net.neoforged.accesstransformer.AccessTransformer/AXFORM]: Transforming net.minecraft.client.gui.GuiGraphics METHOD <init>(Lnet/minecraft/client/Minecraft;Lcom/mojang/blaze3d/vertex/PoseStack;Lnet/minecraft/client/renderer/MultiBufferSource$BufferSource;)V to access PROTECTED and LEAVE
[11dic2025 14:06:10.801] [main/DEBUG] [net.neoforged.accesstransformer.AccessTransformer/AXFORM]: Transforming net.minecraft.client.gui.GuiGraphics METHOD applyScissor(Lnet/minecraft/client/gui/navigation/ScreenRectangle;)V to access PROTECTED and LEAVE
[11dic2025 14:06:10.801] [main/DEBUG] [net.neoforged.accesstransformer.AccessTransformer/AXFORM]: Transforming net.minecraft.client.gui.GuiGraphics METHOD blitSprite(Lnet/minecraft/client/renderer/texture/TextureAtlasSprite;IIIIIIIII)V to access PUBLIC and LEAVE
[11dic2025 14:06:10.801] [main/DEBUG] [net.neoforged.accesstransformer.AccessTransformer/AXFORM]: Transforming net.minecraft.client.gui.GuiGraphics METHOD blitTiledSprite(Lnet/minecraft/client/renderer/texture/TextureAtlasSprite;IIIIIIIIIII)V to access PUBLIC and LEAVE
[11dic2025 14:06:10.801] [main/DEBUG] [net.neoforged.accesstransformer.AccessTransformer/AXFORM]: Transforming net.minecraft.client.gui.GuiGraphics METHOD renderTooltipInternal(Lnet/minecraft/client/gui/Font;Ljava/util/List;IILnet/minecraft/client/gui/screens/inventory/tooltip/ClientTooltipPositioner;)V to access PUBLIC and LEAVE
[11dic2025 14:06:10.804] [main/DEBUG] [mixin/]: Mixing DrawContextMixin from owo.mixins.json into net.minecraft.client.gui.GuiGraphics
[11dic2025 14:06:10.804] [main/DEBUG] [mixin/]: owo.mixins.json:DrawContextMixin from mod owo: Class version 65 required is higher than the class version supported by the current version of Mixin (JAVA_16 supports class version 60)
[11dic2025 14:06:10.805] [main/TRACE] [mixin/]: Added class metadata for io/wispforest/owo/ui/util/MatrixStackTransformer to metadata cache
[11dic2025 14:06:10.805] [main/DEBUG] [mixin/]: Mixing ui.DrawContextInvoker from owo.mixins.json into net.minecraft.client.gui.GuiGraphics
[11dic2025 14:06:10.805] [main/DEBUG] [mixin/]: owo.mixins.json:ui.DrawContextInvoker from mod owo: Class version 65 required is higher than the class version supported by the current version of Mixin (JAVA_16 supports class version 60)
[11dic2025 14:06:10.812] [main/DEBUG] [mixin/]: Mixing ui.DrawContextMixin from owo.mixins.json into net.minecraft.client.gui.GuiGraphics
[11dic2025 14:06:10.812] [main/DEBUG] [mixin/]: owo.mixins.json:ui.DrawContextMixin from mod owo: Class version 65 required is higher than the class version supported by the current version of Mixin (JAVA_16 supports class version 60)
[11dic2025 14:06:10.814] [main/TRACE] [mixin/]: Added class metadata for io/wispforest/owo/ui/core/OwoUIDrawContext to metadata cache
[11dic2025 14:06:10.814] [main/TRACE] [mixin/]: Added class metadata for io/wispforest/owo/util/pond/OwoTessellatorExtension to metadata cache
[11dic2025 14:06:10.816] [main/TRACE] [mixin/]: Added class metadata for org/spongepowered/asm/mixin/injection/callback/CallbackInfo to metadata cache
[11dic2025 14:06:10.817] [main/DEBUG] [mixin/]: Mixing GuiGraphicsMixin from kubejs.mixins.json into net.minecraft.client.gui.GuiGraphics
[11dic2025 14:06:10.818] [main/TRACE] [mixin/]: Added class metadata for dev/latvian/mods/kubejs/CommonProperties to metadata cache
[11dic2025 14:06:10.819] [main/TRACE] [mixin/]: Added class metadata for dev/latvian/mods/kubejs/client/ClientProperties to metadata cache
[11dic2025 14:06:10.823] [main/TRACE] [mixin/]: Added class metadata for dev/latvian/mods/kubejs/client/KubeJSClient to metadata cache
[11dic2025 14:06:10.824] [main/TRACE] [mixin/]: Added class metadata for java/lang/Integer to metadata cache
[11dic2025 14:06:10.825] [main/TRACE] [mixin/]: Added class metadata for org/spongepowered/asm/mixin/injection/callback/CallbackInfoReturnable to metadata cache
[11dic2025 14:06:10.825] [main/TRACE] [mixin/]: Added class metadata for net/neoforged/neoforge/client/extensions/IGuiGraphicsExtension to metadata cache
[11dic2025 14:06:10.848] [main/TRACE] [mixin/]: Added class metadata for org/joml/Matrix4f to metadata cache
[11dic2025 14:06:10.861] [main/TRACE] [mixin/]: Added class metadata for java/lang/String to metadata cache
[11dic2025 14:06:10.886] [main/DEBUG] [mixin/]: owo.mixins.json:ui.DrawContextMixin from mod owo->@Inject::injectBufferBegin(Lnet/minecraft/resources/ResourceLocation;IIIIIFFFFLorg/spongepowered/asm/mixin/injection/callback/CallbackInfo;Lorg/joml/Matrix4f;)V doesn't use it's CallbackInfo
[11dic2025 14:06:10.886] [main/DEBUG] [mixin/]: owo.mixins.json:ui.DrawContextMixin from mod owo->@Inject::injectBufferBegin(Lnet/minecraft/resources/ResourceLocation;IIIIIFFFFLorg/spongepowered/asm/mixin/injection/callback/CallbackInfo;Lorg/joml/Matrix4f;)V has 0 override(s) in child classes
[11dic2025 14:06:10.886] [main/DEBUG] [mixin/]: owo.mixins.json:ui.DrawContextMixin from mod owo->@Inject::injectBufferBegin(Lnet/minecraft/resources/ResourceLocation;IIIIIFFFFLorg/spongepowered/asm/mixin/injection/callback/CallbackInfo;Lorg/joml/Matrix4f;)V won't be passed a CallbackInfo as a result
[11dic2025 14:06:10.886] [main/DEBUG] [mixin/]: owo.mixins.json:ui.DrawContextMixin from mod owo->@Inject::injectBufferBeginPartTwo(Lnet/minecraft/resources/ResourceLocation;IIIIIFFFFFFFFLorg/spongepowered/asm/mixin/injection/callback/CallbackInfo;Lorg/joml/Matrix4f;)V doesn't use it's CallbackInfo
[11dic2025 14:06:10.886] [main/DEBUG] [mixin/]: owo.mixins.json:ui.DrawContextMixin from mod owo->@Inject::injectBufferBeginPartTwo(Lnet/minecraft/resources/ResourceLocation;IIIIIFFFFFFFFLorg/spongepowered/asm/mixin/injection/callback/CallbackInfo;Lorg/joml/Matrix4f;)V has 0 override(s) in child classes
[11dic2025 14:06:10.886] [main/DEBUG] [mixin/]: owo.mixins.json:ui.DrawContextMixin from mod owo->@Inject::injectBufferBeginPartTwo(Lnet/minecraft/resources/ResourceLocation;IIIIIFFFFFFFFLorg/spongepowered/asm/mixin/injection/callback/CallbackInfo;Lorg/joml/Matrix4f;)V won't be passed a CallbackInfo as a result
[11dic2025 14:06:10.887] [main/DEBUG] [mixin/]: owo.mixins.json:ui.DrawContextMixin from mod owo->@Inject::skipDraw(Lnet/minecraft/resources/ResourceLocation;IIIIIFFFFLorg/spongepowered/asm/mixin/injection/callback/CallbackInfo;)V does use it's CallbackInfo
[11dic2025 14:06:10.888] [main/DEBUG] [mixin/]: owo.mixins.json:ui.DrawContextMixin from mod owo->@Inject::skipDrawSeason2(Lnet/minecraft/resources/ResourceLocation;IIIIIFFFFFFFFLorg/spongepowered/asm/mixin/injection/callback/CallbackInfo;)V does use it's CallbackInfo
[11dic2025 14:06:10.888] [main/DEBUG] [mixin/]: kubejs.mixins.json:GuiGraphicsMixin from mod kubejs->@Inject::kjs$beforeDrawSize(Lnet/minecraft/client/gui/Font;Lnet/minecraft/world/item/ItemStack;IILjava/lang/String;Lorg/spongepowered/asm/mixin/injection/callback/CallbackInfo;)V doesn't use it's CallbackInfo
[11dic2025 14:06:10.888] [main/DEBUG] [mixin/]: kubejs.mixins.json:GuiGraphicsMixin from mod kubejs->@Inject::kjs$beforeDrawSize(Lnet/minecraft/client/gui/Font;Lnet/minecraft/world/item/ItemStack;IILjava/lang/String;Lorg/spongepowered/asm/mixin/injection/callback/CallbackInfo;)V has 0 override(s) in child classes
[11dic2025 14:06:10.888] [main/DEBUG] [mixin/]: kubejs.mixins.json:GuiGraphicsMixin from mod kubejs->@Inject::kjs$beforeDrawSize(Lnet/minecraft/client/gui/Font;Lnet/minecraft/world/item/ItemStack;IILjava/lang/String;Lorg/spongepowered/asm/mixin/injection/callback/CallbackInfo;)V won't be passed a CallbackInfo as a result
[11dic2025 14:06:10.888] [main/DEBUG] [mixin/]: kubejs.mixins.json:GuiGraphicsMixin from mod kubejs->@Inject::kjs$afterDrawSize(Lnet/minecraft/client/gui/Font;Lnet/minecraft/world/item/ItemStack;IILjava/lang/String;Lorg/spongepowered/asm/mixin/injection/callback/CallbackInfo;)V doesn't use it's CallbackInfo
[11dic2025 14:06:10.888] [main/DEBUG] [mixin/]: kubejs.mixins.json:GuiGraphicsMixin from mod kubejs->@Inject::kjs$afterDrawSize(Lnet/minecraft/client/gui/Font;Lnet/minecraft/world/item/ItemStack;IILjava/lang/String;Lorg/spongepowered/asm/mixin/injection/callback/CallbackInfo;)V has 0 override(s) in child classes
[11dic2025 14:06:10.888] [main/DEBUG] [mixin/]: kubejs.mixins.json:GuiGraphicsMixin from mod kubejs->@Inject::kjs$afterDrawSize(Lnet/minecraft/client/gui/Font;Lnet/minecraft/world/item/ItemStack;IILjava/lang/String;Lorg/spongepowered/asm/mixin/injection/callback/CallbackInfo;)V won't be passed a CallbackInfo as a result
[11dic2025 14:06:10.888] [main/DEBUG] [mixin/]: kubejs.mixins.json:GuiGraphicsMixin from mod kubejs->@Inject::kjs$drawString(Lnet/minecraft/client/gui/Font;Ljava/lang/String;IIIZLorg/spongepowered/asm/mixin/injection/callback/CallbackInfoReturnable;)V does use it's CallbackInfoReturnable
[11dic2025 14:06:10.889] [main/DEBUG] [net.neoforged.fml.common.asm.RuntimeDistCleaner/DISTXFORM]: Removing Class Annotation: net/minecraft/client/gui/GuiGraphics @Lnet/neoforged/api/distmarker/OnlyIn;
[11dic2025 14:06:10.896] [main/DEBUG] [net.neoforged.accesstransformer.AccessTransformer/AXFORM]: Transforming net.minecraft.client.Minecraft INNERCLASS GameLoadCookie to access PUBLIC and LEAVE
[11dic2025 14:06:10.896] [main/DEBUG] [net.neoforged.accesstransformer.AccessTransformer/AXFORM]: Transforming net.minecraft.client.Minecraft FIELD pendingConnection to access PUBLIC and LEAVE
[11dic2025 14:06:10.896] [main/DEBUG] [net.neoforged.accesstransformer.AccessTransformer/AXFORM]: Transforming net.minecraft.client.Minecraft METHOD addCustomNbtData(Lnet/minecraft/world/item/ItemStack;Lnet/minecraft/world/level/block/entity/BlockEntity;Lnet/minecraft/core/RegistryAccess;)V to access PUBLIC and LEAVE
[11dic2025 14:06:10.898] [main/DEBUG] [mixin/]: Mixing MinecraftClientMixin from owo.mixins.json into net.minecraft.client.Minecraft
[11dic2025 14:06:10.899] [main/TRACE] [mixin/]: Added class metadata for net/minecraft/util/thread/ReentrantBlockableEventLoop to metadata cache
[11dic2025 14:06:10.899] [main/DEBUG] [net.neoforged.accesstransformer.AccessTransformer/AXFORM]: Transforming net.minecraft.util.thread.BlockableEventLoop METHOD submitAsync(Ljava/lang/Runnable;)Ljava/util/concurrent/CompletableFuture; to access PUBLIC and LEAVE
[11dic2025 14:06:10.900] [main/TRACE] [mixin/]: Added class metadata for net/minecraft/util/thread/BlockableEventLoop to metadata cache
[11dic2025 14:06:10.900] [main/DEBUG] [mixin/]: owo.mixins.json:MinecraftClientMixin from mod owo: Class version 65 required is higher than the class version supported by the current version of Mixin (JAVA_16 supports class version 60)
[11dic2025 14:06:10.900] [main/DEBUG] [mixin/]: Mixing ui.MinecraftClientMixin from owo.mixins.json into net.minecraft.client.Minecraft
[11dic2025 14:06:10.900] [main/DEBUG] [mixin/]: owo.mixins.json:ui.MinecraftClientMixin from mod owo: Class version 65 required is higher than the class version supported by the current version of Mixin (JAVA_16 supports class version 60)
[11dic2025 14:06:10.901] [main/TRACE] [mixin/]: Added class metadata for java/util/HashSet to metadata cache
[11dic2025 14:06:10.901] [main/TRACE] [mixin/]: Added class metadata for java/util/AbstractSet to metadata cache
[11dic2025 14:06:10.902] [main/TRACE] [mixin/]: Added class metadata for java/util/AbstractCollection to metadata cache
[11dic2025 14:06:10.902] [main/TRACE] [mixin/]: Added class metadata for java/util/Collection to metadata cache
[11dic2025 14:06:10.902] [main/TRACE] [mixin/]: Added class metadata for java/lang/Iterable to metadata cache
[11dic2025 14:06:10.902] [main/TRACE] [mixin/]: Added class metadata for java/util/Set to metadata cache
[11dic2025 14:06:10.902] [main/TRACE] [mixin/]: Added class metadata for java/io/Serializable to metadata cache
[11dic2025 14:06:10.902] [main/TRACE] [mixin/]: Added class metadata for java/lang/Cloneable to metadata cache
[11dic2025 14:06:10.903] [main/TRACE] [mixin/]: Added class metadata for io/wispforest/owo/ui/event/WindowResizeCallback to metadata cache
[11dic2025 14:06:10.903] [main/TRACE] [mixin/]: Added class metadata for net/fabricmc/fabric/api/event/Event to metadata cache
[11dic2025 14:06:10.904] [main/TRACE] [mixin/]: Added class metadata for io/wispforest/owo/ui/event/ClientRenderCallback to metadata cache
[11dic2025 14:06:10.907] [main/TRACE] [mixin/]: Added class metadata for java/util/Iterator to metadata cache
[11dic2025 14:06:10.907] [main/TRACE] [mixin/]: Added class metadata for io/wispforest/owo/ui/util/DisposableScreen to metadata cache
[11dic2025 14:06:10.911] [main/TRACE] [mixin/]: Added class metadata for net/minecraft/CrashReport to metadata cache
[11dic2025 14:06:10.913] [main/TRACE] [mixin/]: Added class metadata for net/minecraft/CrashReportCategory to metadata cache
[11dic2025 14:06:10.914] [main/TRACE] [mixin/]: Added class metadata for net/minecraft/ReportedException to metadata cache
[11dic2025 14:06:10.914] [main/TRACE] [mixin/]: Added class metadata for java/lang/RuntimeException to metadata cache
[11dic2025 14:06:10.914] [main/TRACE] [mixin/]: Added class metadata for java/lang/Exception to metadata cache
[11dic2025 14:06:10.915] [main/TRACE] [mixin/]: Added class metadata for java/lang/Throwable to metadata cache
[11dic2025 14:06:10.916] [main/DEBUG] [mixin/]: Mixing MinecraftClientMixin from kubejs.mixins.json into net.minecraft.client.Minecraft
[11dic2025 14:06:10.917] [main/TRACE] [mixin/]: Added class metadata for dev/latvian/mods/kubejs/core/MinecraftClientKJS to metadata cache
[11dic2025 14:06:10.917] [main/TRACE] [mixin/]: Added class metadata for dev/latvian/mods/kubejs/core/MinecraftEnvironmentKJS to metadata cache
[11dic2025 14:06:10.917] [main/DEBUG] [mixin/]: Renaming synthetic method lambda$kjs$endResourceReload$1()V to mdd29a09$kubejs$lambda$kjs$endResourceReload$1$0 in kubejs.mixins.json:MinecraftClientMixin from mod kubejs
[11dic2025 14:06:10.918] [main/TRACE] [mixin/]: Added class metadata for dev/latvian/mods/kubejs/core/MessageSenderKJS to metadata cache
[11dic2025 14:06:10.918] [main/DEBUG] [mixin/]: Renaming synthetic method lambda$kjs$init$0()V to mdd29a09$kubejs$lambda$kjs$init$0$1 in kubejs.mixins.json:MinecraftClientMixin from mod kubejs
[11dic2025 14:06:10.919] [main/TRACE] [mixin/]: Added class metadata for java/lang/invoke/LambdaMetafactory to metadata cache
[11dic2025 14:06:10.922] [main/TRACE] [mixin/]: Added class metadata for java/util/concurrent/CompletableFuture to metadata cache
[11dic2025 14:06:10.924] [main/TRACE] [mixin/]: Added class metadata for dev/latvian/mods/kubejs/client/ClientAssetPacks to metadata cache
[11dic2025 14:06:10.926] [main/TRACE] [mixin/]: Added class metadata for dev/latvian/mods/kubejs/client/ScheduledClientEvent to metadata cache
[11dic2025 14:06:10.927] [main/TRACE] [mixin/]: Added class metadata for dev/latvian/mods/kubejs/util/ScheduledEvents to metadata cache
[11dic2025 14:06:10.927] [main/TRACE] [mixin/]: Added class metadata for dev/latvian/mods/kubejs/bindings/event/ClientEvents to metadata cache
[11dic2025 14:06:10.928] [main/TRACE] [mixin/]: Added class metadata for dev/latvian/mods/kubejs/event/EventHandler to metadata cache
[11dic2025 14:06:10.929] [main/TRACE] [mixin/]: Added class metadata for dev/latvian/mods/kubejs/script/ScriptType to metadata cache
[11dic2025 14:06:10.930] [main/TRACE] [mixin/]: Added class metadata for dev/latvian/mods/kubejs/client/ClientPlayerKubeEvent to metadata cache
[11dic2025 14:06:10.930] [main/TRACE] [mixin/]: Added class metadata for dev/latvian/mods/kubejs/player/KubePlayerEvent to metadata cache
[11dic2025 14:06:10.930] [main/TRACE] [mixin/]: Added class metadata for dev/latvian/mods/kubejs/entity/KubeLivingEntityEvent to metadata cache
[11dic2025 14:06:10.930] [main/TRACE] [mixin/]: Added class metadata for dev/latvian/mods/kubejs/entity/KubeEntityEvent to metadata cache
[11dic2025 14:06:10.930] [main/TRACE] [mixin/]: Added class metadata for dev/latvian/mods/kubejs/level/KubeLevelEvent to metadata cache
[11dic2025 14:06:10.930] [main/TRACE] [mixin/]: Added class metadata for dev/latvian/mods/kubejs/event/KubeEvent to metadata cache
[11dic2025 14:06:10.930] [main/TRACE] [mixin/]: Added class metadata for dev/latvian/mods/kubejs/client/ClientKubeEvent to metadata cache
[11dic2025 14:06:10.932] [main/DEBUG] [mixin/]: Mixing MixinMinecraft from architectury.mixins.json into net.minecraft.client.Minecraft
[11dic2025 14:06:10.932] [main/DEBUG] [mixin/]: architectury.mixins.json:MixinMinecraft from mod architectury: Class version 65 required is higher than the class version supported by the current version of Mixin (JAVA_16 supports class version 60)
[11dic2025 14:06:10.932] [main/DEBUG] [net.neoforged.fml.common.asm.RuntimeDistCleaner/DISTXFORM]: Removing Class Annotation: dev/architectury/event/events/client/ClientLifecycleEvent @Lnet/neoforged/api/distmarker/OnlyIn;
[11dic2025 14:06:10.932] [main/TRACE] [mixin/]: Added class metadata for dev/architectury/event/events/client/ClientLifecycleEvent to metadata cache
[11dic2025 14:06:10.932] [main/TRACE] [mixin/]: Added class metadata for dev/architectury/event/Event to metadata cache
[11dic2025 14:06:10.933] [main/TRACE] [mixin/]: Added class metadata for dev/architectury/event/events/common/LifecycleEvent$InstanceState to metadata cache
[11dic2025 14:06:10.933] [main/DEBUG] [mixin/]: Mixing MinecraftClientMixin from fabric-screen-api-v1.mixins.json into net.minecraft.client.Minecraft
[11dic2025 14:06:10.934] [main/DEBUG] [mixin/]: fabric-screen-api-v1.mixins.json:MinecraftClientMixin from mod fabric_screen_api_v1: Class version 65 required is higher than the class version supported by the current version of Mixin (JAVA_17 supports class version 61)
[11dic2025 14:06:10.934] [main/DEBUG] [mixin/]: Renaming @Unique field LOGGERLorg/slf4j/Logger; to fdd29a09$fabric_screen_api_v1$LOGGER$0 in fabric-screen-api-v1.mixins.json:MinecraftClientMixin from mod fabric_screen_api_v1
[11dic2025 14:06:10.937] [main/TRACE] [mixin/]: Added class metadata for java/lang/Thread to metadata cache
[11dic2025 14:06:10.938] [main/TRACE] [mixin/]: Added class metadata for org/slf4j/Logger to metadata cache
[11dic2025 14:06:10.938] [main/TRACE] [mixin/]: Added class metadata for net/fabricmc/fabric/api/client/screen/v1/ScreenEvents to metadata cache
[11dic2025 14:06:10.945] [main/TRACE] [mixin/]: Added class metadata for org/slf4j/LoggerFactory to metadata cache
[11dic2025 14:06:10.945] [main/TRACE] [mixin/]: Added class metadata for net/fabricmc/loader/api/FabricLoader to metadata cache
[11dic2025 14:06:10.946] [main/TRACE] [mixin/]: Added class metadata for java/lang/Boolean to metadata cache
[11dic2025 14:06:10.946] [main/DEBUG] [mixin/]: Mixing accessor.MinecraftClientAccessor from fabric-networking-api-v1.client.mixins.json into net.minecraft.client.Minecraft
[11dic2025 14:06:10.946] [main/DEBUG] [mixin/]: fabric-networking-api-v1.client.mixins.json:accessor.MinecraftClientAccessor from mod fabric_networking_api_v1: Class version 65 required is higher than the class version supported by the current version of Mixin (JAVA_17 supports class version 61)
[11dic2025 14:06:10.947] [main/TRACE] [mixin/]: Added class metadata for net/minecraft/util/profiling/metrics/ProfilerMeasured to metadata cache
[11dic2025 14:06:10.947] [main/TRACE] [mixin/]: Added class metadata for java/util/concurrent/Executor to metadata cache
[11dic2025 14:06:10.947] [main/TRACE] [mixin/]: Added class metadata for net/minecraft/util/thread/ProcessorHandle to metadata cache
[11dic2025 14:06:10.947] [main/TRACE] [mixin/]: Added class metadata for java/lang/AutoCloseable to metadata cache
[11dic2025 14:06:10.947] [main/TRACE] [mixin/]: Added class metadata for net/neoforged/neoforge/client/extensions/IMinecraftExtension to metadata cache
[11dic2025 14:06:10.947] [main/DEBUG] [net.neoforged.fml.common.asm.RuntimeDistCleaner/DISTXFORM]: Removing Class Annotation: com/mojang/blaze3d/platform/WindowEventHandler @Lnet/neoforged/api/distmarker/OnlyIn;
[11dic2025 14:06:10.947] [main/TRACE] [mixin/]: Added class metadata for com/mojang/blaze3d/platform/WindowEventHandler to metadata cache
[11dic2025 14:06:10.954] [main/TRACE] [mixin/]: Added class metadata for java/lang/Runnable to metadata cache
[11dic2025 14:06:10.956] [main/TRACE] [mixin/]: Added class metadata for java/util/List to metadata cache
[11dic2025 14:06:10.980] [main/DEBUG] [mixin/]: owo.mixins.json:ui.MinecraftClientMixin from mod owo->@Inject::captureResize(Lorg/spongepowered/asm/mixin/injection/callback/CallbackInfo;)V doesn't use it's CallbackInfo
[11dic2025 14:06:10.980] [main/DEBUG] [mixin/]: owo.mixins.json:ui.MinecraftClientMixin from mod owo->@Inject::captureResize(Lorg/spongepowered/asm/mixin/injection/callback/CallbackInfo;)V has 0 override(s) in child classes
[11dic2025 14:06:10.980] [main/DEBUG] [mixin/]: owo.mixins.json:ui.MinecraftClientMixin from mod owo->@Inject::captureResize(Lorg/spongepowered/asm/mixin/injection/callback/CallbackInfo;)V won't be passed a CallbackInfo as a result
[11dic2025 14:06:10.980] [main/DEBUG] [mixin/]: owo.mixins.json:ui.MinecraftClientMixin from mod owo->@Inject::beforeRender(ZLorg/spongepowered/asm/mixin/injection/callback/CallbackInfo;)V doesn't use it's CallbackInfo
[11dic2025 14:06:10.980] [main/DEBUG] [mixin/]: owo.mixins.json:ui.MinecraftClientMixin from mod owo->@Inject::beforeRender(ZLorg/spongepowered/asm/mixin/injection/callback/CallbackInfo;)V has 0 override(s) in child classes
[11dic2025 14:06:10.980] [main/DEBUG] [mixin/]: owo.mixins.json:ui.MinecraftClientMixin from mod owo->@Inject::beforeRender(ZLorg/spongepowered/asm/mixin/injection/callback/CallbackInfo;)V won't be passed a CallbackInfo as a result
[11dic2025 14:06:10.980] [main/DEBUG] [mixin/]: owo.mixins.json:ui.MinecraftClientMixin from mod owo->@Inject::afterRender(ZLorg/spongepowered/asm/mixin/injection/callback/CallbackInfo;)V doesn't use it's CallbackInfo
[11dic2025 14:06:10.980] [main/DEBUG] [mixin/]: owo.mixins.json:ui.MinecraftClientMixin from mod owo->@Inject::afterRender(ZLorg/spongepowered/asm/mixin/injection/callback/CallbackInfo;)V has 0 override(s) in child classes
[11dic2025 14:06:10.980] [main/DEBUG] [mixin/]: owo.mixins.json:ui.MinecraftClientMixin from mod owo->@Inject::afterRender(ZLorg/spongepowered/asm/mixin/injection/callback/CallbackInfo;)V won't be passed a CallbackInfo as a result
[11dic2025 14:06:10.980] [main/DEBUG] [mixin/]: owo.mixins.json:ui.MinecraftClientMixin from mod owo->@Inject::captureSetScreen(Lnet/minecraft/client/gui/screens/Screen;Lorg/spongepowered/asm/mixin/injection/callback/CallbackInfo;)V doesn't use it's CallbackInfo
[11dic2025 14:06:10.980] [main/DEBUG] [mixin/]: owo.mixins.json:ui.MinecraftClientMixin from mod owo->@Inject::captureSetScreen(Lnet/minecraft/client/gui/screens/Screen;Lorg/spongepowered/asm/mixin/injection/callback/CallbackInfo;)V has 0 override(s) in child classes
[11dic2025 14:06:10.980] [main/DEBUG] [mixin/]: owo.mixins.json:ui.MinecraftClientMixin from mod owo->@Inject::captureSetScreen(Lnet/minecraft/client/gui/screens/Screen;Lorg/spongepowered/asm/mixin/injection/callback/CallbackInfo;)V won't be passed a CallbackInfo as a result
[11dic2025 14:06:10.980] [main/DEBUG] [mixin/]: kubejs.mixins.json:MinecraftClientMixin from mod kubejs->@Inject::kjs$init(Lorg/spongepowered/asm/mixin/injection/callback/CallbackInfo;)V doesn't use it's CallbackInfo
[11dic2025 14:06:10.980] [main/DEBUG] [mixin/]: kubejs.mixins.json:MinecraftClientMixin from mod kubejs->@Inject::kjs$init(Lorg/spongepowered/asm/mixin/injection/callback/CallbackInfo;)V has 0 override(s) in child classes
[11dic2025 14:06:10.980] [main/DEBUG] [mixin/]: kubejs.mixins.json:MinecraftClientMixin from mod kubejs->@Inject::kjs$init(Lorg/spongepowered/asm/mixin/injection/callback/CallbackInfo;)V won't be passed a CallbackInfo as a result
[11dic2025 14:06:10.980] [main/DEBUG] [mixin/]: kubejs.mixins.json:MinecraftClientMixin from mod kubejs->@Inject::kjs$createTitle(Lorg/spongepowered/asm/mixin/injection/callback/CallbackInfoReturnable;)V does use it's CallbackInfoReturnable
[11dic2025 14:06:10.981] [main/DEBUG] [mixin/]: kubejs.mixins.json:MinecraftClientMixin from mod kubejs->@Inject::kjs$startAttack(Lorg/spongepowered/asm/mixin/injection/callback/CallbackInfoReturnable;)V doesn't use it's CallbackInfoReturnable
[11dic2025 14:06:10.981] [main/DEBUG] [mixin/]: kubejs.mixins.json:MinecraftClientMixin from mod kubejs->@Inject::kjs$startAttack(Lorg/spongepowered/asm/mixin/injection/callback/CallbackInfoReturnable;)V has 0 override(s) in child classes
[11dic2025 14:06:10.981] [main/DEBUG] [mixin/]: kubejs.mixins.json:MinecraftClientMixin from mod kubejs->@Inject::kjs$startAttack(Lorg/spongepowered/asm/mixin/injection/callback/CallbackInfoReturnable;)V won't be passed a CallbackInfoReturnable as a result
[11dic2025 14:06:10.981] [main/DEBUG] [mixin/]: kubejs.mixins.json:MinecraftClientMixin from mod kubejs->@Inject::kjs$startUseItem(Lorg/spongepowered/asm/mixin/injection/callback/CallbackInfo;)V doesn't use it's CallbackInfo
[11dic2025 14:06:10.981] [main/DEBUG] [mixin/]: kubejs.mixins.json:MinecraftClientMixin from mod kubejs->@Inject::kjs$startUseItem(Lorg/spongepowered/asm/mixin/injection/callback/CallbackInfo;)V has 0 override(s) in child classes
[11dic2025 14:06:10.981] [main/DEBUG] [mixin/]: kubejs.mixins.json:MinecraftClientMixin from mod kubejs->@Inject::kjs$startUseItem(Lorg/spongepowered/asm/mixin/injection/callback/CallbackInfo;)V won't be passed a CallbackInfo as a result
[11dic2025 14:06:10.981] [main/DEBUG] [mixin/]: kubejs.mixins.json:MinecraftClientMixin from mod kubejs->@Inject::kjs$postTickClient(Lorg/spongepowered/asm/mixin/injection/callback/CallbackInfo;)V doesn't use it's CallbackInfo
[11dic2025 14:06:10.981] [main/DEBUG] [mixin/]: kubejs.mixins.json:MinecraftClientMixin from mod kubejs->@Inject::kjs$postTickClient(Lorg/spongepowered/asm/mixin/injection/callback/CallbackInfo;)V has 0 override(s) in child classes
[11dic2025 14:06:10.981] [main/DEBUG] [mixin/]: kubejs.mixins.json:MinecraftClientMixin from mod kubejs->@Inject::kjs$postTickClient(Lorg/spongepowered/asm/mixin/injection/callback/CallbackInfo;)V won't be passed a CallbackInfo as a result
[11dic2025 14:06:10.981] [main/DEBUG] [mixin/]: kubejs.mixins.json:MinecraftClientMixin from mod kubejs->@Inject::kjs$endResourceReload(ZLnet/minecraft/client/Minecraft$GameLoadCookie;Lorg/spongepowered/asm/mixin/injection/callback/CallbackInfoReturnable;)V doesn't use it's CallbackInfoReturnable
[11dic2025 14:06:10.981] [main/DEBUG] [mixin/]: kubejs.mixins.json:MinecraftClientMixin from mod kubejs->@Inject::kjs$endResourceReload(ZLnet/minecraft/client/Minecraft$GameLoadCookie;Lorg/spongepowered/asm/mixin/injection/callback/CallbackInfoReturnable;)V has 0 override(s) in child classes
[11dic2025 14:06:10.981] [main/DEBUG] [mixin/]: kubejs.mixins.json:MinecraftClientMixin from mod kubejs->@Inject::kjs$endResourceReload(ZLnet/minecraft/client/Minecraft$GameLoadCookie;Lorg/spongepowered/asm/mixin/injection/callback/CallbackInfoReturnable;)V won't be passed a CallbackInfoReturnable as a result
[11dic2025 14:06:10.981] [main/DEBUG] [mixin/]: architectury.mixins.json:MixinMinecraft from mod architectury->@Inject::onStart(Lorg/spongepowered/asm/mixin/injection/callback/CallbackInfo;)V doesn't use it's CallbackInfo
[11dic2025 14:06:10.981] [main/DEBUG] [mixin/]: architectury.mixins.json:MixinMinecraft from mod architectury->@Inject::onStart(Lorg/spongepowered/asm/mixin/injection/callback/CallbackInfo;)V has 0 override(s) in child classes
[11dic2025 14:06:10.981] [main/DEBUG] [mixin/]: architectury.mixins.json:MixinMinecraft from mod architectury->@Inject::onStart(Lorg/spongepowered/asm/mixin/injection/callback/CallbackInfo;)V won't be passed a CallbackInfo as a result
[11dic2025 14:06:10.981] [main/DEBUG] [mixin/]: architectury.mixins.json:MixinMinecraft from mod architectury->@Inject::onStopping(Lorg/spongepowered/asm/mixin/injection/callback/CallbackInfo;)V doesn't use it's CallbackInfo
[11dic2025 14:06:10.981] [main/DEBUG] [mixin/]: architectury.mixins.json:MixinMinecraft from mod architectury->@Inject::onStopping(Lorg/spongepowered/asm/mixin/injection/callback/CallbackInfo;)V has 0 override(s) in child classes
[11dic2025 14:06:10.981] [main/DEBUG] [mixin/]: architectury.mixins.json:MixinMinecraft from mod architectury->@Inject::onStopping(Lorg/spongepowered/asm/mixin/injection/callback/CallbackInfo;)V won't be passed a CallbackInfo as a result
[11dic2025 14:06:10.981] [main/DEBUG] [mixin/]: fabric-screen-api-v1.mixins.json:MinecraftClientMixin from mod fabric_screen_api_v1->@Inject::checkThreadOnDev(Lnet/minecraft/client/gui/screens/Screen;Lorg/spongepowered/asm/mixin/injection/callback/CallbackInfo;)V doesn't use it's CallbackInfo
[11dic2025 14:06:10.981] [main/DEBUG] [mixin/]: fabric-screen-api-v1.mixins.json:MinecraftClientMixin from mod fabric_screen_api_v1->@Inject::checkThreadOnDev(Lnet/minecraft/client/gui/screens/Screen;Lorg/spongepowered/asm/mixin/injection/callback/CallbackInfo;)V has 0 override(s) in child classes
[11dic2025 14:06:10.981] [main/DEBUG] [mixin/]: fabric-screen-api-v1.mixins.json:MinecraftClientMixin from mod fabric_screen_api_v1->@Inject::checkThreadOnDev(Lnet/minecraft/client/gui/screens/Screen;Lorg/spongepowered/asm/mixin/injection/callback/CallbackInfo;)V won't be passed a CallbackInfo as a result
[11dic2025 14:06:10.981] [main/DEBUG] [mixin/]: fabric-screen-api-v1.mixins.json:MinecraftClientMixin from mod fabric_screen_api_v1->@Inject::onScreenRemove(Lnet/minecraft/client/gui/screens/Screen;Lorg/spongepowered/asm/mixin/injection/callback/CallbackInfo;)V doesn't use it's CallbackInfo
[11dic2025 14:06:10.981] [main/DEBUG] [mixin/]: fabric-screen-api-v1.mixins.json:MinecraftClientMixin from mod fabric_screen_api_v1->@Inject::onScreenRemove(Lnet/minecraft/client/gui/screens/Screen;Lorg/spongepowered/asm/mixin/injection/callback/CallbackInfo;)V has 0 override(s) in child classes
[11dic2025 14:06:10.981] [main/DEBUG] [mixin/]: fabric-screen-api-v1.mixins.json:MinecraftClientMixin from mod fabric_screen_api_v1->@Inject::onScreenRemove(Lnet/minecraft/client/gui/screens/Screen;Lorg/spongepowered/asm/mixin/injection/callback/CallbackInfo;)V won't be passed a CallbackInfo as a result
[11dic2025 14:06:10.981] [main/DEBUG] [mixin/]: fabric-screen-api-v1.mixins.json:MinecraftClientMixin from mod fabric_screen_api_v1->@Inject::onScreenRemoveBecauseStopping(Lorg/spongepowered/asm/mixin/injection/callback/CallbackInfo;)V doesn't use it's CallbackInfo
[11dic2025 14:06:10.981] [main/DEBUG] [mixin/]: fabric-screen-api-v1.mixins.json:MinecraftClientMixin from mod fabric_screen_api_v1->@Inject::onScreenRemoveBecauseStopping(Lorg/spongepowered/asm/mixin/injection/callback/CallbackInfo;)V has 0 override(s) in child classes
[11dic2025 14:06:10.981] [main/DEBUG] [mixin/]: fabric-screen-api-v1.mixins.json:MinecraftClientMixin from mod fabric_screen_api_v1->@Inject::onScreenRemoveBecauseStopping(Lorg/spongepowered/asm/mixin/injection/callback/CallbackInfo;)V won't be passed a CallbackInfo as a result
[11dic2025 14:06:10.981] [main/DEBUG] [mixin/]: fabric-screen-api-v1.mixins.json:MinecraftClientMixin from mod fabric_screen_api_v1->@Inject::beforeScreenTick(Lorg/spongepowered/asm/mixin/injection/callback/CallbackInfo;)V doesn't use it's CallbackInfo
[11dic2025 14:06:10.981] [main/DEBUG] [mixin/]: fabric-screen-api-v1.mixins.json:MinecraftClientMixin from mod fabric_screen_api_v1->@Inject::beforeScreenTick(Lorg/spongepowered/asm/mixin/injection/callback/CallbackInfo;)V has 0 override(s) in child classes
[11dic2025 14:06:10.981] [main/DEBUG] [mixin/]: fabric-screen-api-v1.mixins.json:MinecraftClientMixin from mod fabric_screen_api_v1->@Inject::beforeScreenTick(Lorg/spongepowered/asm/mixin/injection/callback/CallbackInfo;)V won't be passed a CallbackInfo as a result
[11dic2025 14:06:10.981] [main/DEBUG] [mixin/]: fabric-screen-api-v1.mixins.json:MinecraftClientMixin from mod fabric_screen_api_v1->@Inject::afterScreenTick(Lorg/spongepowered/asm/mixin/injection/callback/CallbackInfo;)V doesn't use it's CallbackInfo
[11dic2025 14:06:10.981] [main/DEBUG] [mixin/]: fabric-screen-api-v1.mixins.json:MinecraftClientMixin from mod fabric_screen_api_v1->@Inject::afterScreenTick(Lorg/spongepowered/asm/mixin/injection/callback/CallbackInfo;)V has 0 override(s) in child classes
[11dic2025 14:06:10.981] [main/DEBUG] [mixin/]: fabric-screen-api-v1.mixins.json:MinecraftClientMixin from mod fabric_screen_api_v1->@Inject::afterScreenTick(Lorg/spongepowered/asm/mixin/injection/callback/CallbackInfo;)V won't be passed a CallbackInfo as a result
[11dic2025 14:06:10.981] [main/DEBUG] [mixin/]: fabric-screen-api-v1.mixins.json:MinecraftClientMixin from mod fabric_screen_api_v1->@Inject::beforeLoadingScreenTick(Lorg/spongepowered/asm/mixin/injection/callback/CallbackInfo;)V doesn't use it's CallbackInfo
[11dic2025 14:06:10.981] [main/DEBUG] [mixin/]: fabric-screen-api-v1.mixins.json:MinecraftClientMixin from mod fabric_screen_api_v1->@Inject::beforeLoadingScreenTick(Lorg/spongepowered/asm/mixin/injection/callback/CallbackInfo;)V has 0 override(s) in child classes
[11dic2025 14:06:10.981] [main/DEBUG] [mixin/]: fabric-screen-api-v1.mixins.json:MinecraftClientMixin from mod fabric_screen_api_v1->@Inject::beforeLoadingScreenTick(Lorg/spongepowered/asm/mixin/injection/callback/CallbackInfo;)V won't be passed a CallbackInfo as a result
[11dic2025 14:06:10.981] [main/DEBUG] [mixin/]: fabric-screen-api-v1.mixins.json:MinecraftClientMixin from mod fabric_screen_api_v1->@Inject::afterLoadingScreenTick(Lorg/spongepowered/asm/mixin/injection/callback/CallbackInfo;)V doesn't use it's CallbackInfo
[11dic2025 14:06:10.981] [main/DEBUG] [mixin/]: fabric-screen-api-v1.mixins.json:MinecraftClientMixin from mod fabric_screen_api_v1->@Inject::afterLoadingScreenTick(Lorg/spongepowered/asm/mixin/injection/callback/CallbackInfo;)V has 0 override(s) in child classes
[11dic2025 14:06:10.981] [main/DEBUG] [mixin/]: fabric-screen-api-v1.mixins.json:MinecraftClientMixin from mod fabric_screen_api_v1->@Inject::afterLoadingScreenTick(Lorg/spongepowered/asm/mixin/injection/callback/CallbackInfo;)V won't be passed a CallbackInfo as a result
[11dic2025 14:06:10.983] [main/DEBUG] [net.neoforged.fml.common.asm.RuntimeDistCleaner/DISTXFORM]: Removing Class Annotation: net/minecraft/client/Minecraft @Lnet/neoforged/api/distmarker/OnlyIn;
[11dic2025 14:06:10.986] [main/DEBUG] [net.neoforged.accesstransformer.AccessTransformer/AXFORM]: Transforming net.minecraft.util.thread.BlockableEventLoop METHOD submitAsync(Ljava/lang/Runnable;)Ljava/util/concurrent/CompletableFuture; to access PUBLIC and LEAVE
[11dic2025 14:06:10.987] [main/DEBUG] [net.neoforged.fml.common.asm.RuntimeDistCleaner/DISTXFORM]: Removing Class Annotation: com/mojang/blaze3d/platform/WindowEventHandler @Lnet/neoforged/api/distmarker/OnlyIn;
[11dic2025 14:06:10.988] [main/DEBUG] [net.neoforged.accesstransformer.AccessTransformer/AXFORM]: Transforming net.minecraft.client.gui.screens.Screen INNERCLASS DeferredTooltipRendering to access PUBLIC and LEAVE
[11dic2025 14:06:10.988] [main/DEBUG] [net.neoforged.accesstransformer.AccessTransformer/AXFORM]: Transforming net.minecraft.client.gui.screens.Screen FIELD narratables to access PUBLIC and LEAVE
[11dic2025 14:06:10.988] [main/DEBUG] [net.neoforged.accesstransformer.AccessTransformer/AXFORM]: Transforming net.minecraft.client.gui.screens.Screen FIELD renderables to access PUBLIC and LEAVE
[11dic2025 14:06:10.988] [main/DEBUG] [net.neoforged.accesstransformer.AccessTransformer/AXFORM]: Transforming net.minecraft.client.gui.screens.Screen FIELD deferredTooltipRendering to access PUBLIC and LEAVE
[11dic2025 14:06:10.988] [main/DEBUG] [net.neoforged.accesstransformer.AccessTransformer/AXFORM]: Transforming net.minecraft.client.gui.screens.Screen METHOD renderWithTooltip(Lnet/minecraft/client/gui/GuiGraphics;IIF)V to access PUBLIC and REMOVEFINAL
[11dic2025 14:06:10.988] [main/DEBUG] [net.neoforged.accesstransformer.AccessTransformer/AXFORM]: Transforming net.minecraft.client.gui.screens.Screen METHOD addRenderableWidget(Lnet/minecraft/client/gui/components/events/GuiEventListener;)Lnet/minecraft/client/gui/components/events/GuiEventListener; to access PUBLIC and LEAVE
[11dic2025 14:06:10.988] [main/DEBUG] [net.neoforged.accesstransformer.AccessTransformer/AXFORM]: Transforming net.minecraft.client.gui.screens.Screen METHOD addRenderableOnly(Lnet/minecraft/client/gui/components/Renderable;)Lnet/minecraft/client/gui/components/Renderable; to access PUBLIC and LEAVE
[11dic2025 14:06:10.988] [main/DEBUG] [net.neoforged.accesstransformer.AccessTransformer/AXFORM]: Transforming net.minecraft.client.gui.screens.Screen METHOD addWidget(Lnet/minecraft/client/gui/components/events/GuiEventListener;)Lnet/minecraft/client/gui/components/events/GuiEventListener; to access PUBLIC and LEAVE
[11dic2025 14:06:10.988] [main/DEBUG] [net.neoforged.fml.common.asm.RuntimeDistCleaner/DISTXFORM]: Removing Class Annotation: net/minecraft/client/gui/screens/Screen @Lnet/neoforged/api/distmarker/OnlyIn;
[11dic2025 14:06:10.989] [main/DEBUG] [net.neoforged.fml.common.asm.RuntimeDistCleaner/DISTXFORM]: Removing Class Annotation: net/minecraft/client/gui/components/events/AbstractContainerEventHandler @Lnet/neoforged/api/distmarker/OnlyIn;
[11dic2025 14:06:10.990] [main/DEBUG] [net.neoforged.accesstransformer.AccessTransformer/AXFORM]: Transforming net.minecraft.client.gui.components.events.ContainerEventHandler METHOD handleTabNavigation(Lnet/minecraft/client/gui/navigation/FocusNavigationEvent$TabNavigation;)Lnet/minecraft/client/gui/ComponentPath; to access PUBLIC and LEAVE
[11dic2025 14:06:10.990] [main/DEBUG] [net.neoforged.accesstransformer.AccessTransformer/AXFORM]: Transforming net.minecraft.client.gui.components.events.ContainerEventHandler METHOD handleArrowNavigation(Lnet/minecraft/client/gui/navigation/FocusNavigationEvent$ArrowNavigation;)Lnet/minecraft/client/gui/ComponentPath; to access PUBLIC and LEAVE
[11dic2025 14:06:10.990] [main/DEBUG] [net.neoforged.fml.common.asm.RuntimeDistCleaner/DISTXFORM]: Removing Class Annotation: net/minecraft/client/gui/components/events/ContainerEventHandler @Lnet/neoforged/api/distmarker/OnlyIn;
[11dic2025 14:06:10.991] [main/DEBUG] [net.neoforged.fml.common.asm.RuntimeDistCleaner/DISTXFORM]: Removing Class Annotation: net/minecraft/client/gui/components/events/GuiEventListener @Lnet/neoforged/api/distmarker/OnlyIn;
[11dic2025 14:06:10.991] [main/DEBUG] [net.neoforged.fml.common.asm.RuntimeDistCleaner/DISTXFORM]: Removing Class Annotation: net/minecraft/client/gui/components/TabOrderedElement @Lnet/neoforged/api/distmarker/OnlyIn;
[11dic2025 14:06:10.992] [main/DEBUG] [net.neoforged.fml.common.asm.RuntimeDistCleaner/DISTXFORM]: Removing Class Annotation: net/minecraft/client/gui/screens/DeathScreen @Lnet/neoforged/api/distmarker/OnlyIn;
[11dic2025 14:06:10.993] [main/DEBUG] [net.neoforged.fml.common.asm.RuntimeDistCleaner/DISTXFORM]: Removing Class Annotation: net/minecraft/client/gui/screens/TitleScreen @Lnet/neoforged/api/distmarker/OnlyIn;
[11dic2025 14:06:10.995] [main/DEBUG] [net.neoforged.fml.common.asm.RuntimeDistCleaner/DISTXFORM]: Removing Class Annotation: net/minecraft/client/multiplayer/ServerData @Lnet/neoforged/api/distmarker/OnlyIn;
[11dic2025 14:06:11.002] [main/DEBUG] [net.neoforged.accesstransformer.AccessTransformer/AXFORM]: Transforming net.minecraft.world.entity.Entity FIELD ENTITY_COUNTER to access PROTECTED and LEAVE
[11dic2025 14:06:11.002] [main/DEBUG] [net.neoforged.accesstransformer.AccessTransformer/AXFORM]: Transforming net.minecraft.world.entity.Entity METHOD isInRain()Z to access PUBLIC and LEAVE
[11dic2025 14:06:11.002] [main/DEBUG] [net.neoforged.accesstransformer.AccessTransformer/AXFORM]: Transforming net.minecraft.world.entity.Entity METHOD getEncodeId()Ljava/lang/String; to access PUBLIC and LEAVE
[11dic2025 14:06:11.002] [main/DEBUG] [net.neoforged.accesstransformer.AccessTransformer/AXFORM]: Transforming net.minecraft.world.entity.Entity METHOD setLevel(Lnet/minecraft/world/level/Level;)V to access PUBLIC and LEAVE
[11dic2025 14:06:11.012] [main/DEBUG] [net.neoforged.fml.common.asm.RuntimeDistCleaner/DISTXFORM]: Removing Class Annotation: com/mojang/blaze3d/platform/WindowEventHandler @Lnet/neoforged/api/distmarker/OnlyIn;
[11dic2025 14:06:11.014] [main/DEBUG] [net.neoforged.accesstransformer.AccessTransformer/AXFORM]: Transforming net.minecraft.util.thread.BlockableEventLoop METHOD submitAsync(Ljava/lang/Runnable;)Ljava/util/concurrent/CompletableFuture; to access PUBLIC and LEAVE
[11dic2025 14:06:11.125] [main/DEBUG] [mixin/]: Mixing StringRepresentableMixin from kubejs.mixins.json into net.minecraft.util.StringRepresentable
[11dic2025 14:06:11.178] [main/DEBUG] [io.netty.util.internal.logging.InternalLoggerFactory/]: Using SLF4J as the default logging framework
[11dic2025 14:06:11.180] [main/DEBUG] [io.netty.util.ResourceLeakDetector/]: -Dio.netty.leakDetection.level: simple
[11dic2025 14:06:11.180] [main/DEBUG] [io.netty.util.ResourceLeakDetector/]: -Dio.netty.leakDetection.targetRecords: 4
[11dic2025 14:06:11.187] [main/DEBUG] [mixin/]: Mixing text.TextCodecsMixin from owo.mixins.json into net.minecraft.network.chat.ComponentSerialization
[11dic2025 14:06:11.188] [main/DEBUG] [mixin/]: owo.mixins.json:text.TextCodecsMixin from mod owo: Class version 65 required is higher than the class version supported by the current version of Mixin (JAVA_16 supports class version 60)
[11dic2025 14:06:11.188] [main/DEBUG] [mixin/]: Renaming synthetic method lambda$injectCustomTextTypesExplicit$0(Ljava/lang/String;)Lnet/minecraft/util/StringRepresentable; to mdd29a09$owo$lambda$injectCustomTextTypesExplicit$0$0 in owo.mixins.json:text.TextCodecsMixin from mod owo
[11dic2025 14:06:11.207] [main/DEBUG] [mixin/]: Generating mapped inner class net/minecraft/network/chat/ComponentSerialization$Anonymous$a9edb52a24224eed8586f5e1747356f7 (originally io/wispforest/owo/mixin/text/TextCodecsMixin$2)
[11dic2025 14:06:11.217] [main/DEBUG] [mixin/]: Mixing NbtCompoundMixin from owo.mixins.json into net.minecraft.nbt.CompoundTag
[11dic2025 14:06:11.217] [main/DEBUG] [mixin/]: owo.mixins.json:NbtCompoundMixin from mod owo: Class version 65 required is higher than the class version supported by the current version of Mixin (JAVA_16 supports class version 60)
[11dic2025 14:06:11.223] [main/DEBUG] [mixin/]: Mixing CompoundTagMixin from kubejs.mixins.json into net.minecraft.nbt.CompoundTag
[11dic2025 14:06:11.242] [main/DEBUG] [mixin/]: Mixing MutableComponentMixin from kubejs.mixins.json into net.minecraft.network.chat.MutableComponent
[11dic2025 14:06:11.248] [main/DEBUG] [mixin/]: Mixing ResourceLocationMixin from ftblibrary-common.mixins.json into net.minecraft.resources.ResourceLocation
[11dic2025 14:06:11.248] [main/DEBUG] [mixin/]: ftblibrary-common.mixins.json:ResourceLocationMixin from mod ftblibrary: Class version 65 required is higher than the class version supported by the current version of Mixin (JAVA_8 supports class version 52)
[11dic2025 14:06:11.250] [main/DEBUG] [mixin/]: Mixing ResourceLocationMixin from kubejs.mixins.json into net.minecraft.resources.ResourceLocation
[11dic2025 14:06:11.449] [main/DEBUG] [mixin/]: Mixing StringTagMixin from kubejs.mixins.json into net.minecraft.nbt.StringTag
[11dic2025 14:06:11.587] [main/DEBUG] [mixin/]: Mixing UtilMixin from kubejs.mixins.json into net.minecraft.Util
[11dic2025 14:06:11.591] [main/DEBUG] [mixin/]: kubejs.mixins.json:UtilMixin from mod kubejs->@Inject::shutdownExecutorsKJS(Lorg/spongepowered/asm/mixin/injection/callback/CallbackInfo;)V doesn't use it's CallbackInfo
[11dic2025 14:06:11.808] [main/DEBUG] [oshi.util.FileUtil/]: No oshi.properties file found from ClassLoader cpw.mods.modlauncher.TransformingClassLoader@4c48fe92
[11dic2025 14:06:11.976] [Datafixer Bootstrap/INFO] [com.mojang.datafixers.DataFixerBuilder/]: 229 Datafixer optimizations took 185 milliseconds
[11dic2025 14:06:12.185] [main/DEBUG] [oshi.util.FileUtil/]: No oshi.architecture.properties file found from ClassLoader cpw.mods.modlauncher.TransformingClassLoader@4c48fe92
[11dic2025 14:06:12.754] [pool-13-thread-1/DEBUG] [mixin/]: Mixing registry.SimpleRegistryMixin from owo.mixins.json into net.minecraft.core.MappedRegistry
[11dic2025 14:06:12.755] [pool-13-thread-1/DEBUG] [mixin/]: owo.mixins.json:registry.SimpleRegistryMixin from mod owo: Class version 65 required is higher than the class version supported by the current version of Mixin (JAVA_16 supports class version 60)
[11dic2025 14:06:12.756] [pool-13-thread-1/DEBUG] [mixin/]: Renaming synthetic method lambda$owo$set$1(ILnet/minecraft/resources/ResourceKey;Ljava/lang/Object;Lnet/neoforged/neoforge/registries/callback/AddCallback;)V to mdd29a09$owo$lambda$owo$set$1$0 in owo.mixins.json:registry.SimpleRegistryMixin from mod owo
[11dic2025 14:06:12.756] [pool-13-thread-1/DEBUG] [mixin/]: Renaming synthetic method lambda$owo$set$0(Lnet/minecraft/resources/ResourceKey;)Lnet/minecraft/core/Holder$Reference; to mdd29a09$owo$lambda$owo$set$0$1 in owo.mixins.json:registry.SimpleRegistryMixin from mod owo
[11dic2025 14:06:12.766] [pool-13-thread-1/DEBUG] [mixin/]: Mixing MappedRegistryMixin from supermartijn642corelib.mixins.json into net.minecraft.core.MappedRegistry
[11dic2025 14:06:12.766] [pool-13-thread-1/DEBUG] [mixin/]: supermartijn642corelib.mixins.json:MappedRegistryMixin from mod supermartijn642corelib: Class version 65 required is higher than the class version supported by the current version of Mixin (JAVA_17 supports class version 61)
[11dic2025 14:06:12.773] [pool-13-thread-1/DEBUG] [mixin/]: Mixing MappedRegistryAccessor from neoforge.mixins.json into net.minecraft.core.MappedRegistry
[11dic2025 14:06:12.780] [pool-13-thread-1/DEBUG] [mixin/]: supermartijn642corelib.mixins.json:MappedRegistryMixin from mod supermartijn642corelib->@Inject::registerMappingHead(Lnet/minecraft/resources/ResourceKey;Ljava/lang/Object;Lnet/minecraft/core/RegistrationInfo;Lorg/spongepowered/asm/mixin/injection/callback/CallbackInfoReturnable;)V doesn't use it's CallbackInfoReturnable
[11dic2025 14:06:12.780] [pool-13-thread-1/DEBUG] [mixin/]: supermartijn642corelib.mixins.json:MappedRegistryMixin from mod supermartijn642corelib->@Inject::registerMappingHead(Lnet/minecraft/resources/ResourceKey;Ljava/lang/Object;Lnet/minecraft/core/RegistrationInfo;Lorg/spongepowered/asm/mixin/injection/callback/CallbackInfoReturnable;)V has 0 override(s) in child classes
[11dic2025 14:06:12.780] [pool-13-thread-1/DEBUG] [mixin/]: supermartijn642corelib.mixins.json:MappedRegistryMixin from mod supermartijn642corelib->@Inject::registerMappingHead(Lnet/minecraft/resources/ResourceKey;Ljava/lang/Object;Lnet/minecraft/core/RegistrationInfo;Lorg/spongepowered/asm/mixin/injection/callback/CallbackInfoReturnable;)V won't be passed a CallbackInfoReturnable as a result
[11dic2025 14:06:12.780] [pool-13-thread-1/DEBUG] [mixin/]: supermartijn642corelib.mixins.json:MappedRegistryMixin from mod supermartijn642corelib->@Inject::registerMappingTail(Lnet/minecraft/resources/ResourceKey;Ljava/lang/Object;Lnet/minecraft/core/RegistrationInfo;Lorg/spongepowered/asm/mixin/injection/callback/CallbackInfoReturnable;)V doesn't use it's CallbackInfoReturnable
[11dic2025 14:06:12.780] [pool-13-thread-1/DEBUG] [mixin/]: supermartijn642corelib.mixins.json:MappedRegistryMixin from mod supermartijn642corelib->@Inject::registerMappingTail(Lnet/minecraft/resources/ResourceKey;Ljava/lang/Object;Lnet/minecraft/core/RegistrationInfo;Lorg/spongepowered/asm/mixin/injection/callback/CallbackInfoReturnable;)V has 0 override(s) in child classes
[11dic2025 14:06:12.780] [pool-13-thread-1/DEBUG] [mixin/]: supermartijn642corelib.mixins.json:MappedRegistryMixin from mod supermartijn642corelib->@Inject::registerMappingTail(Lnet/minecraft/resources/ResourceKey;Ljava/lang/Object;Lnet/minecraft/core/RegistrationInfo;Lorg/spongepowered/asm/mixin/injection/callback/CallbackInfoReturnable;)V won't be passed a CallbackInfoReturnable as a result
[11dic2025 14:06:12.787] [pool-13-thread-1/DEBUG] [mixin/]: Mixing ResourceKeyMixin from kubejs.mixins.json into net.minecraft.resources.ResourceKey
[11dic2025 14:06:12.791] [pool-13-thread-1/DEBUG] [mixin/]: kubejs.mixins.json:ResourceKeyMixin from mod kubejs->@Inject::kjs$getKeyStackTraces(Lnet/minecraft/resources/ResourceLocation;Lnet/minecraft/resources/ResourceLocation;Lorg/spongepowered/asm/mixin/injection/callback/CallbackInfo;)V doesn't use it's CallbackInfo
[11dic2025 14:06:12.791] [pool-13-thread-1/DEBUG] [mixin/]: kubejs.mixins.json:ResourceKeyMixin from mod kubejs->@Inject::kjs$getKeyStackTraces(Lnet/minecraft/resources/ResourceLocation;Lnet/minecraft/resources/ResourceLocation;Lorg/spongepowered/asm/mixin/injection/callback/CallbackInfo;)V has 0 override(s) in child classes
[11dic2025 14:06:12.791] [pool-13-thread-1/DEBUG] [mixin/]: kubejs.mixins.json:ResourceKeyMixin from mod kubejs->@Inject::kjs$getKeyStackTraces(Lnet/minecraft/resources/ResourceLocation;Lnet/minecraft/resources/ResourceLocation;Lorg/spongepowered/asm/mixin/injection/callback/CallbackInfo;)V won't be passed a CallbackInfo as a result
[11dic2025 14:06:12.803] [pool-13-thread-1/DEBUG] [mixin/]: Mixing registry.ReferenceAccessor from owo.mixins.json into net.minecraft.core.Holder$Reference
[11dic2025 14:06:12.803] [pool-13-thread-1/DEBUG] [mixin/]: owo.mixins.json:registry.ReferenceAccessor from mod owo: Class version 65 required is higher than the class version supported by the current version of Mixin (JAVA_16 supports class version 60)
[11dic2025 14:06:12.803] [pool-13-thread-1/DEBUG] [mixin/]: Mixing HolderReferenceMixin from supermartijn642corelib.mixins.json into net.minecraft.core.Holder$Reference
[11dic2025 14:06:12.804] [pool-13-thread-1/DEBUG] [mixin/]: supermartijn642corelib.mixins.json:HolderReferenceMixin from mod supermartijn642corelib: Class version 65 required is higher than the class version supported by the current version of Mixin (JAVA_17 supports class version 61)
[11dic2025 14:06:12.829] [pool-13-thread-1/DEBUG] [mixin/]: Mixing itemgroup.ItemGroupAccessor from owo.mixins.json into net.minecraft.world.item.CreativeModeTab
[11dic2025 14:06:12.829] [pool-13-thread-1/DEBUG] [mixin/]: owo.mixins.json:itemgroup.ItemGroupAccessor from mod owo: Class version 65 required is higher than the class version supported by the current version of Mixin (JAVA_16 supports class version 60)
[11dic2025 14:06:12.829] [pool-13-thread-1/DEBUG] [mixin/]: Mixing CreativeModeTabMixin from kubejs.mixins.json into net.minecraft.world.item.CreativeModeTab
[11dic2025 14:06:12.834] [pool-13-thread-1/DEBUG] [mixin/]: Mixing DataComponentsMixin from kubejs.mixins.json into net.minecraft.core.component.DataComponents
[11dic2025 14:06:12.848] [pool-13-thread-1/DEBUG] [mixin/]: Mixing BlockMixin from kubejs.mixins.json into net.minecraft.world.level.block.Block
[11dic2025 14:06:12.854] [pool-13-thread-1/DEBUG] [mixin/]: Mixing inject.MixinBlock from architectury-common.mixins.json into net.minecraft.world.level.block.Block
[11dic2025 14:06:12.854] [pool-13-thread-1/DEBUG] [mixin/]: architectury-common.mixins.json:inject.MixinBlock from mod architectury: Class version 65 required is higher than the class version supported by the current version of Mixin (JAVA_16 supports class version 60)
[11dic2025 14:06:12.896] [pool-13-thread-1/DEBUG] [mixin/]: kubejs.mixins.json:BlockMixin from mod kubejs->@Inject::kjs$getName(Lorg/spongepowered/asm/mixin/injection/callback/CallbackInfoReturnable;)V does use it's CallbackInfoReturnable
[11dic2025 14:06:12.900] [pool-13-thread-1/DEBUG] [mixin/]: Mixing BlockBehaviourMixin from kubejs.mixins.json into net.minecraft.world.level.block.state.BlockBehaviour
[11dic2025 14:06:12.910] [pool-13-thread-1/DEBUG] [mixin/]: kubejs.mixins.json:BlockBehaviourMixin from mod kubejs->@Inject::onRandomTick(Lnet/minecraft/world/level/block/state/BlockState;Lnet/minecraft/server/level/ServerLevel;Lnet/minecraft/core/BlockPos;Lnet/minecraft/util/RandomSource;Lorg/spongepowered/asm/mixin/injection/callback/CallbackInfo;)V does use it's CallbackInfo
[11dic2025 14:06:12.915] [pool-13-thread-1/DEBUG] [mixin/]: Mixing BlockStateBaseMixin from kubejs.mixins.json into net.minecraft.world.level.block.state.BlockBehaviour$BlockStateBase
[11dic2025 14:06:12.918] [pool-13-thread-1/DEBUG] [mixin/]: kubejs.mixins.json:BlockStateBaseMixin from mod kubejs->@Inject::kjs$onRandomTick(Lnet/minecraft/server/level/ServerLevel;Lnet/minecraft/core/BlockPos;Lnet/minecraft/util/RandomSource;Lorg/spongepowered/asm/mixin/injection/callback/CallbackInfo;)V does use it's CallbackInfo
[11dic2025 14:06:12.923] [pool-13-thread-1/DEBUG] [mixin/]: Mixing LevelMixin from kubejs.mixins.json into net.minecraft.world.level.Level
[11dic2025 14:06:12.941] [pool-13-thread-1/DEBUG] [mixin/]: Mixing ServerLevelMixin from kubejs.mixins.json into net.minecraft.server.level.ServerLevel
[11dic2025 14:06:12.958] [pool-13-thread-1/DEBUG] [mixin/]: Mixing EntityAccess from jade.mixins.json into net.minecraft.world.entity.Entity
[11dic2025 14:06:12.959] [pool-13-thread-1/DEBUG] [mixin/]: jade.mixins.json:EntityAccess from mod jade: Class version 65 required is higher than the class version supported by the current version of Mixin (JAVA_16 supports class version 60)
[11dic2025 14:06:12.959] [pool-13-thread-1/DEBUG] [mixin/]: Mixing EntityMixin from kubejs.mixins.json into net.minecraft.world.entity.Entity
[11dic2025 14:06:12.967] [pool-13-thread-1/DEBUG] [mixin/]: kubejs.mixins.json:EntityMixin from mod kubejs->@Inject::saveKJS(Lnet/minecraft/nbt/CompoundTag;Lorg/spongepowered/asm/mixin/injection/callback/CallbackInfoReturnable;)V doesn't use it's CallbackInfoReturnable
[11dic2025 14:06:12.967] [pool-13-thread-1/DEBUG] [mixin/]: kubejs.mixins.json:EntityMixin from mod kubejs->@Inject::saveKJS(Lnet/minecraft/nbt/CompoundTag;Lorg/spongepowered/asm/mixin/injection/callback/CallbackInfoReturnable;)V has 0 override(s) in child classes
[11dic2025 14:06:12.968] [pool-13-thread-1/DEBUG] [mixin/]: kubejs.mixins.json:EntityMixin from mod kubejs->@Inject::saveKJS(Lnet/minecraft/nbt/CompoundTag;Lorg/spongepowered/asm/mixin/injection/callback/CallbackInfoReturnable;)V won't be passed a CallbackInfoReturnable as a result
[11dic2025 14:06:12.968] [pool-13-thread-1/DEBUG] [mixin/]: kubejs.mixins.json:EntityMixin from mod kubejs->@Inject::loadKJS(Lnet/minecraft/nbt/CompoundTag;Lorg/spongepowered/asm/mixin/injection/callback/CallbackInfo;)V doesn't use it's CallbackInfo
[11dic2025 14:06:12.968] [pool-13-thread-1/DEBUG] [mixin/]: kubejs.mixins.json:EntityMixin from mod kubejs->@Inject::loadKJS(Lnet/minecraft/nbt/CompoundTag;Lorg/spongepowered/asm/mixin/injection/callback/CallbackInfo;)V has 0 override(s) in child classes
[11dic2025 14:06:12.968] [pool-13-thread-1/DEBUG] [mixin/]: kubejs.mixins.json:EntityMixin from mod kubejs->@Inject::loadKJS(Lnet/minecraft/nbt/CompoundTag;Lorg/spongepowered/asm/mixin/injection/callback/CallbackInfo;)V won't be passed a CallbackInfo as a result
[11dic2025 14:06:12.985] [pool-13-thread-1/DEBUG] [mixin/]: Mixing PlayerMixin from kubejs.mixins.json into net.minecraft.world.entity.player.Player
[11dic2025 14:06:13.072] [pool-13-thread-1/DEBUG] [mixin/]: Mixing LivingEntityMixin from kubejs.mixins.json into net.minecraft.world.entity.LivingEntity
[11dic2025 14:06:13.074] [pool-13-thread-1/DEBUG] [mixin/]: kubejs.mixins.json:LivingEntityMixin from mod kubejs->@Inject::foodEaten(Lnet/minecraft/world/level/Level;Lnet/minecraft/world/item/ItemStack;Lnet/minecraft/world/food/FoodProperties;Lorg/spongepowered/asm/mixin/injection/callback/CallbackInfoReturnable;)V doesn't use it's CallbackInfoReturnable
[11dic2025 14:06:13.075] [pool-13-thread-1/DEBUG] [mixin/]: kubejs.mixins.json:LivingEntityMixin from mod kubejs->@Inject::foodEaten(Lnet/minecraft/world/level/Level;Lnet/minecraft/world/item/ItemStack;Lnet/minecraft/world/food/FoodProperties;Lorg/spongepowered/asm/mixin/injection/callback/CallbackInfoReturnable;)V has 0 override(s) in child classes
[11dic2025 14:06:13.075] [pool-13-thread-1/DEBUG] [mixin/]: kubejs.mixins.json:LivingEntityMixin from mod kubejs->@Inject::foodEaten(Lnet/minecraft/world/level/Level;Lnet/minecraft/world/item/ItemStack;Lnet/minecraft/world/food/FoodProperties;Lorg/spongepowered/asm/mixin/injection/callback/CallbackInfoReturnable;)V won't be passed a CallbackInfoReturnable as a result
[11dic2025 14:06:13.111] [pool-13-thread-1/DEBUG] [mixin/]: Mixing ItemEntityMixin from kubejs.mixins.json into net.minecraft.world.entity.item.ItemEntity
[11dic2025 14:06:13.118] [pool-13-thread-1/DEBUG] [mixin/]: Mixing DirectionMixin from kubejs.mixins.json into net.minecraft.core.Direction
[11dic2025 14:06:13.124] [pool-13-thread-1/DEBUG] [mixin/]: Mixing BlockPropertiesAccessor from supermartijn642corelib.mixins.json into net.minecraft.world.level.block.state.BlockBehaviour$Properties
[11dic2025 14:06:13.124] [pool-13-thread-1/DEBUG] [mixin/]: supermartijn642corelib.mixins.json:BlockPropertiesAccessor from mod supermartijn642corelib: Class version 65 required is higher than the class version supported by the current version of Mixin (JAVA_17 supports class version 61)
[11dic2025 14:06:13.127] [pool-13-thread-1/DEBUG] [mixin/]: Mixing GameDataMixin from supermartijn642corelib.mixins.json into net.neoforged.neoforge.registries.GameData
[11dic2025 14:06:13.127] [pool-13-thread-1/DEBUG] [mixin/]: supermartijn642corelib.mixins.json:GameDataMixin from mod supermartijn642corelib: Class version 65 required is higher than the class version supported by the current version of Mixin (JAVA_17 supports class version 61)
[11dic2025 14:06:13.132] [pool-13-thread-1/DEBUG] [mixin/]: supermartijn642corelib.mixins.json:GameDataMixin from mod supermartijn642corelib->@Inject::postRegisterEvents(Lorg/spongepowered/asm/mixin/injection/callback/CallbackInfo;)V doesn't use it's CallbackInfo
[11dic2025 14:06:13.394] [pool-13-thread-1/DEBUG] [mixin/]: Mixing PacketByteBufMixin from owo.mixins.json into net.minecraft.network.FriendlyByteBuf
[11dic2025 14:06:13.395] [pool-13-thread-1/DEBUG] [mixin/]: owo.mixins.json:PacketByteBufMixin from mod owo: Class version 65 required is higher than the class version supported by the current version of Mixin (JAVA_16 supports class version 60)
[11dic2025 14:06:13.395] [pool-13-thread-1/DEBUG] [mixin/]: Renaming synthetic method lambda$write$0()Lio/wispforest/endec/Serializer; to mdd29a09$owo$lambda$write$0$0 in owo.mixins.json:PacketByteBufMixin from mod owo
[11dic2025 14:06:13.469] [pool-13-thread-1/DEBUG] [mixin/]: Mixing neoforge.LiquidBlockAccessor from architectury.mixins.json into net.minecraft.world.level.block.LiquidBlock
[11dic2025 14:06:13.469] [pool-13-thread-1/DEBUG] [mixin/]: architectury.mixins.json:neoforge.LiquidBlockAccessor from mod architectury: Class version 65 required is higher than the class version supported by the current version of Mixin (JAVA_16 supports class version 60)
[11dic2025 14:06:13.469] [pool-13-thread-1/DEBUG] [mixin/]: Mixing inject.MixinLiquidBlock from architectury-common.mixins.json into net.minecraft.world.level.block.LiquidBlock
[11dic2025 14:06:13.469] [pool-13-thread-1/DEBUG] [mixin/]: architectury-common.mixins.json:inject.MixinLiquidBlock from mod architectury: Class version 65 required is higher than the class version supported by the current version of Mixin (JAVA_16 supports class version 60)
[11dic2025 14:06:13.622] [pool-13-thread-1/DEBUG] [mixin/]: Mixing EntityTypeMixin from kubejs.mixins.json into net.minecraft.world.entity.EntityType
[11dic2025 14:06:13.624] [pool-13-thread-1/DEBUG] [mixin/]: Mixing inject.MixinEntityType from architectury-common.mixins.json into net.minecraft.world.entity.EntityType
[11dic2025 14:06:13.624] [pool-13-thread-1/DEBUG] [mixin/]: architectury-common.mixins.json:inject.MixinEntityType from mod architectury: Class version 65 required is higher than the class version supported by the current version of Mixin (JAVA_16 supports class version 60)
[11dic2025 14:06:13.648] [pool-13-thread-1/DEBUG] [mixin/]: Mixing inject.MixinFluid from architectury-common.mixins.json into net.minecraft.world.level.material.Fluid
[11dic2025 14:06:13.648] [pool-13-thread-1/DEBUG] [mixin/]: architectury-common.mixins.json:inject.MixinFluid from mod architectury: Class version 65 required is higher than the class version supported by the current version of Mixin (JAVA_16 supports class version 60)
[11dic2025 14:06:13.648] [pool-13-thread-1/DEBUG] [mixin/]: Mixing FluidMixin from kubejs.mixins.json into net.minecraft.world.level.material.Fluid
[11dic2025 14:06:13.690] [pool-13-thread-1/DEBUG] [mixin/]: Mixing FallingBlockEntityMixin from kubejs.mixins.json into net.minecraft.world.entity.item.FallingBlockEntity
[11dic2025 14:06:13.693] [pool-13-thread-1/DEBUG] [mixin/]: Mixing MixinFallingBlockEntity from architectury.mixins.json into net.minecraft.world.entity.item.FallingBlockEntity
[11dic2025 14:06:13.693] [pool-13-thread-1/DEBUG] [mixin/]: architectury.mixins.json:MixinFallingBlockEntity from mod architectury: Class version 65 required is higher than the class version supported by the current version of Mixin (JAVA_16 supports class version 60)
[11dic2025 14:06:13.704] [pool-13-thread-1/DEBUG] [mixin/]: kubejs.mixins.json:FallingBlockEntityMixin from mod kubejs->@Inject::kjs$fallStart(Lnet/minecraft/world/level/Level;Lnet/minecraft/core/BlockPos;Lnet/minecraft/world/level/block/state/BlockState;Lorg/spongepowered/asm/mixin/injection/callback/CallbackInfoReturnable;Lnet/minecraft/world/entity/item/FallingBlockEntity;)V does use it's CallbackInfoReturnable
[11dic2025 14:06:13.704] [pool-13-thread-1/DEBUG] [mixin/]: kubejs.mixins.json:FallingBlockEntityMixin from mod kubejs->@Inject::kjs$fallEnd(Lorg/spongepowered/asm/mixin/injection/callback/CallbackInfo;Lnet/minecraft/world/level/block/Block;Lnet/minecraft/core/BlockPos;ZZDLnet/minecraft/world/level/block/state/BlockState;)V doesn't use it's CallbackInfo
[11dic2025 14:06:13.704] [pool-13-thread-1/DEBUG] [mixin/]: kubejs.mixins.json:FallingBlockEntityMixin from mod kubejs->@Inject::kjs$fallEnd(Lorg/spongepowered/asm/mixin/injection/callback/CallbackInfo;Lnet/minecraft/world/level/block/Block;Lnet/minecraft/core/BlockPos;ZZDLnet/minecraft/world/level/block/state/BlockState;)V has 0 override(s) in child classes
[11dic2025 14:06:13.704] [pool-13-thread-1/DEBUG] [mixin/]: kubejs.mixins.json:FallingBlockEntityMixin from mod kubejs->@Inject::kjs$fallEnd(Lorg/spongepowered/asm/mixin/injection/callback/CallbackInfo;Lnet/minecraft/world/level/block/Block;Lnet/minecraft/core/BlockPos;ZZDLnet/minecraft/world/level/block/state/BlockState;)V won't be passed a CallbackInfo as a result
[11dic2025 14:06:13.704] [pool-13-thread-1/DEBUG] [mixin/]: architectury.mixins.json:MixinFallingBlockEntity from mod architectury->@Inject::handleLand(Lorg/spongepowered/asm/mixin/injection/callback/CallbackInfo;Lnet/minecraft/world/level/block/Block;Lnet/minecraft/core/BlockPos;ZZDLnet/minecraft/world/level/block/state/BlockState;)V doesn't use it's CallbackInfo
[11dic2025 14:06:13.704] [pool-13-thread-1/DEBUG] [mixin/]: architectury.mixins.json:MixinFallingBlockEntity from mod architectury->@Inject::handleLand(Lorg/spongepowered/asm/mixin/injection/callback/CallbackInfo;Lnet/minecraft/world/level/block/Block;Lnet/minecraft/core/BlockPos;ZZDLnet/minecraft/world/level/block/state/BlockState;)V has 0 override(s) in child classes
[11dic2025 14:06:13.704] [pool-13-thread-1/DEBUG] [mixin/]: architectury.mixins.json:MixinFallingBlockEntity from mod architectury->@Inject::handleLand(Lorg/spongepowered/asm/mixin/injection/callback/CallbackInfo;Lnet/minecraft/world/level/block/Block;Lnet/minecraft/core/BlockPos;ZZDLnet/minecraft/world/level/block/state/BlockState;)V won't be passed a CallbackInfo as a result
[11dic2025 14:06:13.706] [pool-13-thread-1/DEBUG] [mixin/]: Mixing ui.access.BlockEntityAccessor from owo.mixins.json into net.minecraft.world.level.block.entity.BlockEntity
[11dic2025 14:06:13.706] [pool-13-thread-1/DEBUG] [mixin/]: owo.mixins.json:ui.access.BlockEntityAccessor from mod owo: Class version 65 required is higher than the class version supported by the current version of Mixin (JAVA_16 supports class version 60)
[11dic2025 14:06:13.728] [pool-13-thread-1/DEBUG] [mixin/]: Mixing ContainerMixin from kubejs.mixins.json into net.minecraft.world.Container
[11dic2025 14:06:13.804] [pool-13-thread-1/DEBUG] [mixin/]: Mixing DyeColorMixin from kubejs.mixins.json into net.minecraft.world.item.DyeColor
[11dic2025 14:06:13.840] [pool-13-thread-1/DEBUG] [mixin/]: Mixing ChatFormattingMixin from kubejs.mixins.json into net.minecraft.ChatFormatting
[11dic2025 14:06:13.847] [pool-13-thread-1/DEBUG] [mixin/]: Mixing TextColorMixin from kubejs.mixins.json into net.minecraft.network.chat.TextColor
[11dic2025 14:06:13.918] [pool-13-thread-1/DEBUG] [mixin/]: Mixing BlockEntityTypeAccessor from neoforge.mixins.json into net.minecraft.world.level.block.entity.BlockEntityType
[11dic2025 14:06:14.008] [pool-13-thread-1/DEBUG] [mixin/]: Mixing ScreenHandlerInvoker from owo.mixins.json into net.minecraft.world.inventory.AbstractContainerMenu
[11dic2025 14:06:14.009] [pool-13-thread-1/DEBUG] [mixin/]: owo.mixins.json:ScreenHandlerInvoker from mod owo: Class version 65 required is higher than the class version supported by the current version of Mixin (JAVA_16 supports class version 60)
[11dic2025 14:06:14.009] [pool-13-thread-1/DEBUG] [mixin/]: Mixing ScreenHandlerMixin from owo.mixins.json into net.minecraft.world.inventory.AbstractContainerMenu
[11dic2025 14:06:14.009] [pool-13-thread-1/DEBUG] [mixin/]: owo.mixins.json:ScreenHandlerMixin from mod owo: Class version 65 required is higher than the class version supported by the current version of Mixin (JAVA_16 supports class version 60)
[11dic2025 14:06:14.024] [pool-13-thread-1/DEBUG] [mixin/]: Mixing common.AbstractContainerMenuMixin from geckolib.mixins.json into net.minecraft.world.inventory.AbstractContainerMenu
[11dic2025 14:06:14.024] [pool-13-thread-1/DEBUG] [mixin/]: geckolib.mixins.json:common.AbstractContainerMenuMixin from mod geckolib: Class version 65 required is higher than the class version supported by the current version of Mixin (JAVA_17 supports class version 61)
[11dic2025 14:06:14.041] [pool-13-thread-1/DEBUG] [mixin/]: owo.mixins.json:ScreenHandlerMixin from mod owo->@Inject::createReflectiveBuilder(Lnet/minecraft/world/inventory/MenuType;ILorg/spongepowered/asm/mixin/injection/callback/CallbackInfo;)V doesn't use it's CallbackInfo
[11dic2025 14:06:14.041] [pool-13-thread-1/DEBUG] [mixin/]: owo.mixins.json:ScreenHandlerMixin from mod owo->@Inject::createReflectiveBuilder(Lnet/minecraft/world/inventory/MenuType;ILorg/spongepowered/asm/mixin/injection/callback/CallbackInfo;)V has 0 override(s) in child classes
[11dic2025 14:06:14.041] [pool-13-thread-1/DEBUG] [mixin/]: owo.mixins.json:ScreenHandlerMixin from mod owo->@Inject::createReflectiveBuilder(Lnet/minecraft/world/inventory/MenuType;ILorg/spongepowered/asm/mixin/injection/callback/CallbackInfo;)V won't be passed a CallbackInfo as a result
[11dic2025 14:06:14.042] [pool-13-thread-1/DEBUG] [mixin/]: owo.mixins.json:ScreenHandlerMixin from mod owo->@Inject::syncOnSyncState(Lorg/spongepowered/asm/mixin/injection/callback/CallbackInfo;)V doesn't use it's CallbackInfo
[11dic2025 14:06:14.042] [pool-13-thread-1/DEBUG] [mixin/]: owo.mixins.json:ScreenHandlerMixin from mod owo->@Inject::syncOnSyncState(Lorg/spongepowered/asm/mixin/injection/callback/CallbackInfo;)V has 0 override(s) in child classes
[11dic2025 14:06:14.042] [pool-13-thread-1/DEBUG] [mixin/]: owo.mixins.json:ScreenHandlerMixin from mod owo->@Inject::syncOnSyncState(Lorg/spongepowered/asm/mixin/injection/callback/CallbackInfo;)V won't be passed a CallbackInfo as a result
[11dic2025 14:06:14.042] [pool-13-thread-1/DEBUG] [mixin/]: owo.mixins.json:ScreenHandlerMixin from mod owo->@Inject::syncOnSendContentUpdates(Lorg/spongepowered/asm/mixin/injection/callback/CallbackInfo;)V doesn't use it's CallbackInfo
[11dic2025 14:06:14.042] [pool-13-thread-1/DEBUG] [mixin/]: owo.mixins.json:ScreenHandlerMixin from mod owo->@Inject::syncOnSendContentUpdates(Lorg/spongepowered/asm/mixin/injection/callback/CallbackInfo;)V has 0 override(s) in child classes
[11dic2025 14:06:14.042] [pool-13-thread-1/DEBUG] [mixin/]: owo.mixins.json:ScreenHandlerMixin from mod owo->@Inject::syncOnSendContentUpdates(Lorg/spongepowered/asm/mixin/injection/callback/CallbackInfo;)V won't be passed a CallbackInfo as a result
[11dic2025 14:06:14.049] [pool-13-thread-1/DEBUG] [mixin/]: Mixing AbstractFurnaceBlockEntityAccess from jade.mixins.json into net.minecraft.world.level.block.entity.AbstractFurnaceBlockEntity
[11dic2025 14:06:14.050] [pool-13-thread-1/DEBUG] [mixin/]: jade.mixins.json:AbstractFurnaceBlockEntityAccess from mod jade: Class version 65 required is higher than the class version supported by the current version of Mixin (JAVA_16 supports class version 60)
[11dic2025 14:06:14.145] [pool-13-thread-1/DEBUG] [mixin/]: Mixing ext.ItemStackMixin from owo.mixins.json into net.minecraft.world.item.ItemStack
[11dic2025 14:06:14.145] [pool-13-thread-1/DEBUG] [mixin/]: owo.mixins.json:ext.ItemStackMixin from mod owo: Class version 65 required is higher than the class version supported by the current version of Mixin (JAVA_16 supports class version 60)
[11dic2025 14:06:14.148] [pool-13-thread-1/DEBUG] [mixin/]: Mixing common.ItemStackMixin from geckolib.mixins.json into net.minecraft.world.item.ItemStack
[11dic2025 14:06:14.148] [pool-13-thread-1/DEBUG] [mixin/]: geckolib.mixins.json:common.ItemStackMixin from mod geckolib: Class version 65 required is higher than the class version supported by the current version of Mixin (JAVA_17 supports class version 61)
[11dic2025 14:06:14.154] [pool-13-thread-1/DEBUG] [mixin/]: Mixing ItemStackMixin from kubejs.mixins.json into net.minecraft.world.item.ItemStack
[11dic2025 14:06:14.162] [pool-13-thread-1/DEBUG] [mixin/]: Mixing ItemStackClientMixin from kubejs.mixins.json into net.minecraft.world.item.ItemStack
[11dic2025 14:06:14.170] [pool-13-thread-1/DEBUG] [mixin/]: owo.mixins.json:ext.ItemStackMixin from mod owo->@Inject::injectDerivedComponentMap(Lnet/minecraft/world/level/ItemLike;ILnet/minecraft/core/component/PatchedDataComponentMap;Lorg/spongepowered/asm/mixin/injection/callback/CallbackInfo;)V doesn't use it's CallbackInfo
[11dic2025 14:06:14.170] [pool-13-thread-1/DEBUG] [mixin/]: owo.mixins.json:ext.ItemStackMixin from mod owo->@Inject::deriveComponents1(Lnet/minecraft/world/level/ItemLike;ILnet/minecraft/core/component/PatchedDataComponentMap;Lorg/spongepowered/asm/mixin/injection/callback/CallbackInfo;)V doesn't use it's CallbackInfo
[11dic2025 14:06:14.170] [pool-13-thread-1/DEBUG] [mixin/]: owo.mixins.json:ext.ItemStackMixin from mod owo->@Inject::deriveComponents2(Lnet/minecraft/core/component/DataComponentPatch;Lorg/spongepowered/asm/mixin/injection/callback/CallbackInfo;)V doesn't use it's CallbackInfo
[11dic2025 14:06:14.170] [pool-13-thread-1/DEBUG] [mixin/]: owo.mixins.json:ext.ItemStackMixin from mod owo->@Inject::deriveComponents3(Lnet/minecraft/core/component/DataComponentPatch;Lorg/spongepowered/asm/mixin/injection/callback/CallbackInfo;)V doesn't use it's CallbackInfo
[11dic2025 14:06:14.170] [pool-13-thread-1/DEBUG] [mixin/]: owo.mixins.json:ext.ItemStackMixin from mod owo->@Inject::deriveComponents4(Lnet/minecraft/core/component/DataComponentMap;Lorg/spongepowered/asm/mixin/injection/callback/CallbackInfo;)V doesn't use it's CallbackInfo
[11dic2025 14:06:14.176] [pool-13-thread-1/DEBUG] [mixin/]: Mixing MutableDataComponentHolderMixin from kubejs.mixins.json into net.neoforged.neoforge.common.MutableDataComponentHolder
[11dic2025 14:06:14.579] [pool-13-thread-1/DEBUG] [mixin/]: Mixing RecipeInputMixin from kubejs.mixins.json into net.minecraft.world.item.crafting.RecipeInput
[11dic2025 14:06:14.589] [pool-13-thread-1/DEBUG] [mixin/]: Mixing ServerPlayerEntityMixin from owo.mixins.json into net.minecraft.server.level.ServerPlayer
[11dic2025 14:06:14.589] [pool-13-thread-1/DEBUG] [mixin/]: owo.mixins.json:ServerPlayerEntityMixin from mod owo: Class version 65 required is higher than the class version supported by the current version of Mixin (JAVA_16 supports class version 60)
[11dic2025 14:06:14.590] [pool-13-thread-1/DEBUG] [mixin/]: Mixing ServerPlayerMixin from kubejs.mixins.json into net.minecraft.server.level.ServerPlayer
[11dic2025 14:06:14.592] [pool-13-thread-1/DEBUG] [mixin/]: owo.mixins.json:ServerPlayerEntityMixin from mod owo->@Inject::attachScreenHandler(Lnet/minecraft/world/inventory/AbstractContainerMenu;Lorg/spongepowered/asm/mixin/injection/callback/CallbackInfo;)V doesn't use it's CallbackInfo
[11dic2025 14:06:14.592] [pool-13-thread-1/DEBUG] [mixin/]: owo.mixins.json:ServerPlayerEntityMixin from mod owo->@Inject::attachScreenHandler(Lnet/minecraft/world/inventory/AbstractContainerMenu;Lorg/spongepowered/asm/mixin/injection/callback/CallbackInfo;)V has 0 override(s) in child classes
[11dic2025 14:06:14.592] [pool-13-thread-1/DEBUG] [mixin/]: owo.mixins.json:ServerPlayerEntityMixin from mod owo->@Inject::attachScreenHandler(Lnet/minecraft/world/inventory/AbstractContainerMenu;Lorg/spongepowered/asm/mixin/injection/callback/CallbackInfo;)V won't be passed a CallbackInfo as a result
[11dic2025 14:06:14.601] [pool-13-thread-1/DEBUG] [mixin/]: Mixing ext.ComponentMapImplAccessor from owo.mixins.json into net.minecraft.core.component.PatchedDataComponentMap
[11dic2025 14:06:14.601] [pool-13-thread-1/DEBUG] [mixin/]: owo.mixins.json:ext.ComponentMapImplAccessor from mod owo: Class version 65 required is higher than the class version supported by the current version of Mixin (JAVA_16 supports class version 60)
[11dic2025 14:06:14.601] [pool-13-thread-1/DEBUG] [mixin/]: Mixing ext.ComponentMapImplMixin from owo.mixins.json into net.minecraft.core.component.PatchedDataComponentMap
[11dic2025 14:06:14.601] [pool-13-thread-1/DEBUG] [mixin/]: owo.mixins.json:ext.ComponentMapImplMixin from mod owo: Class version 65 required is higher than the class version supported by the current version of Mixin (JAVA_16 supports class version 60)
[11dic2025 14:06:14.884] [pool-13-thread-1/DEBUG] [mixin/]: Mixing ext.ItemMixin from owo.mixins.json into net.minecraft.world.item.Item
[11dic2025 14:06:14.884] [pool-13-thread-1/DEBUG] [mixin/]: owo.mixins.json:ext.ItemMixin from mod owo: Class version 65 required is higher than the class version supported by the current version of Mixin (JAVA_16 supports class version 60)
[11dic2025 14:06:14.885] [pool-13-thread-1/DEBUG] [mixin/]: Mixing itemgroup.ItemMixin from owo.mixins.json into net.minecraft.world.item.Item
[11dic2025 14:06:14.885] [pool-13-thread-1/DEBUG] [mixin/]: owo.mixins.json:itemgroup.ItemMixin from mod owo: Class version 65 required is higher than the class version supported by the current version of Mixin (JAVA_16 supports class version 60)
[11dic2025 14:06:14.885] [pool-13-thread-1/DEBUG] [mixin/]: Renaming synthetic method lambda$new$0()Lnet/minecraft/world/item/CreativeModeTab; to mdd29a09$owo$lambda$new$0$0 in owo.mixins.json:itemgroup.ItemMixin from mod owo
[11dic2025 14:06:14.887] [pool-13-thread-1/DEBUG] [mixin/]: Mixing inject.MixinItem from architectury-common.mixins.json into net.minecraft.world.item.Item
[11dic2025 14:06:14.887] [pool-13-thread-1/DEBUG] [mixin/]: architectury-common.mixins.json:inject.MixinItem from mod architectury: Class version 65 required is higher than the class version supported by the current version of Mixin (JAVA_16 supports class version 60)
[11dic2025 14:06:14.888] [pool-13-thread-1/DEBUG] [mixin/]: Mixing ItemMixin from ftblibrary-common.mixins.json into net.minecraft.world.item.Item
[11dic2025 14:06:14.888] [pool-13-thread-1/DEBUG] [mixin/]: ftblibrary-common.mixins.json:ItemMixin from mod ftblibrary: Class version 65 required is higher than the class version supported by the current version of Mixin (JAVA_8 supports class version 52)
[11dic2025 14:06:14.889] [pool-13-thread-1/DEBUG] [mixin/]: Mixing ItemMixin from kubejs.mixins.json into net.minecraft.world.item.Item
[11dic2025 14:06:14.913] [pool-13-thread-1/DEBUG] [mixin/]: owo.mixins.json:itemgroup.ItemMixin from mod owo->@Inject::grabTab(Lnet/minecraft/world/item/Item$Properties;Lorg/spongepowered/asm/mixin/injection/callback/CallbackInfo;)V doesn't use it's CallbackInfo
[11dic2025 14:06:14.913] [pool-13-thread-1/DEBUG] [mixin/]: owo.mixins.json:itemgroup.ItemMixin from mod owo->@Inject::grabTab(Lnet/minecraft/world/item/Item$Properties;Lorg/spongepowered/asm/mixin/injection/callback/CallbackInfo;)V has 0 override(s) in child classes
[11dic2025 14:06:14.913] [pool-13-thread-1/DEBUG] [mixin/]: owo.mixins.json:itemgroup.ItemMixin from mod owo->@Inject::grabTab(Lnet/minecraft/world/item/Item$Properties;Lorg/spongepowered/asm/mixin/injection/callback/CallbackInfo;)V won't be passed a CallbackInfo as a result
[11dic2025 14:06:14.913] [pool-13-thread-1/DEBUG] [mixin/]: architectury-common.mixins.json:inject.MixinItem from mod architectury->@Inject::init(Lnet/minecraft/world/item/Item$Properties;Lorg/spongepowered/asm/mixin/injection/callback/CallbackInfo;)V doesn't use it's CallbackInfo
[11dic2025 14:06:14.913] [pool-13-thread-1/DEBUG] [mixin/]: architectury-common.mixins.json:inject.MixinItem from mod architectury->@Inject::init(Lnet/minecraft/world/item/Item$Properties;Lorg/spongepowered/asm/mixin/injection/callback/CallbackInfo;)V has 0 override(s) in child classes
[11dic2025 14:06:14.913] [pool-13-thread-1/DEBUG] [mixin/]: architectury-common.mixins.json:inject.MixinItem from mod architectury->@Inject::init(Lnet/minecraft/world/item/Item$Properties;Lorg/spongepowered/asm/mixin/injection/callback/CallbackInfo;)V won't be passed a CallbackInfo as a result
[11dic2025 14:06:14.913] [pool-13-thread-1/DEBUG] [mixin/]: kubejs.mixins.json:ItemMixin from mod kubejs->@Inject::isFoil(Lnet/minecraft/world/item/ItemStack;Lorg/spongepowered/asm/mixin/injection/callback/CallbackInfoReturnable;)V does use it's CallbackInfoReturnable
[11dic2025 14:06:14.913] [pool-13-thread-1/DEBUG] [mixin/]: kubejs.mixins.json:ItemMixin from mod kubejs->@Inject::appendHoverText(Lnet/minecraft/world/item/ItemStack;Lnet/minecraft/world/item/Item$TooltipContext;Ljava/util/List;Lnet/minecraft/world/item/TooltipFlag;Lorg/spongepowered/asm/mixin/injection/callback/CallbackInfo;)V doesn't use it's CallbackInfo
[11dic2025 14:06:14.913] [pool-13-thread-1/DEBUG] [mixin/]: kubejs.mixins.json:ItemMixin from mod kubejs->@Inject::appendHoverText(Lnet/minecraft/world/item/ItemStack;Lnet/minecraft/world/item/Item$TooltipContext;Ljava/util/List;Lnet/minecraft/world/item/TooltipFlag;Lorg/spongepowered/asm/mixin/injection/callback/CallbackInfo;)V has 0 override(s) in child classes
[11dic2025 14:06:14.913] [pool-13-thread-1/DEBUG] [mixin/]: kubejs.mixins.json:ItemMixin from mod kubejs->@Inject::appendHoverText(Lnet/minecraft/world/item/ItemStack;Lnet/minecraft/world/item/Item$TooltipContext;Ljava/util/List;Lnet/minecraft/world/item/TooltipFlag;Lorg/spongepowered/asm/mixin/injection/callback/CallbackInfo;)V won't be passed a CallbackInfo as a result
[11dic2025 14:06:14.914] [pool-13-thread-1/DEBUG] [mixin/]: kubejs.mixins.json:ItemMixin from mod kubejs->@Inject::isBarVisible(Lnet/minecraft/world/item/ItemStack;Lorg/spongepowered/asm/mixin/injection/callback/CallbackInfoReturnable;)V does use it's CallbackInfoReturnable
[11dic2025 14:06:14.914] [pool-13-thread-1/DEBUG] [mixin/]: kubejs.mixins.json:ItemMixin from mod kubejs->@Inject::getBarWidth(Lnet/minecraft/world/item/ItemStack;Lorg/spongepowered/asm/mixin/injection/callback/CallbackInfoReturnable;)V does use it's CallbackInfoReturnable
[11dic2025 14:06:14.914] [pool-13-thread-1/DEBUG] [mixin/]: kubejs.mixins.json:ItemMixin from mod kubejs->@Inject::getBarColor(Lnet/minecraft/world/item/ItemStack;Lorg/spongepowered/asm/mixin/injection/callback/CallbackInfoReturnable;)V does use it's CallbackInfoReturnable
[11dic2025 14:06:14.914] [pool-13-thread-1/DEBUG] [mixin/]: kubejs.mixins.json:ItemMixin from mod kubejs->@Inject::getUseDuration(Lnet/minecraft/world/item/ItemStack;Lnet/minecraft/world/entity/LivingEntity;Lorg/spongepowered/asm/mixin/injection/callback/CallbackInfoReturnable;)V does use it's CallbackInfoReturnable
[11dic2025 14:06:14.914] [pool-13-thread-1/DEBUG] [mixin/]: kubejs.mixins.json:ItemMixin from mod kubejs->@Inject::getUseAnimation(Lnet/minecraft/world/item/ItemStack;Lorg/spongepowered/asm/mixin/injection/callback/CallbackInfoReturnable;)V does use it's CallbackInfoReturnable
[11dic2025 14:06:14.914] [pool-13-thread-1/DEBUG] [mixin/]: kubejs.mixins.json:ItemMixin from mod kubejs->@Inject::getName(Lnet/minecraft/world/item/ItemStack;Lorg/spongepowered/asm/mixin/injection/callback/CallbackInfoReturnable;)V does use it's CallbackInfoReturnable
[11dic2025 14:06:14.914] [pool-13-thread-1/DEBUG] [mixin/]: kubejs.mixins.json:ItemMixin from mod kubejs->@Inject::use(Lnet/minecraft/world/level/Level;Lnet/minecraft/world/entity/player/Player;Lnet/minecraft/world/InteractionHand;Lorg/spongepowered/asm/mixin/injection/callback/CallbackInfoReturnable;)V does use it's CallbackInfoReturnable
[11dic2025 14:06:14.914] [pool-13-thread-1/DEBUG] [mixin/]: kubejs.mixins.json:ItemMixin from mod kubejs->@Inject::finishUsingItem(Lnet/minecraft/world/item/ItemStack;Lnet/minecraft/world/level/Level;Lnet/minecraft/world/entity/LivingEntity;Lorg/spongepowered/asm/mixin/injection/callback/CallbackInfoReturnable;)V does use it's CallbackInfoReturnable
[11dic2025 14:06:14.914] [pool-13-thread-1/DEBUG] [mixin/]: kubejs.mixins.json:ItemMixin from mod kubejs->@Inject::releaseUsing(Lnet/minecraft/world/item/ItemStack;Lnet/minecraft/world/level/Level;Lnet/minecraft/world/entity/LivingEntity;ILorg/spongepowered/asm/mixin/injection/callback/CallbackInfo;)V doesn't use it's CallbackInfo
[11dic2025 14:06:14.914] [pool-13-thread-1/DEBUG] [mixin/]: kubejs.mixins.json:ItemMixin from mod kubejs->@Inject::releaseUsing(Lnet/minecraft/world/item/ItemStack;Lnet/minecraft/world/level/Level;Lnet/minecraft/world/entity/LivingEntity;ILorg/spongepowered/asm/mixin/injection/callback/CallbackInfo;)V has 0 override(s) in child classes
[11dic2025 14:06:14.914] [pool-13-thread-1/DEBUG] [mixin/]: kubejs.mixins.json:ItemMixin from mod kubejs->@Inject::releaseUsing(Lnet/minecraft/world/item/ItemStack;Lnet/minecraft/world/level/Level;Lnet/minecraft/world/entity/LivingEntity;ILorg/spongepowered/asm/mixin/injection/callback/CallbackInfo;)V won't be passed a CallbackInfo as a result
[11dic2025 14:06:14.914] [pool-13-thread-1/DEBUG] [mixin/]: kubejs.mixins.json:ItemMixin from mod kubejs->@Inject::hurtEnemy(Lnet/minecraft/world/item/ItemStack;Lnet/minecraft/world/entity/LivingEntity;Lnet/minecraft/world/entity/LivingEntity;Lorg/spongepowered/asm/mixin/injection/callback/CallbackInfoReturnable;)V does use it's CallbackInfoReturnable
[11dic2025 14:06:14.922] [pool-13-thread-1/DEBUG] [mixin/]: Mixing neoforge.MixinBucketItem from architectury.mixins.json into net.minecraft.world.item.BucketItem
[11dic2025 14:06:14.922] [pool-13-thread-1/DEBUG] [mixin/]: architectury.mixins.json:neoforge.MixinBucketItem from mod architectury: Class version 65 required is higher than the class version supported by the current version of Mixin (JAVA_16 supports class version 60)
[11dic2025 14:06:14.923] [pool-13-thread-1/DEBUG] [mixin/]: Mixing neoforge.BucketItemAccessor from architectury.mixins.json into net.minecraft.world.item.BucketItem
[11dic2025 14:06:14.923] [pool-13-thread-1/DEBUG] [mixin/]: architectury.mixins.json:neoforge.BucketItemAccessor from mod architectury: Class version 65 required is higher than the class version supported by the current version of Mixin (JAVA_16 supports class version 60)
[11dic2025 14:06:14.923] [pool-13-thread-1/DEBUG] [mixin/]: Mixing inject.MixinBucketItem from architectury-common.mixins.json into net.minecraft.world.item.BucketItem
[11dic2025 14:06:14.924] [pool-13-thread-1/DEBUG] [mixin/]: architectury-common.mixins.json:inject.MixinBucketItem from mod architectury: Class version 65 required is higher than the class version supported by the current version of Mixin (JAVA_16 supports class version 60)
[11dic2025 14:06:14.925] [pool-13-thread-1/DEBUG] [mixin/]: architectury.mixins.json:neoforge.MixinBucketItem from mod architectury->@Inject::fillBucket(Lnet/minecraft/world/level/Level;Lnet/minecraft/world/entity/player/Player;Lnet/minecraft/world/InteractionHand;Lorg/spongepowered/asm/mixin/injection/callback/CallbackInfoReturnable;Lnet/minecraft/world/item/ItemStack;Lnet/minecraft/world/phys/BlockHitResult;)V does use it's CallbackInfoReturnable
[11dic2025 14:06:14.955] [pool-13-thread-1/DEBUG] [mixin/]: Mixing itemgroup.ItemSettingsMixin from owo.mixins.json into net.minecraft.world.item.Item$Properties
[11dic2025 14:06:14.956] [pool-13-thread-1/DEBUG] [mixin/]: owo.mixins.json:itemgroup.ItemSettingsMixin from mod owo: Class version 65 required is higher than the class version supported by the current version of Mixin (JAVA_16 supports class version 60)
[11dic2025 14:06:14.956] [pool-13-thread-1/DEBUG] [mixin/]: Renaming synthetic method lambda$group$0(Lio/wispforest/owo/itemgroup/OwoItemGroup;)Lio/wispforest/owo/itemgroup/OwoItemGroup; to mdd29a09$owo$lambda$group$0$0 in owo.mixins.json:itemgroup.ItemSettingsMixin from mod owo
[11dic2025 14:06:14.958] [pool-13-thread-1/DEBUG] [mixin/]: Mixing inject.MixinItemProperties from architectury-common.mixins.json into net.minecraft.world.item.Item$Properties
[11dic2025 14:06:14.958] [pool-13-thread-1/DEBUG] [mixin/]: architectury-common.mixins.json:inject.MixinItemProperties from mod architectury: Class version 65 required is higher than the class version supported by the current version of Mixin (JAVA_16 supports class version 60)
[11dic2025 14:06:14.965] [pool-13-thread-1/DEBUG] [mixin/]: Mixing ComponentTypeBuilderMixin from owo.mixins.json into net.minecraft.core.component.DataComponentType$Builder
[11dic2025 14:06:14.966] [pool-13-thread-1/DEBUG] [mixin/]: owo.mixins.json:ComponentTypeBuilderMixin from mod owo: Class version 65 required is higher than the class version supported by the current version of Mixin (JAVA_16 supports class version 60)
[11dic2025 14:06:14.986] [pool-13-thread-1/DEBUG] [io.netty.util.internal.PlatformDependent0/]: -Dio.netty.noUnsafe: false
[11dic2025 14:06:14.987] [pool-13-thread-1/DEBUG] [io.netty.util.internal.PlatformDependent0/]: Java version: 21
[11dic2025 14:06:14.987] [pool-13-thread-1/DEBUG] [io.netty.util.internal.PlatformDependent0/]: sun.misc.Unsafe.theUnsafe: available
[11dic2025 14:06:14.987] [pool-13-thread-1/DEBUG] [io.netty.util.internal.PlatformDependent0/]: sun.misc.Unsafe.copyMemory: available
[11dic2025 14:06:14.987] [pool-13-thread-1/DEBUG] [io.netty.util.internal.PlatformDependent0/]: sun.misc.Unsafe.storeFence: available
[11dic2025 14:06:14.987] [pool-13-thread-1/DEBUG] [io.netty.util.internal.PlatformDependent0/]: java.nio.Buffer.address: available
[11dic2025 14:06:14.988] [pool-13-thread-1/DEBUG] [io.netty.util.internal.PlatformDependent0/]: java.nio.Bits.unaligned: available, true
[11dic2025 14:06:14.988] [pool-13-thread-1/DEBUG] [io.netty.util.internal.PlatformDependent0/]: java.nio.DirectByteBuffer.<init>(long, {int,long}): unavailable
[11dic2025 14:06:14.988] [pool-13-thread-1/DEBUG] [io.netty.util.internal.PlatformDependent/]: sun.misc.Unsafe: available
[11dic2025 14:06:14.989] [pool-13-thread-1/DEBUG] [io.netty.util.internal.PlatformDependent/]: maxDirectMemory: 8589934592 bytes (maybe)
[11dic2025 14:06:14.989] [pool-13-thread-1/DEBUG] [io.netty.util.internal.PlatformDependent/]: -Dio.netty.tmpdir: /var/folders/t8/45mgzmfd63n9b4q9k8z04ms80000gp/T (java.io.tmpdir)
[11dic2025 14:06:14.989] [pool-13-thread-1/DEBUG] [io.netty.util.internal.PlatformDependent/]: -Dio.netty.bitMode: 64 (sun.arch.data.model)
[11dic2025 14:06:14.989] [pool-13-thread-1/DEBUG] [io.netty.util.internal.PlatformDependent/]: Platform: MacOS
[11dic2025 14:06:14.989] [pool-13-thread-1/DEBUG] [io.netty.util.internal.PlatformDependent/]: -Dio.netty.maxDirectMemory: -1 bytes
[11dic2025 14:06:14.989] [pool-13-thread-1/DEBUG] [io.netty.util.internal.PlatformDependent/]: -Dio.netty.uninitializedArrayAllocationThreshold: -1
[11dic2025 14:06:14.990] [pool-13-thread-1/DEBUG] [io.netty.util.internal.CleanerJava9/]: java.nio.ByteBuffer.cleaner(): available
[11dic2025 14:06:14.990] [pool-13-thread-1/DEBUG] [io.netty.util.internal.PlatformDependent/]: -Dio.netty.noPreferDirect: false
[11dic2025 14:06:15.028] [pool-13-thread-1/DEBUG] [mixin/]: Mixing FireworkRocketEntityMixin from kubejs.mixins.json into net.minecraft.world.entity.projectile.FireworkRocketEntity
[11dic2025 14:06:15.264] [pool-13-thread-1/DEBUG] [mixin/]: Mixing ItemFrameEntityMixin from kubejs.mixins.json into net.minecraft.world.entity.decoration.ItemFrame
[11dic2025 14:06:15.291] [pool-13-thread-1/DEBUG] [mixin/]: Mixing MixinLightningBolt from architectury-common.mixins.json into net.minecraft.world.entity.LightningBolt
[11dic2025 14:06:15.291] [pool-13-thread-1/DEBUG] [mixin/]: architectury-common.mixins.json:MixinLightningBolt from mod architectury: Class version 65 required is higher than the class version supported by the current version of Mixin (JAVA_16 supports class version 60)
[11dic2025 14:06:15.302] [pool-13-thread-1/DEBUG] [mixin/]: architectury-common.mixins.json:MixinLightningBolt from mod architectury->@Inject::handleLightning(Lorg/spongepowered/asm/mixin/injection/callback/CallbackInfo;Ljava/util/List;)V doesn't use it's CallbackInfo
[11dic2025 14:06:15.302] [pool-13-thread-1/DEBUG] [mixin/]: architectury-common.mixins.json:MixinLightningBolt from mod architectury->@Inject::handleLightning(Lorg/spongepowered/asm/mixin/injection/callback/CallbackInfo;Ljava/util/List;)V has 0 override(s) in child classes
[11dic2025 14:06:15.302] [pool-13-thread-1/DEBUG] [mixin/]: architectury-common.mixins.json:MixinLightningBolt from mod architectury->@Inject::handleLightning(Lorg/spongepowered/asm/mixin/injection/callback/CallbackInfo;Ljava/util/List;)V won't be passed a CallbackInfo as a result
[11dic2025 14:06:15.422] [pool-13-thread-1/DEBUG] [mixin/]: Mixing IngredientMixin from kubejs.mixins.json into net.minecraft.world.item.crafting.Ingredient
[11dic2025 14:06:15.430] [pool-13-thread-1/DEBUG] [mixin/]: Mixing inject.MixinFoodPropertiesBuilder from architectury-common.mixins.json into net.minecraft.world.food.FoodProperties$Builder
[11dic2025 14:06:15.430] [pool-13-thread-1/DEBUG] [mixin/]: architectury-common.mixins.json:inject.MixinFoodPropertiesBuilder from mod architectury: Class version 65 required is higher than the class version supported by the current version of Mixin (JAVA_16 supports class version 60)
[11dic2025 14:06:15.817] [pool-13-thread-1/DEBUG] [mixin/]: Mixing MenuTypeMixin from kubejs.mixins.json into net.minecraft.world.inventory.MenuType
[11dic2025 14:06:15.819] [pool-13-thread-1/DEBUG] [mixin/]: Mixing MixinInventory from architectury.mixins.json into net.minecraft.world.entity.player.Inventory
[11dic2025 14:06:15.819] [pool-13-thread-1/DEBUG] [mixin/]: architectury.mixins.json:MixinInventory from mod architectury: Class version 65 required is higher than the class version supported by the current version of Mixin (JAVA_16 supports class version 60)
[11dic2025 14:06:15.820] [pool-13-thread-1/DEBUG] [mixin/]: architectury.mixins.json:MixinInventory from mod architectury->@Inject::updateItems(Lorg/spongepowered/asm/mixin/injection/callback/CallbackInfo;)V doesn't use it's CallbackInfo
[11dic2025 14:06:15.820] [pool-13-thread-1/DEBUG] [mixin/]: architectury.mixins.json:MixinInventory from mod architectury->@Inject::updateItems(Lorg/spongepowered/asm/mixin/injection/callback/CallbackInfo;)V has 0 override(s) in child classes
[11dic2025 14:06:15.820] [pool-13-thread-1/DEBUG] [mixin/]: architectury.mixins.json:MixinInventory from mod architectury->@Inject::updateItems(Lorg/spongepowered/asm/mixin/injection/callback/CallbackInfo;)V won't be passed a CallbackInfo as a result
[11dic2025 14:06:15.823] [pool-13-thread-1/DEBUG] [mixin/]: Mixing ui.SlotAccessor from owo.mixins.json into net.minecraft.world.inventory.Slot
[11dic2025 14:06:15.823] [pool-13-thread-1/DEBUG] [mixin/]: owo.mixins.json:ui.SlotAccessor from mod owo: Class version 65 required is higher than the class version supported by the current version of Mixin (JAVA_16 supports class version 60)
[11dic2025 14:06:15.823] [pool-13-thread-1/DEBUG] [mixin/]: Mixing ui.SlotMixin from owo.mixins.json into net.minecraft.world.inventory.Slot
[11dic2025 14:06:15.823] [pool-13-thread-1/DEBUG] [mixin/]: owo.mixins.json:ui.SlotMixin from mod owo: Class version 65 required is higher than the class version supported by the current version of Mixin (JAVA_16 supports class version 60)
[11dic2025 14:06:15.824] [pool-13-thread-1/DEBUG] [mixin/]: owo.mixins.json:ui.SlotMixin from mod owo->@Inject::injectOverride(Lorg/spongepowered/asm/mixin/injection/callback/CallbackInfoReturnable;)V does use it's CallbackInfoReturnable
[11dic2025 14:06:15.826] [pool-13-thread-1/DEBUG] [mixin/]: Mixing recipe_remainders.CraftingResultSlotMixin from owo.mixins.json into net.minecraft.world.inventory.ResultSlot
[11dic2025 14:06:15.826] [pool-13-thread-1/DEBUG] [mixin/]: owo.mixins.json:recipe_remainders.CraftingResultSlotMixin from mod owo: Class version 65 required is higher than the class version supported by the current version of Mixin (JAVA_16 supports class version 60)
[11dic2025 14:06:15.827] [pool-13-thread-1/DEBUG] [mixin/]: owo.mixins.json:recipe_remainders.CraftingResultSlotMixin from mod owo->@Inject::fixRemainderStacking(Lnet/minecraft/world/entity/player/Player;Lnet/minecraft/world/item/ItemStack;Lorg/spongepowered/asm/mixin/injection/callback/CallbackInfo;Lnet/minecraft/world/item/crafting/CraftingInput$Positioned;Lnet/minecraft/world/item/crafting/CraftingInput;IILnet/minecraft/core/NonNullList;IIILnet/minecraft/world/item/ItemStack;Lnet/minecraft/world/item/ItemStack;)V doesn't use it's CallbackInfo
[11dic2025 14:06:15.827] [pool-13-thread-1/DEBUG] [mixin/]: owo.mixins.json:recipe_remainders.CraftingResultSlotMixin from mod owo->@Inject::fixRemainderStacking(Lnet/minecraft/world/entity/player/Player;Lnet/minecraft/world/item/ItemStack;Lorg/spongepowered/asm/mixin/injection/callback/CallbackInfo;Lnet/minecraft/world/item/crafting/CraftingInput$Positioned;Lnet/minecraft/world/item/crafting/CraftingInput;IILnet/minecraft/core/NonNullList;IIILnet/minecraft/world/item/ItemStack;Lnet/minecraft/world/item/ItemStack;)V has 0 override(s) in child classes
[11dic2025 14:06:15.827] [pool-13-thread-1/DEBUG] [mixin/]: owo.mixins.json:recipe_remainders.CraftingResultSlotMixin from mod owo->@Inject::fixRemainderStacking(Lnet/minecraft/world/entity/player/Player;Lnet/minecraft/world/item/ItemStack;Lorg/spongepowered/asm/mixin/injection/callback/CallbackInfo;Lnet/minecraft/world/item/crafting/CraftingInput$Positioned;Lnet/minecraft/world/item/crafting/CraftingInput;IILnet/minecraft/core/NonNullList;IIILnet/minecraft/world/item/ItemStack;Lnet/minecraft/world/item/ItemStack;)V won't be passed a CallbackInfo as a result
[11dic2025 14:06:15.892] [pool-13-thread-1/DEBUG] [mixin/]: Mixing SetComponentsLootFunctionAccessor from owo.mixins.json into net.minecraft.world.level.storage.loot.functions.SetComponentsFunction
[11dic2025 14:06:15.893] [pool-13-thread-1/DEBUG] [mixin/]: owo.mixins.json:SetComponentsLootFunctionAccessor from mod owo: Class version 65 required is higher than the class version supported by the current version of Mixin (JAVA_16 supports class version 60)
[11dic2025 14:06:15.893] [pool-13-thread-1/DEBUG] [mixin/]: Renaming @Invoker method createSetComponentsLootFunction(Ljava/util/List;Lnet/minecraft/core/component/DataComponentPatch;)Lnet/minecraft/world/level/storage/loot/functions/SetComponentsFunction; to createSetComponentsLootFunction$owo_$md$d29a09$0 in owo.mixins.json:SetComponentsLootFunctionAccessor from mod owo
[11dic2025 14:06:15.925] [pool-13-thread-1/DEBUG] [mixin/]: Mixing RegistryOpsAccessor from owo.mixins.json into net.minecraft.resources.RegistryOps
[11dic2025 14:06:15.925] [pool-13-thread-1/DEBUG] [mixin/]: owo.mixins.json:RegistryOpsAccessor from mod owo: Class version 65 required is higher than the class version supported by the current version of Mixin (JAVA_16 supports class version 60)
[11dic2025 14:06:15.926] [pool-13-thread-1/DEBUG] [mixin/]: Mixing ForwardingDynamicOpsAccessor from owo.mixins.json into net.minecraft.resources.DelegatingOps
[11dic2025 14:06:15.926] [pool-13-thread-1/DEBUG] [mixin/]: owo.mixins.json:ForwardingDynamicOpsAccessor from mod owo: Class version 65 required is higher than the class version supported by the current version of Mixin (JAVA_16 supports class version 60)
[11dic2025 14:06:15.969] [pool-13-thread-1/DEBUG] [mixin/]: Mixing Copenhagen from owo.mixins.json into net.minecraft.world.level.levelgen.feature.OreFeature
[11dic2025 14:06:15.970] [pool-13-thread-1/DEBUG] [mixin/]: owo.mixins.json:Copenhagen from mod owo: Class version 65 required is higher than the class version supported by the current version of Mixin (JAVA_16 supports class version 60)
[11dic2025 14:06:15.970] [pool-13-thread-1/DEBUG] [mixin/]: Renaming synthetic method lambda$coping$0(Lnet/minecraft/world/level/WorldGenLevel;Lnet/minecraft/core/BlockPos;Lnet/minecraft/world/level/block/state/BlockState;)V to mdd29a09$owo$lambda$coping$0$0 in owo.mixins.json:Copenhagen from mod owo
[11dic2025 14:06:15.983] [pool-13-thread-1/DEBUG] [mixin/]: owo.mixins.json:Copenhagen from mod owo->@Inject::malding(Lnet/minecraft/world/level/WorldGenLevel;Lnet/minecraft/util/RandomSource;Lnet/minecraft/world/level/levelgen/feature/configurations/OreConfiguration;DDDDDDIIIIILorg/spongepowered/asm/mixin/injection/callback/CallbackInfoReturnable;ILjava/util/BitSet;Lnet/minecraft/core/BlockPos$MutableBlockPos;I[DLnet/minecraft/world/level/chunk/BulkSectionAccess;IDDDDIIIIIIIDIDIDILnet/minecraft/world/level/chunk/LevelChunkSection;IIILnet/minecraft/world/level/block/state/BlockState;Ljava/util/Iterator;Lnet/minecraft/world/level/levelgen/feature/configurations/OreConfiguration$TargetBlockState;)V doesn't use it's CallbackInfoReturnable
[11dic2025 14:06:15.983] [pool-13-thread-1/DEBUG] [mixin/]: owo.mixins.json:Copenhagen from mod owo->@Inject::malding(Lnet/minecraft/world/level/WorldGenLevel;Lnet/minecraft/util/RandomSource;Lnet/minecraft/world/level/levelgen/feature/configurations/OreConfiguration;DDDDDDIIIIILorg/spongepowered/asm/mixin/injection/callback/CallbackInfoReturnable;ILjava/util/BitSet;Lnet/minecraft/core/BlockPos$MutableBlockPos;I[DLnet/minecraft/world/level/chunk/BulkSectionAccess;IDDDDIIIIIIIDIDIDILnet/minecraft/world/level/chunk/LevelChunkSection;IIILnet/minecraft/world/level/block/state/BlockState;Ljava/util/Iterator;Lnet/minecraft/world/level/levelgen/feature/configurations/OreConfiguration$TargetBlockState;)V has 0 override(s) in child classes
[11dic2025 14:06:15.983] [pool-13-thread-1/DEBUG] [mixin/]: owo.mixins.json:Copenhagen from mod owo->@Inject::malding(Lnet/minecraft/world/level/WorldGenLevel;Lnet/minecraft/util/RandomSource;Lnet/minecraft/world/level/levelgen/feature/configurations/OreConfiguration;DDDDDDIIIIILorg/spongepowered/asm/mixin/injection/callback/CallbackInfoReturnable;ILjava/util/BitSet;Lnet/minecraft/core/BlockPos$MutableBlockPos;I[DLnet/minecraft/world/level/chunk/BulkSectionAccess;IDDDDIIIIIIIDIDIDILnet/minecraft/world/level/chunk/LevelChunkSection;IIILnet/minecraft/world/level/block/state/BlockState;Ljava/util/Iterator;Lnet/minecraft/world/level/levelgen/feature/configurations/OreConfiguration$TargetBlockState;)V won't be passed a CallbackInfoReturnable as a result
[11dic2025 14:06:15.983] [pool-13-thread-1/DEBUG] [mixin/]: owo.mixins.json:Copenhagen from mod owo->@Inject::coping(Lnet/minecraft/world/level/WorldGenLevel;Lnet/minecraft/util/RandomSource;Lnet/minecraft/world/level/levelgen/feature/configurations/OreConfiguration;DDDDDDIIIIILorg/spongepowered/asm/mixin/injection/callback/CallbackInfoReturnable;)V doesn't use it's CallbackInfoReturnable
[11dic2025 14:06:15.983] [pool-13-thread-1/DEBUG] [mixin/]: owo.mixins.json:Copenhagen from mod owo->@Inject::coping(Lnet/minecraft/world/level/WorldGenLevel;Lnet/minecraft/util/RandomSource;Lnet/minecraft/world/level/levelgen/feature/configurations/OreConfiguration;DDDDDDIIIIILorg/spongepowered/asm/mixin/injection/callback/CallbackInfoReturnable;)V has 0 override(s) in child classes
[11dic2025 14:06:15.983] [pool-13-thread-1/DEBUG] [mixin/]: owo.mixins.json:Copenhagen from mod owo->@Inject::coping(Lnet/minecraft/world/level/WorldGenLevel;Lnet/minecraft/util/RandomSource;Lnet/minecraft/world/level/levelgen/feature/configurations/OreConfiguration;DDDDDDIIIIILorg/spongepowered/asm/mixin/injection/callback/CallbackInfoReturnable;)V won't be passed a CallbackInfoReturnable as a result
[11dic2025 14:06:16.210] [pool-13-thread-1/DEBUG] [mixin/]: Mixing ClickEventMixin from kubejs.mixins.json into net.minecraft.network.chat.ClickEvent
[11dic2025 14:06:16.244] [pool-13-thread-1/DEBUG] [mixin/]: Mixing DamageSourceMixin from kubejs.mixins.json into net.minecraft.world.damagesource.DamageSource
[11dic2025 14:06:16.260] [pool-13-thread-1/DEBUG] [mixin/]: Mixing text.LanguageMixin from owo.mixins.json into net.minecraft.locale.Language
[11dic2025 14:06:16.261] [pool-13-thread-1/DEBUG] [mixin/]: owo.mixins.json:text.LanguageMixin from mod owo: Class version 65 required is higher than the class version supported by the current version of Mixin (JAVA_16 supports class version 60)
[11dic2025 14:06:16.283] [pool-13-thread-1/DEBUG] [net.neoforged.neoforge.registries.GameData/REGISTRIES]: Creating vanilla freeze snapshot
[11dic2025 14:06:16.314] [pool-13-thread-1/DEBUG] [net.neoforged.neoforge.registries.GameData/REGISTRIES]: Vanilla freeze snapshot created
[11dic2025 14:06:16.321] [main/DEBUG] [mixin/]: Mixing GameRulesMixin from kubejs.mixins.json into net.minecraft.world.level.GameRules
[11dic2025 14:06:16.326] [main/DEBUG] [mixin/]: Mixing MinecraftServerMixin from kubejs.mixins.json into net.minecraft.server.MinecraftServer
[11dic2025 14:06:16.327] [main/DEBUG] [mixin/]: Renaming synthetic method lambda$kjs$endResourceReload$1()V to mdd29a09$kubejs$lambda$kjs$endResourceReload$1$0 in kubejs.mixins.json:MinecraftServerMixin from mod kubejs
[11dic2025 14:06:16.327] [main/DEBUG] [mixin/]: Renaming synthetic method lambda$kjs$init$0()V to mdd29a09$kubejs$lambda$kjs$init$0$1 in kubejs.mixins.json:MinecraftServerMixin from mod kubejs
[11dic2025 14:06:16.332] [main/DEBUG] [mixin/]: kubejs.mixins.json:MinecraftServerMixin from mod kubejs->@Inject::kjs$init(Lorg/spongepowered/asm/mixin/injection/callback/CallbackInfo;)V doesn't use it's CallbackInfo
[11dic2025 14:06:16.332] [main/DEBUG] [mixin/]: kubejs.mixins.json:MinecraftServerMixin from mod kubejs->@Inject::kjs$init(Lorg/spongepowered/asm/mixin/injection/callback/CallbackInfo;)V has 0 override(s) in child classes
[11dic2025 14:06:16.332] [main/DEBUG] [mixin/]: kubejs.mixins.json:MinecraftServerMixin from mod kubejs->@Inject::kjs$init(Lorg/spongepowered/asm/mixin/injection/callback/CallbackInfo;)V won't be passed a CallbackInfo as a result
[11dic2025 14:06:16.332] [main/DEBUG] [mixin/]: kubejs.mixins.json:MinecraftServerMixin from mod kubejs->@Inject::kjs$postTickServer(Ljava/util/function/BooleanSupplier;Lorg/spongepowered/asm/mixin/injection/callback/CallbackInfo;)V doesn't use it's CallbackInfo
[11dic2025 14:06:16.332] [main/DEBUG] [mixin/]: kubejs.mixins.json:MinecraftServerMixin from mod kubejs->@Inject::kjs$postTickServer(Ljava/util/function/BooleanSupplier;Lorg/spongepowered/asm/mixin/injection/callback/CallbackInfo;)V has 0 override(s) in child classes
[11dic2025 14:06:16.332] [main/DEBUG] [mixin/]: kubejs.mixins.json:MinecraftServerMixin from mod kubejs->@Inject::kjs$postTickServer(Ljava/util/function/BooleanSupplier;Lorg/spongepowered/asm/mixin/injection/callback/CallbackInfo;)V won't be passed a CallbackInfo as a result
[11dic2025 14:06:16.332] [main/DEBUG] [mixin/]: kubejs.mixins.json:MinecraftServerMixin from mod kubejs->@Inject::kjs$endResourceReload(Ljava/util/Collection;Lorg/spongepowered/asm/mixin/injection/callback/CallbackInfoReturnable;)V doesn't use it's CallbackInfoReturnable
[11dic2025 14:06:16.332] [main/DEBUG] [mixin/]: kubejs.mixins.json:MinecraftServerMixin from mod kubejs->@Inject::kjs$endResourceReload(Ljava/util/Collection;Lorg/spongepowered/asm/mixin/injection/callback/CallbackInfoReturnable;)V has 0 override(s) in child classes
[11dic2025 14:06:16.332] [main/DEBUG] [mixin/]: kubejs.mixins.json:MinecraftServerMixin from mod kubejs->@Inject::kjs$endResourceReload(Ljava/util/Collection;Lorg/spongepowered/asm/mixin/injection/callback/CallbackInfoReturnable;)V won't be passed a CallbackInfoReturnable as a result
[11dic2025 14:06:16.358] [main/DEBUG] [mixin/]: Mixing MixinLevelEvent from architectury.mixins.json into net.neoforged.neoforge.event.level.LevelEvent
[11dic2025 14:06:16.358] [main/DEBUG] [mixin/]: architectury.mixins.json:MixinLevelEvent from mod architectury: Class version 65 required is higher than the class version supported by the current version of Mixin (JAVA_16 supports class version 60)
[11dic2025 14:06:16.556] [main/DEBUG] [mixin/]: Mixing CommandSourceStackMixin from kubejs.mixins.json into net.minecraft.commands.CommandSourceStack
[11dic2025 14:06:16.556] [main/DEBUG] [mixin/]: Renaming synthetic method lambda$kjs$sendSuccess$0(Lnet/minecraft/network/chat/Component;)Lnet/minecraft/network/chat/Component; to mdd29a09$kubejs$lambda$kjs$sendSuccess$0$0 in kubejs.mixins.json:CommandSourceStackMixin from mod kubejs
[11dic2025 14:06:16.557] [main/DEBUG] [mixin/]: Mixing client.MixinCommandSourceStack from architectury.mixins.json into net.minecraft.commands.CommandSourceStack
[11dic2025 14:06:16.557] [main/DEBUG] [mixin/]: architectury.mixins.json:client.MixinCommandSourceStack from mod architectury: Class version 65 required is higher than the class version supported by the current version of Mixin (JAVA_16 supports class version 60)
[11dic2025 14:06:16.578] [main/DEBUG] [mixin/]: Mixing CachedRegistryInfoGetterAccessor from owo.mixins.json into net.minecraft.resources.RegistryOps$HolderLookupAdapter
[11dic2025 14:06:16.578] [main/DEBUG] [mixin/]: owo.mixins.json:CachedRegistryInfoGetterAccessor from mod owo: Class version 65 required is higher than the class version supported by the current version of Mixin (JAVA_16 supports class version 60)
[11dic2025 14:06:16.717] [main/WARN] [net.minecraft.commands.Commands/]: Ambiguity between arguments [teleport, location] and [teleport, destination] with inputs: [0.1 -0.5 .9, 0 0 0]
[11dic2025 14:06:16.718] [main/WARN] [net.minecraft.commands.Commands/]: Ambiguity between arguments [teleport, location] and [teleport, targets] with inputs: [0.1 -0.5 .9, 0 0 0]
[11dic2025 14:06:16.721] [main/WARN] [net.minecraft.commands.Commands/]: Ambiguity between arguments [teleport, destination] and [teleport, targets] with inputs: [Player, 0123, @e, dd12be42-52a9-4a91-a8a1-11c01849e498]
[11dic2025 14:06:16.722] [main/WARN] [net.minecraft.commands.Commands/]: Ambiguity between arguments [teleport, targets] and [teleport, destination] with inputs: [Player, 0123, dd12be42-52a9-4a91-a8a1-11c01849e498]
[11dic2025 14:06:16.723] [main/WARN] [net.minecraft.commands.Commands/]: Ambiguity between arguments [teleport, targets, location] and [teleport, targets, destination] with inputs: [0.1 -0.5 .9, 0 0 0]
[11dic2025 14:06:16.731] [Render thread/DEBUG] [mixin/]: Mixing ui.RenderSystemMixin from owo.mixins.json into com.mojang.blaze3d.systems.RenderSystem
[11dic2025 14:06:16.731] [Render thread/DEBUG] [mixin/]: owo.mixins.json:ui.RenderSystemMixin from mod owo: Class version 65 required is higher than the class version supported by the current version of Mixin (JAVA_16 supports class version 60)
[11dic2025 14:06:16.733] [Render thread/DEBUG] [mixin/]: owo.mixins.json:ui.RenderSystemMixin from mod owo->@Inject::pushScissors(IIIILorg/spongepowered/asm/mixin/injection/callback/CallbackInfo;)V does use it's CallbackInfo
[11dic2025 14:06:16.733] [Render thread/DEBUG] [mixin/]: owo.mixins.json:ui.RenderSystemMixin from mod owo->@Inject::popScissors(Lorg/spongepowered/asm/mixin/injection/callback/CallbackInfo;)V does use it's CallbackInfo
[11dic2025 14:06:16.735] [Render thread/DEBUG] [mixin/]: Mixing ui.TessellatorMixin from owo.mixins.json into com.mojang.blaze3d.vertex.Tesselator
[11dic2025 14:06:16.736] [Render thread/DEBUG] [mixin/]: owo.mixins.json:ui.TessellatorMixin from mod owo: Class version 65 required is higher than the class version supported by the current version of Mixin (JAVA_16 supports class version 60)
[11dic2025 14:06:16.737] [Render thread/DEBUG] [mixin/]: owo.mixins.json:ui.TessellatorMixin from mod owo->@Inject::skipBegin(Lcom/mojang/blaze3d/vertex/VertexFormat$Mode;Lcom/mojang/blaze3d/vertex/VertexFormat;Lorg/spongepowered/asm/mixin/injection/callback/CallbackInfoReturnable;)V does use it's CallbackInfoReturnable
[11dic2025 14:06:16.742] [Render thread/DEBUG] [mixin/]: Mixing LocalPlayerMixin from kubejs.mixins.json into net.minecraft.client.player.LocalPlayer
[11dic2025 14:06:16.746] [Render thread/DEBUG] [mixin/]: Mixing AbstractClientPlayerMixin from kubejs.mixins.json into net.minecraft.client.player.AbstractClientPlayer
[11dic2025 14:06:16.749] [Render thread/DEBUG] [mixin/]: Mixing ScreenMixin from fabric-screen-api-v1.mixins.json into net.minecraft.client.gui.screens.Screen
[11dic2025 14:06:16.749] [Render thread/DEBUG] [mixin/]: fabric-screen-api-v1.mixins.json:ScreenMixin from mod fabric_screen_api_v1: Class version 65 required is higher than the class version supported by the current version of Mixin (JAVA_17 supports class version 61)
[11dic2025 14:06:16.751] [Render thread/DEBUG] [mixin/]: Mixing ScreenAccessor from owo.mixins.json into net.minecraft.client.gui.screens.Screen
[11dic2025 14:06:16.752] [Render thread/DEBUG] [mixin/]: owo.mixins.json:ScreenAccessor from mod owo: Class version 65 required is higher than the class version supported by the current version of Mixin (JAVA_16 supports class version 60)
[11dic2025 14:06:16.752] [Render thread/DEBUG] [mixin/]: Renaming @Accessor method owo$PANORAMA_RENDERER()Lnet/minecraft/client/renderer/CubeMap; to PANORAMA_RENDERER$owo_$md$d29a09$0 in owo.mixins.json:ScreenAccessor from mod owo
[11dic2025 14:06:16.752] [Render thread/DEBUG] [mixin/]: Renaming @Accessor method owo$ROTATING_PANORAMA_RENDERER()Lnet/minecraft/client/renderer/PanoramaRenderer; to ROTATING_PANORAMA_RENDERER$owo_$md$d29a09$1 in owo.mixins.json:ScreenAccessor from mod owo
[11dic2025 14:06:16.752] [Render thread/DEBUG] [mixin/]: Mixing ui.ScreenMixin from owo.mixins.json into net.minecraft.client.gui.screens.Screen
[11dic2025 14:06:16.752] [Render thread/DEBUG] [mixin/]: owo.mixins.json:ui.ScreenMixin from mod owo: Class version 65 required is higher than the class version supported by the current version of Mixin (JAVA_16 supports class version 60)
[11dic2025 14:06:16.752] [Render thread/DEBUG] [mixin/]: Mixing ScreenMixin from kubejs.mixins.json into net.minecraft.client.gui.screens.Screen
[11dic2025 14:06:16.752] [Render thread/DEBUG] [mixin/]: Mixing ScreenAccessor from fabric-screen-api-v1.mixins.json into net.minecraft.client.gui.screens.Screen
[11dic2025 14:06:16.752] [Render thread/DEBUG] [mixin/]: fabric-screen-api-v1.mixins.json:ScreenAccessor from mod fabric_screen_api_v1: Class version 65 required is higher than the class version supported by the current version of Mixin (JAVA_17 supports class version 61)
[11dic2025 14:06:16.752] [Render thread/DEBUG] [mixin/]: Mixing ui.layers.ScreenMixin from owo.mixins.json into net.minecraft.client.gui.screens.Screen
[11dic2025 14:06:16.752] [Render thread/DEBUG] [mixin/]: owo.mixins.json:ui.layers.ScreenMixin from mod owo: Class version 65 required is higher than the class version supported by the current version of Mixin (JAVA_16 supports class version 60)
[11dic2025 14:06:16.758] [Render thread/DEBUG] [mixin/]: fabric-screen-api-v1.mixins.json:ScreenMixin from mod fabric_screen_api_v1->@Inject::beforeInitScreen(Lnet/minecraft/client/Minecraft;IILorg/spongepowered/asm/mixin/injection/callback/CallbackInfo;)V doesn't use it's CallbackInfo
[11dic2025 14:06:16.758] [Render thread/DEBUG] [mixin/]: fabric-screen-api-v1.mixins.json:ScreenMixin from mod fabric_screen_api_v1->@Inject::beforeInitScreen(Lnet/minecraft/client/Minecraft;IILorg/spongepowered/asm/mixin/injection/callback/CallbackInfo;)V has 0 override(s) in child classes
[11dic2025 14:06:16.758] [Render thread/DEBUG] [mixin/]: fabric-screen-api-v1.mixins.json:ScreenMixin from mod fabric_screen_api_v1->@Inject::beforeInitScreen(Lnet/minecraft/client/Minecraft;IILorg/spongepowered/asm/mixin/injection/callback/CallbackInfo;)V won't be passed a CallbackInfo as a result
[11dic2025 14:06:16.758] [Render thread/DEBUG] [mixin/]: fabric-screen-api-v1.mixins.json:ScreenMixin from mod fabric_screen_api_v1->@Inject::afterInitScreen(Lnet/minecraft/client/Minecraft;IILorg/spongepowered/asm/mixin/injection/callback/CallbackInfo;)V doesn't use it's CallbackInfo
[11dic2025 14:06:16.758] [Render thread/DEBUG] [mixin/]: fabric-screen-api-v1.mixins.json:ScreenMixin from mod fabric_screen_api_v1->@Inject::afterInitScreen(Lnet/minecraft/client/Minecraft;IILorg/spongepowered/asm/mixin/injection/callback/CallbackInfo;)V has 0 override(s) in child classes
[11dic2025 14:06:16.758] [Render thread/DEBUG] [mixin/]: fabric-screen-api-v1.mixins.json:ScreenMixin from mod fabric_screen_api_v1->@Inject::afterInitScreen(Lnet/minecraft/client/Minecraft;IILorg/spongepowered/asm/mixin/injection/callback/CallbackInfo;)V won't be passed a CallbackInfo as a result
[11dic2025 14:06:16.759] [Render thread/DEBUG] [mixin/]: fabric-screen-api-v1.mixins.json:ScreenMixin from mod fabric_screen_api_v1->@Inject::beforeResizeScreen(Lnet/minecraft/client/Minecraft;IILorg/spongepowered/asm/mixin/injection/callback/CallbackInfo;)V doesn't use it's CallbackInfo
[11dic2025 14:06:16.759] [Render thread/DEBUG] [mixin/]: fabric-screen-api-v1.mixins.json:ScreenMixin from mod fabric_screen_api_v1->@Inject::beforeResizeScreen(Lnet/minecraft/client/Minecraft;IILorg/spongepowered/asm/mixin/injection/callback/CallbackInfo;)V has 0 override(s) in child classes
[11dic2025 14:06:16.759] [Render thread/DEBUG] [mixin/]: fabric-screen-api-v1.mixins.json:ScreenMixin from mod fabric_screen_api_v1->@Inject::beforeResizeScreen(Lnet/minecraft/client/Minecraft;IILorg/spongepowered/asm/mixin/injection/callback/CallbackInfo;)V won't be passed a CallbackInfo as a result
[11dic2025 14:06:16.759] [Render thread/DEBUG] [mixin/]: fabric-screen-api-v1.mixins.json:ScreenMixin from mod fabric_screen_api_v1->@Inject::afterResizeScreen(Lnet/minecraft/client/Minecraft;IILorg/spongepowered/asm/mixin/injection/callback/CallbackInfo;)V doesn't use it's CallbackInfo
[11dic2025 14:06:16.759] [Render thread/DEBUG] [mixin/]: fabric-screen-api-v1.mixins.json:ScreenMixin from mod fabric_screen_api_v1->@Inject::afterResizeScreen(Lnet/minecraft/client/Minecraft;IILorg/spongepowered/asm/mixin/injection/callback/CallbackInfo;)V has 0 override(s) in child classes
[11dic2025 14:06:16.759] [Render thread/DEBUG] [mixin/]: fabric-screen-api-v1.mixins.json:ScreenMixin from mod fabric_screen_api_v1->@Inject::afterResizeScreen(Lnet/minecraft/client/Minecraft;IILorg/spongepowered/asm/mixin/injection/callback/CallbackInfo;)V won't be passed a CallbackInfo as a result
[11dic2025 14:06:16.766] [Render thread/DEBUG] [mixin/]: Mixing ui.ChatScreenMixin from owo.mixins.json into net.minecraft.client.gui.screens.ChatScreen
[11dic2025 14:06:16.766] [Render thread/DEBUG] [mixin/]: owo.mixins.json:ui.ChatScreenMixin from mod owo: Class version 65 required is higher than the class version supported by the current version of Mixin (JAVA_16 supports class version 60)
[11dic2025 14:06:16.767] [Render thread/DEBUG] [mixin/]: owo.mixins.json:ui.ChatScreenMixin from mod owo->@Inject::cancelClose(IIILorg/spongepowered/asm/mixin/injection/callback/CallbackInfoReturnable;)V does use it's CallbackInfoReturnable
[11dic2025 14:06:16.767] [Render thread/DEBUG] [mixin/]: owo.mixins.json:ui.ChatScreenMixin from mod owo->@Inject::cancelClose(IIILorg/spongepowered/asm/mixin/injection/callback/CallbackInfoReturnable;)V does use it's CallbackInfoReturnable
[11dic2025 14:06:16.768] [Render thread/DEBUG] [mixin/]: Mixing ClientLevelMixin from kubejs.mixins.json into net.minecraft.client.multiplayer.ClientLevel
[11dic2025 14:06:16.769] [Render thread/DEBUG] [mixin/]: Mixing MixinClientLevel from architectury.mixins.json into net.minecraft.client.multiplayer.ClientLevel
[11dic2025 14:06:16.769] [Render thread/DEBUG] [mixin/]: architectury.mixins.json:MixinClientLevel from mod architectury: Class version 65 required is higher than the class version supported by the current version of Mixin (JAVA_16 supports class version 60)
[11dic2025 14:06:16.770] [Render thread/DEBUG] [mixin/]: architectury.mixins.json:MixinClientLevel from mod architectury->@Inject::tickEntities(Lorg/spongepowered/asm/mixin/injection/callback/CallbackInfo;)V doesn't use it's CallbackInfo
[11dic2025 14:06:16.771] [Render thread/DEBUG] [mixin/]: architectury.mixins.json:MixinClientLevel from mod architectury->@Inject::tickEntities(Lorg/spongepowered/asm/mixin/injection/callback/CallbackInfo;)V has 0 override(s) in child classes
[11dic2025 14:06:16.771] [Render thread/DEBUG] [mixin/]: architectury.mixins.json:MixinClientLevel from mod architectury->@Inject::tickEntities(Lorg/spongepowered/asm/mixin/injection/callback/CallbackInfo;)V won't be passed a CallbackInfo as a result
[11dic2025 14:06:16.771] [Render thread/DEBUG] [mixin/]: architectury.mixins.json:MixinClientLevel from mod architectury->@Inject::tickEntitiesPost(Lorg/spongepowered/asm/mixin/injection/callback/CallbackInfo;)V doesn't use it's CallbackInfo
[11dic2025 14:06:16.771] [Render thread/DEBUG] [mixin/]: architectury.mixins.json:MixinClientLevel from mod architectury->@Inject::tickEntitiesPost(Lorg/spongepowered/asm/mixin/injection/callback/CallbackInfo;)V has 0 override(s) in child classes
[11dic2025 14:06:16.771] [Render thread/DEBUG] [mixin/]: architectury.mixins.json:MixinClientLevel from mod architectury->@Inject::tickEntitiesPost(Lorg/spongepowered/asm/mixin/injection/callback/CallbackInfo;)V won't be passed a CallbackInfo as a result
[11dic2025 14:06:16.779] [Render thread/DEBUG] [mixin/]: Mixing itemgroup.AbstractInventoryScreenMixin from owo.mixins.json into net.minecraft.client.gui.screens.inventory.EffectRenderingInventoryScreen
[11dic2025 14:06:16.779] [Render thread/DEBUG] [mixin/]: owo.mixins.json:itemgroup.AbstractInventoryScreenMixin from mod owo: Class version 65 required is higher than the class version supported by the current version of Mixin (JAVA_16 supports class version 60)
[11dic2025 14:06:16.781] [Render thread/DEBUG] [mixin/]: Mixing ui.HandledScreenMixin from owo.mixins.json into net.minecraft.client.gui.screens.inventory.AbstractContainerScreen
[11dic2025 14:06:16.782] [Render thread/DEBUG] [mixin/]: owo.mixins.json:ui.HandledScreenMixin from mod owo: Class version 65 required is higher than the class version supported by the current version of Mixin (JAVA_16 supports class version 60)
[11dic2025 14:06:16.783] [Render thread/DEBUG] [mixin/]: Mixing ui.layers.HandledScreenAccessor from owo.mixins.json into net.minecraft.client.gui.screens.inventory.AbstractContainerScreen
[11dic2025 14:06:16.783] [Render thread/DEBUG] [mixin/]: owo.mixins.json:ui.layers.HandledScreenAccessor from mod owo: Class version 65 required is higher than the class version supported by the current version of Mixin (JAVA_16 supports class version 60)
[11dic2025 14:06:16.785] [Render thread/DEBUG] [mixin/]: owo.mixins.json:ui.HandledScreenMixin from mod owo->@Inject::captureOwoState(Lnet/minecraft/client/gui/GuiGraphics;IIFLorg/spongepowered/asm/mixin/injection/callback/CallbackInfo;)V doesn't use it's CallbackInfo
[11dic2025 14:06:16.785] [Render thread/DEBUG] [mixin/]: owo.mixins.json:ui.HandledScreenMixin from mod owo->@Inject::captureOwoState(Lnet/minecraft/client/gui/GuiGraphics;IIFLorg/spongepowered/asm/mixin/injection/callback/CallbackInfo;)V has 0 override(s) in child classes
[11dic2025 14:06:16.786] [Render thread/DEBUG] [mixin/]: owo.mixins.json:ui.HandledScreenMixin from mod owo->@Inject::captureOwoState(Lnet/minecraft/client/gui/GuiGraphics;IIFLorg/spongepowered/asm/mixin/injection/callback/CallbackInfo;)V won't be passed a CallbackInfo as a result
[11dic2025 14:06:16.786] [Render thread/DEBUG] [mixin/]: owo.mixins.json:ui.HandledScreenMixin from mod owo->@Inject::resetOwoState(Lnet/minecraft/client/gui/GuiGraphics;IIFLorg/spongepowered/asm/mixin/injection/callback/CallbackInfo;)V doesn't use it's CallbackInfo
[11dic2025 14:06:16.786] [Render thread/DEBUG] [mixin/]: owo.mixins.json:ui.HandledScreenMixin from mod owo->@Inject::resetOwoState(Lnet/minecraft/client/gui/GuiGraphics;IIFLorg/spongepowered/asm/mixin/injection/callback/CallbackInfo;)V has 0 override(s) in child classes
[11dic2025 14:06:16.786] [Render thread/DEBUG] [mixin/]: owo.mixins.json:ui.HandledScreenMixin from mod owo->@Inject::resetOwoState(Lnet/minecraft/client/gui/GuiGraphics;IIFLorg/spongepowered/asm/mixin/injection/callback/CallbackInfo;)V won't be passed a CallbackInfo as a result
[11dic2025 14:06:16.786] [Render thread/DEBUG] [mixin/]: owo.mixins.json:ui.HandledScreenMixin from mod owo->@Inject::injectSlotScissors(Lnet/minecraft/client/gui/GuiGraphics;Lnet/minecraft/world/inventory/Slot;Lorg/spongepowered/asm/mixin/injection/callback/CallbackInfo;)V doesn't use it's CallbackInfo
[11dic2025 14:06:16.786] [Render thread/DEBUG] [mixin/]: owo.mixins.json:ui.HandledScreenMixin from mod owo->@Inject::injectSlotScissors(Lnet/minecraft/client/gui/GuiGraphics;Lnet/minecraft/world/inventory/Slot;Lorg/spongepowered/asm/mixin/injection/callback/CallbackInfo;)V has 0 override(s) in child classes
[11dic2025 14:06:16.786] [Render thread/DEBUG] [mixin/]: owo.mixins.json:ui.HandledScreenMixin from mod owo->@Inject::injectSlotScissors(Lnet/minecraft/client/gui/GuiGraphics;Lnet/minecraft/world/inventory/Slot;Lorg/spongepowered/asm/mixin/injection/callback/CallbackInfo;)V won't be passed a CallbackInfo as a result
[11dic2025 14:06:16.786] [Render thread/DEBUG] [mixin/]: owo.mixins.json:ui.HandledScreenMixin from mod owo->@Inject::clearSlotScissors(Lnet/minecraft/client/gui/GuiGraphics;Lnet/minecraft/world/inventory/Slot;Lorg/spongepowered/asm/mixin/injection/callback/CallbackInfo;)V doesn't use it's CallbackInfo
[11dic2025 14:06:16.786] [Render thread/DEBUG] [mixin/]: owo.mixins.json:ui.HandledScreenMixin from mod owo->@Inject::clearSlotScissors(Lnet/minecraft/client/gui/GuiGraphics;Lnet/minecraft/world/inventory/Slot;Lorg/spongepowered/asm/mixin/injection/callback/CallbackInfo;)V has 0 override(s) in child classes
[11dic2025 14:06:16.786] [Render thread/DEBUG] [mixin/]: owo.mixins.json:ui.HandledScreenMixin from mod owo->@Inject::clearSlotScissors(Lnet/minecraft/client/gui/GuiGraphics;Lnet/minecraft/world/inventory/Slot;Lorg/spongepowered/asm/mixin/injection/callback/CallbackInfo;)V won't be passed a CallbackInfo as a result
[11dic2025 14:06:16.786] [Render thread/DEBUG] [mixin/]: owo.mixins.json:ui.HandledScreenMixin from mod owo->@Inject::clearSlotScissors(Lnet/minecraft/client/gui/GuiGraphics;Lnet/minecraft/world/inventory/Slot;Lorg/spongepowered/asm/mixin/injection/callback/CallbackInfo;)V doesn't use it's CallbackInfo
[11dic2025 14:06:16.786] [Render thread/DEBUG] [mixin/]: owo.mixins.json:ui.HandledScreenMixin from mod owo->@Inject::clearSlotScissors(Lnet/minecraft/client/gui/GuiGraphics;Lnet/minecraft/world/inventory/Slot;Lorg/spongepowered/asm/mixin/injection/callback/CallbackInfo;)V has 0 override(s) in child classes
[11dic2025 14:06:16.786] [Render thread/DEBUG] [mixin/]: owo.mixins.json:ui.HandledScreenMixin from mod owo->@Inject::clearSlotScissors(Lnet/minecraft/client/gui/GuiGraphics;Lnet/minecraft/world/inventory/Slot;Lorg/spongepowered/asm/mixin/injection/callback/CallbackInfo;)V won't be passed a CallbackInfo as a result
[11dic2025 14:06:16.786] [Render thread/DEBUG] [mixin/]: owo.mixins.json:ui.HandledScreenMixin from mod owo->@Inject::enableSlotDepth(Lnet/minecraft/client/gui/GuiGraphics;IIILorg/spongepowered/asm/mixin/injection/callback/CallbackInfo;)V doesn't use it's CallbackInfo
[11dic2025 14:06:16.786] [Render thread/DEBUG] [mixin/]: owo.mixins.json:ui.HandledScreenMixin from mod owo->@Inject::clearSlotDepth(Lnet/minecraft/client/gui/GuiGraphics;IIILorg/spongepowered/asm/mixin/injection/callback/CallbackInfo;)V doesn't use it's CallbackInfo
[11dic2025 14:06:16.786] [Render thread/DEBUG] [mixin/]: owo.mixins.json:ui.HandledScreenMixin from mod owo->@Inject::closeIt(IIILorg/spongepowered/asm/mixin/injection/callback/CallbackInfoReturnable;)V does use it's CallbackInfoReturnable
[11dic2025 14:06:16.791] [Render thread/DEBUG] [mixin/]: Mixing tweaks.OperatingSystemMixin from owo.mixins.json into net.minecraft.Util$OS
[11dic2025 14:06:16.791] [Render thread/DEBUG] [mixin/]: owo.mixins.json:tweaks.OperatingSystemMixin from mod owo: Class version 65 required is higher than the class version supported by the current version of Mixin (JAVA_16 supports class version 60)
[11dic2025 14:06:16.791] [Render thread/DEBUG] [mixin/]: Renaming synthetic method lambda$open$0(Ljava/net/URI;)V to mdd29a09$owo$lambda$open$0$0 in owo.mixins.json:tweaks.OperatingSystemMixin from mod owo
[11dic2025 14:06:16.829] [Render thread/WARN] [net.minecraft.server.packs.VanillaPackResourcesBuilder/]: Assets URL 'union:/Users/joshua.morotti/dev/personal/PipezRetriever/.gradle/repositories/ng_dummy_ng/net/neoforged/neoforge/21.1.194/neoforge-21.1.194.jar%23188!/assets/.mcassetsroot' uses unexpected schema
[11dic2025 14:06:16.829] [Render thread/WARN] [net.minecraft.server.packs.VanillaPackResourcesBuilder/]: Assets URL 'union:/Users/joshua.morotti/dev/personal/PipezRetriever/.gradle/repositories/ng_dummy_ng/net/neoforged/neoforge/21.1.194/neoforge-21.1.194.jar%23188!/data/.mcassetsroot' uses unexpected schema
[11dic2025 14:06:16.846] [Render thread/INFO] [com.mojang.authlib.yggdrasil.YggdrasilAuthenticationService/]: Environment: Environment[sessionHost=https://sessionserver.mojang.com, servicesHost=https://api.minecraftservices.com, name=PROD]
[11dic2025 14:06:16.853] [Render thread/INFO] [net.minecraft.client.Minecraft/]: Setting user: Dev
[11dic2025 14:06:16.856] [Render thread/DEBUG] [mixin/]: Mixing OptionsMixin from kubejs.mixins.json into net.minecraft.client.Options
[11dic2025 14:06:16.857] [Render thread/DEBUG] [mixin/]: kubejs.mixins.json:OptionsMixin from mod kubejs->@Inject::loadKJS(Lorg/spongepowered/asm/mixin/injection/callback/CallbackInfo;)V doesn't use it's CallbackInfo
[11dic2025 14:06:16.857] [Render thread/DEBUG] [mixin/]: kubejs.mixins.json:OptionsMixin from mod kubejs->@Inject::loadKJS(Lorg/spongepowered/asm/mixin/injection/callback/CallbackInfo;)V has 0 override(s) in child classes
[11dic2025 14:06:16.857] [Render thread/DEBUG] [mixin/]: kubejs.mixins.json:OptionsMixin from mod kubejs->@Inject::loadKJS(Lorg/spongepowered/asm/mixin/injection/callback/CallbackInfo;)V won't be passed a CallbackInfo as a result
[11dic2025 14:06:16.865] [Render thread/DEBUG] [mixin/]: Mixing ui.ClickableWidgetMixin from owo.mixins.json into net.minecraft.client.gui.components.AbstractWidget
[11dic2025 14:06:16.865] [Render thread/DEBUG] [mixin/]: owo.mixins.json:ui.ClickableWidgetMixin from mod owo: Class version 65 required is higher than the class version supported by the current version of Mixin (JAVA_16 supports class version 60)
[11dic2025 14:06:16.866] [Render thread/DEBUG] [mixin/]: Renaming synthetic method lambda$parseProperties$0(Ljava/lang/Boolean;)V to mdd29a09$owo$lambda$parseProperties$0$0 in owo.mixins.json:ui.ClickableWidgetMixin from mod owo
[11dic2025 14:06:16.871] [Render thread/DEBUG] [mixin/]: Mixing ui.access.ClickableWidgetAccessor from owo.mixins.json into net.minecraft.client.gui.components.AbstractWidget
[11dic2025 14:06:16.871] [Render thread/DEBUG] [mixin/]: owo.mixins.json:ui.access.ClickableWidgetAccessor from mod owo: Class version 65 required is higher than the class version supported by the current version of Mixin (JAVA_16 supports class version 60)
[11dic2025 14:06:16.876] [Render thread/DEBUG] [mixin/]: owo.mixins.json:ui.ClickableWidgetMixin from mod owo->@Inject::applyWidthToWrapper(ILorg/spongepowered/asm/mixin/injection/callback/CallbackInfo;)V does use it's CallbackInfo
[11dic2025 14:06:16.876] [Render thread/DEBUG] [mixin/]: owo.mixins.json:ui.ClickableWidgetMixin from mod owo->@Inject::setHovered(Lnet/minecraft/client/gui/GuiGraphics;IIFLorg/spongepowered/asm/mixin/injection/callback/CallbackInfo;)V doesn't use it's CallbackInfo
[11dic2025 14:06:16.876] [Render thread/DEBUG] [mixin/]: owo.mixins.json:ui.ClickableWidgetMixin from mod owo->@Inject::setHovered(Lnet/minecraft/client/gui/GuiGraphics;IIFLorg/spongepowered/asm/mixin/injection/callback/CallbackInfo;)V has 0 override(s) in child classes
[11dic2025 14:06:16.876] [Render thread/DEBUG] [mixin/]: owo.mixins.json:ui.ClickableWidgetMixin from mod owo->@Inject::setHovered(Lnet/minecraft/client/gui/GuiGraphics;IIFLorg/spongepowered/asm/mixin/injection/callback/CallbackInfo;)V won't be passed a CallbackInfo as a result
[11dic2025 14:06:16.882] [Render thread/DEBUG] [mixin/]: Mixing ui.SliderWidgetMixin from owo.mixins.json into net.minecraft.client.gui.components.AbstractSliderButton
[11dic2025 14:06:16.883] [Render thread/DEBUG] [mixin/]: owo.mixins.json:ui.SliderWidgetMixin from mod owo: Class version 65 required is higher than the class version supported by the current version of Mixin (JAVA_16 supports class version 60)
[11dic2025 14:06:16.887] [Render thread/DEBUG] [mixin/]: owo.mixins.json:ui.SliderWidgetMixin from mod owo->@Inject::makeItSnappyTeam(DLorg/spongepowered/asm/mixin/injection/callback/CallbackInfo;)V does use it's CallbackInfo
[11dic2025 14:06:16.937] [Render thread/INFO] [net.minecraft.client.Minecraft/]: Backend library: LWJGL version 3.3.3+5
[11dic2025 14:06:16.938] [Render thread/DEBUG] [mixin/]: Mixing WindowMixin from kubejs.mixins.json into com.mojang.blaze3d.platform.Window
[11dic2025 14:06:17.220] [Render thread/DEBUG] [mixin/]: Mixing ui.layers.MouseMixin from owo.mixins.json into net.minecraft.client.MouseHandler
[11dic2025 14:06:17.221] [Render thread/DEBUG] [mixin/]: owo.mixins.json:ui.layers.MouseMixin from mod owo: Class version 65 required is higher than the class version supported by the current version of Mixin (JAVA_16 supports class version 60)
[11dic2025 14:06:17.223] [Render thread/DEBUG] [mixin/]: Mixing ui.layers.KeyboardMixin from owo.mixins.json into net.minecraft.client.KeyboardHandler
[11dic2025 14:06:17.223] [Render thread/DEBUG] [mixin/]: owo.mixins.json:ui.layers.KeyboardMixin from mod owo: Class version 65 required is higher than the class version supported by the current version of Mixin (JAVA_16 supports class version 60)
[11dic2025 14:06:17.224] [Render thread/DEBUG] [mixin/]: Mixing KeyboardHandlerMixin from kubejs.mixins.json into net.minecraft.client.KeyboardHandler
[11dic2025 14:06:17.224] [Render thread/DEBUG] [mixin/]: kubejs.mixins.json:KeyboardHandlerMixin from mod kubejs->@Inject::reloadResources(ILorg/spongepowered/asm/mixin/injection/callback/CallbackInfoReturnable;)V doesn't use it's CallbackInfoReturnable
[11dic2025 14:06:17.225] [Render thread/DEBUG] [mixin/]: kubejs.mixins.json:KeyboardHandlerMixin from mod kubejs->@Inject::reloadResources(ILorg/spongepowered/asm/mixin/injection/callback/CallbackInfoReturnable;)V has 0 override(s) in child classes
[11dic2025 14:06:17.225] [Render thread/DEBUG] [mixin/]: kubejs.mixins.json:KeyboardHandlerMixin from mod kubejs->@Inject::reloadResources(ILorg/spongepowered/asm/mixin/injection/callback/CallbackInfoReturnable;)V won't be passed a CallbackInfoReturnable as a result
[11dic2025 14:06:17.256] [Render thread/DEBUG] [net.neoforged.fml.ModWorkManager/LOADING]: Using 10 threads for parallel mod-loading
[11dic2025 14:06:17.264] [Render thread/DEBUG] [net.neoforged.fml.lowcodemod.LowCodeModContainer/LOADING]: Creating LowCodeModContainer for rhino
[11dic2025 14:06:17.265] [Render thread/DEBUG] [net.neoforged.fml.javafmlmod.FMLModContainer/LOADING]: Creating FMLModContainer instance for [mcjty.theoneprobe.TheOneProbe]
[11dic2025 14:06:17.267] [Render thread/DEBUG] [net.neoforged.fml.javafmlmod.FMLModContainer/LOADING]: Creating FMLModContainer instance for [org.sinytra.fabric.api_base.generated.GeneratedEntryPoint]
[11dic2025 14:06:17.268] [Render thread/DEBUG] [net.neoforged.fml.javafmlmod.FMLModContainer/LOADING]: Creating FMLModContainer instance for [dev.ftb.mods.ftbessentials.neoforge.FTBEssentialsNeoForge]
[11dic2025 14:06:17.268] [Render thread/DEBUG] [net.neoforged.fml.javafmlmod.FMLModContainer/LOADING]: Creating FMLModContainer instance for [com.supermartijn642.configlib.ConfigLib]
[11dic2025 14:06:17.269] [Render thread/DEBUG] [net.neoforged.fml.javafmlmod.FMLModContainer/LOADING]: Creating FMLModContainer instance for [io.wispforest.owo.Owo, io.wispforest.owo.client.OwoClient]
[11dic2025 14:06:17.270] [Render thread/DEBUG] [net.neoforged.fml.javafmlmod.FMLModContainer/LOADING]: Creating FMLModContainer instance for [com.hrznstudio.titanium.Titanium, com.hrznstudio.titanium.TitaniumClient]
[11dic2025 14:06:17.271] [Render thread/DEBUG] [net.neoforged.fml.javafmlmod.FMLModContainer/LOADING]: Creating FMLModContainer instance for [snownee.jade.util.CommonProxy]
[11dic2025 14:06:17.273] [Render thread/DEBUG] [net.neoforged.fml.javafmlmod.FMLModContainer/LOADING]: Creating FMLModContainer instance for [software.bernie.geckolib.GeckoLib]
[11dic2025 14:06:17.273] [Render thread/DEBUG] [net.neoforged.fml.javafmlmod.FMLModContainer/LOADING]: Creating FMLModContainer instance for [mezz.jei.neoforge.JustEnoughItems]
[11dic2025 14:06:17.274] [Render thread/DEBUG] [net.neoforged.fml.javafmlmod.FMLModContainer/LOADING]: Creating FMLModContainer instance for [dev.latvian.mods.kubejs.KubeJS]
[11dic2025 14:06:17.274] [Render thread/DEBUG] [net.neoforged.fml.javafmlmod.FMLModContainer/LOADING]: Creating FMLModContainer instance for [com.supermartijn642.core.CoreLib]
[11dic2025 14:06:17.275] [Render thread/DEBUG] [net.neoforged.fml.javafmlmod.FMLModContainer/LOADING]: Creating FMLModContainer instance for [mekanism.common.Mekanism, mekanism.client.MekanismClient]
[11dic2025 14:06:17.276] [Render thread/DEBUG] [net.neoforged.fml.javafmlmod.FMLModContainer/LOADING]: Creating FMLModContainer instance for [de.maxhenkel.pipez.Main]
[11dic2025 14:06:17.277] [Render thread/DEBUG] [net.neoforged.fml.javafmlmod.FMLModContainer/LOADING]: Creating FMLModContainer instance for [net.neoforged.neoforge.common.NeoForgeMod, net.neoforged.neoforge.client.ClientNeoForgeMod]
[11dic2025 14:06:17.279] [Render thread/DEBUG] [net.neoforged.fml.javafmlmod.FMLModContainer/LOADING]: Creating FMLModContainer instance for [dev.architectury.neoforge.ArchitecturyNeoForge]
[11dic2025 14:06:17.279] [Render thread/DEBUG] [net.neoforged.fml.javafmlmod.FMLModContainer/LOADING]: Creating FMLModContainer instance for [dev.ftb.mods.ftblibrary.neoforge.FTBLibraryNeoForge]
[11dic2025 14:06:17.279] [Render thread/DEBUG] [net.neoforged.fml.javafmlmod.FMLModContainer/LOADING]: Creating FMLModContainer instance for [guideme.internal.GuideME, guideme.internal.GuideMEClient]
[11dic2025 14:06:17.280] [Render thread/DEBUG] [net.neoforged.fml.javafmlmod.FMLModContainer/LOADING]: Creating FMLModContainer instance for [mekanism.generators.common.MekanismGenerators, mekanism.generators.client.GeneratorsClient]
[11dic2025 14:06:17.280] [Render thread/DEBUG] [net.neoforged.fml.javafmlmod.FMLModContainer/LOADING]: Creating FMLModContainer instance for [org.sinytra.fabric.screen_api.generated.GeneratedEntryPoint]
[11dic2025 14:06:17.281] [Render thread/DEBUG] [net.neoforged.fml.javafmlmod.FMLModContainer/LOADING]: Creating FMLModContainer instance for [com.supermartijn642.trashcans.TrashCans]
[11dic2025 14:06:17.281] [Render thread/DEBUG] [net.neoforged.fml.javafmlmod.FMLModContainer/LOADING]: Creating FMLModContainer instance for [com.lumengrid.pipezretriever.PipezRetriever]
[11dic2025 14:06:17.281] [Render thread/DEBUG] [net.neoforged.fml.javafmlmod.FMLModContainer/LOADING]: Creating FMLModContainer instance for [org.sinytra.fabric.networking_api.NetworkingEventHooks, org.sinytra.fabric.networking_api.generated.GeneratedEntryPoint]
[11dic2025 14:06:17.282] [Render thread/DEBUG] [net.neoforged.fml.javafmlmod.FMLModContainer/LOADING]: Creating FMLModContainer instance for [earth.terrarium.athena.neoforge.AthenaNeoForge]
[11dic2025 14:06:17.282] [Render thread/DEBUG] [net.neoforged.fml.javafmlmod.FMLModContainer/LOADING]: Creating FMLModContainer instance for [com.glodblock.github.glodium.Glodium]
[11dic2025 14:06:17.286] [modloading-worker-0/DEBUG] [net.neoforged.fml.javafmlmod.AutomaticEventSubscriber/LOADING]: Attempting to inject @EventBusSubscriber classes into the eventbus for fabric_api_base
[11dic2025 14:06:17.313] [modloading-worker-0/DEBUG] [mixin/]: Mixing IItemHandlerMixin from kubejs.mixins.json into net.neoforged.neoforge.items.IItemHandler
[11dic2025 14:06:17.315] [modloading-worker-0/INFO] [PluginManager/]: Scanning classes for titanium
[11dic2025 14:06:17.316] [modloading-worker-0/DEBUG] [GeckoLib/]: Loaded software.bernie.geckolib.platform.GeckoLibNeoForge@75def4a0 for service interface software.bernie.geckolib.service.GeckoLibPlatform
[11dic2025 14:06:17.316] [modloading-worker-0/DEBUG] [GeckoLib/]: Loaded software.bernie.geckolib.network.GeckoLibNetworkingNeoForge@580c1d02 for service interface software.bernie.geckolib.service.GeckoLibNetworking
[11dic2025 14:06:17.316] [modloading-worker-0/DEBUG] [net.neoforged.fml.javafmlmod.AutomaticEventSubscriber/LOADING]: Attempting to inject @EventBusSubscriber classes into the eventbus for supermartijn642configlib
[11dic2025 14:06:17.322] [modloading-worker-0/DEBUG] [net.neoforged.fml.javafmlmod.AutomaticEventSubscriber/LOADING]: Attempting to inject @EventBusSubscriber classes into the eventbus for geckolib
[11dic2025 14:06:17.326] [modloading-worker-0/DEBUG] [net.neoforged.fml.config.ConfigTracker/CONFIG]: Config file theoneprobe-client.toml for theoneprobe tracking
[11dic2025 14:06:17.326] [modloading-worker-0/DEBUG] [net.neoforged.fml.config.ConfigTracker/CONFIG]: Config file jei-server.toml for jei tracking
[11dic2025 14:06:17.327] [modloading-worker-0/DEBUG] [net.neoforged.fml.config.ConfigTracker/CONFIG]: Config file theoneprobe-common.toml for theoneprobe tracking
[11dic2025 14:06:17.330] [modloading-worker-0/DEBUG] [mixin/]: Mixing CollectionTagMixin from kubejs.mixins.json into net.minecraft.nbt.CollectionTag
[11dic2025 14:06:17.333] [modloading-worker-0/DEBUG] [net.neoforged.fml.javafmlmod.AutomaticEventSubscriber/LOADING]: Attempting to inject @EventBusSubscriber classes into the eventbus for theoneprobe
[11dic2025 14:06:17.333] [modloading-worker-0/DEBUG] [net.neoforged.fml.javafmlmod.AutomaticEventSubscriber/LOADING]: Scanning class mcjty.theoneprobe.config.ConfigReload for @SubscribeEvent-annotated methods
[11dic2025 14:06:17.336] [modloading-worker-0/DEBUG] [net.neoforged.fml.javafmlmod.AutomaticEventSubscriber/]: Subscribing @EventBusSubscriber class Lmcjty/theoneprobe/config/ConfigReload; to the mod event bus of mod theoneprobe
[11dic2025 14:06:17.336] [modloading-worker-0/DEBUG] [net.neoforged.fml.javafmlmod.AutomaticEventSubscriber/LOADING]: Attempting to inject @EventBusSubscriber classes into the eventbus for jade
[11dic2025 14:06:17.338] [modloading-worker-0/DEBUG] [mixin/]: Mixing NumericTagMixin from kubejs.mixins.json into net.minecraft.nbt.NumericTag
[11dic2025 14:06:17.340] [modloading-worker-0/DEBUG] [net.neoforged.fml.javafmlmod.AutomaticEventSubscriber/LOADING]: Attempting to inject @EventBusSubscriber classes into the eventbus for fabric_screen_api_v1
[11dic2025 14:06:17.340] [modloading-worker-0/DEBUG] [net.neoforged.fml.javafmlmod.AutomaticEventSubscriber/LOADING]: Scanning class org.sinytra.fabric.screen_api.ScreenEventHooks for @SubscribeEvent-annotated methods
[11dic2025 14:06:17.343] [modloading-worker-0/DEBUG] [net.neoforged.fml.javafmlmod.AutomaticEventSubscriber/]: Subscribing @EventBusSubscriber class Lorg/sinytra/fabric/screen_api/ScreenEventHooks; to the game event bus
[11dic2025 14:06:17.343] [modloading-worker-0/DEBUG] [net.neoforged.neoforge.internal.versions.neoforge.NeoForgeVersion/CORE]: Found NeoForge version 21.1.194
[11dic2025 14:06:17.344] [modloading-worker-0/DEBUG] [net.neoforged.neoforge.internal.versions.neoforge.NeoForgeVersion/CORE]: Found FML version 4.0.41
[11dic2025 14:06:17.344] [modloading-worker-0/INFO] [net.neoforged.neoforge.common.NeoForgeMod/NEOFORGE-MOD]: NeoForge mod loading, version 21.1.194, for MC 1.21.1
[11dic2025 14:06:17.352] [modloading-worker-0/DEBUG] [net.neoforged.fml.javafmlmod.AutomaticEventSubscriber/LOADING]: Attempting to inject @EventBusSubscriber classes into the eventbus for supermartijn642corelib
[11dic2025 14:06:17.352] [modloading-worker-0/DEBUG] [net.neoforged.fml.config.ConfigTracker/CONFIG]: Config file neoforge-client.toml for neoforge tracking
[11dic2025 14:06:17.352] [modloading-worker-0/DEBUG] [net.neoforged.fml.config.ConfigTracker/CONFIG]: Config file neoforge-server.toml for neoforge tracking
[11dic2025 14:06:17.353] [modloading-worker-0/DEBUG] [net.neoforged.fml.config.ConfigTracker/CONFIG]: Config file neoforge-common.toml for neoforge tracking
[11dic2025 14:06:17.359] [modloading-worker-0/DEBUG] [net.neoforged.fml.config.ConfigTracker/CONFIG]: Config file titanium/titanium.toml for titanium tracking
[11dic2025 14:06:17.360] [modloading-worker-0/DEBUG] [mixin/]: Mixing EntityTrackerEntryMixin from fabric-networking-api-v1.mixins.json into net.minecraft.server.level.ServerEntity
[11dic2025 14:06:17.360] [modloading-worker-0/DEBUG] [mixin/]: fabric-networking-api-v1.mixins.json:EntityTrackerEntryMixin from mod fabric_networking_api_v1: Class version 65 required is higher than the class version supported by the current version of Mixin (JAVA_17 supports class version 61)
[11dic2025 14:06:17.361] [modloading-worker-0/DEBUG] [mixin/]: fabric-networking-api-v1.mixins.json:EntityTrackerEntryMixin from mod fabric_networking_api_v1->@Inject::onStartTracking(Lnet/minecraft/server/level/ServerPlayer;Lorg/spongepowered/asm/mixin/injection/callback/CallbackInfo;)V doesn't use it's CallbackInfo
[11dic2025 14:06:17.361] [modloading-worker-0/DEBUG] [mixin/]: fabric-networking-api-v1.mixins.json:EntityTrackerEntryMixin from mod fabric_networking_api_v1->@Inject::onStartTracking(Lnet/minecraft/server/level/ServerPlayer;Lorg/spongepowered/asm/mixin/injection/callback/CallbackInfo;)V has 0 override(s) in child classes
[11dic2025 14:06:17.361] [modloading-worker-0/DEBUG] [mixin/]: fabric-networking-api-v1.mixins.json:EntityTrackerEntryMixin from mod fabric_networking_api_v1->@Inject::onStartTracking(Lnet/minecraft/server/level/ServerPlayer;Lorg/spongepowered/asm/mixin/injection/callback/CallbackInfo;)V won't be passed a CallbackInfo as a result
[11dic2025 14:06:17.361] [modloading-worker-0/DEBUG] [mixin/]: fabric-networking-api-v1.mixins.json:EntityTrackerEntryMixin from mod fabric_networking_api_v1->@Inject::onStopTracking(Lnet/minecraft/server/level/ServerPlayer;Lorg/spongepowered/asm/mixin/injection/callback/CallbackInfo;)V doesn't use it's CallbackInfo
[11dic2025 14:06:17.361] [modloading-worker-0/DEBUG] [mixin/]: fabric-networking-api-v1.mixins.json:EntityTrackerEntryMixin from mod fabric_networking_api_v1->@Inject::onStopTracking(Lnet/minecraft/server/level/ServerPlayer;Lorg/spongepowered/asm/mixin/injection/callback/CallbackInfo;)V has 0 override(s) in child classes
[11dic2025 14:06:17.361] [modloading-worker-0/DEBUG] [mixin/]: fabric-networking-api-v1.mixins.json:EntityTrackerEntryMixin from mod fabric_networking_api_v1->@Inject::onStopTracking(Lnet/minecraft/server/level/ServerPlayer;Lorg/spongepowered/asm/mixin/injection/callback/CallbackInfo;)V won't be passed a CallbackInfo as a result
[11dic2025 14:06:17.364] [modloading-worker-0/DEBUG] [net.neoforged.fml.javafmlmod.AutomaticEventSubscriber/LOADING]: Attempting to inject @EventBusSubscriber classes into the eventbus for fabric_networking_api_v1
[11dic2025 14:06:17.369] [modloading-worker-0/DEBUG] [mixin/]: Mixing ffapi.NeoNetworkRegistrarMixin from owo.mixins.json into org.sinytra.fabric.networking_api.NeoNetworkRegistrar
[11dic2025 14:06:17.370] [modloading-worker-0/DEBUG] [mixin/]: owo.mixins.json:ffapi.NeoNetworkRegistrarMixin from mod owo: Class version 65 required is higher than the class version supported by the current version of Mixin (JAVA_16 supports class version 60)
[11dic2025 14:06:17.370] [modloading-worker-0/DEBUG] [net.neoforged.fml.config.ConfigTracker/CONFIG]: Loaded TOML config file /Users/joshua.morotti/dev/personal/PipezRetriever/runs/client/config/titanium/titanium.toml
[11dic2025 14:06:17.372] [modloading-worker-0/DEBUG] [mixin/]: owo.mixins.json:ffapi.NeoNetworkRegistrarMixin from mod owo->@Inject::owo$adjustMapType(Lnet/minecraft/network/ConnectionProtocol;Lorg/spongepowered/asm/mixin/injection/callback/CallbackInfo;)V doesn't use it's CallbackInfo
[11dic2025 14:06:17.372] [modloading-worker-0/DEBUG] [mixin/]: owo.mixins.json:ffapi.NeoNetworkRegistrarMixin from mod owo->@Inject::owo$adjustMapType(Lnet/minecraft/network/ConnectionProtocol;Lorg/spongepowered/asm/mixin/injection/callback/CallbackInfo;)V has 0 override(s) in child classes
[11dic2025 14:06:17.372] [modloading-worker-0/DEBUG] [mixin/]: owo.mixins.json:ffapi.NeoNetworkRegistrarMixin from mod owo->@Inject::owo$adjustMapType(Lnet/minecraft/network/ConnectionProtocol;Lorg/spongepowered/asm/mixin/injection/callback/CallbackInfo;)V won't be passed a CallbackInfo as a result
[11dic2025 14:06:17.376] [modloading-worker-0/DEBUG] [net.neoforged.fml.config.ConfigTracker/CONFIG]: Watching TOML config file /Users/joshua.morotti/dev/personal/PipezRetriever/runs/client/config/titanium/titanium.toml for changes
[11dic2025 14:06:17.377] [modloading-worker-0/DEBUG] [net.neoforged.fml.config.ConfigTracker/CONFIG]: Config file titanium/titanium-tags.toml for titanium tracking
[11dic2025 14:06:17.382] [modloading-worker-0/DEBUG] [mixin/]: Mixing NetworkRegistryMixin from fabric-networking-api-v1.mixins.json into net.neoforged.neoforge.network.registration.NetworkRegistry
[11dic2025 14:06:17.382] [modloading-worker-0/DEBUG] [mixin/]: fabric-networking-api-v1.mixins.json:NetworkRegistryMixin from mod fabric_networking_api_v1: Class version 65 required is higher than the class version supported by the current version of Mixin (JAVA_17 supports class version 61)
[11dic2025 14:06:17.383] [modloading-worker-0/DEBUG] [mixin/]: Mixing accessor.NetworkRegistryAccessor from fabric-networking-api-v1.mixins.json into net.neoforged.neoforge.network.registration.NetworkRegistry
[11dic2025 14:06:17.384] [modloading-worker-0/DEBUG] [mixin/]: fabric-networking-api-v1.mixins.json:accessor.NetworkRegistryAccessor from mod fabric_networking_api_v1: Class version 65 required is higher than the class version supported by the current version of Mixin (JAVA_17 supports class version 61)
[11dic2025 14:06:17.384] [modloading-worker-0/DEBUG] [mixin/]: Mixing NetworkRegistryClientMixin from fabric-networking-api-v1.client.mixins.json into net.neoforged.neoforge.network.registration.NetworkRegistry
[11dic2025 14:06:17.384] [modloading-worker-0/DEBUG] [mixin/]: fabric-networking-api-v1.client.mixins.json:NetworkRegistryClientMixin from mod fabric_networking_api_v1: Class version 65 required is higher than the class version supported by the current version of Mixin (JAVA_17 supports class version 61)
[11dic2025 14:06:17.386] [modloading-worker-0/DEBUG] [mixin/]: fabric-networking-api-v1.mixins.json:NetworkRegistryMixin from mod fabric_networking_api_v1->@Inject::preventDisconnectOnUnknownFabricPacketClient(Lnet/minecraft/network/protocol/common/ClientCommonPacketListener;Lnet/minecraft/network/protocol/common/ClientboundCustomPayloadPacket;Lorg/spongepowered/asm/mixin/injection/callback/CallbackInfo;)V does use it's CallbackInfo
[11dic2025 14:06:17.386] [modloading-worker-0/DEBUG] [mixin/]: fabric-networking-api-v1.mixins.json:NetworkRegistryMixin from mod fabric_networking_api_v1->@Inject::preventDisconnectOnUnknownFabricPacketServer(Lnet/minecraft/network/protocol/common/ServerCommonPacketListener;Lnet/minecraft/network/protocol/common/ServerboundCustomPayloadPacket;Lorg/spongepowered/asm/mixin/injection/callback/CallbackInfo;)V does use it's CallbackInfo
[11dic2025 14:06:17.386] [modloading-worker-0/DEBUG] [mixin/]: fabric-networking-api-v1.client.mixins.json:NetworkRegistryClientMixin from mod fabric_networking_api_v1->@Inject::startConfiguration(Lnet/minecraft/network/protocol/configuration/ClientConfigurationPacketListener;Lnet/neoforged/neoforge/network/registration/NetworkPayloadSetup;Lorg/spongepowered/asm/mixin/injection/callback/CallbackInfo;)V doesn't use it's CallbackInfo
[11dic2025 14:06:17.390] [modloading-worker-0/DEBUG] [net.neoforged.fml.javafmlmod.AutomaticEventSubscriber/LOADING]: Attempting to inject @EventBusSubscriber classes into the eventbus for athena
[11dic2025 14:06:17.393] [modloading-worker-0/DEBUG] [net.neoforged.fml.javafmlmod.AutomaticEventSubscriber/LOADING]: Attempting to inject @EventBusSubscriber classes into the eventbus for architectury
[11dic2025 14:06:17.398] [modloading-worker-0/DEBUG] [net.neoforged.fml.javafmlmod.AutomaticEventSubscriber/LOADING]: Attempting to inject @EventBusSubscriber classes into the eventbus for titanium
[11dic2025 14:06:17.398] [modloading-worker-0/DEBUG] [net.neoforged.fml.javafmlmod.AutomaticEventSubscriber/LOADING]: Attempting to inject @EventBusSubscriber classes into the eventbus for ftbessentials
[11dic2025 14:06:17.400] [modloading-worker-0/DEBUG] [net.neoforged.fml.javafmlmod.AutomaticEventSubscriber/LOADING]: Attempting to inject @EventBusSubscriber classes into the eventbus for glodium
[11dic2025 14:06:17.405] [modloading-worker-0/DEBUG] [FTB Library/]: tracking config ftblibrary-startup, loaded from /Users/joshua.morotti/dev/personal/PipezRetriever/runs/client/config/ftblibrary-startup.snbt
[11dic2025 14:06:17.411] [modloading-worker-0/INFO] [owo/]: Noaaan: It's surprising how much knowledge is lost by the simple fact that people don't know it
[11dic2025 14:06:17.413] [modloading-worker-0/DEBUG] [mixin/]: Mixing shader.ShaderProgramAccessor from owo.mixins.json into net.minecraft.client.renderer.ShaderInstance
[11dic2025 14:06:17.414] [modloading-worker-0/DEBUG] [mixin/]: owo.mixins.json:shader.ShaderProgramAccessor from mod owo: Class version 65 required is higher than the class version supported by the current version of Mixin (JAVA_16 supports class version 60)
[11dic2025 14:06:17.414] [modloading-worker-0/DEBUG] [mixin/]: Mixing shader.ShaderProgramMixin from owo.mixins.json into net.minecraft.client.renderer.ShaderInstance
[11dic2025 14:06:17.414] [modloading-worker-0/DEBUG] [mixin/]: owo.mixins.json:shader.ShaderProgramMixin from mod owo: Class version 65 required is higher than the class version supported by the current version of Mixin (JAVA_16 supports class version 60)
[11dic2025 14:06:17.416] [modloading-worker-0/DEBUG] [mezz.jei.common.platform.Services/]: Loaded mezz.jei.neoforge.platform.PlatformHelper@68b87544 for service interface mezz.jei.common.platform.IPlatformHelper
[11dic2025 14:06:17.420] [modloading-worker-0/DEBUG] [mixin/]: Mixing FluidStackMixin from kubejs.mixins.json into net.neoforged.neoforge.fluids.FluidStack
[11dic2025 14:06:17.422] [modloading-worker-0/DEBUG] [mezz.jei.common.config.file.ConfigSerializer/]: Loading config file: /Users/joshua.morotti/dev/personal/PipezRetriever/runs/client/config/jei/jei-debug.ini
[11dic2025 14:06:17.422] [modloading-worker-0/DEBUG] [mixin/]: Mixing ui.access.ButtonWidgetAccessor from owo.mixins.json into net.minecraft.client.gui.components.Button
[11dic2025 14:06:17.423] [modloading-worker-0/DEBUG] [mixin/]: owo.mixins.json:ui.access.ButtonWidgetAccessor from mod owo: Class version 65 required is higher than the class version supported by the current version of Mixin (JAVA_16 supports class version 60)
[11dic2025 14:06:17.423] [modloading-worker-0/DEBUG] [mezz.jei.common.config.file.ConfigSchema/]: Localization has not loaded yet, waiting to save the config file until JEI starts.
[11dic2025 14:06:17.424] [modloading-worker-0/DEBUG] [net.neoforged.fml.javafmlmod.AutomaticEventSubscriber/LOADING]: Attempting to inject @EventBusSubscriber classes into the eventbus for neoforge
[11dic2025 14:06:17.424] [modloading-worker-0/DEBUG] [net.neoforged.fml.javafmlmod.AutomaticEventSubscriber/LOADING]: Scanning class net.neoforged.neoforge.server.command.ConfigCommand for @SubscribeEvent-annotated methods
[11dic2025 14:06:17.424] [modloading-worker-0/DEBUG] [net.neoforged.fml.javafmlmod.AutomaticEventSubscriber/]: Subscribing @EventBusSubscriber class Lnet/neoforged/neoforge/server/command/ConfigCommand; to the game event bus
[11dic2025 14:06:17.425] [modloading-worker-0/DEBUG] [net.neoforged.fml.javafmlmod.AutomaticEventSubscriber/LOADING]: Scanning class net.neoforged.neoforge.network.filters.GenericPacketSplitter for @SubscribeEvent-annotated methods
[11dic2025 14:06:17.425] [modloading-worker-0/DEBUG] [mezz.jei.common.config.file.ConfigSerializer/]: Loading config file: /Users/joshua.morotti/dev/personal/PipezRetriever/runs/client/config/jei/jei-mod-id-format.ini
[11dic2025 14:06:17.425] [modloading-worker-0/DEBUG] [mezz.jei.common.config.file.ConfigSchema/]: Localization has not loaded yet, waiting to save the config file until JEI starts.
[11dic2025 14:06:17.426] [modloading-worker-0/DEBUG] [net.neoforged.fml.javafmlmod.AutomaticEventSubscriber/LOADING]: Attempting to inject @EventBusSubscriber classes into the eventbus for trashcans
[11dic2025 14:06:17.427] [modloading-worker-0/DEBUG] [mezz.jei.common.config.file.ConfigSerializer/]: Loading config file: /Users/joshua.morotti/dev/personal/PipezRetriever/runs/client/config/jei/jei-colors.ini
[11dic2025 14:06:17.428] [modloading-worker-0/DEBUG] [mezz.jei.common.config.file.ConfigSchema/]: Localization has not loaded yet, waiting to save the config file until JEI starts.
[11dic2025 14:06:17.431] [modloading-worker-0/DEBUG] [net.neoforged.fml.javafmlmod.AutomaticEventSubscriber/LOADING]: Attempting to inject @EventBusSubscriber classes into the eventbus for ftblibrary
[11dic2025 14:06:17.433] [modloading-worker-0/DEBUG] [mezz.jei.common.config.file.ConfigSerializer/]: Loading config file: /Users/joshua.morotti/dev/personal/PipezRetriever/runs/client/config/jei/jei-client.ini
[11dic2025 14:06:17.434] [modloading-worker-0/DEBUG] [mezz.jei.common.config.file.ConfigSchema/]: Localization has not loaded yet, waiting to save the config file until JEI starts.
[11dic2025 14:06:17.435] [modloading-worker-0/DEBUG] [net.neoforged.fml.javafmlmod.AutomaticEventSubscriber/LOADING]: Attempting to inject @EventBusSubscriber classes into the eventbus for owo
[11dic2025 14:06:17.435] [modloading-worker-0/INFO] [mezz.jei.library.load.PluginCaller/]: Sending ConfigManager...
[11dic2025 14:06:17.436] [modloading-worker-0/DEBUG] [mezz.jei.library.load.PluginCallerTimerRunnable/]: Sending ConfigManager: jei:minecraft...
[11dic2025 14:06:17.436] [modloading-worker-0/DEBUG] [mezz.jei.library.load.PluginCallerTimerRunnable/]: Sending ConfigManager: titanium:default...
[11dic2025 14:06:17.436] [modloading-worker-0/DEBUG] [mezz.jei.library.load.PluginCallerTimerRunnable/]: Sending ConfigManager: jade:main...
[11dic2025 14:06:17.436] [modloading-worker-0/DEBUG] [mezz.jei.library.load.PluginCallerTimerRunnable/]: Sending ConfigManager: jei:neoforge_gui...
[11dic2025 14:06:17.436] [modloading-worker-0/DEBUG] [mezz.jei.library.load.PluginCallerTimerRunnable/]: Sending ConfigManager: jei:debug...
[11dic2025 14:06:17.436] [modloading-worker-0/DEBUG] [mezz.jei.library.load.PluginCallerTimerRunnable/]: Sending ConfigManager: jei:gui...
[11dic2025 14:06:17.436] [modloading-worker-0/DEBUG] [mezz.jei.library.load.PluginCallerTimerRunnable/]: Sending ConfigManager: kubejs:jei...
[11dic2025 14:06:17.446] [modloading-worker-0/DEBUG] [mezz.jei.library.load.PluginCallerTimerRunnable/]: Sending ConfigManager: mekanism:jei_plugin...
[11dic2025 14:06:17.446] [modloading-worker-0/DEBUG] [mezz.jei.library.load.PluginCallerTimerRunnable/]: Sending ConfigManager: pipez:pipez...
[11dic2025 14:06:17.446] [modloading-worker-0/DEBUG] [mezz.jei.library.load.PluginCallerTimerRunnable/]: Sending ConfigManager: ftblibrary:jei...
[11dic2025 14:06:17.446] [modloading-worker-0/DEBUG] [mezz.jei.library.load.PluginCallerTimerRunnable/]: Sending ConfigManager: mekanismgenerators:jei_plugin...
[11dic2025 14:06:17.446] [modloading-worker-0/DEBUG] [mezz.jei.library.load.PluginCallerTimerRunnable/]: Sending ConfigManager: trashcans:jei_plugin...
[11dic2025 14:06:17.446] [modloading-worker-0/DEBUG] [mezz.jei.library.load.PluginCallerTimerRunnable/]: Sending ConfigManager: jei:internal...
[11dic2025 14:06:17.447] [modloading-worker-0/INFO] [mezz.jei.library.load.PluginCaller/]: Sending ConfigManager took 10.66 milliseconds
[11dic2025 14:06:17.450] [modloading-worker-0/DEBUG] [net.neoforged.fml.javafmlmod.AutomaticEventSubscriber/LOADING]: Attempting to inject @EventBusSubscriber classes into the eventbus for jei
[11dic2025 14:06:17.453] [modloading-worker-0/DEBUG] [io.netty.buffer.AbstractByteBuf/]: -Dio.netty.buffer.checkAccessible: true
[11dic2025 14:06:17.453] [modloading-worker-0/DEBUG] [io.netty.buffer.AbstractByteBuf/]: -Dio.netty.buffer.checkBounds: true
[11dic2025 14:06:17.454] [modloading-worker-0/DEBUG] [io.netty.util.ResourceLeakDetectorFactory/]: Loaded default ResourceLeakDetector: io.netty.util.ResourceLeakDetector@3f7fc933
[11dic2025 14:06:17.459] [modloading-worker-0/DEBUG] [io.netty.util.internal.InternalThreadLocalMap/]: -Dio.netty.threadLocalMap.stringBuilder.initialSize: 1024
[11dic2025 14:06:17.460] [modloading-worker-0/DEBUG] [io.netty.util.internal.InternalThreadLocalMap/]: -Dio.netty.threadLocalMap.stringBuilder.maxSize: 4096
[11dic2025 14:06:17.465] [modloading-worker-0/DEBUG] [io.netty.buffer.PooledByteBufAllocator/]: -Dio.netty.allocator.numHeapArenas: 20
[11dic2025 14:06:17.465] [modloading-worker-0/DEBUG] [io.netty.buffer.PooledByteBufAllocator/]: -Dio.netty.allocator.numDirectArenas: 20
[11dic2025 14:06:17.465] [modloading-worker-0/DEBUG] [io.netty.buffer.PooledByteBufAllocator/]: -Dio.netty.allocator.pageSize: 8192
[11dic2025 14:06:17.465] [modloading-worker-0/DEBUG] [io.netty.buffer.PooledByteBufAllocator/]: -Dio.netty.allocator.maxOrder: 9
[11dic2025 14:06:17.465] [modloading-worker-0/DEBUG] [io.netty.buffer.PooledByteBufAllocator/]: -Dio.netty.allocator.chunkSize: 4194304
[11dic2025 14:06:17.465] [modloading-worker-0/DEBUG] [io.netty.buffer.PooledByteBufAllocator/]: -Dio.netty.allocator.smallCacheSize: 256
[11dic2025 14:06:17.465] [modloading-worker-0/DEBUG] [io.netty.buffer.PooledByteBufAllocator/]: -Dio.netty.allocator.normalCacheSize: 64
[11dic2025 14:06:17.465] [modloading-worker-0/DEBUG] [io.netty.buffer.PooledByteBufAllocator/]: -Dio.netty.allocator.maxCachedBufferCapacity: 32768
[11dic2025 14:06:17.465] [modloading-worker-0/DEBUG] [io.netty.buffer.PooledByteBufAllocator/]: -Dio.netty.allocator.cacheTrimInterval: 8192
[11dic2025 14:06:17.465] [modloading-worker-0/DEBUG] [io.netty.buffer.PooledByteBufAllocator/]: -Dio.netty.allocator.cacheTrimIntervalMillis: 0
[11dic2025 14:06:17.465] [modloading-worker-0/DEBUG] [io.netty.buffer.PooledByteBufAllocator/]: -Dio.netty.allocator.useCacheForAllThreads: false
[11dic2025 14:06:17.465] [modloading-worker-0/DEBUG] [io.netty.buffer.PooledByteBufAllocator/]: -Dio.netty.allocator.maxCachedByteBuffersPerChunk: 1023
[11dic2025 14:06:17.483] [modloading-worker-0/DEBUG] [io.netty.buffer.ByteBufUtil/]: -Dio.netty.allocator.type: pooled
[11dic2025 14:06:17.483] [modloading-worker-0/DEBUG] [io.netty.buffer.ByteBufUtil/]: -Dio.netty.threadLocalDirectBufferSize: 0
[11dic2025 14:06:17.483] [modloading-worker-0/DEBUG] [io.netty.buffer.ByteBufUtil/]: -Dio.netty.maxThreadLocalCharBufferSize: 16384
[11dic2025 14:06:17.483] [modloading-worker-0/DEBUG] [mixin/]: Mixing dev.DatagenModLoaderAccessor from supermartijn642corelib.mixins.json into net.neoforged.neoforge.data.loading.DatagenModLoader
[11dic2025 14:06:17.484] [modloading-worker-0/DEBUG] [mixin/]: supermartijn642corelib.mixins.json:dev.DatagenModLoaderAccessor from mod supermartijn642corelib: Class version 65 required is higher than the class version supported by the current version of Mixin (JAVA_17 supports class version 61)
[11dic2025 14:06:17.485] [modloading-worker-0/DEBUG] [mixin/]: Renaming @Accessor method getExistingFileHelper()Lnet/neoforged/neoforge/common/data/ExistingFileHelper; to getExistingFileHelper$supermartijn642corelib_$md$d29a09$0 in supermartijn642corelib.mixins.json:dev.DatagenModLoaderAccessor from mod supermartijn642corelib
[11dic2025 14:06:17.489] [modloading-worker-0/DEBUG] [mixin/]: Mixing ClientConnectionMixin from owo.mixins.json into net.minecraft.network.Connection
[11dic2025 14:06:17.489] [modloading-worker-0/INFO] [KubeJS Startup/]: Capturing errors for startup scripts enabled
[11dic2025 14:06:17.490] [modloading-worker-0/INFO] [KubeJS Client/]: Capturing errors for client scripts enabled
[11dic2025 14:06:17.490] [modloading-worker-0/INFO] [KubeJS/]: Loading vanilla registries...
[11dic2025 14:06:17.495] [modloading-worker-0/DEBUG] [mixin/]: owo.mixins.json:ClientConnectionMixin from mod owo: Class version 65 required is higher than the class version supported by the current version of Mixin (JAVA_16 supports class version 60)
[11dic2025 14:06:17.496] [modloading-worker-0/DEBUG] [mixin/]: Mixing ClientConnectionMixin from fabric-networking-api-v1.mixins.json into net.minecraft.network.Connection
[11dic2025 14:06:17.496] [modloading-worker-0/DEBUG] [mixin/]: fabric-networking-api-v1.mixins.json:ClientConnectionMixin from mod fabric_networking_api_v1: Class version 65 required is higher than the class version supported by the current version of Mixin (JAVA_17 supports class version 61)
[11dic2025 14:06:17.512] [modloading-worker-0/DEBUG] [mixin/]: fabric-networking-api-v1.mixins.json:ClientConnectionMixin from mod fabric_networking_api_v1->@Inject::checkPacket(Lnet/minecraft/network/protocol/Packet;Lnet/minecraft/network/PacketSendListener;ZLorg/spongepowered/asm/mixin/injection/callback/CallbackInfo;)V doesn't use it's CallbackInfo
[11dic2025 14:06:17.512] [modloading-worker-0/DEBUG] [mixin/]: fabric-networking-api-v1.mixins.json:ClientConnectionMixin from mod fabric_networking_api_v1->@Inject::checkPacket(Lnet/minecraft/network/protocol/Packet;Lnet/minecraft/network/PacketSendListener;ZLorg/spongepowered/asm/mixin/injection/callback/CallbackInfo;)V has 0 override(s) in child classes
[11dic2025 14:06:17.512] [modloading-worker-0/DEBUG] [mixin/]: fabric-networking-api-v1.mixins.json:ClientConnectionMixin from mod fabric_networking_api_v1->@Inject::checkPacket(Lnet/minecraft/network/protocol/Packet;Lnet/minecraft/network/PacketSendListener;ZLorg/spongepowered/asm/mixin/injection/callback/CallbackInfo;)V won't be passed a CallbackInfo as a result
[11dic2025 14:06:17.512] [modloading-worker-0/DEBUG] [mixin/]: fabric-networking-api-v1.mixins.json:ClientConnectionMixin from mod fabric_networking_api_v1->@Inject::checkPacket(Lnet/minecraft/network/protocol/Packet;Lnet/minecraft/network/PacketSendListener;ZLorg/spongepowered/asm/mixin/injection/callback/CallbackInfo;)V doesn't use it's CallbackInfo
[11dic2025 14:06:17.512] [modloading-worker-0/DEBUG] [mixin/]: fabric-networking-api-v1.mixins.json:ClientConnectionMixin from mod fabric_networking_api_v1->@Inject::checkPacket(Lnet/minecraft/network/protocol/Packet;Lnet/minecraft/network/PacketSendListener;ZLorg/spongepowered/asm/mixin/injection/callback/CallbackInfo;)V has 0 override(s) in child classes
[11dic2025 14:06:17.512] [modloading-worker-0/DEBUG] [mixin/]: fabric-networking-api-v1.mixins.json:ClientConnectionMixin from mod fabric_networking_api_v1->@Inject::checkPacket(Lnet/minecraft/network/protocol/Packet;Lnet/minecraft/network/PacketSendListener;ZLorg/spongepowered/asm/mixin/injection/callback/CallbackInfo;)V won't be passed a CallbackInfo as a result
[11dic2025 14:06:17.512] [modloading-worker-0/DEBUG] [mixin/]: fabric-networking-api-v1.mixins.json:ClientConnectionMixin from mod fabric_networking_api_v1->@Inject::unwatchAddon(Lnet/minecraft/network/ProtocolInfo;Lnet/minecraft/network/PacketListener;Lorg/spongepowered/asm/mixin/injection/callback/CallbackInfo;)V doesn't use it's CallbackInfo
[11dic2025 14:06:17.512] [modloading-worker-0/DEBUG] [mixin/]: fabric-networking-api-v1.mixins.json:ClientConnectionMixin from mod fabric_networking_api_v1->@Inject::unwatchAddon(Lnet/minecraft/network/ProtocolInfo;Lnet/minecraft/network/PacketListener;Lorg/spongepowered/asm/mixin/injection/callback/CallbackInfo;)V has 0 override(s) in child classes
[11dic2025 14:06:17.512] [modloading-worker-0/DEBUG] [mixin/]: fabric-networking-api-v1.mixins.json:ClientConnectionMixin from mod fabric_networking_api_v1->@Inject::unwatchAddon(Lnet/minecraft/network/ProtocolInfo;Lnet/minecraft/network/PacketListener;Lorg/spongepowered/asm/mixin/injection/callback/CallbackInfo;)V won't be passed a CallbackInfo as a result
[11dic2025 14:06:17.512] [modloading-worker-0/DEBUG] [mixin/]: fabric-networking-api-v1.mixins.json:ClientConnectionMixin from mod fabric_networking_api_v1->@Inject::disconnectAddon(Lio/netty/channel/ChannelHandlerContext;Lorg/spongepowered/asm/mixin/injection/callback/CallbackInfo;)V doesn't use it's CallbackInfo
[11dic2025 14:06:17.512] [modloading-worker-0/DEBUG] [mixin/]: fabric-networking-api-v1.mixins.json:ClientConnectionMixin from mod fabric_networking_api_v1->@Inject::disconnectAddon(Lio/netty/channel/ChannelHandlerContext;Lorg/spongepowered/asm/mixin/injection/callback/CallbackInfo;)V has 0 override(s) in child classes
[11dic2025 14:06:17.513] [modloading-worker-0/DEBUG] [mixin/]: fabric-networking-api-v1.mixins.json:ClientConnectionMixin from mod fabric_networking_api_v1->@Inject::disconnectAddon(Lio/netty/channel/ChannelHandlerContext;Lorg/spongepowered/asm/mixin/injection/callback/CallbackInfo;)V won't be passed a CallbackInfo as a result
[11dic2025 14:06:17.513] [modloading-worker-0/DEBUG] [mixin/]: fabric-networking-api-v1.mixins.json:ClientConnectionMixin from mod fabric_networking_api_v1->@Inject::disconnectAddon(Lorg/spongepowered/asm/mixin/injection/callback/CallbackInfo;)V doesn't use it's CallbackInfo
[11dic2025 14:06:17.513] [modloading-worker-0/DEBUG] [mixin/]: fabric-networking-api-v1.mixins.json:ClientConnectionMixin from mod fabric_networking_api_v1->@Inject::disconnectAddon(Lorg/spongepowered/asm/mixin/injection/callback/CallbackInfo;)V has 0 override(s) in child classes
[11dic2025 14:06:17.513] [modloading-worker-0/DEBUG] [mixin/]: fabric-networking-api-v1.mixins.json:ClientConnectionMixin from mod fabric_networking_api_v1->@Inject::disconnectAddon(Lorg/spongepowered/asm/mixin/injection/callback/CallbackInfo;)V won't be passed a CallbackInfo as a result
[11dic2025 14:06:17.553] [modloading-worker-0/DEBUG] [net.neoforged.fml.javafmlmod.AutomaticEventSubscriber/]: Subscribing @EventBusSubscriber class Lnet/neoforged/neoforge/network/filters/GenericPacketSplitter; to the mod event bus of mod neoforge
[11dic2025 14:06:17.570] [modloading-worker-0/DEBUG] [net.neoforged.fml.javafmlmod.AutomaticEventSubscriber/LOADING]: Scanning class net.neoforged.neoforge.network.NetworkInitialization for @SubscribeEvent-annotated methods
[11dic2025 14:06:17.572] [modloading-worker-0/DEBUG] [net.neoforged.fml.javafmlmod.AutomaticEventSubscriber/]: Subscribing @EventBusSubscriber class Lnet/neoforged/neoforge/network/NetworkInitialization; to the mod event bus of mod neoforge
[11dic2025 14:06:17.578] [modloading-worker-0/INFO] [KubeJS/]: Looking for KubeJS plugins...
[11dic2025 14:06:17.582] [modloading-worker-0/DEBUG] [net.neoforged.fml.config.ConfigTracker/CONFIG]: Config file Mekanism/client.toml for mekanism tracking
[11dic2025 14:06:17.583] [modloading-worker-0/DEBUG] [net.neoforged.fml.config.ConfigTracker/CONFIG]: Config file Mekanism/common.toml for mekanism tracking
[11dic2025 14:06:17.583] [modloading-worker-0/DEBUG] [net.neoforged.fml.config.ConfigTracker/CONFIG]: Config file Mekanism/general.toml for mekanism tracking
[11dic2025 14:06:17.584] [modloading-worker-0/DEBUG] [net.neoforged.fml.config.ConfigTracker/CONFIG]: Config file Mekanism/gear.toml for mekanism tracking
[11dic2025 14:06:17.584] [modloading-worker-0/DEBUG] [net.neoforged.fml.config.ConfigTracker/CONFIG]: Config file Mekanism/startup.toml for mekanism tracking
[11dic2025 14:06:17.585] [modloading-worker-0/DEBUG] [net.neoforged.fml.javafmlmod.AutomaticEventSubscriber/LOADING]: Scanning class net.neoforged.neoforge.network.ConfigurationInitialization for @SubscribeEvent-annotated methods
[11dic2025 14:06:17.587] [modloading-worker-0/DEBUG] [net.neoforged.fml.config.ConfigTracker/CONFIG]: Loaded TOML config file /Users/joshua.morotti/dev/personal/PipezRetriever/runs/client/config/Mekanism/startup.toml
[11dic2025 14:06:17.587] [modloading-worker-0/DEBUG] [net.neoforged.fml.config.ConfigTracker/CONFIG]: Watching TOML config file /Users/joshua.morotti/dev/personal/PipezRetriever/runs/client/config/Mekanism/startup.toml for changes
[11dic2025 14:06:17.587] [modloading-worker-0/DEBUG] [net.neoforged.fml.config.ConfigTracker/CONFIG]: Config file Mekanism/machine-storage.toml for mekanism tracking
[11dic2025 14:06:17.587] [modloading-worker-0/DEBUG] [net.neoforged.fml.config.ConfigTracker/CONFIG]: Config file Mekanism/tiers.toml for mekanism tracking
[11dic2025 14:06:17.587] [modloading-worker-0/DEBUG] [net.neoforged.fml.config.ConfigTracker/CONFIG]: Config file Mekanism/machine-usage.toml for mekanism tracking
[11dic2025 14:06:17.587] [modloading-worker-0/DEBUG] [net.neoforged.fml.config.ConfigTracker/CONFIG]: Config file Mekanism/world.toml for mekanism tracking
[11dic2025 14:06:17.590] [modloading-worker-0/INFO] [KubeJS/]: Found plugin source kubejs
[11dic2025 14:06:17.609] [modloading-worker-0/WARN] [KubeJS/]: Plugin dev.latvian.mods.kubejs.integration.gamestages.GameStagesIntegration does not have required mod 'gamestages' loaded, skipping
[11dic2025 14:06:17.611] [modloading-worker-0/INFO] [KubeJS/]: Done in 32.16 ms
[11dic2025 14:06:17.615] [modloading-worker-0/DEBUG] [net.neoforged.fml.javafmlmod.AutomaticEventSubscriber/]: Subscribing @EventBusSubscriber class Lnet/neoforged/neoforge/network/ConfigurationInitialization; to the mod event bus of mod neoforge
[11dic2025 14:06:17.615] [modloading-worker-0/DEBUG] [net.neoforged.fml.javafmlmod.AutomaticEventSubscriber/LOADING]: Scanning class net.neoforged.neoforge.common.MonsterRoomHooks for @SubscribeEvent-annotated methods
[11dic2025 14:06:17.616] [modloading-worker-0/DEBUG] [net.neoforged.fml.javafmlmod.AutomaticEventSubscriber/]: Subscribing @EventBusSubscriber class Lnet/neoforged/neoforge/common/MonsterRoomHooks; to the game event bus
[11dic2025 14:06:17.616] [modloading-worker-0/DEBUG] [net.neoforged.fml.javafmlmod.AutomaticEventSubscriber/LOADING]: Scanning class net.neoforged.neoforge.common.DeferredSpawnEggItem$CommonHandler for @SubscribeEvent-annotated methods
[11dic2025 14:06:17.624] [modloading-worker-0/DEBUG] [net.neoforged.fml.javafmlmod.AutomaticEventSubscriber/]: Subscribing @EventBusSubscriber class Lnet/neoforged/neoforge/common/DeferredSpawnEggItem$CommonHandler; to the mod event bus of mod neoforge
[11dic2025 14:06:17.625] [modloading-worker-0/DEBUG] [net.neoforged.fml.javafmlmod.AutomaticEventSubscriber/LOADING]: Scanning class net.neoforged.neoforge.common.DeferredSpawnEggItem$ColorRegisterHandler for @SubscribeEvent-annotated methods
[11dic2025 14:06:17.625] [modloading-worker-0/DEBUG] [net.neoforged.fml.javafmlmod.AutomaticEventSubscriber/]: Subscribing @EventBusSubscriber class Lnet/neoforged/neoforge/common/DeferredSpawnEggItem$ColorRegisterHandler; to the mod event bus of mod neoforge
[11dic2025 14:06:17.625] [modloading-worker-0/DEBUG] [net.neoforged.fml.javafmlmod.AutomaticEventSubscriber/LOADING]: Scanning class net.neoforged.neoforge.client.model.data.ModelDataManager for @SubscribeEvent-annotated methods
[11dic2025 14:06:17.628] [modloading-worker-0/DEBUG] [net.neoforged.fml.javafmlmod.AutomaticEventSubscriber/]: Subscribing @EventBusSubscriber class Lnet/neoforged/neoforge/client/model/data/ModelDataManager; to the game event bus
[11dic2025 14:06:17.629] [modloading-worker-0/DEBUG] [net.neoforged.fml.javafmlmod.AutomaticEventSubscriber/LOADING]: Scanning class net.neoforged.neoforge.client.ParticleBoundsDebugRenderer for @SubscribeEvent-annotated methods
[11dic2025 14:06:17.631] [modloading-worker-0/DEBUG] [net.neoforged.fml.javafmlmod.AutomaticEventSubscriber/]: Subscribing @EventBusSubscriber class Lnet/neoforged/neoforge/client/ParticleBoundsDebugRenderer; to the game event bus
[11dic2025 14:06:17.632] [modloading-worker-0/DEBUG] [net.neoforged.fml.javafmlmod.AutomaticEventSubscriber/LOADING]: Scanning class net.neoforged.neoforge.client.ClientHooks$ClientEvents for @SubscribeEvent-annotated methods
[11dic2025 14:06:17.632] [modloading-worker-0/DEBUG] [net.neoforged.fml.javafmlmod.AutomaticEventSubscriber/]: Subscribing @EventBusSubscriber class Lnet/neoforged/neoforge/client/ClientHooks$ClientEvents; to the mod event bus of mod neoforge
[11dic2025 14:06:17.632] [modloading-worker-0/DEBUG] [net.neoforged.fml.javafmlmod.AutomaticEventSubscriber/LOADING]: Scanning class net.neoforged.neoforge.client.BlockEntityRenderBoundsDebugRenderer for @SubscribeEvent-annotated methods
[11dic2025 14:06:17.633] [modloading-worker-0/DEBUG] [net.neoforged.fml.javafmlmod.AutomaticEventSubscriber/]: Subscribing @EventBusSubscriber class Lnet/neoforged/neoforge/client/BlockEntityRenderBoundsDebugRenderer; to the game event bus
[11dic2025 14:06:17.633] [modloading-worker-0/DEBUG] [net.neoforged.fml.javafmlmod.AutomaticEventSubscriber/LOADING]: Scanning class net.neoforged.neoforge.attachment.AttachmentInternals for @SubscribeEvent-annotated methods
[11dic2025 14:06:17.635] [modloading-worker-0/DEBUG] [net.neoforged.fml.javafmlmod.AutomaticEventSubscriber/]: Subscribing @EventBusSubscriber class Lnet/neoforged/neoforge/attachment/AttachmentInternals; to the game event bus
[11dic2025 14:06:17.650] [modloading-worker-0/DEBUG] [KubeJS/]: Took 0 ms to grab stacktrace classes.
[11dic2025 14:06:17.651] [modloading-worker-0/DEBUG] [KubeJS/]: Took 0 ms to grab stacktrace classes.
[11dic2025 14:06:17.651] [modloading-worker-0/DEBUG] [KubeJS/]: Took 0 ms to grab stacktrace classes.
[11dic2025 14:06:17.652] [modloading-worker-0/DEBUG] [KubeJS/]: Took 0 ms to grab stacktrace classes.
[11dic2025 14:06:17.652] [modloading-worker-0/DEBUG] [KubeJS/]: Took 0 ms to grab stacktrace classes.
[11dic2025 14:06:17.689] [modloading-worker-0/DEBUG] [mixin/]: Mixing SizedIngredientMixin from kubejs.mixins.json into net.neoforged.neoforge.common.crafting.SizedIngredient
[11dic2025 14:06:17.695] [modloading-worker-0/DEBUG] [mixin/]: Mixing FluidIngredientMixin from kubejs.mixins.json into net.neoforged.neoforge.fluids.crafting.FluidIngredient
[11dic2025 14:06:17.701] [modloading-worker-0/DEBUG] [mixin/]: Mixing SizedFluidIngredientMixin from kubejs.mixins.json into net.neoforged.neoforge.fluids.crafting.SizedFluidIngredient
[11dic2025 14:06:17.708] [modloading-worker-0/DEBUG] [net.neoforged.fml.config.ConfigTracker/CONFIG]: Config file guideme.toml for guideme tracking
[11dic2025 14:06:17.713] [modloading-worker-0/DEBUG] [net.neoforged.fml.javafmlmod.AutomaticEventSubscriber/LOADING]: Attempting to inject @EventBusSubscriber classes into the eventbus for guideme
[11dic2025 14:06:17.815] [modloading-worker-0/DEBUG] [mixin/]: Mixing ClientPlayNetworkHandlerMixin from fabric-networking-api-v1.client.mixins.json into net.minecraft.client.multiplayer.ClientPacketListener
[11dic2025 14:06:17.815] [modloading-worker-0/DEBUG] [mixin/]: fabric-networking-api-v1.client.mixins.json:ClientPlayNetworkHandlerMixin from mod fabric_networking_api_v1: Class version 65 required is higher than the class version supported by the current version of Mixin (JAVA_17 supports class version 61)
[11dic2025 14:06:17.816] [modloading-worker-0/DEBUG] [mixin/]: Mixing ClientPacketListenerMixin from kubejs.mixins.json into net.minecraft.client.multiplayer.ClientPacketListener
[11dic2025 14:06:17.818] [modloading-worker-0/DEBUG] [mixin/]: fabric-networking-api-v1.client.mixins.json:ClientPlayNetworkHandlerMixin from mod fabric_networking_api_v1->@Inject::initAddon(Lorg/spongepowered/asm/mixin/injection/callback/CallbackInfo;)V doesn't use it's CallbackInfo
[11dic2025 14:06:17.818] [modloading-worker-0/DEBUG] [mixin/]: fabric-networking-api-v1.client.mixins.json:ClientPlayNetworkHandlerMixin from mod fabric_networking_api_v1->@Inject::initAddon(Lorg/spongepowered/asm/mixin/injection/callback/CallbackInfo;)V has 0 override(s) in child classes
[11dic2025 14:06:17.818] [modloading-worker-0/DEBUG] [mixin/]: fabric-networking-api-v1.client.mixins.json:ClientPlayNetworkHandlerMixin from mod fabric_networking_api_v1->@Inject::initAddon(Lorg/spongepowered/asm/mixin/injection/callback/CallbackInfo;)V won't be passed a CallbackInfo as a result
[11dic2025 14:06:17.818] [modloading-worker-0/DEBUG] [mixin/]: fabric-networking-api-v1.client.mixins.json:ClientPlayNetworkHandlerMixin from mod fabric_networking_api_v1->@Inject::handleServerPlayReady(Lnet/minecraft/network/protocol/game/ClientboundLoginPacket;Lorg/spongepowered/asm/mixin/injection/callback/CallbackInfo;)V doesn't use it's CallbackInfo
[11dic2025 14:06:17.818] [modloading-worker-0/DEBUG] [mixin/]: fabric-networking-api-v1.client.mixins.json:ClientPlayNetworkHandlerMixin from mod fabric_networking_api_v1->@Inject::handleServerPlayReady(Lnet/minecraft/network/protocol/game/ClientboundLoginPacket;Lorg/spongepowered/asm/mixin/injection/callback/CallbackInfo;)V has 0 override(s) in child classes
[11dic2025 14:06:17.818] [modloading-worker-0/DEBUG] [mixin/]: fabric-networking-api-v1.client.mixins.json:ClientPlayNetworkHandlerMixin from mod fabric_networking_api_v1->@Inject::handleServerPlayReady(Lnet/minecraft/network/protocol/game/ClientboundLoginPacket;Lorg/spongepowered/asm/mixin/injection/callback/CallbackInfo;)V won't be passed a CallbackInfo as a result
[11dic2025 14:06:17.828] [modloading-worker-0/DEBUG] [mixin/]: Mixing ClientCommonNetworkHandlerAccessor from owo.mixins.json into net.minecraft.client.multiplayer.ClientCommonPacketListenerImpl
[11dic2025 14:06:17.828] [modloading-worker-0/DEBUG] [mixin/]: owo.mixins.json:ClientCommonNetworkHandlerAccessor from mod owo: Class version 65 required is higher than the class version supported by the current version of Mixin (JAVA_16 supports class version 60)
[11dic2025 14:06:17.828] [modloading-worker-0/DEBUG] [mixin/]: Mixing ClientCommonNetworkHandlerMixin from fabric-networking-api-v1.client.mixins.json into net.minecraft.client.multiplayer.ClientCommonPacketListenerImpl
[11dic2025 14:06:17.828] [modloading-worker-0/DEBUG] [mixin/]: fabric-networking-api-v1.client.mixins.json:ClientCommonNetworkHandlerMixin from mod fabric_networking_api_v1: Class version 65 required is higher than the class version supported by the current version of Mixin (JAVA_17 supports class version 61)
[11dic2025 14:06:17.839] [modloading-worker-0/DEBUG] [mixin/]: Mixing WorldOpenFlowsMixin from kubejs.mixins.json into net.minecraft.client.gui.screens.worldselection.WorldOpenFlows
[11dic2025 14:06:17.840] [modloading-worker-0/DEBUG] [mixin/]: kubejs.mixins.json:WorldOpenFlowsMixin from mod kubejs->@Inject::printServerLogWarning(Lorg/spongepowered/asm/mixin/injection/callback/CallbackInfo;)V doesn't use it's CallbackInfo
[11dic2025 14:06:17.840] [modloading-worker-0/DEBUG] [mixin/]: kubejs.mixins.json:WorldOpenFlowsMixin from mod kubejs->@Inject::printServerLogWarning(Lorg/spongepowered/asm/mixin/injection/callback/CallbackInfo;)V has 0 override(s) in child classes
[11dic2025 14:06:17.840] [modloading-worker-0/DEBUG] [mixin/]: kubejs.mixins.json:WorldOpenFlowsMixin from mod kubejs->@Inject::printServerLogWarning(Lorg/spongepowered/asm/mixin/injection/callback/CallbackInfo;)V won't be passed a CallbackInfo as a result
[11dic2025 14:06:17.848] [modloading-worker-0/DEBUG] [mixin/]: Mixing client.TextureManagerMixin from geckolib.mixins.json into net.minecraft.client.renderer.texture.TextureManager
[11dic2025 14:06:17.848] [modloading-worker-0/DEBUG] [mixin/]: geckolib.mixins.json:client.TextureManagerMixin from mod geckolib: Class version 65 required is higher than the class version supported by the current version of Mixin (JAVA_17 supports class version 61)
[11dic2025 14:06:17.853] [modloading-worker-0/DEBUG] [mixin/]: Mixing text.TranslationStorageMixin from owo.mixins.json into net.minecraft.client.resources.language.ClientLanguage
[11dic2025 14:06:17.853] [modloading-worker-0/DEBUG] [mixin/]: owo.mixins.json:text.TranslationStorageMixin from mod owo: Class version 65 required is higher than the class version supported by the current version of Mixin (JAVA_16 supports class version 60)
[11dic2025 14:06:17.853] [modloading-worker-0/DEBUG] [mixin/]: Renaming synthetic method lambda$kawaii$0(Lcom/google/common/collect/ImmutableMap$Builder;Ljava/lang/String;Ljava/lang/String;)V to mdd29a09$owo$lambda$kawaii$0$0 in owo.mixins.json:text.TranslationStorageMixin from mod owo
[11dic2025 14:06:17.855] [modloading-worker-0/DEBUG] [mixin/]: owo.mixins.json:text.TranslationStorageMixin from mod owo->@Inject::kawaii(Ljava/util/Map;ZLorg/spongepowered/asm/mixin/injection/callback/CallbackInfo;)V doesn't use it's CallbackInfo
[11dic2025 14:06:17.855] [modloading-worker-0/DEBUG] [mixin/]: owo.mixins.json:text.TranslationStorageMixin from mod owo->@Inject::kawaii(Ljava/util/Map;ZLorg/spongepowered/asm/mixin/injection/callback/CallbackInfo;)V has 0 override(s) in child classes
[11dic2025 14:06:17.855] [modloading-worker-0/DEBUG] [mixin/]: owo.mixins.json:text.TranslationStorageMixin from mod owo->@Inject::kawaii(Ljava/util/Map;ZLorg/spongepowered/asm/mixin/injection/callback/CallbackInfo;)V won't be passed a CallbackInfo as a result
[11dic2025 14:06:17.861] [modloading-worker-0/DEBUG] [mixin/]: Mixing ui.EntityRenderDispatcherMixin from owo.mixins.json into net.minecraft.client.renderer.entity.EntityRenderDispatcher
[11dic2025 14:06:17.862] [modloading-worker-0/DEBUG] [mixin/]: owo.mixins.json:ui.EntityRenderDispatcherMixin from mod owo: Class version 65 required is higher than the class version supported by the current version of Mixin (JAVA_16 supports class version 60)
[11dic2025 14:06:17.865] [modloading-worker-0/DEBUG] [mixin/]: owo.mixins.json:ui.EntityRenderDispatcherMixin from mod owo->@Inject::cancelFireRotation(Lcom/mojang/blaze3d/vertex/PoseStack;Lnet/minecraft/client/renderer/MultiBufferSource;Lnet/minecraft/world/entity/Entity;Lorg/joml/Quaternionf;Lorg/spongepowered/asm/mixin/injection/callback/CallbackInfo;)V doesn't use it's CallbackInfo
[11dic2025 14:06:17.865] [modloading-worker-0/DEBUG] [mixin/]: owo.mixins.json:ui.EntityRenderDispatcherMixin from mod owo->@Inject::cancelFireRotation(Lcom/mojang/blaze3d/vertex/PoseStack;Lnet/minecraft/client/renderer/MultiBufferSource;Lnet/minecraft/world/entity/Entity;Lorg/joml/Quaternionf;Lorg/spongepowered/asm/mixin/injection/callback/CallbackInfo;)V has 0 override(s) in child classes
[11dic2025 14:06:17.865] [modloading-worker-0/DEBUG] [mixin/]: owo.mixins.json:ui.EntityRenderDispatcherMixin from mod owo->@Inject::cancelFireRotation(Lcom/mojang/blaze3d/vertex/PoseStack;Lnet/minecraft/client/renderer/MultiBufferSource;Lnet/minecraft/world/entity/Entity;Lorg/joml/Quaternionf;Lorg/spongepowered/asm/mixin/injection/callback/CallbackInfo;)V won't be passed a CallbackInfo as a result
[11dic2025 14:06:17.873] [modloading-worker-0/DEBUG] [mixin/]: Mixing client.LevelRendererMixin from geckolib.mixins.json into net.minecraft.client.renderer.LevelRenderer
[11dic2025 14:06:17.874] [modloading-worker-0/DEBUG] [mixin/]: geckolib.mixins.json:client.LevelRendererMixin from mod geckolib: Class version 65 required is higher than the class version supported by the current version of Mixin (JAVA_17 supports class version 61)
[11dic2025 14:06:17.874] [modloading-worker-0/DEBUG] [mixin/]: Renaming synthetic method lambda$geckolib$captureRenderedEntities$0(I)D to mdd29a09$geckolib$lambda$geckolib$captureRenderedEntities$0$0 in geckolib.mixins.json:client.LevelRendererMixin from mod geckolib
[11dic2025 14:06:17.874] [modloading-worker-0/DEBUG] [mixin/]: Mixing LevelRendererMixin from kubejs.mixins.json into net.minecraft.client.renderer.LevelRenderer
[11dic2025 14:06:17.875] [modloading-worker-0/DEBUG] [mixin/]: Mixing LevelRendererMixin from supermartijn642corelib.mixins.json into net.minecraft.client.renderer.LevelRenderer
[11dic2025 14:06:17.875] [modloading-worker-0/DEBUG] [mixin/]: supermartijn642corelib.mixins.json:LevelRendererMixin from mod supermartijn642corelib: Class version 65 required is higher than the class version supported by the current version of Mixin (JAVA_17 supports class version 61)
[11dic2025 14:06:17.877] [modloading-worker-0/DEBUG] [mixin/]: geckolib.mixins.json:client.LevelRendererMixin from mod geckolib->@Inject::geckolib$captureRenderedEntities(Lnet/minecraft/client/DeltaTracker;ZLnet/minecraft/client/Camera;Lnet/minecraft/client/renderer/GameRenderer;Lnet/minecraft/client/renderer/LightTexture;Lorg/joml/Matrix4f;Lorg/joml/Matrix4f;Lorg/spongepowered/asm/mixin/injection/callback/CallbackInfo;)V doesn't use it's CallbackInfo
[11dic2025 14:06:17.877] [modloading-worker-0/DEBUG] [mixin/]: geckolib.mixins.json:client.LevelRendererMixin from mod geckolib->@Inject::geckolib$captureRenderedEntities(Lnet/minecraft/client/DeltaTracker;ZLnet/minecraft/client/Camera;Lnet/minecraft/client/renderer/GameRenderer;Lnet/minecraft/client/renderer/LightTexture;Lorg/joml/Matrix4f;Lorg/joml/Matrix4f;Lorg/spongepowered/asm/mixin/injection/callback/CallbackInfo;)V has 0 override(s) in child classes
[11dic2025 14:06:17.877] [modloading-worker-0/DEBUG] [mixin/]: geckolib.mixins.json:client.LevelRendererMixin from mod geckolib->@Inject::geckolib$captureRenderedEntities(Lnet/minecraft/client/DeltaTracker;ZLnet/minecraft/client/Camera;Lnet/minecraft/client/renderer/GameRenderer;Lnet/minecraft/client/renderer/LightTexture;Lorg/joml/Matrix4f;Lorg/joml/Matrix4f;Lorg/spongepowered/asm/mixin/injection/callback/CallbackInfo;)V won't be passed a CallbackInfo as a result
[11dic2025 14:06:17.878] [modloading-worker-0/DEBUG] [mixin/]: kubejs.mixins.json:LevelRendererMixin from mod kubejs->@Inject::kjs$loadPostChains(Lorg/spongepowered/asm/mixin/injection/callback/CallbackInfo;)V doesn't use it's CallbackInfo
[11dic2025 14:06:17.878] [modloading-worker-0/DEBUG] [mixin/]: kubejs.mixins.json:LevelRendererMixin from mod kubejs->@Inject::kjs$loadPostChains(Lorg/spongepowered/asm/mixin/injection/callback/CallbackInfo;)V has 0 override(s) in child classes
[11dic2025 14:06:17.878] [modloading-worker-0/DEBUG] [mixin/]: kubejs.mixins.json:LevelRendererMixin from mod kubejs->@Inject::kjs$loadPostChains(Lorg/spongepowered/asm/mixin/injection/callback/CallbackInfo;)V won't be passed a CallbackInfo as a result
[11dic2025 14:06:17.878] [modloading-worker-0/DEBUG] [mixin/]: kubejs.mixins.json:LevelRendererMixin from mod kubejs->@Inject::kjs$resizePostChains(IILorg/spongepowered/asm/mixin/injection/callback/CallbackInfo;)V doesn't use it's CallbackInfo
[11dic2025 14:06:17.878] [modloading-worker-0/DEBUG] [mixin/]: kubejs.mixins.json:LevelRendererMixin from mod kubejs->@Inject::kjs$resizePostChains(IILorg/spongepowered/asm/mixin/injection/callback/CallbackInfo;)V has 0 override(s) in child classes
[11dic2025 14:06:17.878] [modloading-worker-0/DEBUG] [mixin/]: kubejs.mixins.json:LevelRendererMixin from mod kubejs->@Inject::kjs$resizePostChains(IILorg/spongepowered/asm/mixin/injection/callback/CallbackInfo;)V won't be passed a CallbackInfo as a result
[11dic2025 14:06:17.878] [modloading-worker-0/DEBUG] [mixin/]: kubejs.mixins.json:LevelRendererMixin from mod kubejs->@Inject::kjs$highlightBlock(Lcom/mojang/blaze3d/vertex/PoseStack;Lcom/mojang/blaze3d/vertex/VertexConsumer;Lnet/minecraft/world/entity/Entity;DDDLnet/minecraft/core/BlockPos;Lnet/minecraft/world/level/block/state/BlockState;Lorg/spongepowered/asm/mixin/injection/callback/CallbackInfo;)V does use it's CallbackInfo
[11dic2025 14:06:17.878] [modloading-worker-0/DEBUG] [mixin/]: supermartijn642corelib.mixins.json:LevelRendererMixin from mod supermartijn642corelib->@Inject::renderLevel(Lnet/minecraft/client/DeltaTracker;ZLnet/minecraft/client/Camera;Lnet/minecraft/client/renderer/GameRenderer;Lnet/minecraft/client/renderer/LightTexture;Lorg/joml/Matrix4f;Lorg/joml/Matrix4f;Lorg/spongepowered/asm/mixin/injection/callback/CallbackInfo;)V doesn't use it's CallbackInfo
[11dic2025 14:06:17.878] [modloading-worker-0/DEBUG] [mixin/]: supermartijn642corelib.mixins.json:LevelRendererMixin from mod supermartijn642corelib->@Inject::renderLevel(Lnet/minecraft/client/DeltaTracker;ZLnet/minecraft/client/Camera;Lnet/minecraft/client/renderer/GameRenderer;Lnet/minecraft/client/renderer/LightTexture;Lorg/joml/Matrix4f;Lorg/joml/Matrix4f;Lorg/spongepowered/asm/mixin/injection/callback/CallbackInfo;)V has 0 override(s) in child classes
[11dic2025 14:06:17.878] [modloading-worker-0/DEBUG] [mixin/]: supermartijn642corelib.mixins.json:LevelRendererMixin from mod supermartijn642corelib->@Inject::renderLevel(Lnet/minecraft/client/DeltaTracker;ZLnet/minecraft/client/Camera;Lnet/minecraft/client/renderer/GameRenderer;Lnet/minecraft/client/renderer/LightTexture;Lorg/joml/Matrix4f;Lorg/joml/Matrix4f;Lorg/spongepowered/asm/mixin/injection/callback/CallbackInfo;)V won't be passed a CallbackInfo as a result
[11dic2025 14:06:17.888] [modloading-worker-0/DEBUG] [mixin/]: Mixing FontMixin from jade.mixins.json into net.minecraft.client.gui.Font
[11dic2025 14:06:17.888] [modloading-worker-0/DEBUG] [mixin/]: jade.mixins.json:FontMixin from mod jade: Class version 65 required is higher than the class version supported by the current version of Mixin (JAVA_16 supports class version 60)
[11dic2025 14:06:17.891] [modloading-worker-0/DEBUG] [mixin/]: jade.mixins.json:FontMixin from mod jade->@Inject::jade$renderChar(Lnet/minecraft/client/gui/font/glyphs/BakedGlyph;ZZFFFLorg/joml/Matrix4f;Lcom/mojang/blaze3d/vertex/VertexConsumer;FFFFILorg/spongepowered/asm/mixin/injection/callback/CallbackInfo;)V does use it's CallbackInfo
[11dic2025 14:06:17.894] [modloading-worker-0/DEBUG] [mixin/]: Mixing shader.GameRendererMixin from owo.mixins.json into net.minecraft.client.renderer.GameRenderer
[11dic2025 14:06:17.894] [modloading-worker-0/DEBUG] [mixin/]: owo.mixins.json:shader.GameRendererMixin from mod owo: Class version 65 required is higher than the class version supported by the current version of Mixin (JAVA_16 supports class version 60)
[11dic2025 14:06:17.894] [modloading-worker-0/DEBUG] [mixin/]: Renaming synthetic method lambda$loadAllTheShaders$0(Ljava/util/List;Lnet/minecraft/server/packs/resources/ResourceProvider;Lnet/minecraft/util/Tuple;)V to mdd29a09$owo$lambda$loadAllTheShaders$0$0 in owo.mixins.json:shader.GameRendererMixin from mod owo
[11dic2025 14:06:17.896] [modloading-worker-0/DEBUG] [mixin/]: Mixing GameRendererMixin from kubejs.mixins.json into net.minecraft.client.renderer.GameRenderer
[11dic2025 14:06:17.898] [modloading-worker-0/DEBUG] [mixin/]: owo.mixins.json:shader.GameRendererMixin from mod owo->@Inject::loadAllTheShaders(Lnet/minecraft/server/packs/resources/ResourceProvider;Lorg/spongepowered/asm/mixin/injection/callback/CallbackInfo;Ljava/util/List;Ljava/util/List;)V doesn't use it's CallbackInfo
[11dic2025 14:06:17.898] [modloading-worker-0/DEBUG] [mixin/]: owo.mixins.json:shader.GameRendererMixin from mod owo->@Inject::loadAllTheShaders(Lnet/minecraft/server/packs/resources/ResourceProvider;Lorg/spongepowered/asm/mixin/injection/callback/CallbackInfo;Ljava/util/List;Ljava/util/List;)V has 0 override(s) in child classes
[11dic2025 14:06:17.898] [modloading-worker-0/DEBUG] [mixin/]: owo.mixins.json:shader.GameRendererMixin from mod owo->@Inject::loadAllTheShaders(Lnet/minecraft/server/packs/resources/ResourceProvider;Lorg/spongepowered/asm/mixin/injection/callback/CallbackInfo;Ljava/util/List;Ljava/util/List;)V won't be passed a CallbackInfo as a result
[11dic2025 14:06:17.899] [modloading-worker-0/DEBUG] [mixin/]: kubejs.mixins.json:GameRendererMixin from mod kubejs->@Inject::kjs$checkEntityPostEffect(Lorg/spongepowered/asm/mixin/injection/callback/CallbackInfo;)V does use it's CallbackInfo
[11dic2025 14:06:17.929] [modloading-worker-0/INFO] [KubeJS Startup/]: startup_scripts:main.js#2: Hello, World! (Loaded startup example script)
[11dic2025 14:06:17.929] [modloading-worker-0/INFO] [KubeJS Startup/]: Loaded script startup_scripts:main.js in 0.019 s
[11dic2025 14:06:17.931] [modloading-worker-0/INFO] [KubeJS Startup/]: Loaded 1/1 KubeJS startup scripts in 0.305 s with 0 errors and 0 warnings
[11dic2025 14:06:17.945] [modloading-worker-0/INFO] [KubeJS Client/]: client_scripts:main.js#2: Hello, World! (Loaded client example script)
[11dic2025 14:06:17.945] [modloading-worker-0/INFO] [KubeJS Client/]: Loaded script client_scripts:main.js in 0.0 s
[11dic2025 14:06:17.945] [modloading-worker-0/INFO] [KubeJS Client/]: Loaded 1/1 KubeJS client scripts in 0.014 s with 0 errors and 0 warnings
[11dic2025 14:06:17.950] [modloading-worker-0/DEBUG] [net.neoforged.fml.javafmlmod.AutomaticEventSubscriber/LOADING]: Attempting to inject @EventBusSubscriber classes into the eventbus for kubejs
[11dic2025 14:06:17.951] [modloading-worker-0/DEBUG] [net.neoforged.fml.javafmlmod.AutomaticEventSubscriber/LOADING]: Scanning class dev.latvian.mods.kubejs.item.KubeJSItemEventHandler for @SubscribeEvent-annotated methods
[11dic2025 14:06:17.951] [modloading-worker-0/DEBUG] [net.neoforged.fml.javafmlmod.AutomaticEventSubscriber/]: Subscribing @EventBusSubscriber class Ldev/latvian/mods/kubejs/item/KubeJSItemEventHandler; to the game event bus
[11dic2025 14:06:17.952] [modloading-worker-0/DEBUG] [net.neoforged.fml.javafmlmod.AutomaticEventSubscriber/LOADING]: Scanning class dev.latvian.mods.kubejs.block.KubeJSBlockEventHandler for @SubscribeEvent-annotated methods
[11dic2025 14:06:17.952] [modloading-worker-0/DEBUG] [net.neoforged.fml.javafmlmod.AutomaticEventSubscriber/]: Subscribing @EventBusSubscriber class Ldev/latvian/mods/kubejs/block/KubeJSBlockEventHandler; to the game event bus
[11dic2025 14:06:17.953] [modloading-worker-0/DEBUG] [net.neoforged.fml.javafmlmod.AutomaticEventSubscriber/LOADING]: Scanning class dev.latvian.mods.kubejs.server.KubeJSServerEventHandler for @SubscribeEvent-annotated methods
[11dic2025 14:06:17.954] [modloading-worker-0/DEBUG] [net.neoforged.fml.javafmlmod.AutomaticEventSubscriber/]: Subscribing @EventBusSubscriber class Ldev/latvian/mods/kubejs/server/KubeJSServerEventHandler; to the game event bus
[11dic2025 14:06:17.955] [modloading-worker-0/DEBUG] [net.neoforged.fml.javafmlmod.AutomaticEventSubscriber/LOADING]: Scanning class dev.latvian.mods.kubejs.entity.KubeJSEntityEventHandler for @SubscribeEvent-annotated methods
[11dic2025 14:06:17.955] [modloading-worker-0/DEBUG] [net.neoforged.fml.javafmlmod.AutomaticEventSubscriber/]: Subscribing @EventBusSubscriber class Ldev/latvian/mods/kubejs/entity/KubeJSEntityEventHandler; to the game event bus
[11dic2025 14:06:17.956] [modloading-worker-0/DEBUG] [net.neoforged.fml.javafmlmod.AutomaticEventSubscriber/LOADING]: Scanning class dev.latvian.mods.kubejs.client.KubeJSModClientEventHandler for @SubscribeEvent-annotated methods
[11dic2025 14:06:17.957] [modloading-worker-0/DEBUG] [net.neoforged.fml.javafmlmod.AutomaticEventSubscriber/]: Subscribing @EventBusSubscriber class Ldev/latvian/mods/kubejs/client/KubeJSModClientEventHandler; to the mod event bus of mod kubejs
[11dic2025 14:06:17.958] [modloading-worker-0/DEBUG] [net.neoforged.fml.javafmlmod.AutomaticEventSubscriber/LOADING]: Scanning class dev.latvian.mods.kubejs.client.KubeJSGameClientEventHandler for @SubscribeEvent-annotated methods
[11dic2025 14:06:17.960] [modloading-worker-0/DEBUG] [net.neoforged.fml.javafmlmod.AutomaticEventSubscriber/]: Subscribing @EventBusSubscriber class Ldev/latvian/mods/kubejs/client/KubeJSGameClientEventHandler; to the game event bus
[11dic2025 14:06:17.961] [modloading-worker-0/DEBUG] [net.neoforged.fml.javafmlmod.AutomaticEventSubscriber/LOADING]: Scanning class dev.latvian.mods.kubejs.registry.RegistryEventHandler for @SubscribeEvent-annotated methods
[11dic2025 14:06:17.962] [modloading-worker-0/DEBUG] [net.neoforged.fml.javafmlmod.AutomaticEventSubscriber/]: Subscribing @EventBusSubscriber class Ldev/latvian/mods/kubejs/registry/RegistryEventHandler; to the mod event bus of mod kubejs
[11dic2025 14:06:17.962] [modloading-worker-0/DEBUG] [net.neoforged.fml.javafmlmod.AutomaticEventSubscriber/LOADING]: Scanning class dev.latvian.mods.kubejs.player.KubeJSPlayerEventHandler for @SubscribeEvent-annotated methods
[11dic2025 14:06:17.963] [modloading-worker-0/DEBUG] [net.neoforged.fml.javafmlmod.AutomaticEventSubscriber/]: Subscribing @EventBusSubscriber class Ldev/latvian/mods/kubejs/player/KubeJSPlayerEventHandler; to the game event bus
[11dic2025 14:06:17.964] [modloading-worker-0/DEBUG] [net.neoforged.fml.javafmlmod.AutomaticEventSubscriber/LOADING]: Scanning class dev.latvian.mods.kubejs.level.KubeJSWorldEventHandler for @SubscribeEvent-annotated methods
[11dic2025 14:06:17.965] [modloading-worker-0/DEBUG] [net.neoforged.fml.javafmlmod.AutomaticEventSubscriber/]: Subscribing @EventBusSubscriber class Ldev/latvian/mods/kubejs/level/KubeJSWorldEventHandler; to the game event bus
[11dic2025 14:06:17.965] [modloading-worker-0/DEBUG] [net.neoforged.fml.javafmlmod.AutomaticEventSubscriber/LOADING]: Scanning class dev.latvian.mods.kubejs.KubeJSModEventHandler for @SubscribeEvent-annotated methods
[11dic2025 14:06:17.967] [modloading-worker-0/DEBUG] [net.neoforged.fml.javafmlmod.AutomaticEventSubscriber/]: Subscribing @EventBusSubscriber class Ldev/latvian/mods/kubejs/KubeJSModEventHandler; to the mod event bus of mod kubejs
[11dic2025 14:06:17.967] [modloading-worker-0/DEBUG] [net.neoforged.fml.javafmlmod.AutomaticEventSubscriber/LOADING]: Scanning class dev.latvian.mods.kubejs.net.KubeJSNet for @SubscribeEvent-annotated methods
[11dic2025 14:06:17.968] [modloading-worker-0/DEBUG] [net.neoforged.fml.javafmlmod.AutomaticEventSubscriber/]: Subscribing @EventBusSubscriber class Ldev/latvian/mods/kubejs/net/KubeJSNet; to the mod event bus of mod kubejs
[11dic2025 14:06:18.271] [modloading-worker-0/DEBUG] [net.neoforged.fml.javafmlmod.AutomaticEventSubscriber/LOADING]: Attempting to inject @EventBusSubscriber classes into the eventbus for mekanism
[11dic2025 14:06:18.272] [modloading-worker-0/DEBUG] [net.neoforged.fml.javafmlmod.AutomaticEventSubscriber/LOADING]: Scanning class mekanism.common.lib.transmitter.TransmitterNetworkRegistry for @SubscribeEvent-annotated methods
[11dic2025 14:06:18.274] [modloading-worker-0/DEBUG] [net.neoforged.fml.javafmlmod.AutomaticEventSubscriber/]: Subscribing @EventBusSubscriber class Lmekanism/common/lib/transmitter/TransmitterNetworkRegistry; to the game event bus
[11dic2025 14:06:18.274] [modloading-worker-0/DEBUG] [net.neoforged.fml.javafmlmod.AutomaticEventSubscriber/LOADING]: Scanning class mekanism.common.lib.radiation.PlayerExposure for @SubscribeEvent-annotated methods
[11dic2025 14:06:18.275] [modloading-worker-0/DEBUG] [net.neoforged.fml.javafmlmod.AutomaticEventSubscriber/]: Subscribing @EventBusSubscriber class Lmekanism/common/lib/radiation/PlayerExposure; to the game event bus
[11dic2025 14:06:18.276] [modloading-worker-0/DEBUG] [net.neoforged.fml.javafmlmod.AutomaticEventSubscriber/LOADING]: Scanning class mekanism.common.lib.radiation.MeltdownLevelData for @SubscribeEvent-annotated methods
[11dic2025 14:06:18.276] [modloading-worker-0/DEBUG] [net.neoforged.fml.javafmlmod.AutomaticEventSubscriber/]: Subscribing @EventBusSubscriber class Lmekanism/common/lib/radiation/MeltdownLevelData; to the game event bus
[11dic2025 14:06:18.277] [modloading-worker-0/DEBUG] [net.neoforged.fml.javafmlmod.AutomaticEventSubscriber/LOADING]: Scanning class mekanism.common.lib.multiblock.MultiblockManager for @SubscribeEvent-annotated methods
[11dic2025 14:06:18.277] [modloading-worker-0/DEBUG] [net.neoforged.fml.javafmlmod.AutomaticEventSubscriber/]: Subscribing @EventBusSubscriber class Lmekanism/common/lib/multiblock/MultiblockManager; to the game event bus
[11dic2025 14:06:18.278] [modloading-worker-0/DEBUG] [net.neoforged.fml.javafmlmod.AutomaticEventSubscriber/LOADING]: Scanning class mekanism.common.base.holiday.ClientHolidayInfo for @SubscribeEvent-annotated methods
[11dic2025 14:06:18.281] [modloading-worker-0/DEBUG] [net.neoforged.fml.javafmlmod.AutomaticEventSubscriber/]: Subscribing @EventBusSubscriber class Lmekanism/common/base/holiday/ClientHolidayInfo; to the mod event bus of mod mekanism
[11dic2025 14:06:18.283] [modloading-worker-0/DEBUG] [net.neoforged.fml.javafmlmod.AutomaticEventSubscriber/LOADING]: Scanning class mekanism.client.sound.SoundHandler for @SubscribeEvent-annotated methods
[11dic2025 14:06:18.286] [modloading-worker-0/DEBUG] [net.neoforged.fml.javafmlmod.AutomaticEventSubscriber/]: Subscribing @EventBusSubscriber class Lmekanism/client/sound/SoundHandler; to the mod event bus of mod mekanism
[11dic2025 14:06:18.287] [modloading-worker-0/DEBUG] [net.neoforged.fml.javafmlmod.AutomaticEventSubscriber/LOADING]: Scanning class mekanism.client.render.MekanismShaders for @SubscribeEvent-annotated methods
[11dic2025 14:06:18.296] [modloading-worker-0/DEBUG] [net.neoforged.fml.javafmlmod.AutomaticEventSubscriber/]: Subscribing @EventBusSubscriber class Lmekanism/client/render/MekanismShaders; to the mod event bus of mod mekanism
[11dic2025 14:06:18.297] [modloading-worker-0/DEBUG] [net.neoforged.fml.javafmlmod.AutomaticEventSubscriber/LOADING]: Scanning class mekanism.client.render.MekanismRenderer for @SubscribeEvent-annotated methods
[11dic2025 14:06:18.299] [modloading-worker-0/DEBUG] [net.neoforged.fml.javafmlmod.AutomaticEventSubscriber/]: Subscribing @EventBusSubscriber class Lmekanism/client/render/MekanismRenderer; to the mod event bus of mod mekanism
[11dic2025 14:06:18.300] [modloading-worker-0/DEBUG] [net.neoforged.fml.javafmlmod.AutomaticEventSubscriber/LOADING]: Scanning class mekanism.client.ClientRegistration for @SubscribeEvent-annotated methods
[11dic2025 14:06:18.302] [modloading-worker-0/DEBUG] [mixin/]: Mixing client.BlockEntityWithoutLevelRendererMixin from geckolib.mixins.json into net.minecraft.client.renderer.BlockEntityWithoutLevelRenderer
[11dic2025 14:06:18.302] [modloading-worker-0/DEBUG] [mixin/]: geckolib.mixins.json:client.BlockEntityWithoutLevelRendererMixin from mod geckolib: Class version 65 required is higher than the class version supported by the current version of Mixin (JAVA_17 supports class version 61)
[11dic2025 14:06:18.304] [modloading-worker-0/DEBUG] [mixin/]: geckolib.mixins.json:client.BlockEntityWithoutLevelRendererMixin from mod geckolib->@Inject::geckolib$renderGeckolibItem(Lnet/minecraft/world/item/ItemStack;Lnet/minecraft/world/item/ItemDisplayContext;Lcom/mojang/blaze3d/vertex/PoseStack;Lnet/minecraft/client/renderer/MultiBufferSource;IILorg/spongepowered/asm/mixin/injection/callback/CallbackInfo;)V does use it's CallbackInfo
[11dic2025 14:06:18.309] [modloading-worker-0/DEBUG] [mixin/]: Mixing ui.EntityRendererMixin from owo.mixins.json into net.minecraft.client.renderer.entity.EntityRenderer
[11dic2025 14:06:18.310] [modloading-worker-0/DEBUG] [mixin/]: owo.mixins.json:ui.EntityRendererMixin from mod owo: Class version 65 required is higher than the class version supported by the current version of Mixin (JAVA_16 supports class version 60)
[11dic2025 14:06:18.311] [modloading-worker-0/DEBUG] [mixin/]: owo.mixins.json:ui.EntityRendererMixin from mod owo->@Inject::cancelLabel(Lnet/minecraft/world/entity/Entity;Lnet/minecraft/network/chat/Component;Lcom/mojang/blaze3d/vertex/PoseStack;Lnet/minecraft/client/renderer/MultiBufferSource;IFLorg/spongepowered/asm/mixin/injection/callback/CallbackInfo;)V does use it's CallbackInfo
[11dic2025 14:06:18.311] [modloading-worker-0/DEBUG] [mixin/]: owo.mixins.json:ui.EntityRendererMixin from mod owo->@Inject::adjustLabelRotation(Lnet/minecraft/world/entity/Entity;Lnet/minecraft/network/chat/Component;Lcom/mojang/blaze3d/vertex/PoseStack;Lnet/minecraft/client/renderer/MultiBufferSource;IFLorg/spongepowered/asm/mixin/injection/callback/CallbackInfo;)V doesn't use it's CallbackInfo
[11dic2025 14:06:18.311] [modloading-worker-0/DEBUG] [mixin/]: owo.mixins.json:ui.EntityRendererMixin from mod owo->@Inject::adjustLabelRotation(Lnet/minecraft/world/entity/Entity;Lnet/minecraft/network/chat/Component;Lcom/mojang/blaze3d/vertex/PoseStack;Lnet/minecraft/client/renderer/MultiBufferSource;IFLorg/spongepowered/asm/mixin/injection/callback/CallbackInfo;)V has 0 override(s) in child classes
[11dic2025 14:06:18.311] [modloading-worker-0/DEBUG] [mixin/]: owo.mixins.json:ui.EntityRendererMixin from mod owo->@Inject::adjustLabelRotation(Lnet/minecraft/world/entity/Entity;Lnet/minecraft/network/chat/Component;Lcom/mojang/blaze3d/vertex/PoseStack;Lnet/minecraft/client/renderer/MultiBufferSource;IFLorg/spongepowered/asm/mixin/injection/callback/CallbackInfo;)V won't be passed a CallbackInfo as a result
[11dic2025 14:06:18.314] [modloading-worker-0/DEBUG] [net.neoforged.fml.javafmlmod.AutomaticEventSubscriber/]: Subscribing @EventBusSubscriber class Lmekanism/client/ClientRegistration; to the mod event bus of mod mekanism
[11dic2025 14:06:18.319] [modloading-worker-0/DEBUG] [net.neoforged.fml.config.ConfigTracker/CONFIG]: Config file pipez-server.toml for pipez tracking
[11dic2025 14:06:18.319] [modloading-worker-0/DEBUG] [net.neoforged.fml.ModContainer/]: Attempted to register an empty config for type CLIENT on mod pipez
[11dic2025 14:06:18.323] [modloading-worker-0/DEBUG] [mixin/]: Mixing UpgradeTileEntityMixin from pipezretriever.mixins.json into de.maxhenkel.pipez.blocks.tileentity.UpgradeTileEntity
[11dic2025 14:06:18.324] [modloading-worker-0/DEBUG] [mixin/]: pipezretriever.mixins.json:UpgradeTileEntityMixin from mod pipezretriever->@Inject::pipezretriever$onSetExtracting(Lnet/minecraft/core/Direction;ZLorg/spongepowered/asm/mixin/injection/callback/CallbackInfo;)V doesn't use it's CallbackInfo
[11dic2025 14:06:18.324] [modloading-worker-0/DEBUG] [mixin/]: pipezretriever.mixins.json:UpgradeTileEntityMixin from mod pipezretriever->@Inject::pipezretriever$onSetExtracting(Lnet/minecraft/core/Direction;ZLorg/spongepowered/asm/mixin/injection/callback/CallbackInfo;)V has 0 override(s) in child classes
[11dic2025 14:06:18.324] [modloading-worker-0/DEBUG] [mixin/]: pipezretriever.mixins.json:UpgradeTileEntityMixin from mod pipezretriever->@Inject::pipezretriever$onSetExtracting(Lnet/minecraft/core/Direction;ZLorg/spongepowered/asm/mixin/injection/callback/CallbackInfo;)V won't be passed a CallbackInfo as a result
[11dic2025 14:06:18.325] [modloading-worker-0/DEBUG] [mixin/]: Mixing PipeTileEntityMixin from pipezretriever.mixins.json into de.maxhenkel.pipez.blocks.tileentity.PipeTileEntity
[11dic2025 14:06:18.328] [modloading-worker-0/DEBUG] [mixin/]: pipezretriever.mixins.json:PipeTileEntityMixin from mod pipezretriever->@Inject::pipezretriever$loadAdditional(Lnet/minecraft/nbt/CompoundTag;Lnet/minecraft/core/HolderLookup$Provider;Lorg/spongepowered/asm/mixin/injection/callback/CallbackInfo;)V doesn't use it's CallbackInfo
[11dic2025 14:06:18.328] [modloading-worker-0/DEBUG] [mixin/]: pipezretriever.mixins.json:PipeTileEntityMixin from mod pipezretriever->@Inject::pipezretriever$loadAdditional(Lnet/minecraft/nbt/CompoundTag;Lnet/minecraft/core/HolderLookup$Provider;Lorg/spongepowered/asm/mixin/injection/callback/CallbackInfo;)V has 0 override(s) in child classes
[11dic2025 14:06:18.328] [modloading-worker-0/DEBUG] [mixin/]: pipezretriever.mixins.json:PipeTileEntityMixin from mod pipezretriever->@Inject::pipezretriever$loadAdditional(Lnet/minecraft/nbt/CompoundTag;Lnet/minecraft/core/HolderLookup$Provider;Lorg/spongepowered/asm/mixin/injection/callback/CallbackInfo;)V won't be passed a CallbackInfo as a result
[11dic2025 14:06:18.328] [modloading-worker-0/DEBUG] [mixin/]: pipezretriever.mixins.json:PipeTileEntityMixin from mod pipezretriever->@Inject::pipezretriever$saveAdditional(Lnet/minecraft/nbt/CompoundTag;Lnet/minecraft/core/HolderLookup$Provider;Lorg/spongepowered/asm/mixin/injection/callback/CallbackInfo;)V doesn't use it's CallbackInfo
[11dic2025 14:06:18.328] [modloading-worker-0/DEBUG] [mixin/]: pipezretriever.mixins.json:PipeTileEntityMixin from mod pipezretriever->@Inject::pipezretriever$saveAdditional(Lnet/minecraft/nbt/CompoundTag;Lnet/minecraft/core/HolderLookup$Provider;Lorg/spongepowered/asm/mixin/injection/callback/CallbackInfo;)V has 0 override(s) in child classes
[11dic2025 14:06:18.328] [modloading-worker-0/DEBUG] [mixin/]: pipezretriever.mixins.json:PipeTileEntityMixin from mod pipezretriever->@Inject::pipezretriever$saveAdditional(Lnet/minecraft/nbt/CompoundTag;Lnet/minecraft/core/HolderLookup$Provider;Lorg/spongepowered/asm/mixin/injection/callback/CallbackInfo;)V won't be passed a CallbackInfo as a result
[11dic2025 14:06:18.331] [modloading-worker-0/DEBUG] [net.neoforged.fml.config.ConfigTracker/CONFIG]: Config file Mekanism/generators.toml for mekanismgenerators tracking
[11dic2025 14:06:18.331] [modloading-worker-0/DEBUG] [net.neoforged.fml.config.ConfigTracker/CONFIG]: Config file Mekanism/generators-gear.toml for mekanismgenerators tracking
[11dic2025 14:06:18.331] [modloading-worker-0/DEBUG] [net.neoforged.fml.config.ConfigTracker/CONFIG]: Config file Mekanism/generator-storage.toml for mekanismgenerators tracking
[11dic2025 14:06:18.336] [modloading-worker-0/DEBUG] [net.neoforged.fml.javafmlmod.AutomaticEventSubscriber/LOADING]: Attempting to inject @EventBusSubscriber classes into the eventbus for pipez
[11dic2025 14:06:18.337] [modloading-worker-0/INFO] [com.lumengrid.pipezretriever.PipezRetriever/]: Pipez Retriever initializing...
[11dic2025 14:06:18.337] [modloading-worker-0/DEBUG] [net.neoforged.fml.javafmlmod.AutomaticEventSubscriber/LOADING]: Attempting to inject @EventBusSubscriber classes into the eventbus for pipezretriever
[11dic2025 14:06:18.369] [modloading-worker-0/DEBUG] [net.neoforged.fml.javafmlmod.AutomaticEventSubscriber/LOADING]: Attempting to inject @EventBusSubscriber classes into the eventbus for mekanismgenerators
[11dic2025 14:06:18.369] [modloading-worker-0/DEBUG] [net.neoforged.fml.javafmlmod.AutomaticEventSubscriber/LOADING]: Scanning class mekanism.generators.client.GeneratorsClientRegistration for @SubscribeEvent-annotated methods
[11dic2025 14:06:18.373] [modloading-worker-0/DEBUG] [net.neoforged.fml.javafmlmod.AutomaticEventSubscriber/]: Subscribing @EventBusSubscriber class Lmekanism/generators/client/GeneratorsClientRegistration; to the mod event bus of mod mekanismgenerators
[11dic2025 14:06:18.385] [modloading-sync-worker/DEBUG] [net.neoforged.neoforge.registries.GameData/REGISTRIES]: Unfreezing registries
[11dic2025 14:06:18.491] [modloading-sync-worker/DEBUG] [mixin/]: Mixing ItemStackHandlerMixin from kubejs.mixins.json into net.neoforged.neoforge.items.ItemStackHandler
[11dic2025 14:06:18.498] [modloading-sync-worker/DEBUG] [mixin/]: Mixing tweaks.TextFieldWidgetMixin from owo.mixins.json into net.minecraft.client.gui.components.EditBox
[11dic2025 14:06:18.498] [modloading-sync-worker/DEBUG] [mixin/]: owo.mixins.json:tweaks.TextFieldWidgetMixin from mod owo: Class version 65 required is higher than the class version supported by the current version of Mixin (JAVA_16 supports class version 60)
[11dic2025 14:06:18.499] [modloading-sync-worker/DEBUG] [mixin/]: Mixing ui.TextFieldWidgetMixin from owo.mixins.json into net.minecraft.client.gui.components.EditBox
[11dic2025 14:06:18.499] [modloading-sync-worker/DEBUG] [mixin/]: owo.mixins.json:ui.TextFieldWidgetMixin from mod owo: Class version 65 required is higher than the class version supported by the current version of Mixin (JAVA_16 supports class version 60)
[11dic2025 14:06:18.499] [modloading-sync-worker/DEBUG] [mixin/]: Mixing ui.access.TextFieldWidgetAccessor from owo.mixins.json into net.minecraft.client.gui.components.EditBox
[11dic2025 14:06:18.499] [modloading-sync-worker/DEBUG] [mixin/]: owo.mixins.json:ui.access.TextFieldWidgetAccessor from mod owo: Class version 65 required is higher than the class version supported by the current version of Mixin (JAVA_16 supports class version 60)
[11dic2025 14:06:18.500] [modloading-sync-worker/DEBUG] [mixin/]: owo.mixins.json:tweaks.TextFieldWidgetMixin from mod owo->@Inject::iProvideUsefulSeparators(IIZLorg/spongepowered/asm/mixin/injection/callback/CallbackInfoReturnable;)V does use it's CallbackInfoReturnable
[11dic2025 14:06:18.501] [modloading-sync-worker/DEBUG] [mixin/]: owo.mixins.json:ui.TextFieldWidgetMixin from mod owo->@Inject::callOwoListener(Ljava/lang/String;Lorg/spongepowered/asm/mixin/injection/callback/CallbackInfo;)V doesn't use it's CallbackInfo
[11dic2025 14:06:18.501] [modloading-sync-worker/DEBUG] [mixin/]: owo.mixins.json:ui.TextFieldWidgetMixin from mod owo->@Inject::callOwoListener(Ljava/lang/String;Lorg/spongepowered/asm/mixin/injection/callback/CallbackInfo;)V has 0 override(s) in child classes
[11dic2025 14:06:18.501] [modloading-sync-worker/DEBUG] [mixin/]: owo.mixins.json:ui.TextFieldWidgetMixin from mod owo->@Inject::callOwoListener(Ljava/lang/String;Lorg/spongepowered/asm/mixin/injection/callback/CallbackInfo;)V won't be passed a CallbackInfo as a result
[11dic2025 14:06:18.798] [modloading-sync-worker/DEBUG] [mixin/]: Mixing EnergyPipeTypeMixin from pipezretriever.mixins.json into de.maxhenkel.pipez.blocks.tileentity.types.EnergyPipeType
[11dic2025 14:06:18.801] [modloading-sync-worker/DEBUG] [mixin/]: pipezretriever.mixins.json:EnergyPipeTypeMixin from mod pipezretriever->@Inject::pipezretriever$pullEnergy(Lde/maxhenkel/pipez/blocks/tileentity/PipeLogicTileEntity;Lnet/minecraft/core/Direction;Lorg/spongepowered/asm/mixin/injection/callback/CallbackInfo;)V does use it's CallbackInfo
[11dic2025 14:06:18.802] [modloading-sync-worker/DEBUG] [mixin/]: Mixing FluidPipeTypeMixin from pipezretriever.mixins.json into de.maxhenkel.pipez.blocks.tileentity.types.FluidPipeType
[11dic2025 14:06:18.803] [modloading-sync-worker/DEBUG] [mixin/]: pipezretriever.mixins.json:FluidPipeTypeMixin from mod pipezretriever->@Inject::pipezretriever$tick(Lde/maxhenkel/pipez/blocks/tileentity/PipeLogicTileEntity;Lorg/spongepowered/asm/mixin/injection/callback/CallbackInfo;)V does use it's CallbackInfo
[11dic2025 14:06:18.804] [modloading-sync-worker/DEBUG] [mixin/]: Mixing ItemPipeTypeMixin from pipezretriever.mixins.json into de.maxhenkel.pipez.blocks.tileentity.types.ItemPipeType
[11dic2025 14:06:18.807] [modloading-sync-worker/DEBUG] [mixin/]: pipezretriever.mixins.json:ItemPipeTypeMixin from mod pipezretriever->@Inject::pipezretriever$tick(Lde/maxhenkel/pipez/blocks/tileentity/PipeLogicTileEntity;Lorg/spongepowered/asm/mixin/injection/callback/CallbackInfo;)V does use it's CallbackInfo
[11dic2025 14:06:18.922] [modloading-sync-worker/DEBUG] [mixin/]: Mixing CanItemPerformAbilityAccess from jade.mixins.json into net.neoforged.neoforge.common.loot.CanItemPerformAbility
[11dic2025 14:06:18.922] [modloading-sync-worker/DEBUG] [mixin/]: jade.mixins.json:CanItemPerformAbilityAccess from mod jade: Class version 65 required is higher than the class version supported by the current version of Mixin (JAVA_16 supports class version 60)
[11dic2025 14:06:18.979] [modloading-sync-worker/DEBUG] [mixin/]: Mixing TagEmptyConditionMixin from kubejs.mixins.json into net.neoforged.neoforge.common.conditions.TagEmptyCondition
[11dic2025 14:06:18.980] [modloading-sync-worker/DEBUG] [mixin/]: kubejs.mixins.json:TagEmptyConditionMixin from mod kubejs->@Inject::kjs$test(Lnet/neoforged/neoforge/common/conditions/ICondition$IContext;Lorg/spongepowered/asm/mixin/injection/callback/CallbackInfoReturnable;)V does use it's CallbackInfoReturnable
[11dic2025 14:06:18.991] [modloading-sync-worker/DEBUG] [mixin/]: Mixing DifferenceIngredientMixin from kubejs.mixins.json into net.neoforged.neoforge.common.crafting.DifferenceIngredient
[11dic2025 14:06:19.025] [modloading-sync-worker/DEBUG] [net.neoforged.neoforge.registries.GameData/REGISTRIES]: Freezing registries
[11dic2025 14:06:19.296] [modloading-sync-worker/DEBUG] [net.neoforged.neoforge.registries.GameData/REGISTRIES]: All registries frozen
[11dic2025 14:06:19.297] [modloading-sync-worker/DEBUG] [net.neoforged.fml.config.ConfigTracker/CONFIG]: Loading configs type CLIENT
[11dic2025 14:06:19.298] [modloading-sync-worker/DEBUG] [mcjty.theoneprobe.TheOneProbe/]: Loaded theoneprobe config file theoneprobe-client.toml
[11dic2025 14:06:19.299] [modloading-sync-worker/DEBUG] [net.neoforged.fml.config.ConfigTracker/CONFIG]: Loaded TOML config file /Users/joshua.morotti/dev/personal/PipezRetriever/runs/client/config/theoneprobe-client.toml
[11dic2025 14:06:19.299] [modloading-sync-worker/DEBUG] [net.neoforged.fml.config.ConfigTracker/CONFIG]: Watching TOML config file /Users/joshua.morotti/dev/personal/PipezRetriever/runs/client/config/theoneprobe-client.toml for changes
[11dic2025 14:06:19.299] [modloading-sync-worker/DEBUG] [net.neoforged.neoforge.common.NeoForgeConfig/FORGEMOD]: Loaded NeoForge config file neoforge-client.toml
[11dic2025 14:06:19.299] [modloading-sync-worker/DEBUG] [net.neoforged.fml.config.ConfigTracker/CONFIG]: Loaded TOML config file /Users/joshua.morotti/dev/personal/PipezRetriever/runs/client/config/neoforge-client.toml
[11dic2025 14:06:19.300] [modloading-sync-worker/DEBUG] [net.neoforged.fml.config.ConfigTracker/CONFIG]: Watching TOML config file /Users/joshua.morotti/dev/personal/PipezRetriever/runs/client/config/neoforge-client.toml for changes
[11dic2025 14:06:19.301] [modloading-sync-worker/DEBUG] [net.neoforged.fml.config.ConfigTracker/CONFIG]: Loaded TOML config file /Users/joshua.morotti/dev/personal/PipezRetriever/runs/client/config/Mekanism/client.toml
[11dic2025 14:06:19.302] [modloading-sync-worker/DEBUG] [net.neoforged.fml.config.ConfigTracker/CONFIG]: Watching TOML config file /Users/joshua.morotti/dev/personal/PipezRetriever/runs/client/config/Mekanism/client.toml for changes
[11dic2025 14:06:19.302] [modloading-sync-worker/DEBUG] [net.neoforged.fml.config.ConfigTracker/CONFIG]: Loaded TOML config file /Users/joshua.morotti/dev/personal/PipezRetriever/runs/client/config/guideme.toml
[11dic2025 14:06:19.302] [modloading-sync-worker/DEBUG] [net.neoforged.fml.config.ConfigTracker/CONFIG]: Watching TOML config file /Users/joshua.morotti/dev/personal/PipezRetriever/runs/client/config/guideme.toml for changes
[11dic2025 14:06:19.302] [modloading-sync-worker/DEBUG] [net.neoforged.fml.config.ConfigTracker/CONFIG]: Loading configs type COMMON
[11dic2025 14:06:19.303] [modloading-sync-worker/DEBUG] [mcjty.theoneprobe.TheOneProbe/]: Loaded theoneprobe config file theoneprobe-common.toml
[11dic2025 14:06:19.303] [modloading-sync-worker/DEBUG] [net.neoforged.fml.config.ConfigTracker/CONFIG]: Loaded TOML config file /Users/joshua.morotti/dev/personal/PipezRetriever/runs/client/config/theoneprobe-common.toml
[11dic2025 14:06:19.303] [modloading-sync-worker/DEBUG] [net.neoforged.fml.config.ConfigTracker/CONFIG]: Watching TOML config file /Users/joshua.morotti/dev/personal/PipezRetriever/runs/client/config/theoneprobe-common.toml for changes
[11dic2025 14:06:19.304] [modloading-sync-worker/DEBUG] [net.neoforged.neoforge.common.NeoForgeConfig/FORGEMOD]: Loaded NeoForge config file neoforge-common.toml
[11dic2025 14:06:19.304] [modloading-sync-worker/DEBUG] [net.neoforged.fml.config.ConfigTracker/CONFIG]: Loaded TOML config file /Users/joshua.morotti/dev/personal/PipezRetriever/runs/client/config/neoforge-common.toml
[11dic2025 14:06:19.304] [modloading-sync-worker/DEBUG] [net.neoforged.fml.config.ConfigTracker/CONFIG]: Watching TOML config file /Users/joshua.morotti/dev/personal/PipezRetriever/runs/client/config/neoforge-common.toml for changes
[11dic2025 14:06:19.304] [modloading-sync-worker/DEBUG] [net.neoforged.fml.config.ConfigTracker/CONFIG]: Loaded TOML config file /Users/joshua.morotti/dev/personal/PipezRetriever/runs/client/config/titanium/titanium-tags.toml
[11dic2025 14:06:19.305] [modloading-sync-worker/DEBUG] [net.neoforged.fml.config.ConfigTracker/CONFIG]: Watching TOML config file /Users/joshua.morotti/dev/personal/PipezRetriever/runs/client/config/titanium/titanium-tags.toml for changes
[11dic2025 14:06:19.305] [modloading-sync-worker/DEBUG] [net.neoforged.fml.config.ConfigTracker/CONFIG]: Loaded TOML config file /Users/joshua.morotti/dev/personal/PipezRetriever/runs/client/config/Mekanism/common.toml
[11dic2025 14:06:19.305] [modloading-sync-worker/DEBUG] [net.neoforged.fml.config.ConfigTracker/CONFIG]: Watching TOML config file /Users/joshua.morotti/dev/personal/PipezRetriever/runs/client/config/Mekanism/common.toml for changes
[11dic2025 14:06:19.327] [Render thread/DEBUG] [mixin/]: Generating mapped inner class net/minecraft/network/chat/ComponentSerialization$Anonymous$6088e41fd6d84df6884892aa906a8fd9 (originally io/wispforest/owo/mixin/text/TextCodecsMixin$1)
[11dic2025 14:06:19.544] [Render thread/DEBUG] [mixin/]: Mixing ModelBakeryMixin from athena.mixins.json into net.minecraft.client.resources.model.ModelBakery
[11dic2025 14:06:19.544] [Render thread/DEBUG] [mixin/]: athena.mixins.json:ModelBakeryMixin from mod athena: Class version 65 required is higher than the class version supported by the current version of Mixin (JAVA_17 supports class version 61)
[11dic2025 14:06:19.545] [Render thread/DEBUG] [mixin/]: Mixing ModelBakeryMixin from athena-neoforge.mixins.json into net.minecraft.client.resources.model.ModelBakery
[11dic2025 14:06:19.545] [Render thread/DEBUG] [mixin/]: athena-neoforge.mixins.json:ModelBakeryMixin from mod athena: Class version 65 required is higher than the class version supported by the current version of Mixin (JAVA_17 supports class version 61)
[11dic2025 14:06:19.547] [Render thread/DEBUG] [mixin/]: athena.mixins.json:ModelBakeryMixin from mod athena->@Inject::stitch$onStart(Lnet/minecraft/client/color/block/BlockColors;Lnet/minecraft/util/profiling/ProfilerFiller;Ljava/util/Map;Ljava/util/Map;Lorg/spongepowered/asm/mixin/injection/callback/CallbackInfo;)V doesn't use it's CallbackInfo
[11dic2025 14:06:19.547] [Render thread/DEBUG] [mixin/]: athena.mixins.json:ModelBakeryMixin from mod athena->@Inject::stitch$onStart(Lnet/minecraft/client/color/block/BlockColors;Lnet/minecraft/util/profiling/ProfilerFiller;Ljava/util/Map;Ljava/util/Map;Lorg/spongepowered/asm/mixin/injection/callback/CallbackInfo;)V has 0 override(s) in child classes
[11dic2025 14:06:19.547] [Render thread/DEBUG] [mixin/]: athena.mixins.json:ModelBakeryMixin from mod athena->@Inject::stitch$onStart(Lnet/minecraft/client/color/block/BlockColors;Lnet/minecraft/util/profiling/ProfilerFiller;Ljava/util/Map;Ljava/util/Map;Lorg/spongepowered/asm/mixin/injection/callback/CallbackInfo;)V won't be passed a CallbackInfo as a result
[11dic2025 14:06:19.612] [Render thread/DEBUG] [mixin/]: Mixing BufferBuilderAccessor from owo.mixins.json into com.mojang.blaze3d.vertex.BufferBuilder
[11dic2025 14:06:19.613] [Render thread/DEBUG] [mixin/]: owo.mixins.json:BufferBuilderAccessor from mod owo: Class version 65 required is higher than the class version supported by the current version of Mixin (JAVA_16 supports class version 60)
[11dic2025 14:06:19.666] [Render thread/INFO] [net.neoforged.neoforge.gametest.GameTestHooks/]: Enabled Gametest Namespaces: [pipezretriever]
[11dic2025 14:06:19.754] [Render thread/DEBUG] [mixin/]: Mixing ExtractScreenMixin from pipezretriever.mixins.json into de.maxhenkel.pipez.gui.ExtractScreen
[11dic2025 14:06:19.754] [Render thread/DEBUG] [mixin/]: Renaming synthetic method lambda$pipezretriever$init$0(Lnet/minecraft/client/gui/components/Button;)V to mdd29a09$pipezretriever$lambda$pipezretriever$init$0$0 in pipezretriever.mixins.json:ExtractScreenMixin from mod pipezretriever
[11dic2025 14:06:19.758] [Render thread/DEBUG] [mixin/]: pipezretriever.mixins.json:ExtractScreenMixin from mod pipezretriever->@Inject::pipezretriever$init(Lorg/spongepowered/asm/mixin/injection/callback/CallbackInfo;)V doesn't use it's CallbackInfo
[11dic2025 14:06:19.758] [Render thread/DEBUG] [mixin/]: pipezretriever.mixins.json:ExtractScreenMixin from mod pipezretriever->@Inject::pipezretriever$init(Lorg/spongepowered/asm/mixin/injection/callback/CallbackInfo;)V has 0 override(s) in child classes
[11dic2025 14:06:19.758] [Render thread/DEBUG] [mixin/]: pipezretriever.mixins.json:ExtractScreenMixin from mod pipezretriever->@Inject::pipezretriever$init(Lorg/spongepowered/asm/mixin/injection/callback/CallbackInfo;)V won't be passed a CallbackInfo as a result
[11dic2025 14:06:19.758] [Render thread/DEBUG] [mixin/]: pipezretriever.mixins.json:ExtractScreenMixin from mod pipezretriever->@Inject::pipezretriever$containerTick(Lorg/spongepowered/asm/mixin/injection/callback/CallbackInfo;)V doesn't use it's CallbackInfo
[11dic2025 14:06:19.758] [Render thread/DEBUG] [mixin/]: pipezretriever.mixins.json:ExtractScreenMixin from mod pipezretriever->@Inject::pipezretriever$containerTick(Lorg/spongepowered/asm/mixin/injection/callback/CallbackInfo;)V has 0 override(s) in child classes
[11dic2025 14:06:19.758] [Render thread/DEBUG] [mixin/]: pipezretriever.mixins.json:ExtractScreenMixin from mod pipezretriever->@Inject::pipezretriever$containerTick(Lorg/spongepowered/asm/mixin/injection/callback/CallbackInfo;)V won't be passed a CallbackInfo as a result
[11dic2025 14:06:19.800] [Render thread/DEBUG] [mixin/]: Mixing client.HumanoidArmorLayerMixin from geckolib.mixins.json into net.minecraft.client.renderer.entity.layers.HumanoidArmorLayer
[11dic2025 14:06:19.801] [Render thread/DEBUG] [mixin/]: geckolib.mixins.json:client.HumanoidArmorLayerMixin from mod geckolib: Class version 65 required is higher than the class version supported by the current version of Mixin (JAVA_17 supports class version 61)
[11dic2025 14:06:20.116] [Render thread/INFO] [KubeJS/]: Loaded 32 asset packs: vanilla, KubeJS Virtual Resource Pack [Before Mods, assets], mod_resources, mod/rhino, mod/theoneprobe, mod/fabric_api_base, mod/ftbessentials, mod/supermartijn642configlib, mod/owo, mod/titanium, mod/jade, mod/geckolib, mod/jei, mod/kubejs, mod/supermartijn642corelib, mod/mekanism, mod/pipez, mod/neoforge, mod/architectury, mod/ftblibrary, mod/guideme, mod/mekanismgenerators, mod/fabric_screen_api_v1, mod/trashcans, mod/pipezretriever, mod/fabric_networking_api_v1, mod/athena, KubeJS Virtual Resource Pack [Internal, assets], KubeJS Virtual Resource Pack [After Mods, assets], KubeJS File Resource Pack [assets], mod/glodium, KubeJS Virtual Resource Pack [Last, assets]
[11dic2025 14:06:20.118] [Render thread/INFO] [net.minecraft.server.packs.resources.ReloadableResourceManager/]: Reloading ResourceManager: vanilla, KubeJS Virtual Resource Pack [Before Mods, assets], mod_resources, mod/rhino, mod/theoneprobe, mod/fabric_api_base, mod/ftbessentials, mod/supermartijn642configlib, mod/owo, mod/titanium, mod/jade, mod/geckolib, mod/jei, mod/kubejs, mod/supermartijn642corelib, mod/mekanism, mod/pipez, mod/neoforge, mod/architectury, mod/ftblibrary, mod/guideme, mod/mekanismgenerators, mod/fabric_screen_api_v1, mod/trashcans, mod/pipezretriever, mod/fabric_networking_api_v1, mod/athena, KubeJS Virtual Resource Pack [Internal, assets], KubeJS Virtual Resource Pack [After Mods, assets], KubeJS File Resource Pack [assets], mod/glodium, KubeJS Virtual Resource Pack [Last, assets]
[11dic2025 14:06:20.154] [Worker-Main-5/INFO] [mekanism.common.Mekanism/]: Version 10.7.17 initializing...
[11dic2025 14:06:20.171] [Worker-Main-5/INFO] [mekanism.common.Mekanism/]: Initialized HolidayManager.
[11dic2025 14:06:20.192] [Render thread/INFO] [KubeJS Client/]: Client resource reload complete!
[11dic2025 14:06:20.220] [Render thread/DEBUG] [FTB Library/]: tracking config ftblibrary-client, loaded from /Users/joshua.morotti/dev/personal/PipezRetriever/runs/client/config/ftblibrary-client.snbt
[11dic2025 14:06:20.221] [Render thread/DEBUG] [FTB Library/]: tracking config ftblibrary-server, loaded from null
[11dic2025 14:06:20.228] [Worker-Main-5/INFO] [mekanism.common.Mekanism/]: Fake player readout: UUID = 46e82cd0-d480-3d48-800a-77431ede078e, name = [Mekanism]
[11dic2025 14:06:20.228] [Worker-Main-5/INFO] [mekanism.common.Mekanism/]: Mod loaded.
[11dic2025 14:06:20.228] [Worker-Main-5/INFO] [mekanism.common.Mekanism/]: Loaded 'Mekanism: Generators' module.
[11dic2025 14:06:20.239] [Render thread/WARN] [net.minecraft.client.renderer.texture.TextureManager/]: Failed to load texture: minecraft:textures/gui/title/background/panorama_overlay.png
java.nio.file.NoSuchFileException: /Users/joshua.morotti/.gradle/caches/minecraft/assets/objects/9d/9dd32387135eefa7ab95996d52a5ca4cec8a3b30
	at java.base/sun.nio.fs.UnixException.translateToIOException(UnixException.java:92) ~[?:?]
	at java.base/sun.nio.fs.UnixException.rethrowAsIOException(UnixException.java:106) ~[?:?]
	at java.base/sun.nio.fs.UnixException.rethrowAsIOException(UnixException.java:111) ~[?:?]
	at java.base/sun.nio.fs.UnixFileSystemProvider.newByteChannel(UnixFileSystemProvider.java:261) ~[?:?]
	at java.base/java.nio.file.Files.newByteChannel(Files.java:380) ~[?:?]
	at TRANSFORMER/minecraft@1.21.1/net.minecraft.server.packs.linkfs.LinkFSProvider.newByteChannel(LinkFSProvider.java:66) ~[neoforge-21.1.194.jar%23188!/:?]
	at java.base/java.nio.file.Files.newByteChannel(Files.java:380) ~[?:?]
	at java.base/java.nio.file.Files.newByteChannel(Files.java:432) ~[?:?]
	at java.base/java.nio.file.spi.FileSystemProvider.newInputStream(FileSystemProvider.java:420) ~[?:?]
	at java.base/java.nio.file.Files.newInputStream(Files.java:160) ~[?:?]
	at TRANSFORMER/minecraft@1.21.1/net.minecraft.server.packs.resources.IoSupplier.lambda$create$0(IoSupplier.java:13) ~[neoforge-21.1.194.jar%23188!/:?]
	at TRANSFORMER/minecraft@1.21.1/net.minecraft.server.packs.resources.Resource.open(Resource.java:46) ~[neoforge-21.1.194.jar%23188!/:?]
	at TRANSFORMER/minecraft@1.21.1/net.minecraft.client.renderer.texture.SimpleTexture$TextureImage.load(SimpleTexture.java:86) ~[neoforge-21.1.194.jar%23188!/:?]
	at TRANSFORMER/minecraft@1.21.1/net.minecraft.client.renderer.texture.PreloadedTexture.lambda$new$0(PreloadedTexture.java:20) ~[neoforge-21.1.194.jar%23188!/:?]
	at java.base/java.util.concurrent.CompletableFuture$AsyncSupply.run(CompletableFuture.java:1768) ~[?:?]
	at java.base/java.util.concurrent.CompletableFuture$AsyncSupply.exec(CompletableFuture.java:1760) ~[?:?]
	at java.base/java.util.concurrent.ForkJoinTask.doExec(ForkJoinTask.java:387) ~[?:?]
	at java.base/java.util.concurrent.ForkJoinPool$WorkQueue.topLevelExec(ForkJoinPool.java:1312) ~[?:?]
	at java.base/java.util.concurrent.ForkJoinPool.scan(ForkJoinPool.java:1843) ~[?:?]
	at java.base/java.util.concurrent.ForkJoinPool.runWorker(ForkJoinPool.java:1808) ~[?:?]
	at java.base/java.util.concurrent.ForkJoinWorkerThread.run(ForkJoinWorkerThread.java:188) ~[?:?]
[11dic2025 14:06:20.240] [Render thread/WARN] [net.minecraft.client.renderer.texture.TextureManager/]: Failed to load texture: minecraft:textures/gui/title/background/panorama_1.png
java.nio.file.NoSuchFileException: /Users/joshua.morotti/.gradle/caches/minecraft/assets/objects/97/97d080a6827e54904eb7bbe0f04df20eb9070d1a
	at java.base/sun.nio.fs.UnixException.translateToIOException(UnixException.java:92) ~[?:?]
	at java.base/sun.nio.fs.UnixException.rethrowAsIOException(UnixException.java:106) ~[?:?]
	at java.base/sun.nio.fs.UnixException.rethrowAsIOException(UnixException.java:111) ~[?:?]
	at java.base/sun.nio.fs.UnixFileSystemProvider.newByteChannel(UnixFileSystemProvider.java:261) ~[?:?]
	at java.base/java.nio.file.Files.newByteChannel(Files.java:380) ~[?:?]
	at TRANSFORMER/minecraft@1.21.1/net.minecraft.server.packs.linkfs.LinkFSProvider.newByteChannel(LinkFSProvider.java:66) ~[neoforge-21.1.194.jar%23188!/:?]
	at java.base/java.nio.file.Files.newByteChannel(Files.java:380) ~[?:?]
	at java.base/java.nio.file.Files.newByteChannel(Files.java:432) ~[?:?]
	at java.base/java.nio.file.spi.FileSystemProvider.newInputStream(FileSystemProvider.java:420) ~[?:?]
	at java.base/java.nio.file.Files.newInputStream(Files.java:160) ~[?:?]
	at TRANSFORMER/minecraft@1.21.1/net.minecraft.server.packs.resources.IoSupplier.lambda$create$0(IoSupplier.java:13) ~[neoforge-21.1.194.jar%23188!/:?]
	at TRANSFORMER/minecraft@1.21.1/net.minecraft.server.packs.resources.Resource.open(Resource.java:46) ~[neoforge-21.1.194.jar%23188!/:?]
	at TRANSFORMER/minecraft@1.21.1/net.minecraft.client.renderer.texture.SimpleTexture$TextureImage.load(SimpleTexture.java:86) ~[neoforge-21.1.194.jar%23188!/:?]
	at TRANSFORMER/minecraft@1.21.1/net.minecraft.client.renderer.texture.PreloadedTexture.lambda$new$0(PreloadedTexture.java:20) ~[neoforge-21.1.194.jar%23188!/:?]
	at java.base/java.util.concurrent.CompletableFuture$AsyncSupply.run(CompletableFuture.java:1768) ~[?:?]
	at java.base/java.util.concurrent.CompletableFuture$AsyncSupply.exec(CompletableFuture.java:1760) ~[?:?]
	at java.base/java.util.concurrent.ForkJoinTask.doExec(ForkJoinTask.java:387) ~[?:?]
	at java.base/java.util.concurrent.ForkJoinPool$WorkQueue.topLevelExec(ForkJoinPool.java:1312) ~[?:?]
	at java.base/java.util.concurrent.ForkJoinPool.scan(ForkJoinPool.java:1843) ~[?:?]
	at java.base/java.util.concurrent.ForkJoinPool.runWorker(ForkJoinPool.java:1808) ~[?:?]
	at java.base/java.util.concurrent.ForkJoinWorkerThread.run(ForkJoinWorkerThread.java:188) ~[?:?]
[11dic2025 14:06:20.241] [Render thread/WARN] [net.minecraft.client.renderer.texture.TextureManager/]: Failed to load texture: minecraft:textures/gui/title/background/panorama_2.png
java.nio.file.NoSuchFileException: /Users/joshua.morotti/.gradle/caches/minecraft/assets/objects/d7/d79ff13dd8ff2f7b8d497a7516db1bb2d86d2ab8
	at java.base/sun.nio.fs.UnixException.translateToIOException(UnixException.java:92) ~[?:?]
	at java.base/sun.nio.fs.UnixException.rethrowAsIOException(UnixException.java:106) ~[?:?]
	at java.base/sun.nio.fs.UnixException.rethrowAsIOException(UnixException.java:111) ~[?:?]
	at java.base/sun.nio.fs.UnixFileSystemProvider.newByteChannel(UnixFileSystemProvider.java:261) ~[?:?]
	at java.base/java.nio.file.Files.newByteChannel(Files.java:380) ~[?:?]
	at TRANSFORMER/minecraft@1.21.1/net.minecraft.server.packs.linkfs.LinkFSProvider.newByteChannel(LinkFSProvider.java:66) ~[neoforge-21.1.194.jar%23188!/:?]
	at java.base/java.nio.file.Files.newByteChannel(Files.java:380) ~[?:?]
	at java.base/java.nio.file.Files.newByteChannel(Files.java:432) ~[?:?]
	at java.base/java.nio.file.spi.FileSystemProvider.newInputStream(FileSystemProvider.java:420) ~[?:?]
	at java.base/java.nio.file.Files.newInputStream(Files.java:160) ~[?:?]
	at TRANSFORMER/minecraft@1.21.1/net.minecraft.server.packs.resources.IoSupplier.lambda$create$0(IoSupplier.java:13) ~[neoforge-21.1.194.jar%23188!/:?]
	at TRANSFORMER/minecraft@1.21.1/net.minecraft.server.packs.resources.Resource.open(Resource.java:46) ~[neoforge-21.1.194.jar%23188!/:?]
	at TRANSFORMER/minecraft@1.21.1/net.minecraft.client.renderer.texture.SimpleTexture$TextureImage.load(SimpleTexture.java:86) ~[neoforge-21.1.194.jar%23188!/:?]
	at TRANSFORMER/minecraft@1.21.1/net.minecraft.client.renderer.texture.PreloadedTexture.lambda$new$0(PreloadedTexture.java:20) ~[neoforge-21.1.194.jar%23188!/:?]
	at java.base/java.util.concurrent.CompletableFuture$AsyncSupply.run(CompletableFuture.java:1768) ~[?:?]
	at java.base/java.util.concurrent.CompletableFuture$AsyncSupply.exec(CompletableFuture.java:1760) ~[?:?]
	at java.base/java.util.concurrent.ForkJoinTask.doExec(ForkJoinTask.java:387) ~[?:?]
	at java.base/java.util.concurrent.ForkJoinPool$WorkQueue.topLevelExec(ForkJoinPool.java:1312) ~[?:?]
	at java.base/java.util.concurrent.ForkJoinPool.scan(ForkJoinPool.java:1843) ~[?:?]
	at java.base/java.util.concurrent.ForkJoinPool.runWorker(ForkJoinPool.java:1808) ~[?:?]
	at java.base/java.util.concurrent.ForkJoinWorkerThread.run(ForkJoinWorkerThread.java:188) ~[?:?]
[11dic2025 14:06:20.241] [Render thread/WARN] [net.minecraft.client.renderer.texture.TextureManager/]: Failed to load texture: minecraft:textures/gui/title/background/panorama_3.png
java.nio.file.NoSuchFileException: /Users/joshua.morotti/.gradle/caches/minecraft/assets/objects/b6/b6265425a2c765dd5fc286d5f355a812cad938e2
	at java.base/sun.nio.fs.UnixException.translateToIOException(UnixException.java:92) ~[?:?]
	at java.base/sun.nio.fs.UnixException.rethrowAsIOException(UnixException.java:106) ~[?:?]
	at java.base/sun.nio.fs.UnixException.rethrowAsIOException(UnixException.java:111) ~[?:?]
	at java.base/sun.nio.fs.UnixFileSystemProvider.newByteChannel(UnixFileSystemProvider.java:261) ~[?:?]
	at java.base/java.nio.file.Files.newByteChannel(Files.java:380) ~[?:?]
	at TRANSFORMER/minecraft@1.21.1/net.minecraft.server.packs.linkfs.LinkFSProvider.newByteChannel(LinkFSProvider.java:66) ~[neoforge-21.1.194.jar%23188!/:?]
	at java.base/java.nio.file.Files.newByteChannel(Files.java:380) ~[?:?]
	at java.base/java.nio.file.Files.newByteChannel(Files.java:432) ~[?:?]
	at java.base/java.nio.file.spi.FileSystemProvider.newInputStream(FileSystemProvider.java:420) ~[?:?]
	at java.base/java.nio.file.Files.newInputStream(Files.java:160) ~[?:?]
	at TRANSFORMER/minecraft@1.21.1/net.minecraft.server.packs.resources.IoSupplier.lambda$create$0(IoSupplier.java:13) ~[neoforge-21.1.194.jar%23188!/:?]
	at TRANSFORMER/minecraft@1.21.1/net.minecraft.server.packs.resources.Resource.open(Resource.java:46) ~[neoforge-21.1.194.jar%23188!/:?]
	at TRANSFORMER/minecraft@1.21.1/net.minecraft.client.renderer.texture.SimpleTexture$TextureImage.load(SimpleTexture.java:86) ~[neoforge-21.1.194.jar%23188!/:?]
	at TRANSFORMER/minecraft@1.21.1/net.minecraft.client.renderer.texture.PreloadedTexture.lambda$new$0(PreloadedTexture.java:20) ~[neoforge-21.1.194.jar%23188!/:?]
	at java.base/java.util.concurrent.CompletableFuture$AsyncSupply.run(CompletableFuture.java:1768) ~[?:?]
	at java.base/java.util.concurrent.CompletableFuture$AsyncSupply.exec(CompletableFuture.java:1760) ~[?:?]
	at java.base/java.util.concurrent.ForkJoinTask.doExec(ForkJoinTask.java:387) ~[?:?]
	at java.base/java.util.concurrent.ForkJoinPool$WorkQueue.topLevelExec(ForkJoinPool.java:1312) ~[?:?]
	at java.base/java.util.concurrent.ForkJoinPool.scan(ForkJoinPool.java:1843) ~[?:?]
	at java.base/java.util.concurrent.ForkJoinPool.runWorker(ForkJoinPool.java:1808) ~[?:?]
	at java.base/java.util.concurrent.ForkJoinWorkerThread.run(ForkJoinWorkerThread.java:188) ~[?:?]
[11dic2025 14:06:20.241] [Render thread/WARN] [net.minecraft.client.renderer.texture.TextureManager/]: Failed to load texture: minecraft:textures/gui/title/background/panorama_4.png
java.nio.file.NoSuchFileException: /Users/joshua.morotti/.gradle/caches/minecraft/assets/objects/ce/cec25b0246d77e6f1dcef0d051ccb328ba39227a
	at java.base/sun.nio.fs.UnixException.translateToIOException(UnixException.java:92) ~[?:?]
	at java.base/sun.nio.fs.UnixException.rethrowAsIOException(UnixException.java:106) ~[?:?]
	at java.base/sun.nio.fs.UnixException.rethrowAsIOException(UnixException.java:111) ~[?:?]
	at java.base/sun.nio.fs.UnixFileSystemProvider.newByteChannel(UnixFileSystemProvider.java:261) ~[?:?]
	at java.base/java.nio.file.Files.newByteChannel(Files.java:380) ~[?:?]
	at TRANSFORMER/minecraft@1.21.1/net.minecraft.server.packs.linkfs.LinkFSProvider.newByteChannel(LinkFSProvider.java:66) ~[neoforge-21.1.194.jar%23188!/:?]
	at java.base/java.nio.file.Files.newByteChannel(Files.java:380) ~[?:?]
	at java.base/java.nio.file.Files.newByteChannel(Files.java:432) ~[?:?]
	at java.base/java.nio.file.spi.FileSystemProvider.newInputStream(FileSystemProvider.java:420) ~[?:?]
	at java.base/java.nio.file.Files.newInputStream(Files.java:160) ~[?:?]
	at TRANSFORMER/minecraft@1.21.1/net.minecraft.server.packs.resources.IoSupplier.lambda$create$0(IoSupplier.java:13) ~[neoforge-21.1.194.jar%23188!/:?]
	at TRANSFORMER/minecraft@1.21.1/net.minecraft.server.packs.resources.Resource.open(Resource.java:46) ~[neoforge-21.1.194.jar%23188!/:?]
	at TRANSFORMER/minecraft@1.21.1/net.minecraft.client.renderer.texture.SimpleTexture$TextureImage.load(SimpleTexture.java:86) ~[neoforge-21.1.194.jar%23188!/:?]
	at TRANSFORMER/minecraft@1.21.1/net.minecraft.client.renderer.texture.PreloadedTexture.lambda$new$0(PreloadedTexture.java:20) ~[neoforge-21.1.194.jar%23188!/:?]
	at java.base/java.util.concurrent.CompletableFuture$AsyncSupply.run(CompletableFuture.java:1768) ~[?:?]
	at java.base/java.util.concurrent.CompletableFuture$AsyncSupply.exec(CompletableFuture.java:1760) ~[?:?]
	at java.base/java.util.concurrent.ForkJoinTask.doExec(ForkJoinTask.java:387) ~[?:?]
	at java.base/java.util.concurrent.ForkJoinPool$WorkQueue.topLevelExec(ForkJoinPool.java:1312) ~[?:?]
	at java.base/java.util.concurrent.ForkJoinPool.scan(ForkJoinPool.java:1843) ~[?:?]
	at java.base/java.util.concurrent.ForkJoinPool.runWorker(ForkJoinPool.java:1808) ~[?:?]
	at java.base/java.util.concurrent.ForkJoinWorkerThread.run(ForkJoinWorkerThread.java:188) ~[?:?]
[11dic2025 14:06:20.242] [Render thread/WARN] [net.minecraft.client.renderer.texture.TextureManager/]: Failed to load texture: minecraft:textures/gui/title/background/panorama_5.png
java.nio.file.NoSuchFileException: /Users/joshua.morotti/.gradle/caches/minecraft/assets/objects/74/74703134a27a57d2de96860bca55d447759c0edc
	at java.base/sun.nio.fs.UnixException.translateToIOException(UnixException.java:92) ~[?:?]
	at java.base/sun.nio.fs.UnixException.rethrowAsIOException(UnixException.java:106) ~[?:?]
	at java.base/sun.nio.fs.UnixException.rethrowAsIOException(UnixException.java:111) ~[?:?]
	at java.base/sun.nio.fs.UnixFileSystemProvider.newByteChannel(UnixFileSystemProvider.java:261) ~[?:?]
	at java.base/java.nio.file.Files.newByteChannel(Files.java:380) ~[?:?]
	at TRANSFORMER/minecraft@1.21.1/net.minecraft.server.packs.linkfs.LinkFSProvider.newByteChannel(LinkFSProvider.java:66) ~[neoforge-21.1.194.jar%23188!/:?]
	at java.base/java.nio.file.Files.newByteChannel(Files.java:380) ~[?:?]
	at java.base/java.nio.file.Files.newByteChannel(Files.java:432) ~[?:?]
	at java.base/java.nio.file.spi.FileSystemProvider.newInputStream(FileSystemProvider.java:420) ~[?:?]
	at java.base/java.nio.file.Files.newInputStream(Files.java:160) ~[?:?]
	at TRANSFORMER/minecraft@1.21.1/net.minecraft.server.packs.resources.IoSupplier.lambda$create$0(IoSupplier.java:13) ~[neoforge-21.1.194.jar%23188!/:?]
	at TRANSFORMER/minecraft@1.21.1/net.minecraft.server.packs.resources.Resource.open(Resource.java:46) ~[neoforge-21.1.194.jar%23188!/:?]
	at TRANSFORMER/minecraft@1.21.1/net.minecraft.client.renderer.texture.SimpleTexture$TextureImage.load(SimpleTexture.java:86) ~[neoforge-21.1.194.jar%23188!/:?]
	at TRANSFORMER/minecraft@1.21.1/net.minecraft.client.renderer.texture.PreloadedTexture.lambda$new$0(PreloadedTexture.java:20) ~[neoforge-21.1.194.jar%23188!/:?]
	at java.base/java.util.concurrent.CompletableFuture$AsyncSupply.run(CompletableFuture.java:1768) ~[?:?]
	at java.base/java.util.concurrent.CompletableFuture$AsyncSupply.exec(CompletableFuture.java:1760) ~[?:?]
	at java.base/java.util.concurrent.ForkJoinTask.doExec(ForkJoinTask.java:387) ~[?:?]
	at java.base/java.util.concurrent.ForkJoinPool$WorkQueue.topLevelExec(ForkJoinPool.java:1312) ~[?:?]
	at java.base/java.util.concurrent.ForkJoinPool.scan(ForkJoinPool.java:1843) ~[?:?]
	at java.base/java.util.concurrent.ForkJoinPool.runWorker(ForkJoinPool.java:1808) ~[?:?]
	at java.base/java.util.concurrent.ForkJoinWorkerThread.run(ForkJoinWorkerThread.java:188) ~[?:?]
[11dic2025 14:06:20.242] [NeoForge Version Check/INFO] [net.neoforged.fml.VersionChecker/]: [pipez] Starting version check at https://update.maxhenkel.de/neoforge/pipez
[11dic2025 14:06:20.242] [Render thread/WARN] [net.minecraft.client.renderer.texture.TextureManager/]: Failed to load texture: minecraft:textures/gui/title/background/panorama_0.png
java.nio.file.NoSuchFileException: /Users/joshua.morotti/.gradle/caches/minecraft/assets/objects/dc/dca189017c6b77dc6e55ebfb0baca2b645b6e4cd
	at java.base/sun.nio.fs.UnixException.translateToIOException(UnixException.java:92) ~[?:?]
	at java.base/sun.nio.fs.UnixException.rethrowAsIOException(UnixException.java:106) ~[?:?]
	at java.base/sun.nio.fs.UnixException.rethrowAsIOException(UnixException.java:111) ~[?:?]
	at java.base/sun.nio.fs.UnixFileSystemProvider.newByteChannel(UnixFileSystemProvider.java:261) ~[?:?]
	at java.base/java.nio.file.Files.newByteChannel(Files.java:380) ~[?:?]
	at TRANSFORMER/minecraft@1.21.1/net.minecraft.server.packs.linkfs.LinkFSProvider.newByteChannel(LinkFSProvider.java:66) ~[neoforge-21.1.194.jar%23188!/:?]
	at java.base/java.nio.file.Files.newByteChannel(Files.java:380) ~[?:?]
	at java.base/java.nio.file.Files.newByteChannel(Files.java:432) ~[?:?]
	at java.base/java.nio.file.spi.FileSystemProvider.newInputStream(FileSystemProvider.java:420) ~[?:?]
	at java.base/java.nio.file.Files.newInputStream(Files.java:160) ~[?:?]
	at TRANSFORMER/minecraft@1.21.1/net.minecraft.server.packs.resources.IoSupplier.lambda$create$0(IoSupplier.java:13) ~[neoforge-21.1.194.jar%23188!/:?]
	at TRANSFORMER/minecraft@1.21.1/net.minecraft.server.packs.resources.Resource.open(Resource.java:46) ~[neoforge-21.1.194.jar%23188!/:?]
	at TRANSFORMER/minecraft@1.21.1/net.minecraft.client.renderer.texture.SimpleTexture$TextureImage.load(SimpleTexture.java:86) ~[neoforge-21.1.194.jar%23188!/:?]
	at TRANSFORMER/minecraft@1.21.1/net.minecraft.client.renderer.texture.PreloadedTexture.lambda$new$0(PreloadedTexture.java:20) ~[neoforge-21.1.194.jar%23188!/:?]
	at java.base/java.util.concurrent.CompletableFuture$AsyncSupply.run(CompletableFuture.java:1768) ~[?:?]
	at java.base/java.util.concurrent.CompletableFuture$AsyncSupply.exec(CompletableFuture.java:1760) ~[?:?]
	at java.base/java.util.concurrent.ForkJoinTask.doExec(ForkJoinTask.java:387) ~[?:?]
	at java.base/java.util.concurrent.ForkJoinPool$WorkQueue.topLevelExec(ForkJoinPool.java:1312) ~[?:?]
	at java.base/java.util.concurrent.ForkJoinPool.scan(ForkJoinPool.java:1843) ~[?:?]
	at java.base/java.util.concurrent.ForkJoinPool.runWorker(ForkJoinPool.java:1808) ~[?:?]
	at java.base/java.util.concurrent.ForkJoinWorkerThread.run(ForkJoinWorkerThread.java:188) ~[?:?]
[11dic2025 14:06:20.245] [Worker-Main-6/DEBUG] [mixin/]: Mixing SpriteSourceListMixin from supermartijn642corelib.mixins.json into net.minecraft.client.renderer.texture.atlas.SpriteSourceList
[11dic2025 14:06:20.245] [Worker-Main-6/DEBUG] [mixin/]: supermartijn642corelib.mixins.json:SpriteSourceListMixin from mod supermartijn642corelib: Class version 65 required is higher than the class version supported by the current version of Mixin (JAVA_17 supports class version 61)
[11dic2025 14:06:20.246] [Worker-Main-6/DEBUG] [mixin/]: Renaming synthetic method lambda$appendSprites$0(Ljava/util/List;Lnet/minecraft/resources/ResourceLocation;)V to mdd29a09$supermartijn642corelib$lambda$appendSprites$0$0 in supermartijn642corelib.mixins.json:SpriteSourceListMixin from mod supermartijn642corelib
[11dic2025 14:06:20.247] [Render thread/DEBUG] [net.neoforged.fml.DeferredWorkQueue/LOADING]: Dispatching synchronous work for work queue Common setup: 3 jobs
[11dic2025 14:06:20.278] [Worker-Main-4/INFO] [net.minecraft.client.gui.font.providers.UnihexProvider/]: Found unifont_all_no_pua-15.1.05.hex, loading
[11dic2025 14:06:20.310] [Render thread/DEBUG] [net.neoforged.fml.DeferredWorkQueue/LOADING]: Synchronous work queue completed in 62.70 ms
[11dic2025 14:06:20.384] [Worker-Main-3/INFO] [net.minecraft.client.gui.font.providers.UnihexProvider/]: Found unifont_jp_patch-15.1.05.hex, loading
[11dic2025 14:06:20.647] [NeoForge Version Check/DEBUG] [net.neoforged.fml.VersionChecker/]: [pipez] Received version check data:
{"1.20.2":{"1.20.2-1.2.5":"Added mod icon"},"1.21.1":{"1.21.1-1.2.19":"Fixed Mekanism machines not accepting energy\n**NOTE**\nThis version is in very early development and might not be fully compatible with future versions!\nPipe configurations from Minecraft versions 1.20.4 and lower won't be carried over to this version!"},"1.21":{"1.21-1.2.17":"Fixed crash when changing options of pipe types that can't have filters\n**NOTE**\nThis version is in very early development and might not be fully compatible with future versions!\nPipe configurations from Minecraft versions 1.20.4 and lower won't be carried over to this version!"},"1.21.11":{"1.21.11-1.2.27":"Updated to 1.21.11\n**NOTE**\nThis version is in very early development and might not be fully compatible with future versions!\nPipe configurations from Minecraft versions 1.20.4 and lower won't be carried over to this version!"},"1.21.10":{"1.21.10-1.2.27":"Fixed crash\n**NOTE**\nThis version is in very early development and might not be fully compatible with future versions!\nPipe configurations from Minecraft versions 1.20.4 and lower won't be carried over to this version!"},"1.21.7":{"1.21.7-1.2.25":"Updated to latest NeoForge version\nFixed misaligned tooltips\n**NOTE**\nThis version is in very early development and might not be fully compatible with future versions!\nPipe configurations from Minecraft versions 1.20.4 and lower won't be carried over to this version!"},"1.21.6":{"1.21.6-1.2.24":"Fixed Jade compatibility\n**NOTE**\nThis version is in very early development and might not be fully compatible with future versions!\nPipe configurations from Minecraft versions 1.20.4 and lower won't be carried over to this version!"},"1.21.9":{"1.21.9-1.2.26":"Updated to 1.21.9\n**NOTE**\nThis version is in very early development and might not be fully compatible with future versions!\nPipe configurations from Minecraft versions 1.20.4 and lower won't be carried over to this version!"},"1.21.8":{"1.21.8-1.2.26":"Updated Brazilian Portuguese translation\n**NOTE**\nThis version is in very early development and might not be fully compatible with future versions!\nPipe configurations from Minecraft versions 1.20.4 and lower won't be carried over to this version!"},"1.20.4":{"1.20.4-1.2.15":"Added Japanese translation"},"1.21.3":{"1.21.3-1.2.19":"Updated to 1.21.3\n**NOTE**\nThis version is in very early development and might not be fully compatible with future versions!\nPipe configurations from Minecraft versions 1.20.4 and lower won't be carried over to this version!"},"1.20.3":{"1.20.3-1.2.5":"Updated to 1.20.3"},"1.21.2":{"1.21.2-1.2.19":"Updated to 1.21.2\n**NOTE**\nThis version is in very early development and might not be fully compatible with future versions!\nPipe configurations from Minecraft versions 1.20.4 and lower won't be carried over to this version!"},"promos":{"1.21.4-latest":"1.21.4-1.2.26","1.21.3-latest":"1.21.3-1.2.19","1.21.6-latest":"1.21.6-1.2.24","1.21.5-latest":"1.21.5-1.2.21","1.21.2-latest":"1.21.2-1.2.19","1.21.1-latest":"1.21.1-1.2.19","1.21.11-latest":"1.21.11-1.2.27","1.21.10-latest":"1.21.10-1.2.27","1.20.2-latest":"1.20.2-1.2.5","1.21.9-latest":"1.21.9-1.2.26","1.21.8-latest":"1.21.8-1.2.26","1.21.7-latest":"1.21.7-1.2.25","1.21-latest":"1.21-1.2.17","1.20.4-latest":"1.20.4-1.2.15","1.20.5-latest":"1.20.5-1.2.7","1.20.3-latest":"1.20.3-1.2.5","1.20.6-latest":"1.20.6-1.2.15","1.20.2-recommended":"1.20.2-1.2.5"},"1.20.6":{"1.20.6-1.2.15":"Added Japanese translation\n**NOTE**\nThis version is in very early development and might not be fully compatible with future versions!\nPipe configurations from Minecraft versions 1.20.4 and lower won't be carried over to this version!"},"1.21.5":{"1.21.5-1.2.21":"Fixed invalid translations\n**NOTE**\nThis version is in very early development and might not be fully compatible with future versions!\nPipe configurations from Minecraft versions 1.20.4 and lower won't be carried over to this version!"},"1.20.5":{"1.20.5-1.2.7":"Updated to 1.20.5\n**NOTE**\nThis version is in very early development and might not be fully compatible with future versions!\nPipe configurations from Minecraft versions 1.20.4 and lower won't be carried over to this version!"},"1.21.4":{"1.21.4-1.2.26":"Updated Brazilian Portuguese translation\n**NOTE**\nThis version is in very early development and might not be fully compatible with future versions!\nPipe configurations from Minecraft versions 1.20.4 and lower won't be carried over to this version!"},"homepage":"https://www.curseforge.com/minecraft/mc-mods/pipez"}
[11dic2025 14:06:20.648] [Render thread/DEBUG] [net.neoforged.fml.DeferredWorkQueue/LOADING]: Dispatching synchronous work for work queue Sided setup: 3 jobs
[11dic2025 14:06:20.679] [NeoForge Version Check/INFO] [net.neoforged.fml.VersionChecker/]: [pipez] Found status: BETA Current: 1.21.1-1.2.19 Target: 1.21.1-1.2.19
[11dic2025 14:06:20.687] [Render thread/INFO] [KubeJS/]: Started the local web server at http://localhost:61423
[11dic2025 14:06:20.701] [Render thread/DEBUG] [net.neoforged.fml.DeferredWorkQueue/LOADING]: Synchronous work queue completed in 26.27 ms
[11dic2025 14:06:21.616] [Worker-Main-5/WARN] [net.minecraft.client.resources.model.BlockStateModelLoader/]: Exception loading blockstate definition: 'titanium:blockstates/block_test.json' missing model for variant: 'titanium:block_test#subfacing=west'
[11dic2025 14:06:21.616] [Worker-Main-5/WARN] [net.minecraft.client.resources.model.BlockStateModelLoader/]: Exception loading blockstate definition: 'titanium:blockstates/block_test.json' missing model for variant: 'titanium:block_test#subfacing=east'
[11dic2025 14:06:21.616] [Worker-Main-5/WARN] [net.minecraft.client.resources.model.BlockStateModelLoader/]: Exception loading blockstate definition: 'titanium:blockstates/block_test.json' missing model for variant: 'titanium:block_test#subfacing=north'
[11dic2025 14:06:21.616] [Worker-Main-5/WARN] [net.minecraft.client.resources.model.BlockStateModelLoader/]: Exception loading blockstate definition: 'titanium:blockstates/block_test.json' missing model for variant: 'titanium:block_test#subfacing=south'
[11dic2025 14:06:21.616] [Worker-Main-5/WARN] [net.minecraft.client.resources.model.BlockStateModelLoader/]: Exception loading blockstate definition: 'titanium:blockstates/block_twenty_four_test.json' missing model for variant: 'titanium:block_twenty_four_test#facing=down,subfacing=west'
[11dic2025 14:06:21.617] [Worker-Main-5/WARN] [net.minecraft.client.resources.model.BlockStateModelLoader/]: Exception loading blockstate definition: 'titanium:blockstates/block_twenty_four_test.json' missing model for variant: 'titanium:block_twenty_four_test#facing=east,subfacing=south'
[11dic2025 14:06:21.617] [Worker-Main-5/WARN] [net.minecraft.client.resources.model.BlockStateModelLoader/]: Exception loading blockstate definition: 'titanium:blockstates/block_twenty_four_test.json' missing model for variant: 'titanium:block_twenty_four_test#facing=up,subfacing=south'
[11dic2025 14:06:21.617] [Worker-Main-5/WARN] [net.minecraft.client.resources.model.BlockStateModelLoader/]: Exception loading blockstate definition: 'titanium:blockstates/block_twenty_four_test.json' missing model for variant: 'titanium:block_twenty_four_test#facing=south,subfacing=north'
[11dic2025 14:06:21.617] [Worker-Main-5/WARN] [net.minecraft.client.resources.model.BlockStateModelLoader/]: Exception loading blockstate definition: 'titanium:blockstates/block_twenty_four_test.json' missing model for variant: 'titanium:block_twenty_four_test#facing=up,subfacing=north'
[11dic2025 14:06:21.617] [Worker-Main-5/WARN] [net.minecraft.client.resources.model.BlockStateModelLoader/]: Exception loading blockstate definition: 'titanium:blockstates/block_twenty_four_test.json' missing model for variant: 'titanium:block_twenty_four_test#facing=east,subfacing=north'
[11dic2025 14:06:21.617] [Worker-Main-5/WARN] [net.minecraft.client.resources.model.BlockStateModelLoader/]: Exception loading blockstate definition: 'titanium:blockstates/block_twenty_four_test.json' missing model for variant: 'titanium:block_twenty_four_test#facing=south,subfacing=south'
[11dic2025 14:06:21.617] [Worker-Main-5/WARN] [net.minecraft.client.resources.model.BlockStateModelLoader/]: Exception loading blockstate definition: 'titanium:blockstates/block_twenty_four_test.json' missing model for variant: 'titanium:block_twenty_four_test#facing=west,subfacing=south'
[11dic2025 14:06:21.617] [Worker-Main-5/WARN] [net.minecraft.client.resources.model.BlockStateModelLoader/]: Exception loading blockstate definition: 'titanium:blockstates/block_twenty_four_test.json' missing model for variant: 'titanium:block_twenty_four_test#facing=west,subfacing=north'
[11dic2025 14:06:21.617] [Worker-Main-5/WARN] [net.minecraft.client.resources.model.BlockStateModelLoader/]: Exception loading blockstate definition: 'titanium:blockstates/block_twenty_four_test.json' missing model for variant: 'titanium:block_twenty_four_test#facing=west,subfacing=west'
[11dic2025 14:06:21.617] [Worker-Main-5/WARN] [net.minecraft.client.resources.model.BlockStateModelLoader/]: Exception loading blockstate definition: 'titanium:blockstates/block_twenty_four_test.json' missing model for variant: 'titanium:block_twenty_four_test#facing=down,subfacing=south'
[11dic2025 14:06:21.617] [Worker-Main-5/WARN] [net.minecraft.client.resources.model.BlockStateModelLoader/]: Exception loading blockstate definition: 'titanium:blockstates/block_twenty_four_test.json' missing model for variant: 'titanium:block_twenty_four_test#facing=north,subfacing=south'
[11dic2025 14:06:21.617] [Worker-Main-5/WARN] [net.minecraft.client.resources.model.BlockStateModelLoader/]: Exception loading blockstate definition: 'titanium:blockstates/block_twenty_four_test.json' missing model for variant: 'titanium:block_twenty_four_test#facing=north,subfacing=west'
[11dic2025 14:06:21.618] [Worker-Main-5/WARN] [net.minecraft.client.resources.model.BlockStateModelLoader/]: Exception loading blockstate definition: 'titanium:blockstates/block_twenty_four_test.json' missing model for variant: 'titanium:block_twenty_four_test#facing=west,subfacing=east'
[11dic2025 14:06:21.618] [Worker-Main-5/WARN] [net.minecraft.client.resources.model.BlockStateModelLoader/]: Exception loading blockstate definition: 'titanium:blockstates/block_twenty_four_test.json' missing model for variant: 'titanium:block_twenty_four_test#facing=north,subfacing=east'
[11dic2025 14:06:21.618] [Worker-Main-5/WARN] [net.minecraft.client.resources.model.BlockStateModelLoader/]: Exception loading blockstate definition: 'titanium:blockstates/block_twenty_four_test.json' missing model for variant: 'titanium:block_twenty_four_test#facing=north,subfacing=north'
[11dic2025 14:06:21.618] [Worker-Main-5/WARN] [net.minecraft.client.resources.model.BlockStateModelLoader/]: Exception loading blockstate definition: 'titanium:blockstates/block_twenty_four_test.json' missing model for variant: 'titanium:block_twenty_four_test#facing=south,subfacing=east'
[11dic2025 14:06:21.618] [Worker-Main-5/WARN] [net.minecraft.client.resources.model.BlockStateModelLoader/]: Exception loading blockstate definition: 'titanium:blockstates/block_twenty_four_test.json' missing model for variant: 'titanium:block_twenty_four_test#facing=up,subfacing=west'
[11dic2025 14:06:21.619] [Worker-Main-5/WARN] [net.minecraft.client.resources.model.BlockStateModelLoader/]: Exception loading blockstate definition: 'titanium:blockstates/block_twenty_four_test.json' missing model for variant: 'titanium:block_twenty_four_test#facing=east,subfacing=west'
[11dic2025 14:06:21.619] [Worker-Main-5/WARN] [net.minecraft.client.resources.model.BlockStateModelLoader/]: Exception loading blockstate definition: 'titanium:blockstates/block_twenty_four_test.json' missing model for variant: 'titanium:block_twenty_four_test#facing=east,subfacing=east'
[11dic2025 14:06:21.619] [Worker-Main-5/WARN] [net.minecraft.client.resources.model.BlockStateModelLoader/]: Exception loading blockstate definition: 'titanium:blockstates/block_twenty_four_test.json' missing model for variant: 'titanium:block_twenty_four_test#facing=down,subfacing=north'
[11dic2025 14:06:21.619] [Worker-Main-5/WARN] [net.minecraft.client.resources.model.BlockStateModelLoader/]: Exception loading blockstate definition: 'titanium:blockstates/block_twenty_four_test.json' missing model for variant: 'titanium:block_twenty_four_test#facing=down,subfacing=east'
[11dic2025 14:06:21.619] [Worker-Main-5/WARN] [net.minecraft.client.resources.model.BlockStateModelLoader/]: Exception loading blockstate definition: 'titanium:blockstates/block_twenty_four_test.json' missing model for variant: 'titanium:block_twenty_four_test#facing=up,subfacing=east'
[11dic2025 14:06:21.619] [Worker-Main-5/WARN] [net.minecraft.client.resources.model.BlockStateModelLoader/]: Exception loading blockstate definition: 'titanium:blockstates/block_twenty_four_test.json' missing model for variant: 'titanium:block_twenty_four_test#facing=south,subfacing=west'
[11dic2025 14:06:21.619] [Worker-Main-5/WARN] [net.minecraft.client.resources.model.BlockStateModelLoader/]: Exception loading blockstate definition: 'titanium:blockstates/block_asset_test.json' missing model for variant: 'titanium:block_asset_test#subfacing=north'
[11dic2025 14:06:21.619] [Worker-Main-5/WARN] [net.minecraft.client.resources.model.BlockStateModelLoader/]: Exception loading blockstate definition: 'titanium:blockstates/block_asset_test.json' missing model for variant: 'titanium:block_asset_test#subfacing=west'
[11dic2025 14:06:21.619] [Worker-Main-5/WARN] [net.minecraft.client.resources.model.BlockStateModelLoader/]: Exception loading blockstate definition: 'titanium:blockstates/block_asset_test.json' missing model for variant: 'titanium:block_asset_test#subfacing=east'
[11dic2025 14:06:21.620] [Worker-Main-5/WARN] [net.minecraft.client.resources.model.BlockStateModelLoader/]: Exception loading blockstate definition: 'titanium:blockstates/block_asset_test.json' missing model for variant: 'titanium:block_asset_test#subfacing=south'
[11dic2025 14:06:21.620] [Worker-Main-5/WARN] [net.minecraft.client.resources.model.BlockStateModelLoader/]: Exception loading blockstate definition: 'titanium:blockstates/machine_test.json' missing model for variant: 'titanium:machine_test#'
[11dic2025 14:06:21.621] [Worker-Main-5/WARN] [net.minecraft.client.resources.model.BlockStateModelLoader/]: Exception loading blockstate definition: 'titanium:blockstates/creative_generator.json' missing model for variant: 'titanium:creative_generator#'
[11dic2025 14:06:21.673] [Worker-Main-5/WARN] [net.minecraft.client.resources.model.ModelBakery/]: Unable to load model: 'titanium:item/creative_generator' referenced from: titanium:item/creative_generator: java.io.FileNotFoundException: titanium:models/item/creative_generator.json
[11dic2025 14:06:21.675] [Worker-Main-5/WARN] [net.minecraft.client.resources.model.ModelBakery/]: Unable to load model: 'titanium:item/block_test' referenced from: titanium:item/block_test: java.io.FileNotFoundException: titanium:models/item/block_test.json
[11dic2025 14:06:21.676] [Worker-Main-5/WARN] [net.minecraft.client.resources.model.ModelBakery/]: Unable to load model: 'titanium:item/block_asset_test' referenced from: titanium:item/block_asset_test: java.io.FileNotFoundException: titanium:models/item/block_asset_test.json
[11dic2025 14:06:21.678] [Worker-Main-5/WARN] [net.minecraft.client.resources.model.ModelBakery/]: Unable to load model: 'titanium:item/machine_test' referenced from: titanium:item/machine_test: java.io.FileNotFoundException: titanium:models/item/machine_test.json
[11dic2025 14:06:21.679] [Worker-Main-5/WARN] [net.minecraft.client.resources.model.ModelBakery/]: Unable to load model: 'titanium:item/block_twenty_four_test' referenced from: titanium:item/block_twenty_four_test: java.io.FileNotFoundException: titanium:models/item/block_twenty_four_test.json
[11dic2025 14:06:22.458] [Worker-Main-3/DEBUG] [mekanism.common.Mekanism/]: Received IMC message 'add_module_container' from 'mekanism' for new module container 'mekanism:meka_tool' with an imcMethod 'add_meka_tool_modules'.
[11dic2025 14:06:22.458] [Worker-Main-3/DEBUG] [mekanism.common.Mekanism/]: Received IMC message 'add_module_container' from 'mekanism' for new module container 'mekanism:mekasuit_helmet' with an imcMethod 'add_meka_suit_helmet_modules'.
[11dic2025 14:06:22.458] [Worker-Main-3/DEBUG] [mekanism.common.Mekanism/]: Received IMC message 'add_module_container' from 'mekanism' for new module container 'mekanism:mekasuit_bodyarmor' with an imcMethod 'add_meka_suit_bodyarmor_modules'.
[11dic2025 14:06:22.458] [Worker-Main-3/DEBUG] [mekanism.common.Mekanism/]: Received IMC message 'add_module_container' from 'mekanism' for new module container 'mekanism:mekasuit_pants' with an imcMethod 'add_meka_suit_pants_modules'.
[11dic2025 14:06:22.458] [Worker-Main-3/DEBUG] [mekanism.common.Mekanism/]: Received IMC message 'add_module_container' from 'mekanism' for new module container 'mekanism:mekasuit_boots' with an imcMethod 'add_meka_suit_boots_modules'.
[11dic2025 14:06:22.459] [Worker-Main-3/DEBUG] [mekanism.common.Mekanism/]: Received IMC message 'add_meka_tool_modules' from 'mekanism' for module 'mekanism:energy_unit'.
[11dic2025 14:06:22.459] [Worker-Main-3/DEBUG] [mekanism.common.Mekanism/]: Received IMC message 'add_meka_tool_modules' from 'mekanism' for module 'mekanism:attack_amplification_unit'.
[11dic2025 14:06:22.459] [Worker-Main-3/DEBUG] [mekanism.common.Mekanism/]: Received IMC message 'add_meka_tool_modules' from 'mekanism' for module 'mekanism:silk_touch_unit'.
[11dic2025 14:06:22.459] [Worker-Main-3/DEBUG] [mekanism.common.Mekanism/]: Received IMC message 'add_meka_tool_modules' from 'mekanism' for module 'mekanism:fortune_unit'.
[11dic2025 14:06:22.459] [Worker-Main-3/DEBUG] [mekanism.common.Mekanism/]: Received IMC message 'add_meka_tool_modules' from 'mekanism' for module 'mekanism:blasting_unit'.
[11dic2025 14:06:22.459] [Worker-Main-3/DEBUG] [mekanism.common.Mekanism/]: Received IMC message 'add_meka_tool_modules' from 'mekanism' for module 'mekanism:vein_mining_unit'.
[11dic2025 14:06:22.459] [Worker-Main-3/DEBUG] [mekanism.common.Mekanism/]: Received IMC message 'add_meka_tool_modules' from 'mekanism' for module 'mekanism:farming_unit'.
[11dic2025 14:06:22.459] [Worker-Main-3/DEBUG] [mekanism.common.Mekanism/]: Received IMC message 'add_meka_tool_modules' from 'mekanism' for module 'mekanism:shearing_unit'.
[11dic2025 14:06:22.459] [Worker-Main-3/DEBUG] [mekanism.common.Mekanism/]: Received IMC message 'add_meka_tool_modules' from 'mekanism' for module 'mekanism:teleportation_unit'.
[11dic2025 14:06:22.459] [Worker-Main-3/DEBUG] [mekanism.common.Mekanism/]: Received IMC message 'add_meka_tool_modules' from 'mekanism' for module 'mekanism:excavation_escalation_unit'.
[11dic2025 14:06:22.459] [Worker-Main-3/DEBUG] [mekanism.common.Mekanism/]: Received IMC message 'add_meka_suit_helmet_modules' from 'mekanism' for module 'mekanism:energy_unit'.
[11dic2025 14:06:22.459] [Worker-Main-3/DEBUG] [mekanism.common.Mekanism/]: Received IMC message 'add_meka_suit_helmet_modules' from 'mekanism' for module 'mekanism:color_modulation_unit'.
[11dic2025 14:06:22.459] [Worker-Main-3/DEBUG] [mekanism.common.Mekanism/]: Received IMC message 'add_meka_suit_helmet_modules' from 'mekanism' for module 'mekanism:laser_dissipation_unit'.
[11dic2025 14:06:22.459] [Worker-Main-3/DEBUG] [mekanism.common.Mekanism/]: Received IMC message 'add_meka_suit_helmet_modules' from 'mekanism' for module 'mekanism:radiation_shielding_unit'.
[11dic2025 14:06:22.460] [Worker-Main-3/DEBUG] [mekanism.common.Mekanism/]: Received IMC message 'add_meka_suit_helmet_modules' from 'mekanism' for module 'mekanism:electrolytic_breathing_unit'.
[11dic2025 14:06:22.460] [Worker-Main-3/DEBUG] [mekanism.common.Mekanism/]: Received IMC message 'add_meka_suit_helmet_modules' from 'mekanism' for module 'mekanism:inhalation_purification_unit'.
[11dic2025 14:06:22.460] [Worker-Main-3/DEBUG] [mekanism.common.Mekanism/]: Received IMC message 'add_meka_suit_helmet_modules' from 'mekanism' for module 'mekanism:vision_enhancement_unit'.
[11dic2025 14:06:22.460] [Worker-Main-3/DEBUG] [mekanism.common.Mekanism/]: Received IMC message 'add_meka_suit_helmet_modules' from 'mekanism' for module 'mekanism:nutritional_injection_unit'.
[11dic2025 14:06:22.460] [Worker-Main-3/DEBUG] [mekanism.common.Mekanism/]: Received IMC message 'add_meka_suit_helmet_modules' from 'mekanismgenerators' for module 'mekanismgenerators:solar_recharging_unit'.
[11dic2025 14:06:22.460] [Worker-Main-3/DEBUG] [mekanism.common.Mekanism/]: Received IMC message 'add_meka_suit_bodyarmor_modules' from 'mekanism' for module 'mekanism:energy_unit'.
[11dic2025 14:06:22.460] [Worker-Main-3/DEBUG] [mekanism.common.Mekanism/]: Received IMC message 'add_meka_suit_bodyarmor_modules' from 'mekanism' for module 'mekanism:color_modulation_unit'.
[11dic2025 14:06:22.460] [Worker-Main-3/DEBUG] [mekanism.common.Mekanism/]: Received IMC message 'add_meka_suit_bodyarmor_modules' from 'mekanism' for module 'mekanism:laser_dissipation_unit'.
[11dic2025 14:06:22.460] [Worker-Main-3/DEBUG] [mekanism.common.Mekanism/]: Received IMC message 'add_meka_suit_bodyarmor_modules' from 'mekanism' for module 'mekanism:radiation_shielding_unit'.
[11dic2025 14:06:22.460] [Worker-Main-3/DEBUG] [mekanism.common.Mekanism/]: Received IMC message 'add_meka_suit_bodyarmor_modules' from 'mekanism' for module 'mekanism:jetpack_unit'.
[11dic2025 14:06:22.460] [Worker-Main-3/DEBUG] [mekanism.common.Mekanism/]: Received IMC message 'add_meka_suit_bodyarmor_modules' from 'mekanism' for module 'mekanism:gravitational_modulating_unit'.
[11dic2025 14:06:22.460] [Worker-Main-3/DEBUG] [mekanism.common.Mekanism/]: Received IMC message 'add_meka_suit_bodyarmor_modules' from 'mekanism' for module 'mekanism:charge_distribution_unit'.
[11dic2025 14:06:22.460] [Worker-Main-3/DEBUG] [mekanism.common.Mekanism/]: Received IMC message 'add_meka_suit_bodyarmor_modules' from 'mekanism' for module 'mekanism:dosimeter_unit'.
[11dic2025 14:06:22.460] [Worker-Main-3/DEBUG] [mekanism.common.Mekanism/]: Received IMC message 'add_meka_suit_bodyarmor_modules' from 'mekanism' for module 'mekanism:geiger_unit'.
[11dic2025 14:06:22.460] [Worker-Main-3/DEBUG] [mekanism.common.Mekanism/]: Received IMC message 'add_meka_suit_bodyarmor_modules' from 'mekanism' for module 'mekanism:elytra_unit'.
[11dic2025 14:06:22.460] [Worker-Main-3/DEBUG] [mekanism.common.Mekanism/]: Received IMC message 'add_meka_suit_pants_modules' from 'mekanism' for module 'mekanism:energy_unit'.
[11dic2025 14:06:22.460] [Worker-Main-3/DEBUG] [mekanism.common.Mekanism/]: Received IMC message 'add_meka_suit_pants_modules' from 'mekanism' for module 'mekanism:color_modulation_unit'.
[11dic2025 14:06:22.460] [Worker-Main-3/DEBUG] [mekanism.common.Mekanism/]: Received IMC message 'add_meka_suit_pants_modules' from 'mekanism' for module 'mekanism:laser_dissipation_unit'.
[11dic2025 14:06:22.460] [Worker-Main-3/DEBUG] [mekanism.common.Mekanism/]: Received IMC message 'add_meka_suit_pants_modules' from 'mekanism' for module 'mekanism:radiation_shielding_unit'.
[11dic2025 14:06:22.460] [Worker-Main-3/DEBUG] [mekanism.common.Mekanism/]: Received IMC message 'add_meka_suit_pants_modules' from 'mekanism' for module 'mekanism:locomotive_boosting_unit'.
[11dic2025 14:06:22.460] [Worker-Main-3/DEBUG] [mekanism.common.Mekanism/]: Received IMC message 'add_meka_suit_pants_modules' from 'mekanism' for module 'mekanism:gyroscopic_stabilization_unit'.
[11dic2025 14:06:22.460] [Worker-Main-3/DEBUG] [mekanism.common.Mekanism/]: Received IMC message 'add_meka_suit_pants_modules' from 'mekanism' for module 'mekanism:hydrostatic_repulsor_unit'.
[11dic2025 14:06:22.460] [Worker-Main-3/DEBUG] [mekanism.common.Mekanism/]: Received IMC message 'add_meka_suit_pants_modules' from 'mekanism' for module 'mekanism:motorized_servo_unit'.
[11dic2025 14:06:22.460] [Worker-Main-3/DEBUG] [mekanism.common.Mekanism/]: Received IMC message 'add_meka_suit_pants_modules' from 'mekanismgenerators' for module 'mekanismgenerators:geothermal_generator_unit'.
[11dic2025 14:06:22.460] [Worker-Main-3/DEBUG] [mekanism.common.Mekanism/]: Received IMC message 'add_meka_suit_boots_modules' from 'mekanism' for module 'mekanism:energy_unit'.
[11dic2025 14:06:22.460] [Worker-Main-3/DEBUG] [mekanism.common.Mekanism/]: Received IMC message 'add_meka_suit_boots_modules' from 'mekanism' for module 'mekanism:color_modulation_unit'.
[11dic2025 14:06:22.460] [Worker-Main-3/DEBUG] [mekanism.common.Mekanism/]: Received IMC message 'add_meka_suit_boots_modules' from 'mekanism' for module 'mekanism:laser_dissipation_unit'.
[11dic2025 14:06:22.460] [Worker-Main-3/DEBUG] [mekanism.common.Mekanism/]: Received IMC message 'add_meka_suit_boots_modules' from 'mekanism' for module 'mekanism:radiation_shielding_unit'.
[11dic2025 14:06:22.460] [Worker-Main-3/DEBUG] [mekanism.common.Mekanism/]: Received IMC message 'add_meka_suit_boots_modules' from 'mekanism' for module 'mekanism:hydraulic_propulsion_unit'.
[11dic2025 14:06:22.460] [Worker-Main-3/DEBUG] [mekanism.common.Mekanism/]: Received IMC message 'add_meka_suit_boots_modules' from 'mekanism' for module 'mekanism:magnetic_attraction_unit'.
[11dic2025 14:06:22.460] [Worker-Main-3/DEBUG] [mekanism.common.Mekanism/]: Received IMC message 'add_meka_suit_boots_modules' from 'mekanism' for module 'mekanism:frost_walker_unit'.
[11dic2025 14:06:22.460] [Worker-Main-3/DEBUG] [mekanism.common.Mekanism/]: Received IMC message 'add_meka_suit_boots_modules' from 'mekanism' for module 'mekanism:soul_surfer_unit'.
[11dic2025 14:06:22.476] [Worker-Main-8/INFO] [owo/]: Services frozen by 'io.wispforest.owo.Owo'
[11dic2025 14:06:22.494] [Worker-Main-5/INFO] [snownee.jade.Jade/]: Start loading plugin from snownee.jade.addon.vanilla.VanillaPlugin
[11dic2025 14:06:22.513] [Worker-Main-5/INFO] [snownee.jade.Jade/]: Bootstrapped plugin from snownee.jade.addon.vanilla.VanillaPlugin in 16.99 ms
[11dic2025 14:06:22.517] [Worker-Main-5/INFO] [snownee.jade.Jade/]: Loaded plugin from snownee.jade.addon.vanilla.VanillaPlugin in 21.20 ms
[11dic2025 14:06:22.517] [Worker-Main-5/INFO] [snownee.jade.Jade/]: Start loading plugin from snownee.jade.addon.universal.UniversalPlugin
[11dic2025 14:06:22.519] [Worker-Main-5/INFO] [snownee.jade.Jade/]: Bootstrapped plugin from snownee.jade.addon.universal.UniversalPlugin in 1.742 ms
[11dic2025 14:06:22.519] [Worker-Main-5/INFO] [snownee.jade.Jade/]: Loaded plugin from snownee.jade.addon.universal.UniversalPlugin in 1.906 ms
[11dic2025 14:06:22.519] [Worker-Main-5/INFO] [snownee.jade.Jade/]: Start loading plugin from snownee.jade.addon.debug.DebugPlugin
[11dic2025 14:06:22.520] [Worker-Main-5/INFO] [snownee.jade.Jade/]: Bootstrapped plugin from snownee.jade.addon.debug.DebugPlugin in 712.3 μs
[11dic2025 14:06:22.521] [Worker-Main-5/INFO] [snownee.jade.Jade/]: Loaded plugin from snownee.jade.addon.debug.DebugPlugin in 903.6 μs
[11dic2025 14:06:22.521] [Worker-Main-5/INFO] [snownee.jade.Jade/]: Start loading plugin from snownee.jade.addon.core.CorePlugin
[11dic2025 14:06:22.522] [Worker-Main-5/INFO] [snownee.jade.Jade/]: Bootstrapped plugin from snownee.jade.addon.core.CorePlugin in 1.475 ms
[11dic2025 14:06:22.523] [Worker-Main-5/INFO] [snownee.jade.Jade/]: Loaded plugin from snownee.jade.addon.core.CorePlugin in 1.653 ms
[11dic2025 14:06:22.523] [Worker-Main-5/INFO] [snownee.jade.Jade/]: Start loading plugin from snownee.jade.addon.access.AccessibilityPlugin
[11dic2025 14:06:22.524] [Worker-Main-5/INFO] [snownee.jade.Jade/]: Bootstrapped plugin from snownee.jade.addon.access.AccessibilityPlugin in 1.016 ms
[11dic2025 14:06:22.524] [Worker-Main-5/INFO] [snownee.jade.Jade/]: Loaded plugin from snownee.jade.addon.access.AccessibilityPlugin in 1.113 ms
[11dic2025 14:06:22.524] [Worker-Main-5/INFO] [snownee.jade.Jade/]: Start loading plugin from mekanism.common.integration.lookingat.jade.MekanismJadePlugin
[11dic2025 14:06:22.529] [Worker-Main-5/INFO] [snownee.jade.Jade/]: Bootstrapped plugin from mekanism.common.integration.lookingat.jade.MekanismJadePlugin in 4.362 ms
[11dic2025 14:06:22.529] [Worker-Main-5/INFO] [snownee.jade.Jade/]: Loaded plugin from mekanism.common.integration.lookingat.jade.MekanismJadePlugin in 5.086 ms
[11dic2025 14:06:22.530] [Worker-Main-5/INFO] [snownee.jade.Jade/]: Start loading plugin from de.maxhenkel.pipez.integration.waila.PluginPipes
[11dic2025 14:06:22.530] [Worker-Main-5/INFO] [snownee.jade.Jade/]: Bootstrapped plugin from de.maxhenkel.pipez.integration.waila.PluginPipes in 403.4 μs
[11dic2025 14:06:22.531] [Worker-Main-5/INFO] [snownee.jade.Jade/]: Loaded plugin from de.maxhenkel.pipez.integration.waila.PluginPipes in 555.4 μs
[11dic2025 14:06:22.561] [Render thread/DEBUG] [net.neoforged.fml.DeferredWorkQueue/LOADING]: Dispatching synchronous work for work queue Complete loading of 26 mods: 1 jobs
[11dic2025 14:06:22.562] [Render thread/INFO] [KubeJS Startup/]: Capturing errors for startup scripts disabled
[11dic2025 14:06:22.562] [Render thread/INFO] [KubeJS Client/]: Capturing errors for client scripts disabled
[11dic2025 14:06:22.563] [Render thread/DEBUG] [net.neoforged.fml.DeferredWorkQueue/LOADING]: Synchronous work queue completed in 1.075 ms
[11dic2025 14:06:22.652] [Render thread/INFO] [com.lumengrid.pipezretriever.PipezRetriever/]: Pipez Retriever network messages registered
[11dic2025 14:06:22.690] [Render thread/WARN] [net.minecraft.client.resources.language.ClientLanguage/]: Failed to load translations for en_us from pack vanilla
java.nio.file.NoSuchFileException: /Users/joshua.morotti/.gradle/caches/minecraft/assets/objects/a1/a1260ad0107b49e9ea070a1ed87934b50d6caefd
	at java.base/sun.nio.fs.UnixException.translateToIOException(UnixException.java:92) ~[?:?]
	at java.base/sun.nio.fs.UnixException.rethrowAsIOException(UnixException.java:106) ~[?:?]
	at java.base/sun.nio.fs.UnixException.rethrowAsIOException(UnixException.java:111) ~[?:?]
	at java.base/sun.nio.fs.UnixFileSystemProvider.newByteChannel(UnixFileSystemProvider.java:261) ~[?:?]
	at java.base/java.nio.file.Files.newByteChannel(Files.java:380) ~[?:?]
	at TRANSFORMER/minecraft@1.21.1/net.minecraft.server.packs.linkfs.LinkFSProvider.newByteChannel(LinkFSProvider.java:66) ~[neoforge-21.1.194.jar%23188!/:?]
	at java.base/java.nio.file.Files.newByteChannel(Files.java:380) ~[?:?]
	at java.base/java.nio.file.Files.newByteChannel(Files.java:432) ~[?:?]
	at java.base/java.nio.file.spi.FileSystemProvider.newInputStream(FileSystemProvider.java:420) ~[?:?]
	at java.base/java.nio.file.Files.newInputStream(Files.java:160) ~[?:?]
	at TRANSFORMER/minecraft@1.21.1/net.minecraft.server.packs.resources.IoSupplier.lambda$create$0(IoSupplier.java:13) ~[neoforge-21.1.194.jar%23188!/:?]
	at TRANSFORMER/minecraft@1.21.1/net.minecraft.server.packs.resources.Resource.open(Resource.java:46) ~[neoforge-21.1.194.jar%23188!/:?]
	at TRANSFORMER/minecraft@1.21.1/net.minecraft.client.resources.language.ClientLanguage.appendFrom(ClientLanguage.java:67) ~[neoforge-21.1.194.jar%23188!/:?]
	at TRANSFORMER/minecraft@1.21.1/net.minecraft.client.resources.language.ClientLanguage.loadFrom(ClientLanguage.java:50) ~[neoforge-21.1.194.jar%23188!/:?]
	at TRANSFORMER/minecraft@1.21.1/net.minecraft.client.resources.language.LanguageManager.onResourceManagerReload(LanguageManager.java:66) ~[neoforge-21.1.194.jar%23188!/:?]
	at TRANSFORMER/minecraft@1.21.1/net.minecraft.server.packs.resources.ResourceManagerReloadListener.lambda$reload$0(ResourceManagerReloadListener.java:21) ~[neoforge-21.1.194.jar%23188!/:?]
	at java.base/java.util.concurrent.CompletableFuture$UniRun.tryFire(CompletableFuture.java:787) ~[?:?]
	at java.base/java.util.concurrent.CompletableFuture$Completion.run(CompletableFuture.java:482) ~[?:?]
	at TRANSFORMER/minecraft@1.21.1/net.minecraft.server.packs.resources.SimpleReloadInstance.lambda$new$3(SimpleReloadInstance.java:86) ~[neoforge-21.1.194.jar%23188!/:?]
	at TRANSFORMER/minecraft@1.21.1/net.minecraft.util.thread.BlockableEventLoop.doRunTask(BlockableEventLoop.java:151) ~[neoforge-21.1.194.jar%23188!/:?]
	at TRANSFORMER/minecraft@1.21.1/net.minecraft.util.thread.ReentrantBlockableEventLoop.doRunTask(ReentrantBlockableEventLoop.java:24) ~[neoforge-21.1.194.jar%23188!/:?]
	at TRANSFORMER/minecraft@1.21.1/net.minecraft.util.thread.BlockableEventLoop.pollTask(BlockableEventLoop.java:122) ~[neoforge-21.1.194.jar%23188!/:?]
	at TRANSFORMER/minecraft@1.21.1/net.minecraft.util.thread.BlockableEventLoop.runAllTasks(BlockableEventLoop.java:111) ~[neoforge-21.1.194.jar%23188!/:?]
	at TRANSFORMER/minecraft@1.21.1/net.minecraft.client.Minecraft.runTick(Minecraft.java:1161) ~[neoforge-21.1.194.jar%23188!/:?]
	at TRANSFORMER/minecraft@1.21.1/net.minecraft.client.Minecraft.run(Minecraft.java:813) ~[neoforge-21.1.194.jar%23188!/:?]
	at TRANSFORMER/minecraft@1.21.1/net.minecraft.client.main.Main.main(Main.java:230) ~[neoforge-21.1.194.jar%23188!/:?]
	at java.base/jdk.internal.reflect.DirectMethodHandleAccessor.invoke(DirectMethodHandleAccessor.java:103) ~[?:?]
	at java.base/java.lang.reflect.Method.invoke(Method.java:580) ~[?:?]
	at MC-BOOTSTRAP/fml_loader@4.0.41/net.neoforged.fml.loading.targets.CommonLaunchHandler.runTarget(CommonLaunchHandler.java:136) ~[loader-4.0.41.jar%23142!/:4.0]
	at MC-BOOTSTRAP/fml_loader@4.0.41/net.neoforged.fml.loading.targets.CommonLaunchHandler.clientService(CommonLaunchHandler.java:124) ~[loader-4.0.41.jar%23142!/:4.0]
	at MC-BOOTSTRAP/fml_loader@4.0.41/net.neoforged.fml.loading.targets.NeoForgeClientDevLaunchHandler.runService(NeoForgeClientDevLaunchHandler.java:23) ~[loader-4.0.41.jar%23142!/:4.0]
	at MC-BOOTSTRAP/fml_loader@4.0.41/net.neoforged.fml.loading.targets.CommonLaunchHandler.lambda$launchService$4(CommonLaunchHandler.java:118) ~[loader-4.0.41.jar%23142!/:4.0]
	at MC-BOOTSTRAP/cpw.mods.modlauncher@11.0.5/cpw.mods.modlauncher.LaunchServiceHandlerDecorator.launch(LaunchServiceHandlerDecorator.java:30) [modlauncher-11.0.5.jar%23124!/:?]
	at MC-BOOTSTRAP/cpw.mods.modlauncher@11.0.5/cpw.mods.modlauncher.LaunchServiceHandler.launch(LaunchServiceHandler.java:53) [modlauncher-11.0.5.jar%23124!/:?]
	at MC-BOOTSTRAP/cpw.mods.modlauncher@11.0.5/cpw.mods.modlauncher.LaunchServiceHandler.launch(LaunchServiceHandler.java:71) [modlauncher-11.0.5.jar%23124!/:?]
	at MC-BOOTSTRAP/cpw.mods.modlauncher@11.0.5/cpw.mods.modlauncher.Launcher.run(Launcher.java:103) [modlauncher-11.0.5.jar%23124!/:?]
	at MC-BOOTSTRAP/cpw.mods.modlauncher@11.0.5/cpw.mods.modlauncher.Launcher.main(Launcher.java:74) [modlauncher-11.0.5.jar%23124!/:?]
	at MC-BOOTSTRAP/cpw.mods.modlauncher@11.0.5/cpw.mods.modlauncher.BootstrapLaunchConsumer.accept(BootstrapLaunchConsumer.java:26) [modlauncher-11.0.5.jar%23124!/:?]
	at MC-BOOTSTRAP/cpw.mods.modlauncher@11.0.5/cpw.mods.modlauncher.BootstrapLaunchConsumer.accept(BootstrapLaunchConsumer.java:23) [modlauncher-11.0.5.jar%23124!/:?]
	at cpw.mods.bootstraplauncher@2.0.2/cpw.mods.bootstraplauncher.BootstrapLauncher.run(BootstrapLauncher.java:210) [bootstraplauncher-2.0.2.jar:?]
	at cpw.mods.bootstraplauncher@2.0.2/cpw.mods.bootstraplauncher.BootstrapLauncher.main(BootstrapLauncher.java:69) [bootstraplauncher-2.0.2.jar:?]
[11dic2025 14:06:22.717] [Render thread/WARN] [net.minecraft.client.sounds.SoundEngine/]: Missing sound for event: minecraft:item.goat_horn.play
[11dic2025 14:06:22.717] [Render thread/WARN] [net.minecraft.client.sounds.SoundEngine/]: Missing sound for event: minecraft:entity.goat.screaming.horn_break
[11dic2025 14:06:22.824] [Render thread/INFO] [com.mojang.blaze3d.audio.Library/]: OpenAL initialized on device Altoparlanti MacBook Pro
[11dic2025 14:06:22.826] [Render thread/INFO] [net.minecraft.client.sounds.SoundEngine/SOUNDS]: Sound engine started
[11dic2025 14:06:22.920] [Render thread/INFO] [net.minecraft.client.renderer.texture.TextureAtlas/]: Created: 1024x1024x4 minecraft:textures/atlas/blocks.png-atlas
[11dic2025 14:06:22.944] [Render thread/INFO] [net.minecraft.client.renderer.texture.TextureAtlas/]: Created: 256x256x4 minecraft:textures/atlas/signs.png-atlas
[11dic2025 14:06:22.945] [Render thread/INFO] [net.minecraft.client.renderer.texture.TextureAtlas/]: Created: 512x512x4 minecraft:textures/atlas/shield_patterns.png-atlas
[11dic2025 14:06:22.946] [Render thread/INFO] [net.minecraft.client.renderer.texture.TextureAtlas/]: Created: 512x512x4 minecraft:textures/atlas/banner_patterns.png-atlas
[11dic2025 14:06:22.946] [Render thread/INFO] [net.minecraft.client.renderer.texture.TextureAtlas/]: Created: 1024x1024x4 minecraft:textures/atlas/armor_trims.png-atlas
[11dic2025 14:06:22.953] [Render thread/INFO] [net.minecraft.client.renderer.texture.TextureAtlas/]: Created: 128x64x4 minecraft:textures/atlas/decorated_pot.png-atlas
[11dic2025 14:06:22.954] [Render thread/INFO] [net.minecraft.client.renderer.texture.TextureAtlas/]: Created: 256x256x4 minecraft:textures/atlas/chest.png-atlas
[11dic2025 14:06:22.954] [Render thread/INFO] [net.minecraft.client.renderer.texture.TextureAtlas/]: Created: 512x256x4 minecraft:textures/atlas/shulker_boxes.png-atlas
[11dic2025 14:06:22.955] [Render thread/INFO] [net.minecraft.client.renderer.texture.TextureAtlas/]: Created: 512x256x4 minecraft:textures/atlas/beds.png-atlas
[11dic2025 14:06:23.037] [Render thread/DEBUG] [mekanism.common.Mekanism/]: Added Mekanism Elytra Layer to entity of type: minecraft:player
[11dic2025 14:06:23.037] [Render thread/DEBUG] [mekanism.common.Mekanism/]: Added Mekanism Armor Layer to entity of type: minecraft:player
[11dic2025 14:06:23.037] [Render thread/DEBUG] [mekanism.common.Mekanism/]: Added Mekanism Elytra Layer to entity of type: minecraft:player
[11dic2025 14:06:23.037] [Render thread/DEBUG] [mekanism.common.Mekanism/]: Added Mekanism Armor Layer to entity of type: minecraft:player
[11dic2025 14:06:23.037] [Render thread/DEBUG] [mekanism.common.Mekanism/]: Added Mekanism Elytra Layer to entity of type: minecraft:zombified_piglin
[11dic2025 14:06:23.037] [Render thread/DEBUG] [mekanism.common.Mekanism/]: Added Mekanism Armor Layer to entity of type: minecraft:zombified_piglin
[11dic2025 14:06:23.037] [Render thread/DEBUG] [mekanism.common.Mekanism/]: Added Mekanism Elytra Layer to entity of type: minecraft:zombie_villager
[11dic2025 14:06:23.037] [Render thread/DEBUG] [mekanism.common.Mekanism/]: Added Mekanism Armor Layer to entity of type: minecraft:zombie_villager
[11dic2025 14:06:23.037] [Render thread/DEBUG] [mekanism.common.Mekanism/]: Added Mekanism Elytra Layer to entity of type: minecraft:drowned
[11dic2025 14:06:23.038] [Render thread/DEBUG] [mekanism.common.Mekanism/]: Added Mekanism Armor Layer to entity of type: minecraft:drowned
[11dic2025 14:06:23.038] [Render thread/DEBUG] [mekanism.common.Mekanism/]: Added Mekanism Elytra Layer to entity of type: minecraft:armor_stand
[11dic2025 14:06:23.038] [Render thread/DEBUG] [mekanism.common.Mekanism/]: Added Mekanism Armor Layer to entity of type: minecraft:armor_stand
[11dic2025 14:06:23.038] [Render thread/DEBUG] [mekanism.common.Mekanism/]: Added Mekanism Elytra Layer to entity of type: minecraft:bogged
[11dic2025 14:06:23.038] [Render thread/DEBUG] [mekanism.common.Mekanism/]: Added Mekanism Armor Layer to entity of type: minecraft:bogged
[11dic2025 14:06:23.038] [Render thread/DEBUG] [mekanism.common.Mekanism/]: Added Mekanism Elytra Layer to entity of type: minecraft:zombie
[11dic2025 14:06:23.038] [Render thread/DEBUG] [mekanism.common.Mekanism/]: Added Mekanism Armor Layer to entity of type: minecraft:zombie
[11dic2025 14:06:23.038] [Render thread/DEBUG] [mekanism.common.Mekanism/]: Added Mekanism Elytra Layer to entity of type: minecraft:piglin
[11dic2025 14:06:23.038] [Render thread/DEBUG] [mekanism.common.Mekanism/]: Added Mekanism Armor Layer to entity of type: minecraft:piglin
[11dic2025 14:06:23.038] [Render thread/DEBUG] [mekanism.common.Mekanism/]: Added Mekanism Elytra Layer to entity of type: minecraft:husk
[11dic2025 14:06:23.038] [Render thread/DEBUG] [mekanism.common.Mekanism/]: Added Mekanism Armor Layer to entity of type: minecraft:husk
[11dic2025 14:06:23.038] [Render thread/DEBUG] [mekanism.common.Mekanism/]: Added Mekanism Elytra Layer to entity of type: minecraft:skeleton
[11dic2025 14:06:23.038] [Render thread/DEBUG] [mekanism.common.Mekanism/]: Added Mekanism Armor Layer to entity of type: minecraft:skeleton
[11dic2025 14:06:23.038] [Render thread/DEBUG] [mekanism.common.Mekanism/]: Added Mekanism Armor Layer to entity of type: minecraft:giant
[11dic2025 14:06:23.038] [Render thread/DEBUG] [mekanism.common.Mekanism/]: Added Mekanism Elytra Layer to entity of type: minecraft:piglin_brute
[11dic2025 14:06:23.038] [Render thread/DEBUG] [mekanism.common.Mekanism/]: Added Mekanism Armor Layer to entity of type: minecraft:piglin_brute
[11dic2025 14:06:23.038] [Render thread/DEBUG] [mekanism.common.Mekanism/]: Added Mekanism Elytra Layer to entity of type: minecraft:wither_skeleton
[11dic2025 14:06:23.038] [Render thread/DEBUG] [mekanism.common.Mekanism/]: Added Mekanism Armor Layer to entity of type: minecraft:wither_skeleton
[11dic2025 14:06:23.038] [Render thread/DEBUG] [mekanism.common.Mekanism/]: Added Mekanism Elytra Layer to entity of type: minecraft:stray
[11dic2025 14:06:23.038] [Render thread/DEBUG] [mekanism.common.Mekanism/]: Added Mekanism Armor Layer to entity of type: minecraft:stray
[11dic2025 14:06:23.038] [Render thread/INFO] [net.minecraft.client.renderer.texture.TextureAtlas/]: Created: 512x256x0 minecraft:textures/atlas/particles.png-atlas
[11dic2025 14:06:23.040] [Render thread/INFO] [net.minecraft.client.renderer.texture.TextureAtlas/]: Created: 512x256x0 minecraft:textures/atlas/paintings.png-atlas
[11dic2025 14:06:23.040] [Render thread/INFO] [net.minecraft.client.renderer.texture.TextureAtlas/]: Created: 256x128x0 minecraft:textures/atlas/mob_effects.png-atlas
[11dic2025 14:06:23.041] [Render thread/INFO] [net.minecraft.client.renderer.texture.TextureAtlas/]: Created: 64x64x0 minecraft:textures/atlas/map_decorations.png-atlas
[11dic2025 14:06:23.041] [Render thread/INFO] [net.minecraft.client.renderer.texture.TextureAtlas/]: Created: 1024x512x0 minecraft:textures/atlas/gui.png-atlas
[11dic2025 14:06:23.042] [Render thread/DEBUG] [guideme.render.GuiAssets/]: Resetting 8 GUI sprites.
[11dic2025 14:06:23.086] [Render thread/WARN] [net.minecraft.client.renderer.ShaderInstance/]: Shader rendertype_entity_translucent_emissive could not find sampler named Sampler2 in the specified shader program.
[11dic2025 14:06:23.189] [Render thread/INFO] [net.minecraft.client.renderer.texture.TextureAtlas/]: Created: 256x256x0 jei:textures/atlas/gui.png-atlas
[11dic2025 14:06:23.190] [Render thread/INFO] [net.minecraft.client.renderer.texture.TextureAtlas/]: Created: 512x256x0 mekanism:textures/atlas/robit.png-atlas
[11dic2025 14:06:23.193] [Render thread/INFO] [net.neoforged.neoforge.client.entity.animation.json.AnimationLoader/]: Loaded 0 entity animations
[11dic2025 14:06:23.193] [Render thread/INFO] [guideme.internal.GuideReloadListener/]: Data driven guides: []
[11dic2025 14:06:24.253] [Render thread/WARN] [net.minecraft.client.renderer.texture.TextureManager/]: Failed to load texture: minecraft:textures/gui/title/background/panorama_0.png
java.nio.file.NoSuchFileException: /Users/joshua.morotti/.gradle/caches/minecraft/assets/objects/dc/dca189017c6b77dc6e55ebfb0baca2b645b6e4cd
	at java.base/sun.nio.fs.UnixException.translateToIOException(UnixException.java:92) ~[?:?]
	at java.base/sun.nio.fs.UnixException.rethrowAsIOException(UnixException.java:106) ~[?:?]
	at java.base/sun.nio.fs.UnixException.rethrowAsIOException(UnixException.java:111) ~[?:?]
	at java.base/sun.nio.fs.UnixFileSystemProvider.newByteChannel(UnixFileSystemProvider.java:261) ~[?:?]
	at java.base/java.nio.file.Files.newByteChannel(Files.java:380) ~[?:?]
	at TRANSFORMER/minecraft@1.21.1/net.minecraft.server.packs.linkfs.LinkFSProvider.newByteChannel(LinkFSProvider.java:66) ~[neoforge-21.1.194.jar%23188!/:?]
	at java.base/java.nio.file.Files.newByteChannel(Files.java:380) ~[?:?]
	at java.base/java.nio.file.Files.newByteChannel(Files.java:432) ~[?:?]
	at java.base/java.nio.file.spi.FileSystemProvider.newInputStream(FileSystemProvider.java:420) ~[?:?]
	at java.base/java.nio.file.Files.newInputStream(Files.java:160) ~[?:?]
	at TRANSFORMER/minecraft@1.21.1/net.minecraft.server.packs.resources.IoSupplier.lambda$create$0(IoSupplier.java:13) ~[neoforge-21.1.194.jar%23188!/:?]
	at TRANSFORMER/minecraft@1.21.1/net.minecraft.server.packs.resources.Resource.open(Resource.java:46) ~[neoforge-21.1.194.jar%23188!/:?]
	at TRANSFORMER/minecraft@1.21.1/net.minecraft.client.renderer.texture.SimpleTexture$TextureImage.load(SimpleTexture.java:86) ~[neoforge-21.1.194.jar%23188!/:?]
	at TRANSFORMER/minecraft@1.21.1/net.minecraft.client.renderer.texture.SimpleTexture.getTextureImage(SimpleTexture.java:57) ~[neoforge-21.1.194.jar%23188!/:?]
	at TRANSFORMER/minecraft@1.21.1/net.minecraft.client.renderer.texture.SimpleTexture.load(SimpleTexture.java:30) ~[neoforge-21.1.194.jar%23188!/:?]
	at TRANSFORMER/minecraft@1.21.1/net.minecraft.client.renderer.texture.TextureManager.loadTexture(TextureManager.java:92) ~[neoforge-21.1.194.jar%23188!/:?]
	at TRANSFORMER/minecraft@1.21.1/net.minecraft.client.renderer.texture.TextureManager.register(TextureManager.java:63) ~[neoforge-21.1.194.jar%23188!/:?]
	at TRANSFORMER/minecraft@1.21.1/net.minecraft.client.renderer.texture.TextureManager.getTexture(TextureManager.java:113) ~[neoforge-21.1.194.jar%23188!/:?]
	at TRANSFORMER/minecraft@1.21.1/com.mojang.blaze3d.systems.RenderSystem._setShaderTexture(RenderSystem.java:725) ~[neoforge-21.1.194.jar%23188!/:?]
	at TRANSFORMER/minecraft@1.21.1/com.mojang.blaze3d.systems.RenderSystem.setShaderTexture(RenderSystem.java:718) ~[neoforge-21.1.194.jar%23188!/:?]
	at TRANSFORMER/minecraft@1.21.1/net.minecraft.client.renderer.CubeMap.render(CubeMap.java:57) ~[neoforge-21.1.194.jar%23188!/:?]
	at TRANSFORMER/minecraft@1.21.1/net.minecraft.client.renderer.PanoramaRenderer.render(PanoramaRenderer.java:31) ~[neoforge-21.1.194.jar%23188!/:?]
	at TRANSFORMER/minecraft@1.21.1/net.minecraft.client.gui.screens.TitleScreen.renderPanorama(TitleScreen.java:352) ~[neoforge-21.1.194.jar%23188!/:?]
	at TRANSFORMER/minecraft@1.21.1/net.minecraft.client.gui.screens.TitleScreen.render(TitleScreen.java:303) ~[neoforge-21.1.194.jar%23188!/:?]
	at TRANSFORMER/neoforge@21.1.194/net.neoforged.neoforge.client.loading.NeoForgeLoadingOverlay.render(NeoForgeLoadingOverlay.java:78) ~[neoforge-21.1.194.jar%23189!/:?]
	at TRANSFORMER/minecraft@1.21.1/net.minecraft.client.renderer.GameRenderer.render(GameRenderer.java:1087) ~[neoforge-21.1.194.jar%23188!/:?]
	at TRANSFORMER/minecraft@1.21.1/net.minecraft.client.Minecraft.runTick(Minecraft.java:1201) ~[neoforge-21.1.194.jar%23188!/:?]
	at TRANSFORMER/minecraft@1.21.1/net.minecraft.client.Minecraft.run(Minecraft.java:813) ~[neoforge-21.1.194.jar%23188!/:?]
	at TRANSFORMER/minecraft@1.21.1/net.minecraft.client.main.Main.main(Main.java:230) ~[neoforge-21.1.194.jar%23188!/:?]
	at java.base/jdk.internal.reflect.DirectMethodHandleAccessor.invoke(DirectMethodHandleAccessor.java:103) ~[?:?]
	at java.base/java.lang.reflect.Method.invoke(Method.java:580) ~[?:?]
	at MC-BOOTSTRAP/fml_loader@4.0.41/net.neoforged.fml.loading.targets.CommonLaunchHandler.runTarget(CommonLaunchHandler.java:136) ~[loader-4.0.41.jar%23142!/:4.0]
	at MC-BOOTSTRAP/fml_loader@4.0.41/net.neoforged.fml.loading.targets.CommonLaunchHandler.clientService(CommonLaunchHandler.java:124) ~[loader-4.0.41.jar%23142!/:4.0]
	at MC-BOOTSTRAP/fml_loader@4.0.41/net.neoforged.fml.loading.targets.NeoForgeClientDevLaunchHandler.runService(NeoForgeClientDevLaunchHandler.java:23) ~[loader-4.0.41.jar%23142!/:4.0]
	at MC-BOOTSTRAP/fml_loader@4.0.41/net.neoforged.fml.loading.targets.CommonLaunchHandler.lambda$launchService$4(CommonLaunchHandler.java:118) ~[loader-4.0.41.jar%23142!/:4.0]
	at MC-BOOTSTRAP/cpw.mods.modlauncher@11.0.5/cpw.mods.modlauncher.LaunchServiceHandlerDecorator.launch(LaunchServiceHandlerDecorator.java:30) [modlauncher-11.0.5.jar%23124!/:?]
	at MC-BOOTSTRAP/cpw.mods.modlauncher@11.0.5/cpw.mods.modlauncher.LaunchServiceHandler.launch(LaunchServiceHandler.java:53) [modlauncher-11.0.5.jar%23124!/:?]
	at MC-BOOTSTRAP/cpw.mods.modlauncher@11.0.5/cpw.mods.modlauncher.LaunchServiceHandler.launch(LaunchServiceHandler.java:71) [modlauncher-11.0.5.jar%23124!/:?]
	at MC-BOOTSTRAP/cpw.mods.modlauncher@11.0.5/cpw.mods.modlauncher.Launcher.run(Launcher.java:103) [modlauncher-11.0.5.jar%23124!/:?]
	at MC-BOOTSTRAP/cpw.mods.modlauncher@11.0.5/cpw.mods.modlauncher.Launcher.main(Launcher.java:74) [modlauncher-11.0.5.jar%23124!/:?]
	at MC-BOOTSTRAP/cpw.mods.modlauncher@11.0.5/cpw.mods.modlauncher.BootstrapLaunchConsumer.accept(BootstrapLaunchConsumer.java:26) [modlauncher-11.0.5.jar%23124!/:?]
	at MC-BOOTSTRAP/cpw.mods.modlauncher@11.0.5/cpw.mods.modlauncher.BootstrapLaunchConsumer.accept(BootstrapLaunchConsumer.java:23) [modlauncher-11.0.5.jar%23124!/:?]
	at cpw.mods.bootstraplauncher@2.0.2/cpw.mods.bootstraplauncher.BootstrapLauncher.run(BootstrapLauncher.java:210) [bootstraplauncher-2.0.2.jar:?]
	at cpw.mods.bootstraplauncher@2.0.2/cpw.mods.bootstraplauncher.BootstrapLauncher.main(BootstrapLauncher.java:69) [bootstraplauncher-2.0.2.jar:?]
[11dic2025 14:06:24.255] [Render thread/WARN] [net.minecraft.client.renderer.texture.TextureManager/]: Failed to load texture: minecraft:textures/gui/title/background/panorama_1.png
java.nio.file.NoSuchFileException: /Users/joshua.morotti/.gradle/caches/minecraft/assets/objects/97/97d080a6827e54904eb7bbe0f04df20eb9070d1a
	at java.base/sun.nio.fs.UnixException.translateToIOException(UnixException.java:92) ~[?:?]
	at java.base/sun.nio.fs.UnixException.rethrowAsIOException(UnixException.java:106) ~[?:?]
	at java.base/sun.nio.fs.UnixException.rethrowAsIOException(UnixException.java:111) ~[?:?]
	at java.base/sun.nio.fs.UnixFileSystemProvider.newByteChannel(UnixFileSystemProvider.java:261) ~[?:?]
	at java.base/java.nio.file.Files.newByteChannel(Files.java:380) ~[?:?]
	at TRANSFORMER/minecraft@1.21.1/net.minecraft.server.packs.linkfs.LinkFSProvider.newByteChannel(LinkFSProvider.java:66) ~[neoforge-21.1.194.jar%23188!/:?]
	at java.base/java.nio.file.Files.newByteChannel(Files.java:380) ~[?:?]
	at java.base/java.nio.file.Files.newByteChannel(Files.java:432) ~[?:?]
	at java.base/java.nio.file.spi.FileSystemProvider.newInputStream(FileSystemProvider.java:420) ~[?:?]
	at java.base/java.nio.file.Files.newInputStream(Files.java:160) ~[?:?]
	at TRANSFORMER/minecraft@1.21.1/net.minecraft.server.packs.resources.IoSupplier.lambda$create$0(IoSupplier.java:13) ~[neoforge-21.1.194.jar%23188!/:?]
	at TRANSFORMER/minecraft@1.21.1/net.minecraft.server.packs.resources.Resource.open(Resource.java:46) ~[neoforge-21.1.194.jar%23188!/:?]
	at TRANSFORMER/minecraft@1.21.1/net.minecraft.client.renderer.texture.SimpleTexture$TextureImage.load(SimpleTexture.java:86) ~[neoforge-21.1.194.jar%23188!/:?]
	at TRANSFORMER/minecraft@1.21.1/net.minecraft.client.renderer.texture.SimpleTexture.getTextureImage(SimpleTexture.java:57) ~[neoforge-21.1.194.jar%23188!/:?]
	at TRANSFORMER/minecraft@1.21.1/net.minecraft.client.renderer.texture.SimpleTexture.load(SimpleTexture.java:30) ~[neoforge-21.1.194.jar%23188!/:?]
	at TRANSFORMER/minecraft@1.21.1/net.minecraft.client.renderer.texture.TextureManager.loadTexture(TextureManager.java:92) ~[neoforge-21.1.194.jar%23188!/:?]
	at TRANSFORMER/minecraft@1.21.1/net.minecraft.client.renderer.texture.TextureManager.register(TextureManager.java:63) ~[neoforge-21.1.194.jar%23188!/:?]
	at TRANSFORMER/minecraft@1.21.1/net.minecraft.client.renderer.texture.TextureManager.getTexture(TextureManager.java:113) ~[neoforge-21.1.194.jar%23188!/:?]
	at TRANSFORMER/minecraft@1.21.1/com.mojang.blaze3d.systems.RenderSystem._setShaderTexture(RenderSystem.java:725) ~[neoforge-21.1.194.jar%23188!/:?]
	at TRANSFORMER/minecraft@1.21.1/com.mojang.blaze3d.systems.RenderSystem.setShaderTexture(RenderSystem.java:718) ~[neoforge-21.1.194.jar%23188!/:?]
	at TRANSFORMER/minecraft@1.21.1/net.minecraft.client.renderer.CubeMap.render(CubeMap.java:57) ~[neoforge-21.1.194.jar%23188!/:?]
	at TRANSFORMER/minecraft@1.21.1/net.minecraft.client.renderer.PanoramaRenderer.render(PanoramaRenderer.java:31) ~[neoforge-21.1.194.jar%23188!/:?]
	at TRANSFORMER/minecraft@1.21.1/net.minecraft.client.gui.screens.TitleScreen.renderPanorama(TitleScreen.java:352) ~[neoforge-21.1.194.jar%23188!/:?]
	at TRANSFORMER/minecraft@1.21.1/net.minecraft.client.gui.screens.TitleScreen.render(TitleScreen.java:303) ~[neoforge-21.1.194.jar%23188!/:?]
	at TRANSFORMER/neoforge@21.1.194/net.neoforged.neoforge.client.loading.NeoForgeLoadingOverlay.render(NeoForgeLoadingOverlay.java:78) ~[neoforge-21.1.194.jar%23189!/:?]
	at TRANSFORMER/minecraft@1.21.1/net.minecraft.client.renderer.GameRenderer.render(GameRenderer.java:1087) ~[neoforge-21.1.194.jar%23188!/:?]
	at TRANSFORMER/minecraft@1.21.1/net.minecraft.client.Minecraft.runTick(Minecraft.java:1201) ~[neoforge-21.1.194.jar%23188!/:?]
	at TRANSFORMER/minecraft@1.21.1/net.minecraft.client.Minecraft.run(Minecraft.java:813) ~[neoforge-21.1.194.jar%23188!/:?]
	at TRANSFORMER/minecraft@1.21.1/net.minecraft.client.main.Main.main(Main.java:230) ~[neoforge-21.1.194.jar%23188!/:?]
	at java.base/jdk.internal.reflect.DirectMethodHandleAccessor.invoke(DirectMethodHandleAccessor.java:103) ~[?:?]
	at java.base/java.lang.reflect.Method.invoke(Method.java:580) ~[?:?]
	at MC-BOOTSTRAP/fml_loader@4.0.41/net.neoforged.fml.loading.targets.CommonLaunchHandler.runTarget(CommonLaunchHandler.java:136) ~[loader-4.0.41.jar%23142!/:4.0]
	at MC-BOOTSTRAP/fml_loader@4.0.41/net.neoforged.fml.loading.targets.CommonLaunchHandler.clientService(CommonLaunchHandler.java:124) ~[loader-4.0.41.jar%23142!/:4.0]
	at MC-BOOTSTRAP/fml_loader@4.0.41/net.neoforged.fml.loading.targets.NeoForgeClientDevLaunchHandler.runService(NeoForgeClientDevLaunchHandler.java:23) ~[loader-4.0.41.jar%23142!/:4.0]
	at MC-BOOTSTRAP/fml_loader@4.0.41/net.neoforged.fml.loading.targets.CommonLaunchHandler.lambda$launchService$4(CommonLaunchHandler.java:118) ~[loader-4.0.41.jar%23142!/:4.0]
	at MC-BOOTSTRAP/cpw.mods.modlauncher@11.0.5/cpw.mods.modlauncher.LaunchServiceHandlerDecorator.launch(LaunchServiceHandlerDecorator.java:30) [modlauncher-11.0.5.jar%23124!/:?]
	at MC-BOOTSTRAP/cpw.mods.modlauncher@11.0.5/cpw.mods.modlauncher.LaunchServiceHandler.launch(LaunchServiceHandler.java:53) [modlauncher-11.0.5.jar%23124!/:?]
	at MC-BOOTSTRAP/cpw.mods.modlauncher@11.0.5/cpw.mods.modlauncher.LaunchServiceHandler.launch(LaunchServiceHandler.java:71) [modlauncher-11.0.5.jar%23124!/:?]
	at MC-BOOTSTRAP/cpw.mods.modlauncher@11.0.5/cpw.mods.modlauncher.Launcher.run(Launcher.java:103) [modlauncher-11.0.5.jar%23124!/:?]
	at MC-BOOTSTRAP/cpw.mods.modlauncher@11.0.5/cpw.mods.modlauncher.Launcher.main(Launcher.java:74) [modlauncher-11.0.5.jar%23124!/:?]
	at MC-BOOTSTRAP/cpw.mods.modlauncher@11.0.5/cpw.mods.modlauncher.BootstrapLaunchConsumer.accept(BootstrapLaunchConsumer.java:26) [modlauncher-11.0.5.jar%23124!/:?]
	at MC-BOOTSTRAP/cpw.mods.modlauncher@11.0.5/cpw.mods.modlauncher.BootstrapLaunchConsumer.accept(BootstrapLaunchConsumer.java:23) [modlauncher-11.0.5.jar%23124!/:?]
	at cpw.mods.bootstraplauncher@2.0.2/cpw.mods.bootstraplauncher.BootstrapLauncher.run(BootstrapLauncher.java:210) [bootstraplauncher-2.0.2.jar:?]
	at cpw.mods.bootstraplauncher@2.0.2/cpw.mods.bootstraplauncher.BootstrapLauncher.main(BootstrapLauncher.java:69) [bootstraplauncher-2.0.2.jar:?]
[11dic2025 14:06:24.256] [Render thread/WARN] [net.minecraft.client.renderer.texture.TextureManager/]: Failed to load texture: minecraft:textures/gui/title/background/panorama_2.png
java.nio.file.NoSuchFileException: /Users/joshua.morotti/.gradle/caches/minecraft/assets/objects/d7/d79ff13dd8ff2f7b8d497a7516db1bb2d86d2ab8
	at java.base/sun.nio.fs.UnixException.translateToIOException(UnixException.java:92) ~[?:?]
	at java.base/sun.nio.fs.UnixException.rethrowAsIOException(UnixException.java:106) ~[?:?]
	at java.base/sun.nio.fs.UnixException.rethrowAsIOException(UnixException.java:111) ~[?:?]
	at java.base/sun.nio.fs.UnixFileSystemProvider.newByteChannel(UnixFileSystemProvider.java:261) ~[?:?]
	at java.base/java.nio.file.Files.newByteChannel(Files.java:380) ~[?:?]
	at TRANSFORMER/minecraft@1.21.1/net.minecraft.server.packs.linkfs.LinkFSProvider.newByteChannel(LinkFSProvider.java:66) ~[neoforge-21.1.194.jar%23188!/:?]
	at java.base/java.nio.file.Files.newByteChannel(Files.java:380) ~[?:?]
	at java.base/java.nio.file.Files.newByteChannel(Files.java:432) ~[?:?]
	at java.base/java.nio.file.spi.FileSystemProvider.newInputStream(FileSystemProvider.java:420) ~[?:?]
	at java.base/java.nio.file.Files.newInputStream(Files.java:160) ~[?:?]
	at TRANSFORMER/minecraft@1.21.1/net.minecraft.server.packs.resources.IoSupplier.lambda$create$0(IoSupplier.java:13) ~[neoforge-21.1.194.jar%23188!/:?]
	at TRANSFORMER/minecraft@1.21.1/net.minecraft.server.packs.resources.Resource.open(Resource.java:46) ~[neoforge-21.1.194.jar%23188!/:?]
	at TRANSFORMER/minecraft@1.21.1/net.minecraft.client.renderer.texture.SimpleTexture$TextureImage.load(SimpleTexture.java:86) ~[neoforge-21.1.194.jar%23188!/:?]
	at TRANSFORMER/minecraft@1.21.1/net.minecraft.client.renderer.texture.SimpleTexture.getTextureImage(SimpleTexture.java:57) ~[neoforge-21.1.194.jar%23188!/:?]
	at TRANSFORMER/minecraft@1.21.1/net.minecraft.client.renderer.texture.SimpleTexture.load(SimpleTexture.java:30) ~[neoforge-21.1.194.jar%23188!/:?]
	at TRANSFORMER/minecraft@1.21.1/net.minecraft.client.renderer.texture.TextureManager.loadTexture(TextureManager.java:92) ~[neoforge-21.1.194.jar%23188!/:?]
	at TRANSFORMER/minecraft@1.21.1/net.minecraft.client.renderer.texture.TextureManager.register(TextureManager.java:63) ~[neoforge-21.1.194.jar%23188!/:?]
	at TRANSFORMER/minecraft@1.21.1/net.minecraft.client.renderer.texture.TextureManager.getTexture(TextureManager.java:113) ~[neoforge-21.1.194.jar%23188!/:?]
	at TRANSFORMER/minecraft@1.21.1/com.mojang.blaze3d.systems.RenderSystem._setShaderTexture(RenderSystem.java:725) ~[neoforge-21.1.194.jar%23188!/:?]
	at TRANSFORMER/minecraft@1.21.1/com.mojang.blaze3d.systems.RenderSystem.setShaderTexture(RenderSystem.java:718) ~[neoforge-21.1.194.jar%23188!/:?]
	at TRANSFORMER/minecraft@1.21.1/net.minecraft.client.renderer.CubeMap.render(CubeMap.java:57) ~[neoforge-21.1.194.jar%23188!/:?]
	at TRANSFORMER/minecraft@1.21.1/net.minecraft.client.renderer.PanoramaRenderer.render(PanoramaRenderer.java:31) ~[neoforge-21.1.194.jar%23188!/:?]
	at TRANSFORMER/minecraft@1.21.1/net.minecraft.client.gui.screens.TitleScreen.renderPanorama(TitleScreen.java:352) ~[neoforge-21.1.194.jar%23188!/:?]
	at TRANSFORMER/minecraft@1.21.1/net.minecraft.client.gui.screens.TitleScreen.render(TitleScreen.java:303) ~[neoforge-21.1.194.jar%23188!/:?]
	at TRANSFORMER/neoforge@21.1.194/net.neoforged.neoforge.client.loading.NeoForgeLoadingOverlay.render(NeoForgeLoadingOverlay.java:78) ~[neoforge-21.1.194.jar%23189!/:?]
	at TRANSFORMER/minecraft@1.21.1/net.minecraft.client.renderer.GameRenderer.render(GameRenderer.java:1087) ~[neoforge-21.1.194.jar%23188!/:?]
	at TRANSFORMER/minecraft@1.21.1/net.minecraft.client.Minecraft.runTick(Minecraft.java:1201) ~[neoforge-21.1.194.jar%23188!/:?]
	at TRANSFORMER/minecraft@1.21.1/net.minecraft.client.Minecraft.run(Minecraft.java:813) ~[neoforge-21.1.194.jar%23188!/:?]
	at TRANSFORMER/minecraft@1.21.1/net.minecraft.client.main.Main.main(Main.java:230) ~[neoforge-21.1.194.jar%23188!/:?]
	at java.base/jdk.internal.reflect.DirectMethodHandleAccessor.invoke(DirectMethodHandleAccessor.java:103) ~[?:?]
	at java.base/java.lang.reflect.Method.invoke(Method.java:580) ~[?:?]
	at MC-BOOTSTRAP/fml_loader@4.0.41/net.neoforged.fml.loading.targets.CommonLaunchHandler.runTarget(CommonLaunchHandler.java:136) ~[loader-4.0.41.jar%23142!/:4.0]
	at MC-BOOTSTRAP/fml_loader@4.0.41/net.neoforged.fml.loading.targets.CommonLaunchHandler.clientService(CommonLaunchHandler.java:124) ~[loader-4.0.41.jar%23142!/:4.0]
	at MC-BOOTSTRAP/fml_loader@4.0.41/net.neoforged.fml.loading.targets.NeoForgeClientDevLaunchHandler.runService(NeoForgeClientDevLaunchHandler.java:23) ~[loader-4.0.41.jar%23142!/:4.0]
	at MC-BOOTSTRAP/fml_loader@4.0.41/net.neoforged.fml.loading.targets.CommonLaunchHandler.lambda$launchService$4(CommonLaunchHandler.java:118) ~[loader-4.0.41.jar%23142!/:4.0]
	at MC-BOOTSTRAP/cpw.mods.modlauncher@11.0.5/cpw.mods.modlauncher.LaunchServiceHandlerDecorator.launch(LaunchServiceHandlerDecorator.java:30) [modlauncher-11.0.5.jar%23124!/:?]
	at MC-BOOTSTRAP/cpw.mods.modlauncher@11.0.5/cpw.mods.modlauncher.LaunchServiceHandler.launch(LaunchServiceHandler.java:53) [modlauncher-11.0.5.jar%23124!/:?]
	at MC-BOOTSTRAP/cpw.mods.modlauncher@11.0.5/cpw.mods.modlauncher.LaunchServiceHandler.launch(LaunchServiceHandler.java:71) [modlauncher-11.0.5.jar%23124!/:?]
	at MC-BOOTSTRAP/cpw.mods.modlauncher@11.0.5/cpw.mods.modlauncher.Launcher.run(Launcher.java:103) [modlauncher-11.0.5.jar%23124!/:?]
	at MC-BOOTSTRAP/cpw.mods.modlauncher@11.0.5/cpw.mods.modlauncher.Launcher.main(Launcher.java:74) [modlauncher-11.0.5.jar%23124!/:?]
	at MC-BOOTSTRAP/cpw.mods.modlauncher@11.0.5/cpw.mods.modlauncher.BootstrapLaunchConsumer.accept(BootstrapLaunchConsumer.java:26) [modlauncher-11.0.5.jar%23124!/:?]
	at MC-BOOTSTRAP/cpw.mods.modlauncher@11.0.5/cpw.mods.modlauncher.BootstrapLaunchConsumer.accept(BootstrapLaunchConsumer.java:23) [modlauncher-11.0.5.jar%23124!/:?]
	at cpw.mods.bootstraplauncher@2.0.2/cpw.mods.bootstraplauncher.BootstrapLauncher.run(BootstrapLauncher.java:210) [bootstraplauncher-2.0.2.jar:?]
	at cpw.mods.bootstraplauncher@2.0.2/cpw.mods.bootstraplauncher.BootstrapLauncher.main(BootstrapLauncher.java:69) [bootstraplauncher-2.0.2.jar:?]
[11dic2025 14:06:24.257] [Render thread/WARN] [net.minecraft.client.renderer.texture.TextureManager/]: Failed to load texture: minecraft:textures/gui/title/background/panorama_3.png
java.nio.file.NoSuchFileException: /Users/joshua.morotti/.gradle/caches/minecraft/assets/objects/b6/b6265425a2c765dd5fc286d5f355a812cad938e2
	at java.base/sun.nio.fs.UnixException.translateToIOException(UnixException.java:92) ~[?:?]
	at java.base/sun.nio.fs.UnixException.rethrowAsIOException(UnixException.java:106) ~[?:?]
	at java.base/sun.nio.fs.UnixException.rethrowAsIOException(UnixException.java:111) ~[?:?]
	at java.base/sun.nio.fs.UnixFileSystemProvider.newByteChannel(UnixFileSystemProvider.java:261) ~[?:?]
	at java.base/java.nio.file.Files.newByteChannel(Files.java:380) ~[?:?]
	at TRANSFORMER/minecraft@1.21.1/net.minecraft.server.packs.linkfs.LinkFSProvider.newByteChannel(LinkFSProvider.java:66) ~[neoforge-21.1.194.jar%23188!/:?]
	at java.base/java.nio.file.Files.newByteChannel(Files.java:380) ~[?:?]
	at java.base/java.nio.file.Files.newByteChannel(Files.java:432) ~[?:?]
	at java.base/java.nio.file.spi.FileSystemProvider.newInputStream(FileSystemProvider.java:420) ~[?:?]
	at java.base/java.nio.file.Files.newInputStream(Files.java:160) ~[?:?]
	at TRANSFORMER/minecraft@1.21.1/net.minecraft.server.packs.resources.IoSupplier.lambda$create$0(IoSupplier.java:13) ~[neoforge-21.1.194.jar%23188!/:?]
	at TRANSFORMER/minecraft@1.21.1/net.minecraft.server.packs.resources.Resource.open(Resource.java:46) ~[neoforge-21.1.194.jar%23188!/:?]
	at TRANSFORMER/minecraft@1.21.1/net.minecraft.client.renderer.texture.SimpleTexture$TextureImage.load(SimpleTexture.java:86) ~[neoforge-21.1.194.jar%23188!/:?]
	at TRANSFORMER/minecraft@1.21.1/net.minecraft.client.renderer.texture.SimpleTexture.getTextureImage(SimpleTexture.java:57) ~[neoforge-21.1.194.jar%23188!/:?]
	at TRANSFORMER/minecraft@1.21.1/net.minecraft.client.renderer.texture.SimpleTexture.load(SimpleTexture.java:30) ~[neoforge-21.1.194.jar%23188!/:?]
	at TRANSFORMER/minecraft@1.21.1/net.minecraft.client.renderer.texture.TextureManager.loadTexture(TextureManager.java:92) ~[neoforge-21.1.194.jar%23188!/:?]
	at TRANSFORMER/minecraft@1.21.1/net.minecraft.client.renderer.texture.TextureManager.register(TextureManager.java:63) ~[neoforge-21.1.194.jar%23188!/:?]
	at TRANSFORMER/minecraft@1.21.1/net.minecraft.client.renderer.texture.TextureManager.getTexture(TextureManager.java:113) ~[neoforge-21.1.194.jar%23188!/:?]
	at TRANSFORMER/minecraft@1.21.1/com.mojang.blaze3d.systems.RenderSystem._setShaderTexture(RenderSystem.java:725) ~[neoforge-21.1.194.jar%23188!/:?]
	at TRANSFORMER/minecraft@1.21.1/com.mojang.blaze3d.systems.RenderSystem.setShaderTexture(RenderSystem.java:718) ~[neoforge-21.1.194.jar%23188!/:?]
	at TRANSFORMER/minecraft@1.21.1/net.minecraft.client.renderer.CubeMap.render(CubeMap.java:57) ~[neoforge-21.1.194.jar%23188!/:?]
	at TRANSFORMER/minecraft@1.21.1/net.minecraft.client.renderer.PanoramaRenderer.render(PanoramaRenderer.java:31) ~[neoforge-21.1.194.jar%23188!/:?]
	at TRANSFORMER/minecraft@1.21.1/net.minecraft.client.gui.screens.TitleScreen.renderPanorama(TitleScreen.java:352) ~[neoforge-21.1.194.jar%23188!/:?]
	at TRANSFORMER/minecraft@1.21.1/net.minecraft.client.gui.screens.TitleScreen.render(TitleScreen.java:303) ~[neoforge-21.1.194.jar%23188!/:?]
	at TRANSFORMER/neoforge@21.1.194/net.neoforged.neoforge.client.loading.NeoForgeLoadingOverlay.render(NeoForgeLoadingOverlay.java:78) ~[neoforge-21.1.194.jar%23189!/:?]
	at TRANSFORMER/minecraft@1.21.1/net.minecraft.client.renderer.GameRenderer.render(GameRenderer.java:1087) ~[neoforge-21.1.194.jar%23188!/:?]
	at TRANSFORMER/minecraft@1.21.1/net.minecraft.client.Minecraft.runTick(Minecraft.java:1201) ~[neoforge-21.1.194.jar%23188!/:?]
	at TRANSFORMER/minecraft@1.21.1/net.minecraft.client.Minecraft.run(Minecraft.java:813) ~[neoforge-21.1.194.jar%23188!/:?]
	at TRANSFORMER/minecraft@1.21.1/net.minecraft.client.main.Main.main(Main.java:230) ~[neoforge-21.1.194.jar%23188!/:?]
	at java.base/jdk.internal.reflect.DirectMethodHandleAccessor.invoke(DirectMethodHandleAccessor.java:103) ~[?:?]
	at java.base/java.lang.reflect.Method.invoke(Method.java:580) ~[?:?]
	at MC-BOOTSTRAP/fml_loader@4.0.41/net.neoforged.fml.loading.targets.CommonLaunchHandler.runTarget(CommonLaunchHandler.java:136) ~[loader-4.0.41.jar%23142!/:4.0]
	at MC-BOOTSTRAP/fml_loader@4.0.41/net.neoforged.fml.loading.targets.CommonLaunchHandler.clientService(CommonLaunchHandler.java:124) ~[loader-4.0.41.jar%23142!/:4.0]
	at MC-BOOTSTRAP/fml_loader@4.0.41/net.neoforged.fml.loading.targets.NeoForgeClientDevLaunchHandler.runService(NeoForgeClientDevLaunchHandler.java:23) ~[loader-4.0.41.jar%23142!/:4.0]
	at MC-BOOTSTRAP/fml_loader@4.0.41/net.neoforged.fml.loading.targets.CommonLaunchHandler.lambda$launchService$4(CommonLaunchHandler.java:118) ~[loader-4.0.41.jar%23142!/:4.0]
	at MC-BOOTSTRAP/cpw.mods.modlauncher@11.0.5/cpw.mods.modlauncher.LaunchServiceHandlerDecorator.launch(LaunchServiceHandlerDecorator.java:30) [modlauncher-11.0.5.jar%23124!/:?]
	at MC-BOOTSTRAP/cpw.mods.modlauncher@11.0.5/cpw.mods.modlauncher.LaunchServiceHandler.launch(LaunchServiceHandler.java:53) [modlauncher-11.0.5.jar%23124!/:?]
	at MC-BOOTSTRAP/cpw.mods.modlauncher@11.0.5/cpw.mods.modlauncher.LaunchServiceHandler.launch(LaunchServiceHandler.java:71) [modlauncher-11.0.5.jar%23124!/:?]
	at MC-BOOTSTRAP/cpw.mods.modlauncher@11.0.5/cpw.mods.modlauncher.Launcher.run(Launcher.java:103) [modlauncher-11.0.5.jar%23124!/:?]
	at MC-BOOTSTRAP/cpw.mods.modlauncher@11.0.5/cpw.mods.modlauncher.Launcher.main(Launcher.java:74) [modlauncher-11.0.5.jar%23124!/:?]
	at MC-BOOTSTRAP/cpw.mods.modlauncher@11.0.5/cpw.mods.modlauncher.BootstrapLaunchConsumer.accept(BootstrapLaunchConsumer.java:26) [modlauncher-11.0.5.jar%23124!/:?]
	at MC-BOOTSTRAP/cpw.mods.modlauncher@11.0.5/cpw.mods.modlauncher.BootstrapLaunchConsumer.accept(BootstrapLaunchConsumer.java:23) [modlauncher-11.0.5.jar%23124!/:?]
	at cpw.mods.bootstraplauncher@2.0.2/cpw.mods.bootstraplauncher.BootstrapLauncher.run(BootstrapLauncher.java:210) [bootstraplauncher-2.0.2.jar:?]
	at cpw.mods.bootstraplauncher@2.0.2/cpw.mods.bootstraplauncher.BootstrapLauncher.main(BootstrapLauncher.java:69) [bootstraplauncher-2.0.2.jar:?]
[11dic2025 14:06:24.257] [Render thread/WARN] [net.minecraft.client.renderer.texture.TextureManager/]: Failed to load texture: minecraft:textures/gui/title/background/panorama_4.png
java.nio.file.NoSuchFileException: /Users/joshua.morotti/.gradle/caches/minecraft/assets/objects/ce/cec25b0246d77e6f1dcef0d051ccb328ba39227a
	at java.base/sun.nio.fs.UnixException.translateToIOException(UnixException.java:92) ~[?:?]
	at java.base/sun.nio.fs.UnixException.rethrowAsIOException(UnixException.java:106) ~[?:?]
	at java.base/sun.nio.fs.UnixException.rethrowAsIOException(UnixException.java:111) ~[?:?]
	at java.base/sun.nio.fs.UnixFileSystemProvider.newByteChannel(UnixFileSystemProvider.java:261) ~[?:?]
	at java.base/java.nio.file.Files.newByteChannel(Files.java:380) ~[?:?]
	at TRANSFORMER/minecraft@1.21.1/net.minecraft.server.packs.linkfs.LinkFSProvider.newByteChannel(LinkFSProvider.java:66) ~[neoforge-21.1.194.jar%23188!/:?]
	at java.base/java.nio.file.Files.newByteChannel(Files.java:380) ~[?:?]
	at java.base/java.nio.file.Files.newByteChannel(Files.java:432) ~[?:?]
	at java.base/java.nio.file.spi.FileSystemProvider.newInputStream(FileSystemProvider.java:420) ~[?:?]
	at java.base/java.nio.file.Files.newInputStream(Files.java:160) ~[?:?]
	at TRANSFORMER/minecraft@1.21.1/net.minecraft.server.packs.resources.IoSupplier.lambda$create$0(IoSupplier.java:13) ~[neoforge-21.1.194.jar%23188!/:?]
	at TRANSFORMER/minecraft@1.21.1/net.minecraft.server.packs.resources.Resource.open(Resource.java:46) ~[neoforge-21.1.194.jar%23188!/:?]
	at TRANSFORMER/minecraft@1.21.1/net.minecraft.client.renderer.texture.SimpleTexture$TextureImage.load(SimpleTexture.java:86) ~[neoforge-21.1.194.jar%23188!/:?]
	at TRANSFORMER/minecraft@1.21.1/net.minecraft.client.renderer.texture.SimpleTexture.getTextureImage(SimpleTexture.java:57) ~[neoforge-21.1.194.jar%23188!/:?]
	at TRANSFORMER/minecraft@1.21.1/net.minecraft.client.renderer.texture.SimpleTexture.load(SimpleTexture.java:30) ~[neoforge-21.1.194.jar%23188!/:?]
	at TRANSFORMER/minecraft@1.21.1/net.minecraft.client.renderer.texture.TextureManager.loadTexture(TextureManager.java:92) ~[neoforge-21.1.194.jar%23188!/:?]
	at TRANSFORMER/minecraft@1.21.1/net.minecraft.client.renderer.texture.TextureManager.register(TextureManager.java:63) ~[neoforge-21.1.194.jar%23188!/:?]
	at TRANSFORMER/minecraft@1.21.1/net.minecraft.client.renderer.texture.TextureManager.getTexture(TextureManager.java:113) ~[neoforge-21.1.194.jar%23188!/:?]
	at TRANSFORMER/minecraft@1.21.1/com.mojang.blaze3d.systems.RenderSystem._setShaderTexture(RenderSystem.java:725) ~[neoforge-21.1.194.jar%23188!/:?]
	at TRANSFORMER/minecraft@1.21.1/com.mojang.blaze3d.systems.RenderSystem.setShaderTexture(RenderSystem.java:718) ~[neoforge-21.1.194.jar%23188!/:?]
	at TRANSFORMER/minecraft@1.21.1/net.minecraft.client.renderer.CubeMap.render(CubeMap.java:57) ~[neoforge-21.1.194.jar%23188!/:?]
	at TRANSFORMER/minecraft@1.21.1/net.minecraft.client.renderer.PanoramaRenderer.render(PanoramaRenderer.java:31) ~[neoforge-21.1.194.jar%23188!/:?]
	at TRANSFORMER/minecraft@1.21.1/net.minecraft.client.gui.screens.TitleScreen.renderPanorama(TitleScreen.java:352) ~[neoforge-21.1.194.jar%23188!/:?]
	at TRANSFORMER/minecraft@1.21.1/net.minecraft.client.gui.screens.TitleScreen.render(TitleScreen.java:303) ~[neoforge-21.1.194.jar%23188!/:?]
	at TRANSFORMER/neoforge@21.1.194/net.neoforged.neoforge.client.loading.NeoForgeLoadingOverlay.render(NeoForgeLoadingOverlay.java:78) ~[neoforge-21.1.194.jar%23189!/:?]
	at TRANSFORMER/minecraft@1.21.1/net.minecraft.client.renderer.GameRenderer.render(GameRenderer.java:1087) ~[neoforge-21.1.194.jar%23188!/:?]
	at TRANSFORMER/minecraft@1.21.1/net.minecraft.client.Minecraft.runTick(Minecraft.java:1201) ~[neoforge-21.1.194.jar%23188!/:?]
	at TRANSFORMER/minecraft@1.21.1/net.minecraft.client.Minecraft.run(Minecraft.java:813) ~[neoforge-21.1.194.jar%23188!/:?]
	at TRANSFORMER/minecraft@1.21.1/net.minecraft.client.main.Main.main(Main.java:230) ~[neoforge-21.1.194.jar%23188!/:?]
	at java.base/jdk.internal.reflect.DirectMethodHandleAccessor.invoke(DirectMethodHandleAccessor.java:103) ~[?:?]
	at java.base/java.lang.reflect.Method.invoke(Method.java:580) ~[?:?]
	at MC-BOOTSTRAP/fml_loader@4.0.41/net.neoforged.fml.loading.targets.CommonLaunchHandler.runTarget(CommonLaunchHandler.java:136) ~[loader-4.0.41.jar%23142!/:4.0]
	at MC-BOOTSTRAP/fml_loader@4.0.41/net.neoforged.fml.loading.targets.CommonLaunchHandler.clientService(CommonLaunchHandler.java:124) ~[loader-4.0.41.jar%23142!/:4.0]
	at MC-BOOTSTRAP/fml_loader@4.0.41/net.neoforged.fml.loading.targets.NeoForgeClientDevLaunchHandler.runService(NeoForgeClientDevLaunchHandler.java:23) ~[loader-4.0.41.jar%23142!/:4.0]
	at MC-BOOTSTRAP/fml_loader@4.0.41/net.neoforged.fml.loading.targets.CommonLaunchHandler.lambda$launchService$4(CommonLaunchHandler.java:118) ~[loader-4.0.41.jar%23142!/:4.0]
	at MC-BOOTSTRAP/cpw.mods.modlauncher@11.0.5/cpw.mods.modlauncher.LaunchServiceHandlerDecorator.launch(LaunchServiceHandlerDecorator.java:30) [modlauncher-11.0.5.jar%23124!/:?]
	at MC-BOOTSTRAP/cpw.mods.modlauncher@11.0.5/cpw.mods.modlauncher.LaunchServiceHandler.launch(LaunchServiceHandler.java:53) [modlauncher-11.0.5.jar%23124!/:?]
	at MC-BOOTSTRAP/cpw.mods.modlauncher@11.0.5/cpw.mods.modlauncher.LaunchServiceHandler.launch(LaunchServiceHandler.java:71) [modlauncher-11.0.5.jar%23124!/:?]
	at MC-BOOTSTRAP/cpw.mods.modlauncher@11.0.5/cpw.mods.modlauncher.Launcher.run(Launcher.java:103) [modlauncher-11.0.5.jar%23124!/:?]
	at MC-BOOTSTRAP/cpw.mods.modlauncher@11.0.5/cpw.mods.modlauncher.Launcher.main(Launcher.java:74) [modlauncher-11.0.5.jar%23124!/:?]
	at MC-BOOTSTRAP/cpw.mods.modlauncher@11.0.5/cpw.mods.modlauncher.BootstrapLaunchConsumer.accept(BootstrapLaunchConsumer.java:26) [modlauncher-11.0.5.jar%23124!/:?]
	at MC-BOOTSTRAP/cpw.mods.modlauncher@11.0.5/cpw.mods.modlauncher.BootstrapLaunchConsumer.accept(BootstrapLaunchConsumer.java:23) [modlauncher-11.0.5.jar%23124!/:?]
	at cpw.mods.bootstraplauncher@2.0.2/cpw.mods.bootstraplauncher.BootstrapLauncher.run(BootstrapLauncher.java:210) [bootstraplauncher-2.0.2.jar:?]
	at cpw.mods.bootstraplauncher@2.0.2/cpw.mods.bootstraplauncher.BootstrapLauncher.main(BootstrapLauncher.java:69) [bootstraplauncher-2.0.2.jar:?]
[11dic2025 14:06:24.258] [Render thread/WARN] [net.minecraft.client.renderer.texture.TextureManager/]: Failed to load texture: minecraft:textures/gui/title/background/panorama_5.png
java.nio.file.NoSuchFileException: /Users/joshua.morotti/.gradle/caches/minecraft/assets/objects/74/74703134a27a57d2de96860bca55d447759c0edc
	at java.base/sun.nio.fs.UnixException.translateToIOException(UnixException.java:92) ~[?:?]
	at java.base/sun.nio.fs.UnixException.rethrowAsIOException(UnixException.java:106) ~[?:?]
	at java.base/sun.nio.fs.UnixException.rethrowAsIOException(UnixException.java:111) ~[?:?]
	at java.base/sun.nio.fs.UnixFileSystemProvider.newByteChannel(UnixFileSystemProvider.java:261) ~[?:?]
	at java.base/java.nio.file.Files.newByteChannel(Files.java:380) ~[?:?]
	at TRANSFORMER/minecraft@1.21.1/net.minecraft.server.packs.linkfs.LinkFSProvider.newByteChannel(LinkFSProvider.java:66) ~[neoforge-21.1.194.jar%23188!/:?]
	at java.base/java.nio.file.Files.newByteChannel(Files.java:380) ~[?:?]
	at java.base/java.nio.file.Files.newByteChannel(Files.java:432) ~[?:?]
	at java.base/java.nio.file.spi.FileSystemProvider.newInputStream(FileSystemProvider.java:420) ~[?:?]
	at java.base/java.nio.file.Files.newInputStream(Files.java:160) ~[?:?]
	at TRANSFORMER/minecraft@1.21.1/net.minecraft.server.packs.resources.IoSupplier.lambda$create$0(IoSupplier.java:13) ~[neoforge-21.1.194.jar%23188!/:?]
	at TRANSFORMER/minecraft@1.21.1/net.minecraft.server.packs.resources.Resource.open(Resource.java:46) ~[neoforge-21.1.194.jar%23188!/:?]
	at TRANSFORMER/minecraft@1.21.1/net.minecraft.client.renderer.texture.SimpleTexture$TextureImage.load(SimpleTexture.java:86) ~[neoforge-21.1.194.jar%23188!/:?]
	at TRANSFORMER/minecraft@1.21.1/net.minecraft.client.renderer.texture.SimpleTexture.getTextureImage(SimpleTexture.java:57) ~[neoforge-21.1.194.jar%23188!/:?]
	at TRANSFORMER/minecraft@1.21.1/net.minecraft.client.renderer.texture.SimpleTexture.load(SimpleTexture.java:30) ~[neoforge-21.1.194.jar%23188!/:?]
	at TRANSFORMER/minecraft@1.21.1/net.minecraft.client.renderer.texture.TextureManager.loadTexture(TextureManager.java:92) ~[neoforge-21.1.194.jar%23188!/:?]
	at TRANSFORMER/minecraft@1.21.1/net.minecraft.client.renderer.texture.TextureManager.register(TextureManager.java:63) ~[neoforge-21.1.194.jar%23188!/:?]
	at TRANSFORMER/minecraft@1.21.1/net.minecraft.client.renderer.texture.TextureManager.getTexture(TextureManager.java:113) ~[neoforge-21.1.194.jar%23188!/:?]
	at TRANSFORMER/minecraft@1.21.1/com.mojang.blaze3d.systems.RenderSystem._setShaderTexture(RenderSystem.java:725) ~[neoforge-21.1.194.jar%23188!/:?]
	at TRANSFORMER/minecraft@1.21.1/com.mojang.blaze3d.systems.RenderSystem.setShaderTexture(RenderSystem.java:718) ~[neoforge-21.1.194.jar%23188!/:?]
	at TRANSFORMER/minecraft@1.21.1/net.minecraft.client.renderer.CubeMap.render(CubeMap.java:57) ~[neoforge-21.1.194.jar%23188!/:?]
	at TRANSFORMER/minecraft@1.21.1/net.minecraft.client.renderer.PanoramaRenderer.render(PanoramaRenderer.java:31) ~[neoforge-21.1.194.jar%23188!/:?]
	at TRANSFORMER/minecraft@1.21.1/net.minecraft.client.gui.screens.TitleScreen.renderPanorama(TitleScreen.java:352) ~[neoforge-21.1.194.jar%23188!/:?]
	at TRANSFORMER/minecraft@1.21.1/net.minecraft.client.gui.screens.TitleScreen.render(TitleScreen.java:303) ~[neoforge-21.1.194.jar%23188!/:?]
	at TRANSFORMER/neoforge@21.1.194/net.neoforged.neoforge.client.loading.NeoForgeLoadingOverlay.render(NeoForgeLoadingOverlay.java:78) ~[neoforge-21.1.194.jar%23189!/:?]
	at TRANSFORMER/minecraft@1.21.1/net.minecraft.client.renderer.GameRenderer.render(GameRenderer.java:1087) ~[neoforge-21.1.194.jar%23188!/:?]
	at TRANSFORMER/minecraft@1.21.1/net.minecraft.client.Minecraft.runTick(Minecraft.java:1201) ~[neoforge-21.1.194.jar%23188!/:?]
	at TRANSFORMER/minecraft@1.21.1/net.minecraft.client.Minecraft.run(Minecraft.java:813) ~[neoforge-21.1.194.jar%23188!/:?]
	at TRANSFORMER/minecraft@1.21.1/net.minecraft.client.main.Main.main(Main.java:230) ~[neoforge-21.1.194.jar%23188!/:?]
	at java.base/jdk.internal.reflect.DirectMethodHandleAccessor.invoke(DirectMethodHandleAccessor.java:103) ~[?:?]
	at java.base/java.lang.reflect.Method.invoke(Method.java:580) ~[?:?]
	at MC-BOOTSTRAP/fml_loader@4.0.41/net.neoforged.fml.loading.targets.CommonLaunchHandler.runTarget(CommonLaunchHandler.java:136) ~[loader-4.0.41.jar%23142!/:4.0]
	at MC-BOOTSTRAP/fml_loader@4.0.41/net.neoforged.fml.loading.targets.CommonLaunchHandler.clientService(CommonLaunchHandler.java:124) ~[loader-4.0.41.jar%23142!/:4.0]
	at MC-BOOTSTRAP/fml_loader@4.0.41/net.neoforged.fml.loading.targets.NeoForgeClientDevLaunchHandler.runService(NeoForgeClientDevLaunchHandler.java:23) ~[loader-4.0.41.jar%23142!/:4.0]
	at MC-BOOTSTRAP/fml_loader@4.0.41/net.neoforged.fml.loading.targets.CommonLaunchHandler.lambda$launchService$4(CommonLaunchHandler.java:118) ~[loader-4.0.41.jar%23142!/:4.0]
	at MC-BOOTSTRAP/cpw.mods.modlauncher@11.0.5/cpw.mods.modlauncher.LaunchServiceHandlerDecorator.launch(LaunchServiceHandlerDecorator.java:30) [modlauncher-11.0.5.jar%23124!/:?]
	at MC-BOOTSTRAP/cpw.mods.modlauncher@11.0.5/cpw.mods.modlauncher.LaunchServiceHandler.launch(LaunchServiceHandler.java:53) [modlauncher-11.0.5.jar%23124!/:?]
	at MC-BOOTSTRAP/cpw.mods.modlauncher@11.0.5/cpw.mods.modlauncher.LaunchServiceHandler.launch(LaunchServiceHandler.java:71) [modlauncher-11.0.5.jar%23124!/:?]
	at MC-BOOTSTRAP/cpw.mods.modlauncher@11.0.5/cpw.mods.modlauncher.Launcher.run(Launcher.java:103) [modlauncher-11.0.5.jar%23124!/:?]
	at MC-BOOTSTRAP/cpw.mods.modlauncher@11.0.5/cpw.mods.modlauncher.Launcher.main(Launcher.java:74) [modlauncher-11.0.5.jar%23124!/:?]
	at MC-BOOTSTRAP/cpw.mods.modlauncher@11.0.5/cpw.mods.modlauncher.BootstrapLaunchConsumer.accept(BootstrapLaunchConsumer.java:26) [modlauncher-11.0.5.jar%23124!/:?]
	at MC-BOOTSTRAP/cpw.mods.modlauncher@11.0.5/cpw.mods.modlauncher.BootstrapLaunchConsumer.accept(BootstrapLaunchConsumer.java:23) [modlauncher-11.0.5.jar%23124!/:?]
	at cpw.mods.bootstraplauncher@2.0.2/cpw.mods.bootstraplauncher.BootstrapLauncher.run(BootstrapLauncher.java:210) [bootstraplauncher-2.0.2.jar:?]
	at cpw.mods.bootstraplauncher@2.0.2/cpw.mods.bootstraplauncher.BootstrapLauncher.main(BootstrapLauncher.java:69) [bootstraplauncher-2.0.2.jar:?]
[11dic2025 14:06:24.260] [Render thread/WARN] [net.minecraft.client.renderer.texture.TextureManager/]: Failed to load texture: minecraft:textures/gui/title/background/panorama_overlay.png
java.nio.file.NoSuchFileException: /Users/joshua.morotti/.gradle/caches/minecraft/assets/objects/9d/9dd32387135eefa7ab95996d52a5ca4cec8a3b30
	at java.base/sun.nio.fs.UnixException.translateToIOException(UnixException.java:92) ~[?:?]
	at java.base/sun.nio.fs.UnixException.rethrowAsIOException(UnixException.java:106) ~[?:?]
	at java.base/sun.nio.fs.UnixException.rethrowAsIOException(UnixException.java:111) ~[?:?]
	at java.base/sun.nio.fs.UnixFileSystemProvider.newByteChannel(UnixFileSystemProvider.java:261) ~[?:?]
	at java.base/java.nio.file.Files.newByteChannel(Files.java:380) ~[?:?]
	at TRANSFORMER/minecraft@1.21.1/net.minecraft.server.packs.linkfs.LinkFSProvider.newByteChannel(LinkFSProvider.java:66) ~[neoforge-21.1.194.jar%23188!/:?]
	at java.base/java.nio.file.Files.newByteChannel(Files.java:380) ~[?:?]
	at java.base/java.nio.file.Files.newByteChannel(Files.java:432) ~[?:?]
	at java.base/java.nio.file.spi.FileSystemProvider.newInputStream(FileSystemProvider.java:420) ~[?:?]
	at java.base/java.nio.file.Files.newInputStream(Files.java:160) ~[?:?]
	at TRANSFORMER/minecraft@1.21.1/net.minecraft.server.packs.resources.IoSupplier.lambda$create$0(IoSupplier.java:13) ~[neoforge-21.1.194.jar%23188!/:?]
	at TRANSFORMER/minecraft@1.21.1/net.minecraft.server.packs.resources.Resource.open(Resource.java:46) ~[neoforge-21.1.194.jar%23188!/:?]
	at TRANSFORMER/minecraft@1.21.1/net.minecraft.client.renderer.texture.SimpleTexture$TextureImage.load(SimpleTexture.java:86) ~[neoforge-21.1.194.jar%23188!/:?]
	at TRANSFORMER/minecraft@1.21.1/net.minecraft.client.renderer.texture.SimpleTexture.getTextureImage(SimpleTexture.java:57) ~[neoforge-21.1.194.jar%23188!/:?]
	at TRANSFORMER/minecraft@1.21.1/net.minecraft.client.renderer.texture.SimpleTexture.load(SimpleTexture.java:30) ~[neoforge-21.1.194.jar%23188!/:?]
	at TRANSFORMER/minecraft@1.21.1/net.minecraft.client.renderer.texture.TextureManager.loadTexture(TextureManager.java:92) ~[neoforge-21.1.194.jar%23188!/:?]
	at TRANSFORMER/minecraft@1.21.1/net.minecraft.client.renderer.texture.TextureManager.register(TextureManager.java:63) ~[neoforge-21.1.194.jar%23188!/:?]
	at TRANSFORMER/minecraft@1.21.1/net.minecraft.client.renderer.texture.TextureManager.getTexture(TextureManager.java:113) ~[neoforge-21.1.194.jar%23188!/:?]
	at TRANSFORMER/minecraft@1.21.1/com.mojang.blaze3d.systems.RenderSystem._setShaderTexture(RenderSystem.java:725) ~[neoforge-21.1.194.jar%23188!/:?]
	at TRANSFORMER/minecraft@1.21.1/com.mojang.blaze3d.systems.RenderSystem.setShaderTexture(RenderSystem.java:718) ~[neoforge-21.1.194.jar%23188!/:?]
	at TRANSFORMER/minecraft@1.21.1/net.minecraft.client.gui.GuiGraphics.innerBlit(GuiGraphics.java:965) ~[neoforge-21.1.194.jar%23188!/:?]
	at TRANSFORMER/minecraft@1.21.1/net.minecraft.client.gui.GuiGraphics.blit(GuiGraphics.java:923) ~[neoforge-21.1.194.jar%23188!/:?]
	at TRANSFORMER/minecraft@1.21.1/net.minecraft.client.gui.GuiGraphics.blit(GuiGraphics.java:865) ~[neoforge-21.1.194.jar%23188!/:?]
	at TRANSFORMER/minecraft@1.21.1/net.minecraft.client.renderer.PanoramaRenderer.render(PanoramaRenderer.java:34) ~[neoforge-21.1.194.jar%23188!/:?]
	at TRANSFORMER/minecraft@1.21.1/net.minecraft.client.gui.screens.TitleScreen.renderPanorama(TitleScreen.java:352) ~[neoforge-21.1.194.jar%23188!/:?]
	at TRANSFORMER/minecraft@1.21.1/net.minecraft.client.gui.screens.TitleScreen.render(TitleScreen.java:303) ~[neoforge-21.1.194.jar%23188!/:?]
	at TRANSFORMER/neoforge@21.1.194/net.neoforged.neoforge.client.loading.NeoForgeLoadingOverlay.render(NeoForgeLoadingOverlay.java:78) ~[neoforge-21.1.194.jar%23189!/:?]
	at TRANSFORMER/minecraft@1.21.1/net.minecraft.client.renderer.GameRenderer.render(GameRenderer.java:1087) ~[neoforge-21.1.194.jar%23188!/:?]
	at TRANSFORMER/minecraft@1.21.1/net.minecraft.client.Minecraft.runTick(Minecraft.java:1201) ~[neoforge-21.1.194.jar%23188!/:?]
	at TRANSFORMER/minecraft@1.21.1/net.minecraft.client.Minecraft.run(Minecraft.java:813) ~[neoforge-21.1.194.jar%23188!/:?]
	at TRANSFORMER/minecraft@1.21.1/net.minecraft.client.main.Main.main(Main.java:230) ~[neoforge-21.1.194.jar%23188!/:?]
	at java.base/jdk.internal.reflect.DirectMethodHandleAccessor.invoke(DirectMethodHandleAccessor.java:103) ~[?:?]
	at java.base/java.lang.reflect.Method.invoke(Method.java:580) ~[?:?]
	at MC-BOOTSTRAP/fml_loader@4.0.41/net.neoforged.fml.loading.targets.CommonLaunchHandler.runTarget(CommonLaunchHandler.java:136) ~[loader-4.0.41.jar%23142!/:4.0]
	at MC-BOOTSTRAP/fml_loader@4.0.41/net.neoforged.fml.loading.targets.CommonLaunchHandler.clientService(CommonLaunchHandler.java:124) ~[loader-4.0.41.jar%23142!/:4.0]
	at MC-BOOTSTRAP/fml_loader@4.0.41/net.neoforged.fml.loading.targets.NeoForgeClientDevLaunchHandler.runService(NeoForgeClientDevLaunchHandler.java:23) ~[loader-4.0.41.jar%23142!/:4.0]
	at MC-BOOTSTRAP/fml_loader@4.0.41/net.neoforged.fml.loading.targets.CommonLaunchHandler.lambda$launchService$4(CommonLaunchHandler.java:118) ~[loader-4.0.41.jar%23142!/:4.0]
	at MC-BOOTSTRAP/cpw.mods.modlauncher@11.0.5/cpw.mods.modlauncher.LaunchServiceHandlerDecorator.launch(LaunchServiceHandlerDecorator.java:30) [modlauncher-11.0.5.jar%23124!/:?]
	at MC-BOOTSTRAP/cpw.mods.modlauncher@11.0.5/cpw.mods.modlauncher.LaunchServiceHandler.launch(LaunchServiceHandler.java:53) [modlauncher-11.0.5.jar%23124!/:?]
	at MC-BOOTSTRAP/cpw.mods.modlauncher@11.0.5/cpw.mods.modlauncher.LaunchServiceHandler.launch(LaunchServiceHandler.java:71) [modlauncher-11.0.5.jar%23124!/:?]
	at MC-BOOTSTRAP/cpw.mods.modlauncher@11.0.5/cpw.mods.modlauncher.Launcher.run(Launcher.java:103) [modlauncher-11.0.5.jar%23124!/:?]
	at MC-BOOTSTRAP/cpw.mods.modlauncher@11.0.5/cpw.mods.modlauncher.Launcher.main(Launcher.java:74) [modlauncher-11.0.5.jar%23124!/:?]
	at MC-BOOTSTRAP/cpw.mods.modlauncher@11.0.5/cpw.mods.modlauncher.BootstrapLaunchConsumer.accept(BootstrapLaunchConsumer.java:26) [modlauncher-11.0.5.jar%23124!/:?]
	at MC-BOOTSTRAP/cpw.mods.modlauncher@11.0.5/cpw.mods.modlauncher.BootstrapLaunchConsumer.accept(BootstrapLaunchConsumer.java:23) [modlauncher-11.0.5.jar%23124!/:?]
	at cpw.mods.bootstraplauncher@2.0.2/cpw.mods.bootstraplauncher.BootstrapLauncher.run(BootstrapLauncher.java:210) [bootstraplauncher-2.0.2.jar:?]
	at cpw.mods.bootstraplauncher@2.0.2/cpw.mods.bootstraplauncher.BootstrapLauncher.main(BootstrapLauncher.java:69) [bootstraplauncher-2.0.2.jar:?]
[11dic2025 14:06:25.286] [Render thread/DEBUG] [mixin/]: Mixing StringRenderOutputMixin from jade.mixins.json into net.minecraft.client.gui.Font$StringRenderOutput
[11dic2025 14:06:25.287] [Render thread/DEBUG] [mixin/]: jade.mixins.json:StringRenderOutputMixin from mod jade: Class version 65 required is higher than the class version supported by the current version of Mixin (JAVA_16 supports class version 60)
[11dic2025 14:06:25.289] [Render thread/DEBUG] [mixin/]: jade.mixins.json:StringRenderOutputMixin from mod jade->@Inject::jade$init(Lnet/minecraft/client/gui/Font;Lnet/minecraft/client/renderer/MultiBufferSource;FFIZLorg/joml/Matrix4f;Lnet/minecraft/client/gui/Font$DisplayMode;ILorg/spongepowered/asm/mixin/injection/callback/CallbackInfo;)V doesn't use it's CallbackInfo
[11dic2025 14:06:25.289] [Render thread/DEBUG] [mixin/]: jade.mixins.json:StringRenderOutputMixin from mod jade->@Inject::jade$init(Lnet/minecraft/client/gui/Font;Lnet/minecraft/client/renderer/MultiBufferSource;FFIZLorg/joml/Matrix4f;Lnet/minecraft/client/gui/Font$DisplayMode;ILorg/spongepowered/asm/mixin/injection/callback/CallbackInfo;)V has 0 override(s) in child classes
[11dic2025 14:06:25.289] [Render thread/DEBUG] [mixin/]: jade.mixins.json:StringRenderOutputMixin from mod jade->@Inject::jade$init(Lnet/minecraft/client/gui/Font;Lnet/minecraft/client/renderer/MultiBufferSource;FFIZLorg/joml/Matrix4f;Lnet/minecraft/client/gui/Font$DisplayMode;ILorg/spongepowered/asm/mixin/injection/callback/CallbackInfo;)V won't be passed a CallbackInfo as a result
[11dic2025 14:06:31.083] [Render thread/DEBUG] [mixin/]: Mixing AbstractSelectionListMixin from kubejs.mixins.json into net.minecraft.client.gui.components.AbstractSelectionList
[11dic2025 14:06:31.112] [Worker-Main-5/DEBUG] [mixin/]: Mixing tweaks.LevelInfoMixin from owo.mixins.json into net.minecraft.world.level.LevelSettings
[11dic2025 14:06:31.113] [Worker-Main-5/DEBUG] [mixin/]: owo.mixins.json:tweaks.LevelInfoMixin from mod owo: Class version 65 required is higher than the class version supported by the current version of Mixin (JAVA_16 supports class version 60)
[11dic2025 14:06:31.115] [Worker-Main-5/DEBUG] [mixin/]: owo.mixins.json:tweaks.LevelInfoMixin from mod owo->@Inject::simulationIsForNerds(Ljava/lang/String;Lnet/minecraft/world/level/GameType;ZLnet/minecraft/world/Difficulty;ZLnet/minecraft/world/level/GameRules;Lnet/minecraft/world/level/WorldDataConfiguration;Lorg/spongepowered/asm/mixin/injection/callback/CallbackInfo;)V doesn't use it's CallbackInfo
[11dic2025 14:06:32.636] [Render thread/DEBUG] [mixin/]: Mixing WorldLoaderPackConfigMixin from kubejs.mixins.json into net.minecraft.server.WorldLoader$PackConfig
[11dic2025 14:06:32.640] [Render thread/DEBUG] [mixin/]: Mixing ReloadableServerResourcesMixin from kubejs.mixins.json into net.minecraft.server.ReloadableServerResources
[11dic2025 14:06:32.642] [Render thread/DEBUG] [mixin/]: kubejs.mixins.json:ReloadableServerResourcesMixin from mod kubejs->@Inject::init(Lnet/minecraft/core/RegistryAccess$Frozen;Lnet/minecraft/world/flag/FeatureFlagSet;Lnet/minecraft/commands/Commands$CommandSelection;ILorg/spongepowered/asm/mixin/injection/callback/CallbackInfo;)V doesn't use it's CallbackInfo
[11dic2025 14:06:32.643] [Render thread/DEBUG] [mixin/]: kubejs.mixins.json:ReloadableServerResourcesMixin from mod kubejs->@Inject::init(Lnet/minecraft/core/RegistryAccess$Frozen;Lnet/minecraft/world/flag/FeatureFlagSet;Lnet/minecraft/commands/Commands$CommandSelection;ILorg/spongepowered/asm/mixin/injection/callback/CallbackInfo;)V has 0 override(s) in child classes
[11dic2025 14:06:32.643] [Render thread/DEBUG] [mixin/]: kubejs.mixins.json:ReloadableServerResourcesMixin from mod kubejs->@Inject::init(Lnet/minecraft/core/RegistryAccess$Frozen;Lnet/minecraft/world/flag/FeatureFlagSet;Lnet/minecraft/commands/Commands$CommandSelection;ILorg/spongepowered/asm/mixin/injection/callback/CallbackInfo;)V won't be passed a CallbackInfo as a result
[11dic2025 14:06:32.643] [Render thread/DEBUG] [mixin/]: kubejs.mixins.json:ReloadableServerResourcesMixin from mod kubejs->@Inject::injectKubeJSPacks(Lnet/minecraft/server/packs/resources/ResourceManager;Lnet/minecraft/core/LayeredRegistryAccess;Lnet/minecraft/world/flag/FeatureFlagSet;Lnet/minecraft/commands/Commands$CommandSelection;ILjava/util/concurrent/Executor;Ljava/util/concurrent/Executor;Lorg/spongepowered/asm/mixin/injection/callback/CallbackInfoReturnable;)V doesn't use it's CallbackInfoReturnable
[11dic2025 14:06:32.644] [Render thread/DEBUG] [mixin/]: Mixing WorldLoaderMixin from kubejs.mixins.json into net.minecraft.server.WorldLoader
[11dic2025 14:06:32.645] [Render thread/DEBUG] [mixin/]: kubejs.mixins.json:WorldLoaderMixin from mod kubejs->@Inject::kjs$load(Lnet/minecraft/server/WorldLoader$InitConfig;Lnet/minecraft/server/WorldLoader$WorldDataSupplier;Lnet/minecraft/server/WorldLoader$ResultFactory;Ljava/util/concurrent/Executor;Ljava/util/concurrent/Executor;Lorg/spongepowered/asm/mixin/injection/callback/CallbackInfoReturnable;Lcom/mojang/datafixers/util/Pair;Lnet/minecraft/server/packs/resources/CloseableResourceManager;Lnet/minecraft/core/LayeredRegistryAccess;Lnet/minecraft/core/LayeredRegistryAccess;Lnet/minecraft/core/RegistryAccess$Frozen;)V doesn't use it's CallbackInfoReturnable
[11dic2025 14:06:32.645] [Render thread/DEBUG] [mixin/]: kubejs.mixins.json:WorldLoaderMixin from mod kubejs->@Inject::kjs$load2(Lnet/minecraft/server/WorldLoader$InitConfig;Lnet/minecraft/server/WorldLoader$WorldDataSupplier;Lnet/minecraft/server/WorldLoader$ResultFactory;Ljava/util/concurrent/Executor;Ljava/util/concurrent/Executor;Lorg/spongepowered/asm/mixin/injection/callback/CallbackInfoReturnable;Lcom/mojang/datafixers/util/Pair;Lnet/minecraft/server/packs/resources/CloseableResourceManager;Lnet/minecraft/core/LayeredRegistryAccess;Lnet/minecraft/core/LayeredRegistryAccess;Lnet/minecraft/core/RegistryAccess$Frozen;Lnet/minecraft/core/RegistryAccess$Frozen;)V doesn't use it's CallbackInfoReturnable
[11dic2025 14:06:32.648] [Render thread/DEBUG] [mixin/]: Mixing ServerPlayerInteractionManagerMixin from owo.mixins.json into net.minecraft.server.level.ServerPlayerGameMode
[11dic2025 14:06:32.648] [Render thread/DEBUG] [mixin/]: owo.mixins.json:ServerPlayerInteractionManagerMixin from mod owo: Class version 65 required is higher than the class version supported by the current version of Mixin (JAVA_16 supports class version 60)
[11dic2025 14:06:32.649] [Render thread/DEBUG] [mixin/]: owo.mixins.json:ServerPlayerInteractionManagerMixin from mod owo->@Inject::incrementUseState(Lnet/minecraft/server/level/ServerPlayer;Lnet/minecraft/world/level/Level;Lnet/minecraft/world/item/ItemStack;Lnet/minecraft/world/InteractionHand;Lorg/spongepowered/asm/mixin/injection/callback/CallbackInfoReturnable;)V does use it's CallbackInfoReturnable
[11dic2025 14:06:32.649] [Render thread/DEBUG] [mixin/]: owo.mixins.json:ServerPlayerInteractionManagerMixin from mod owo->@Inject::incrementUseState(Lnet/minecraft/server/level/ServerPlayer;Lnet/minecraft/world/level/Level;Lnet/minecraft/world/item/ItemStack;Lnet/minecraft/world/InteractionHand;Lorg/spongepowered/asm/mixin/injection/callback/CallbackInfoReturnable;)V does use it's CallbackInfoReturnable
[11dic2025 14:06:32.649] [Render thread/DEBUG] [mixin/]: owo.mixins.json:ServerPlayerInteractionManagerMixin from mod owo->@Inject::incrementUseState(Lnet/minecraft/server/level/ServerPlayer;Lnet/minecraft/world/level/Level;Lnet/minecraft/world/item/ItemStack;Lnet/minecraft/world/InteractionHand;Lorg/spongepowered/asm/mixin/injection/callback/CallbackInfoReturnable;)V does use it's CallbackInfoReturnable
[11dic2025 14:06:32.649] [Render thread/DEBUG] [mixin/]: owo.mixins.json:ServerPlayerInteractionManagerMixin from mod owo->@Inject::incrementUseState(Lnet/minecraft/server/level/ServerPlayer;Lnet/minecraft/world/level/Level;Lnet/minecraft/world/item/ItemStack;Lnet/minecraft/world/InteractionHand;Lorg/spongepowered/asm/mixin/injection/callback/CallbackInfoReturnable;)V does use it's CallbackInfoReturnable
[11dic2025 14:06:32.649] [Render thread/DEBUG] [mixin/]: owo.mixins.json:ServerPlayerInteractionManagerMixin from mod owo->@Inject::incrementUseState(Lnet/minecraft/server/level/ServerPlayer;Lnet/minecraft/world/level/Level;Lnet/minecraft/world/item/ItemStack;Lnet/minecraft/world/InteractionHand;Lorg/spongepowered/asm/mixin/injection/callback/CallbackInfoReturnable;)V does use it's CallbackInfoReturnable
[11dic2025 14:06:32.649] [Render thread/DEBUG] [mixin/]: owo.mixins.json:ServerPlayerInteractionManagerMixin from mod owo->@Inject::incrementUseState(Lnet/minecraft/server/level/ServerPlayer;Lnet/minecraft/world/level/Level;Lnet/minecraft/world/item/ItemStack;Lnet/minecraft/world/InteractionHand;Lorg/spongepowered/asm/mixin/injection/callback/CallbackInfoReturnable;)V does use it's CallbackInfoReturnable
[11dic2025 14:06:32.660] [Render thread/INFO] [KubeJS Server/]: Capturing errors for server scripts enabled
[11dic2025 14:06:32.676] [Render thread/INFO] [KubeJS Server/]: server_scripts:main.js#2: Hello, World! (Loaded server example script)
[11dic2025 14:06:32.677] [Render thread/INFO] [KubeJS Server/]: Loaded script server_scripts:main.js in 0.0 s
[11dic2025 14:06:32.678] [Render thread/INFO] [KubeJS Server/]: Loaded 1/1 KubeJS server scripts in 0.018 s with 0 errors and 0 warnings
[11dic2025 14:06:32.678] [Render thread/INFO] [KubeJS/]: Loaded 33 data packs: vanilla, KubeJS Virtual Resource Pack [Before Mods, data], mod_data, mod/rhino, mod/theoneprobe, mod/fabric_api_base, mod/ftbessentials, mod/supermartijn642configlib, mod/owo, mod/titanium, mod/jade, mod/geckolib, mod/jei, mod/kubejs, mod/supermartijn642corelib, mod/mekanism, mod/pipez, mod/neoforge, mod/architectury, mod/ftblibrary, mod/guideme, mod/mekanismgenerators, mod/fabric_screen_api_v1, mod/trashcans, mod/pipezretriever, mod/fabric_networking_api_v1, mod/athena, KubeJS Virtual Resource Pack [Internal, data], KubeJS Virtual Resource Pack [Registries, data], KubeJS Virtual Resource Pack [After Mods, data], KubeJS File Resource Pack [data], mod/glodium, KubeJS Virtual Resource Pack [Last, data]
[11dic2025 14:06:33.086] [Render thread/DEBUG] [mixin/]: Mixing LootDataTypeMixin from kubejs.mixins.json into net.minecraft.world.level.storage.loot.LootDataType
[11dic2025 14:06:33.089] [Render thread/DEBUG] [mixin/]: kubejs.mixins.json:LootDataTypeMixin from mod kubejs->@Inject::kjs$exportLootTable(Lnet/minecraft/resources/ResourceLocation;Lcom/mojang/serialization/DynamicOps;Ljava/lang/Object;Lorg/spongepowered/asm/mixin/injection/callback/CallbackInfoReturnable;)V doesn't use it's CallbackInfoReturnable
[11dic2025 14:06:33.261] [Worker-Main-4/DEBUG] [mixin/]: Mixing recipe_remainders.RecipeManagerMixin from owo.mixins.json into net.minecraft.world.item.crafting.RecipeManager
[11dic2025 14:06:33.261] [Worker-Main-4/DEBUG] [mixin/]: owo.mixins.json:recipe_remainders.RecipeManagerMixin from mod owo: Class version 65 required is higher than the class version supported by the current version of Mixin (JAVA_16 supports class version 60)
[11dic2025 14:06:33.261] [Worker-Main-4/DEBUG] [mixin/]: Renaming synthetic method lambda$new$0()Ljava/util/Map$Entry; to mdd29a09$owo$lambda$new$0$0 in owo.mixins.json:recipe_remainders.RecipeManagerMixin from mod owo
[11dic2025 14:06:33.264] [Worker-Main-4/DEBUG] [mixin/]: Mixing RecipeManagerMixin from supermartijn642corelib.mixins.json into net.minecraft.world.item.crafting.RecipeManager
[11dic2025 14:06:33.264] [Worker-Main-4/DEBUG] [mixin/]: supermartijn642corelib.mixins.json:RecipeManagerMixin from mod supermartijn642corelib: Class version 65 required is higher than the class version supported by the current version of Mixin (JAVA_17 supports class version 61)
[11dic2025 14:06:33.266] [Worker-Main-4/DEBUG] [mixin/]: Mixing RecipeManagerMixin from kubejs.mixins.json into net.minecraft.world.item.crafting.RecipeManager
[11dic2025 14:06:33.266] [Worker-Main-4/DEBUG] [mixin/]: Renaming synthetic method lambda$addServerData$0(Ljava/util/HashMap;Ldev/latvian/mods/kubejs/plugin/KubeJSPlugin;)V to mdd29a09$kubejs$lambda$addServerData$0$1 in kubejs.mixins.json:RecipeManagerMixin from mod kubejs
[11dic2025 14:06:33.278] [Worker-Main-4/DEBUG] [mixin/]: owo.mixins.json:recipe_remainders.RecipeManagerMixin from mod owo->@Inject::deserializeRecipeSpecificRemainders(Ljava/util/Map;Lnet/minecraft/server/packs/resources/ResourceManager;Lnet/minecraft/util/profiling/ProfilerFiller;Lorg/spongepowered/asm/mixin/injection/callback/CallbackInfo;)V doesn't use it's CallbackInfo
[11dic2025 14:06:33.278] [Worker-Main-4/DEBUG] [mixin/]: owo.mixins.json:recipe_remainders.RecipeManagerMixin from mod owo->@Inject::deserializeRecipeSpecificRemainders(Ljava/util/Map;Lnet/minecraft/server/packs/resources/ResourceManager;Lnet/minecraft/util/profiling/ProfilerFiller;Lorg/spongepowered/asm/mixin/injection/callback/CallbackInfo;)V has 0 override(s) in child classes
[11dic2025 14:06:33.278] [Worker-Main-4/DEBUG] [mixin/]: owo.mixins.json:recipe_remainders.RecipeManagerMixin from mod owo->@Inject::deserializeRecipeSpecificRemainders(Ljava/util/Map;Lnet/minecraft/server/packs/resources/ResourceManager;Lnet/minecraft/util/profiling/ProfilerFiller;Lorg/spongepowered/asm/mixin/injection/callback/CallbackInfo;)V won't be passed a CallbackInfo as a result
[11dic2025 14:06:33.278] [Worker-Main-4/DEBUG] [mixin/]: owo.mixins.json:recipe_remainders.RecipeManagerMixin from mod owo->@Inject::addRecipeSpecificRemainders(Lnet/minecraft/world/item/crafting/RecipeType;Lnet/minecraft/world/item/crafting/RecipeInput;Lnet/minecraft/world/level/Level;Lorg/spongepowered/asm/mixin/injection/callback/CallbackInfoReturnable;Ljava/util/Optional;)V does use it's CallbackInfoReturnable
[11dic2025 14:06:33.278] [Worker-Main-4/DEBUG] [mixin/]: supermartijn642corelib.mixins.json:RecipeManagerMixin from mod supermartijn642corelib->@Inject::apply(Ljava/util/Map;Lnet/minecraft/server/packs/resources/ResourceManager;Lnet/minecraft/util/profiling/ProfilerFiller;Lorg/spongepowered/asm/mixin/injection/callback/CallbackInfo;)V doesn't use it's CallbackInfo
[11dic2025 14:06:33.279] [Worker-Main-4/DEBUG] [mixin/]: supermartijn642corelib.mixins.json:RecipeManagerMixin from mod supermartijn642corelib->@Inject::apply(Ljava/util/Map;Lnet/minecraft/server/packs/resources/ResourceManager;Lnet/minecraft/util/profiling/ProfilerFiller;Lorg/spongepowered/asm/mixin/injection/callback/CallbackInfo;)V has 0 override(s) in child classes
[11dic2025 14:06:33.279] [Worker-Main-4/DEBUG] [mixin/]: supermartijn642corelib.mixins.json:RecipeManagerMixin from mod supermartijn642corelib->@Inject::apply(Ljava/util/Map;Lnet/minecraft/server/packs/resources/ResourceManager;Lnet/minecraft/util/profiling/ProfilerFiller;Lorg/spongepowered/asm/mixin/injection/callback/CallbackInfo;)V won't be passed a CallbackInfo as a result
[11dic2025 14:06:33.279] [Worker-Main-4/DEBUG] [mixin/]: supermartijn642corelib.mixins.json:RecipeManagerMixin from mod supermartijn642corelib->@Inject::fromJson(Lnet/minecraft/resources/ResourceLocation;Lcom/google/gson/JsonObject;Lnet/minecraft/core/HolderLookup$Provider;Lorg/spongepowered/asm/mixin/injection/callback/CallbackInfoReturnable;)V does use it's CallbackInfoReturnable
[11dic2025 14:06:33.279] [Worker-Main-4/DEBUG] [mixin/]: kubejs.mixins.json:RecipeManagerMixin from mod kubejs->@Inject::customRecipesHead(Ljava/util/Map;Lnet/minecraft/server/packs/resources/ResourceManager;Lnet/minecraft/util/profiling/ProfilerFiller;Lorg/spongepowered/asm/mixin/injection/callback/CallbackInfo;)V doesn't use it's CallbackInfo
[11dic2025 14:06:33.279] [Worker-Main-4/DEBUG] [mixin/]: kubejs.mixins.json:RecipeManagerMixin from mod kubejs->@Inject::customRecipesHead(Ljava/util/Map;Lnet/minecraft/server/packs/resources/ResourceManager;Lnet/minecraft/util/profiling/ProfilerFiller;Lorg/spongepowered/asm/mixin/injection/callback/CallbackInfo;)V has 0 override(s) in child classes
[11dic2025 14:06:33.279] [Worker-Main-4/DEBUG] [mixin/]: kubejs.mixins.json:RecipeManagerMixin from mod kubejs->@Inject::customRecipesHead(Ljava/util/Map;Lnet/minecraft/server/packs/resources/ResourceManager;Lnet/minecraft/util/profiling/ProfilerFiller;Lorg/spongepowered/asm/mixin/injection/callback/CallbackInfo;)V won't be passed a CallbackInfo as a result
[11dic2025 14:06:33.279] [Worker-Main-4/DEBUG] [mixin/]: kubejs.mixins.json:RecipeManagerMixin from mod kubejs->@Inject::catchFailingRecipes(Lorg/spongepowered/asm/mixin/injection/callback/CallbackInfo;)V doesn't use it's CallbackInfo
[11dic2025 14:06:33.279] [Worker-Main-4/DEBUG] [mixin/]: kubejs.mixins.json:RecipeManagerMixin from mod kubejs->@Inject::catchFailingRecipes(Lorg/spongepowered/asm/mixin/injection/callback/CallbackInfo;)V has 0 override(s) in child classes
[11dic2025 14:06:33.279] [Worker-Main-4/DEBUG] [mixin/]: kubejs.mixins.json:RecipeManagerMixin from mod kubejs->@Inject::catchFailingRecipes(Lorg/spongepowered/asm/mixin/injection/callback/CallbackInfo;)V won't be passed a CallbackInfo as a result
[11dic2025 14:06:33.279] [Worker-Main-4/DEBUG] [mixin/]: kubejs.mixins.json:RecipeManagerMixin from mod kubejs->@Inject::addServerData(Lorg/spongepowered/asm/mixin/injection/callback/CallbackInfo;)V doesn't use it's CallbackInfo
[11dic2025 14:06:33.279] [Worker-Main-4/DEBUG] [mixin/]: kubejs.mixins.json:RecipeManagerMixin from mod kubejs->@Inject::addServerData(Lorg/spongepowered/asm/mixin/injection/callback/CallbackInfo;)V has 0 override(s) in child classes
[11dic2025 14:06:33.279] [Worker-Main-4/DEBUG] [mixin/]: kubejs.mixins.json:RecipeManagerMixin from mod kubejs->@Inject::addServerData(Lorg/spongepowered/asm/mixin/injection/callback/CallbackInfo;)V won't be passed a CallbackInfo as a result
[11dic2025 14:06:33.281] [Worker-Main-4/DEBUG] [mixin/]: Mixing TagManagerMixin from kubejs.mixins.json into net.minecraft.tags.TagManager
[11dic2025 14:06:33.282] [Worker-Main-4/DEBUG] [mixin/]: Mixing TagManagerMixin from supermartijn642corelib.mixins.json into net.minecraft.tags.TagManager
[11dic2025 14:06:33.282] [Worker-Main-4/DEBUG] [mixin/]: supermartijn642corelib.mixins.json:TagManagerMixin from mod supermartijn642corelib: Class version 65 required is higher than the class version supported by the current version of Mixin (JAVA_17 supports class version 61)
[11dic2025 14:06:33.283] [Worker-Main-4/DEBUG] [mixin/]: kubejs.mixins.json:TagManagerMixin from mod kubejs->@Inject::kjs$saveRegistryToTagLoader(Lnet/minecraft/server/packs/resources/ResourceManager;Ljava/util/concurrent/Executor;Lnet/minecraft/core/RegistryAccess$RegistryEntry;Lorg/spongepowered/asm/mixin/injection/callback/CallbackInfoReturnable;Lnet/minecraft/resources/ResourceKey;Lnet/minecraft/core/Registry;Lnet/minecraft/tags/TagLoader;)V doesn't use it's CallbackInfoReturnable
[11dic2025 14:06:33.283] [Worker-Main-4/DEBUG] [mixin/]: kubejs.mixins.json:TagManagerMixin from mod kubejs->@Inject::kjs$saveRegistryToTagLoader(Lnet/minecraft/server/packs/resources/ResourceManager;Ljava/util/concurrent/Executor;Lnet/minecraft/core/RegistryAccess$RegistryEntry;Lorg/spongepowered/asm/mixin/injection/callback/CallbackInfoReturnable;Lnet/minecraft/resources/ResourceKey;Lnet/minecraft/core/Registry;Lnet/minecraft/tags/TagLoader;)V has 0 override(s) in child classes
[11dic2025 14:06:33.283] [Worker-Main-4/DEBUG] [mixin/]: kubejs.mixins.json:TagManagerMixin from mod kubejs->@Inject::kjs$saveRegistryToTagLoader(Lnet/minecraft/server/packs/resources/ResourceManager;Ljava/util/concurrent/Executor;Lnet/minecraft/core/RegistryAccess$RegistryEntry;Lorg/spongepowered/asm/mixin/injection/callback/CallbackInfoReturnable;Lnet/minecraft/resources/ResourceKey;Lnet/minecraft/core/Registry;Lnet/minecraft/tags/TagLoader;)V won't be passed a CallbackInfoReturnable as a result
[11dic2025 14:06:33.283] [Worker-Main-4/DEBUG] [mixin/]: kubejs.mixins.json:TagManagerMixin from mod kubejs->@Inject::kjs$reload(Lnet/minecraft/server/packs/resources/PreparableReloadListener$PreparationBarrier;Lnet/minecraft/server/packs/resources/ResourceManager;Lnet/minecraft/util/profiling/ProfilerFiller;Lnet/minecraft/util/profiling/ProfilerFiller;Ljava/util/concurrent/Executor;Ljava/util/concurrent/Executor;Lorg/spongepowered/asm/mixin/injection/callback/CallbackInfoReturnable;)V doesn't use it's CallbackInfoReturnable
[11dic2025 14:06:33.283] [Worker-Main-4/DEBUG] [mixin/]: kubejs.mixins.json:TagManagerMixin from mod kubejs->@Inject::kjs$reload(Lnet/minecraft/server/packs/resources/PreparableReloadListener$PreparationBarrier;Lnet/minecraft/server/packs/resources/ResourceManager;Lnet/minecraft/util/profiling/ProfilerFiller;Lnet/minecraft/util/profiling/ProfilerFiller;Ljava/util/concurrent/Executor;Ljava/util/concurrent/Executor;Lorg/spongepowered/asm/mixin/injection/callback/CallbackInfoReturnable;)V has 0 override(s) in child classes
[11dic2025 14:06:33.283] [Worker-Main-4/DEBUG] [mixin/]: kubejs.mixins.json:TagManagerMixin from mod kubejs->@Inject::kjs$reload(Lnet/minecraft/server/packs/resources/PreparableReloadListener$PreparationBarrier;Lnet/minecraft/server/packs/resources/ResourceManager;Lnet/minecraft/util/profiling/ProfilerFiller;Lnet/minecraft/util/profiling/ProfilerFiller;Ljava/util/concurrent/Executor;Ljava/util/concurrent/Executor;Lorg/spongepowered/asm/mixin/injection/callback/CallbackInfoReturnable;)V won't be passed a CallbackInfoReturnable as a result
[11dic2025 14:06:33.283] [Worker-Main-4/DEBUG] [mixin/]: supermartijn642corelib.mixins.json:TagManagerMixin from mod supermartijn642corelib->@Inject::createLoader(Lnet/minecraft/server/packs/resources/ResourceManager;Ljava/util/concurrent/Executor;Lnet/minecraft/core/RegistryAccess$RegistryEntry;Lorg/spongepowered/asm/mixin/injection/callback/CallbackInfoReturnable;Lnet/minecraft/resources/ResourceKey;Lnet/minecraft/core/Registry;Lnet/minecraft/tags/TagLoader;)V doesn't use it's CallbackInfoReturnable
[11dic2025 14:06:33.283] [Worker-Main-4/DEBUG] [mixin/]: supermartijn642corelib.mixins.json:TagManagerMixin from mod supermartijn642corelib->@Inject::createLoader(Lnet/minecraft/server/packs/resources/ResourceManager;Ljava/util/concurrent/Executor;Lnet/minecraft/core/RegistryAccess$RegistryEntry;Lorg/spongepowered/asm/mixin/injection/callback/CallbackInfoReturnable;Lnet/minecraft/resources/ResourceKey;Lnet/minecraft/core/Registry;Lnet/minecraft/tags/TagLoader;)V has 0 override(s) in child classes
[11dic2025 14:06:33.283] [Worker-Main-4/DEBUG] [mixin/]: supermartijn642corelib.mixins.json:TagManagerMixin from mod supermartijn642corelib->@Inject::createLoader(Lnet/minecraft/server/packs/resources/ResourceManager;Ljava/util/concurrent/Executor;Lnet/minecraft/core/RegistryAccess$RegistryEntry;Lorg/spongepowered/asm/mixin/injection/callback/CallbackInfoReturnable;Lnet/minecraft/resources/ResourceKey;Lnet/minecraft/core/Registry;Lnet/minecraft/tags/TagLoader;)V won't be passed a CallbackInfoReturnable as a result
[11dic2025 14:06:33.289] [Worker-Main-4/DEBUG] [dev.ftb.mods.ftbessentials.commands.FTBCommands/]: Registering FTB Essentials commands
[11dic2025 14:06:33.329] [Worker-Main-4/DEBUG] [mixin/]: Mixing TagGroupLoaderMixin from owo.mixins.json into net.minecraft.tags.TagLoader
[11dic2025 14:06:33.329] [Worker-Main-4/DEBUG] [mixin/]: owo.mixins.json:TagGroupLoaderMixin from mod owo: Class version 65 required is higher than the class version supported by the current version of Mixin (JAVA_16 supports class version 60)
[11dic2025 14:06:33.329] [Worker-Main-4/DEBUG] [mixin/]: Renaming synthetic method lambda$injectValues$2(Ljava/util/Map;Lio/wispforest/owo/util/TagInjector$TagLocation;Ljava/util/Set;)V to mdd29a09$owo$lambda$injectValues$2$0 in owo.mixins.json:TagGroupLoaderMixin from mod owo
[11dic2025 14:06:33.329] [Worker-Main-4/DEBUG] [mixin/]: Renaming synthetic method lambda$injectValues$1(Ljava/util/List;Lnet/minecraft/tags/TagEntry;)V to mdd29a09$owo$lambda$injectValues$1$1 in owo.mixins.json:TagGroupLoaderMixin from mod owo
[11dic2025 14:06:33.329] [Worker-Main-4/DEBUG] [mixin/]: Renaming synthetic method lambda$injectValues$0(Lnet/minecraft/resources/ResourceLocation;)Ljava/util/List; to mdd29a09$owo$lambda$injectValues$0$2 in owo.mixins.json:TagGroupLoaderMixin from mod owo
[11dic2025 14:06:33.330] [Worker-Main-4/DEBUG] [mixin/]: Mixing TagLoaderMixin from kubejs.mixins.json into net.minecraft.tags.TagLoader
[11dic2025 14:06:33.330] [Worker-Main-4/DEBUG] [mixin/]: Mixing TagLoaderMixin from supermartijn642corelib.mixins.json into net.minecraft.tags.TagLoader
[11dic2025 14:06:33.330] [Worker-Main-4/DEBUG] [mixin/]: supermartijn642corelib.mixins.json:TagLoaderMixin from mod supermartijn642corelib: Class version 65 required is higher than the class version supported by the current version of Mixin (JAVA_17 supports class version 61)
[11dic2025 14:06:33.332] [Worker-Main-4/DEBUG] [mixin/]: owo.mixins.json:TagGroupLoaderMixin from mod owo->@Inject::injectValues(Lnet/minecraft/server/packs/resources/ResourceManager;Lorg/spongepowered/asm/mixin/injection/callback/CallbackInfoReturnable;)V does use it's CallbackInfoReturnable
[11dic2025 14:06:33.332] [Worker-Main-4/DEBUG] [mixin/]: kubejs.mixins.json:TagLoaderMixin from mod kubejs->@Inject::customTags(Lnet/minecraft/server/packs/resources/ResourceManager;Lorg/spongepowered/asm/mixin/injection/callback/CallbackInfoReturnable;)V does use it's CallbackInfoReturnable
[11dic2025 14:06:33.332] [Worker-Main-4/DEBUG] [mixin/]: supermartijn642corelib.mixins.json:TagLoaderMixin from mod supermartijn642corelib->@Inject::build(Lnet/minecraft/tags/TagEntry$Lookup;Ljava/util/List;Lorg/spongepowered/asm/mixin/injection/callback/CallbackInfoReturnable;)V doesn't use it's CallbackInfoReturnable
[11dic2025 14:06:33.332] [Worker-Main-4/DEBUG] [mixin/]: supermartijn642corelib.mixins.json:TagLoaderMixin from mod supermartijn642corelib->@Inject::build(Lnet/minecraft/tags/TagEntry$Lookup;Ljava/util/List;Lorg/spongepowered/asm/mixin/injection/callback/CallbackInfoReturnable;)V has 0 override(s) in child classes
[11dic2025 14:06:33.332] [Worker-Main-4/DEBUG] [mixin/]: supermartijn642corelib.mixins.json:TagLoaderMixin from mod supermartijn642corelib->@Inject::build(Lnet/minecraft/tags/TagEntry$Lookup;Ljava/util/List;Lorg/spongepowered/asm/mixin/injection/callback/CallbackInfoReturnable;)V won't be passed a CallbackInfoReturnable as a result
[11dic2025 14:06:33.512] [Render thread/DEBUG] [mixin/]: Mixing RecipeHolderMixin from kubejs.mixins.json into net.minecraft.world.item.crafting.RecipeHolder
[11dic2025 14:06:33.586] [Render thread/INFO] [net.minecraft.world.item.crafting.RecipeManager/]: Loaded 2929 recipes
[11dic2025 14:06:33.678] [Render thread/DEBUG] [mixin/]: Mixing AdvancementNodeMixin from kubejs.mixins.json into net.minecraft.advancements.AdvancementNode
[11dic2025 14:06:33.682] [Render thread/INFO] [net.minecraft.advancements.AdvancementTree/]: Loaded 1506 advancements
[11dic2025 14:06:34.137] [Render thread/DEBUG] [mixin/]: Mixing accessor.ConnectScreenAccessor from fabric-networking-api-v1.client.mixins.json into net.minecraft.client.gui.screens.ConnectScreen
[11dic2025 14:06:34.137] [Render thread/DEBUG] [mixin/]: fabric-networking-api-v1.client.mixins.json:accessor.ConnectScreenAccessor from mod fabric_networking_api_v1: Class version 65 required is higher than the class version supported by the current version of Mixin (JAVA_17 supports class version 61)
[11dic2025 14:06:34.138] [Render thread/DEBUG] [mezz.jei.neoforge.startup.StartEventObserver/]: JEI StartEventObserver received class net.neoforged.neoforge.event.TagsUpdatedEvent too early, ignoring
[11dic2025 14:06:34.143] [Render thread/INFO] [snownee.jade.Jade/]: LootTableMineableCollector took 3.726 ms
[11dic2025 14:06:34.165] [Render thread/DEBUG] [net.neoforged.neoforge.common.CommonHooks/WP]: Gathered mod list to write to world save New World
[11dic2025 14:06:34.175] [Render thread/DEBUG] [mixin/]: Mixing PlayerListAccess from ftbessentials-common.mixins.json into net.minecraft.server.players.PlayerList
[11dic2025 14:06:34.175] [Render thread/DEBUG] [mixin/]: ftbessentials-common.mixins.json:PlayerListAccess from mod ftbessentials: Class version 65 required is higher than the class version supported by the current version of Mixin (JAVA_17 supports class version 61)
[11dic2025 14:06:34.175] [Render thread/DEBUG] [mixin/]: Mixing PlayerListMixin from kubejs.mixins.json into net.minecraft.server.players.PlayerList
[11dic2025 14:06:34.186] [Render thread/DEBUG] [mixin/]: Mixing offline.WorldSaveHandlerMixin from owo.mixins.json into net.minecraft.world.level.storage.PlayerDataStorage
[11dic2025 14:06:34.186] [Render thread/DEBUG] [mixin/]: owo.mixins.json:offline.WorldSaveHandlerMixin from mod owo: Class version 65 required is higher than the class version supported by the current version of Mixin (JAVA_16 supports class version 60)
[11dic2025 14:06:34.187] [Render thread/DEBUG] [mixin/]: owo.mixins.json:offline.WorldSaveHandlerMixin from mod owo->@Inject::onPlayerDataSaved(Lnet/minecraft/world/entity/player/Player;Lorg/spongepowered/asm/mixin/injection/callback/CallbackInfo;Lnet/minecraft/nbt/CompoundTag;)V doesn't use it's CallbackInfo
[11dic2025 14:06:34.187] [Render thread/DEBUG] [mixin/]: owo.mixins.json:offline.WorldSaveHandlerMixin from mod owo->@Inject::onPlayerDataSaved(Lnet/minecraft/world/entity/player/Player;Lorg/spongepowered/asm/mixin/injection/callback/CallbackInfo;Lnet/minecraft/nbt/CompoundTag;)V has 0 override(s) in child classes
[11dic2025 14:06:34.187] [Render thread/DEBUG] [mixin/]: owo.mixins.json:offline.WorldSaveHandlerMixin from mod owo->@Inject::onPlayerDataSaved(Lnet/minecraft/world/entity/player/Player;Lorg/spongepowered/asm/mixin/injection/callback/CallbackInfo;Lnet/minecraft/nbt/CompoundTag;)V won't be passed a CallbackInfo as a result
[11dic2025 14:06:34.193] [Server thread/INFO] [net.minecraft.client.server.IntegratedServer/]: Starting integrated minecraft server version 1.21.1
[11dic2025 14:06:34.194] [Server thread/INFO] [net.minecraft.server.MinecraftServer/]: Generating keypair
[11dic2025 14:06:34.234] [Server thread/DEBUG] [net.neoforged.fml.config.ConfigTracker/CONFIG]: Loading configs type SERVER
[11dic2025 14:06:34.235] [Server thread/DEBUG] [net.neoforged.fml.config.ConfigTracker/CONFIG]: Loaded TOML config file /Users/joshua.morotti/dev/personal/PipezRetriever/runs/client/config/jei-server.toml
[11dic2025 14:06:34.235] [Server thread/DEBUG] [net.neoforged.fml.config.ConfigTracker/CONFIG]: Watching TOML config file /Users/joshua.morotti/dev/personal/PipezRetriever/runs/client/config/jei-server.toml for changes
[11dic2025 14:06:34.236] [Server thread/DEBUG] [net.neoforged.neoforge.common.NeoForgeConfig/FORGEMOD]: Loaded NeoForge config file neoforge-server.toml
[11dic2025 14:06:34.236] [Server thread/DEBUG] [net.neoforged.fml.config.ConfigTracker/CONFIG]: Loaded TOML config file /Users/joshua.morotti/dev/personal/PipezRetriever/runs/client/config/neoforge-server.toml
[11dic2025 14:06:34.236] [Server thread/DEBUG] [net.neoforged.fml.config.ConfigTracker/CONFIG]: Watching TOML config file /Users/joshua.morotti/dev/personal/PipezRetriever/runs/client/config/neoforge-server.toml for changes
[11dic2025 14:06:34.238] [Server thread/DEBUG] [net.neoforged.fml.config.ConfigTracker/CONFIG]: Loaded TOML config file /Users/joshua.morotti/dev/personal/PipezRetriever/runs/client/config/Mekanism/general.toml
[11dic2025 14:06:34.238] [Server thread/DEBUG] [net.neoforged.fml.config.ConfigTracker/CONFIG]: Watching TOML config file /Users/joshua.morotti/dev/personal/PipezRetriever/runs/client/config/Mekanism/general.toml for changes
[11dic2025 14:06:34.240] [Server thread/DEBUG] [net.neoforged.fml.config.ConfigTracker/CONFIG]: Loaded TOML config file /Users/joshua.morotti/dev/personal/PipezRetriever/runs/client/config/Mekanism/gear.toml
[11dic2025 14:06:34.240] [Server thread/DEBUG] [net.neoforged.fml.config.ConfigTracker/CONFIG]: Watching TOML config file /Users/joshua.morotti/dev/personal/PipezRetriever/runs/client/config/Mekanism/gear.toml for changes
[11dic2025 14:06:34.241] [Server thread/DEBUG] [net.neoforged.fml.config.ConfigTracker/CONFIG]: Loaded TOML config file /Users/joshua.morotti/dev/personal/PipezRetriever/runs/client/config/Mekanism/machine-storage.toml
[11dic2025 14:06:34.241] [Server thread/DEBUG] [net.neoforged.fml.config.ConfigTracker/CONFIG]: Watching TOML config file /Users/joshua.morotti/dev/personal/PipezRetriever/runs/client/config/Mekanism/machine-storage.toml for changes
[11dic2025 14:06:34.242] [Server thread/DEBUG] [net.neoforged.fml.config.ConfigTracker/CONFIG]: Loaded TOML config file /Users/joshua.morotti/dev/personal/PipezRetriever/runs/client/config/Mekanism/tiers.toml
[11dic2025 14:06:34.242] [Server thread/DEBUG] [net.neoforged.fml.config.ConfigTracker/CONFIG]: Watching TOML config file /Users/joshua.morotti/dev/personal/PipezRetriever/runs/client/config/Mekanism/tiers.toml for changes
[11dic2025 14:06:34.243] [Server thread/DEBUG] [net.neoforged.fml.config.ConfigTracker/CONFIG]: Loaded TOML config file /Users/joshua.morotti/dev/personal/PipezRetriever/runs/client/config/Mekanism/machine-usage.toml
[11dic2025 14:06:34.243] [Server thread/DEBUG] [net.neoforged.fml.config.ConfigTracker/CONFIG]: Watching TOML config file /Users/joshua.morotti/dev/personal/PipezRetriever/runs/client/config/Mekanism/machine-usage.toml for changes
[11dic2025 14:06:34.245] [Server thread/DEBUG] [net.neoforged.fml.config.ConfigTracker/CONFIG]: Loaded TOML config file /Users/joshua.morotti/dev/personal/PipezRetriever/runs/client/config/Mekanism/world.toml
[11dic2025 14:06:34.245] [Server thread/DEBUG] [net.neoforged.fml.config.ConfigTracker/CONFIG]: Watching TOML config file /Users/joshua.morotti/dev/personal/PipezRetriever/runs/client/config/Mekanism/world.toml for changes
[11dic2025 14:06:34.246] [Server thread/DEBUG] [net.neoforged.fml.config.ConfigTracker/CONFIG]: Loaded TOML config file /Users/joshua.morotti/dev/personal/PipezRetriever/runs/client/config/pipez-server.toml
[11dic2025 14:06:34.246] [Server thread/DEBUG] [net.neoforged.fml.config.ConfigTracker/CONFIG]: Watching TOML config file /Users/joshua.morotti/dev/personal/PipezRetriever/runs/client/config/pipez-server.toml for changes
[11dic2025 14:06:34.247] [Server thread/DEBUG] [net.neoforged.fml.config.ConfigTracker/CONFIG]: Loaded TOML config file /Users/joshua.morotti/dev/personal/PipezRetriever/runs/client/config/Mekanism/generators.toml
[11dic2025 14:06:34.247] [Server thread/DEBUG] [net.neoforged.fml.config.ConfigTracker/CONFIG]: Watching TOML config file /Users/joshua.morotti/dev/personal/PipezRetriever/runs/client/config/Mekanism/generators.toml for changes
[11dic2025 14:06:34.247] [Server thread/DEBUG] [net.neoforged.fml.config.ConfigTracker/CONFIG]: Loaded TOML config file /Users/joshua.morotti/dev/personal/PipezRetriever/runs/client/config/Mekanism/generators-gear.toml
[11dic2025 14:06:34.247] [Server thread/DEBUG] [net.neoforged.fml.config.ConfigTracker/CONFIG]: Watching TOML config file /Users/joshua.morotti/dev/personal/PipezRetriever/runs/client/config/Mekanism/generators-gear.toml for changes
[11dic2025 14:06:34.248] [Server thread/DEBUG] [net.neoforged.fml.config.ConfigTracker/CONFIG]: Loaded TOML config file /Users/joshua.morotti/dev/personal/PipezRetriever/runs/client/config/Mekanism/generator-storage.toml
[11dic2025 14:06:34.248] [Server thread/DEBUG] [net.neoforged.fml.config.ConfigTracker/CONFIG]: Watching TOML config file /Users/joshua.morotti/dev/personal/PipezRetriever/runs/client/config/Mekanism/generator-storage.toml for changes
[11dic2025 14:06:34.262] [Server thread/DEBUG] [FTB Library/]: tracking config ftblibrary-server, loaded from /Users/joshua.morotti/dev/personal/PipezRetriever/runs/client/config/ftblibrary-server.snbt
[11dic2025 14:06:34.299] [Server thread/DEBUG] [mixin/]: Mixing accessor.ServerChunkLoadingManagerAccessor from fabric-networking-api-v1.mixins.json into net.minecraft.server.level.ChunkMap
[11dic2025 14:06:34.300] [Server thread/DEBUG] [mixin/]: fabric-networking-api-v1.mixins.json:accessor.ServerChunkLoadingManagerAccessor from mod fabric_networking_api_v1: Class version 65 required is higher than the class version supported by the current version of Mixin (JAVA_17 supports class version 61)
[11dic2025 14:06:34.364] [Server thread/INFO] [net.minecraft.server.MinecraftServer/]: Preparing start region for dimension minecraft:overworld
[11dic2025 14:06:34.365] [Server thread/INFO] [KubeJS Server/]: Capturing errors for server scripts disabled
[11dic2025 14:06:34.369] [Server thread/INFO] [KubeJS Server/]: Server resource reload complete!
[11dic2025 14:06:34.471] [Server thread/DEBUG] [mixin/]: Mixing neoforge.MixinChunkSerializer from architectury.mixins.json into net.minecraft.world.level.chunk.storage.ChunkSerializer
[11dic2025 14:06:34.471] [Server thread/DEBUG] [mixin/]: architectury.mixins.json:neoforge.MixinChunkSerializer from mod architectury: Class version 65 required is higher than the class version supported by the current version of Mixin (JAVA_16 supports class version 60)
[11dic2025 14:06:34.473] [Server thread/DEBUG] [mixin/]: architectury.mixins.json:neoforge.MixinChunkSerializer from mod architectury->@Inject::read(Lnet/minecraft/server/level/ServerLevel;Lnet/minecraft/world/entity/ai/village/poi/PoiManager;Lnet/minecraft/world/level/chunk/storage/RegionStorageInfo;Lnet/minecraft/world/level/ChunkPos;Lnet/minecraft/nbt/CompoundTag;Lorg/spongepowered/asm/mixin/injection/callback/CallbackInfoReturnable;)V doesn't use it's CallbackInfoReturnable
[11dic2025 14:06:34.564] [progressListener/INFO] [net.minecraft.server.level.progress.LoggerChunkProgressListener/]: Preparing spawn area: 0%
[11dic2025 14:06:34.573] [Server thread/DEBUG] [mixin/]: Mixing PipeEnergyStorageMixin from pipezretriever.mixins.json into de.maxhenkel.pipez.utils.PipeEnergyStorage
[11dic2025 14:06:34.575] [Server thread/DEBUG] [mixin/]: pipezretriever.mixins.json:PipeEnergyStorageMixin from mod pipezretriever->@Inject::pipezretriever$tick(Lorg/spongepowered/asm/mixin/injection/callback/CallbackInfo;)V does use it's CallbackInfo
[11dic2025 14:06:34.600] [Server thread/DEBUG] [mixin/]: Mixing GasPipeTypeMixin from pipezretriever.mixins.json into de.maxhenkel.pipez.blocks.tileentity.types.GasPipeType
[11dic2025 14:06:34.601] [Server thread/DEBUG] [mixin/]: pipezretriever.mixins.json:GasPipeTypeMixin from mod pipezretriever->@Inject::pipezretriever$tick(Lde/maxhenkel/pipez/blocks/tileentity/PipeLogicTileEntity;Lorg/spongepowered/asm/mixin/injection/callback/CallbackInfo;)V does use it's CallbackInfo
[11dic2025 14:06:34.648] [Server thread/INFO] [net.neoforged.neoforge.server.permission.PermissionAPI/]: Successfully initialized permission handler neoforge:default_handler
[11dic2025 14:06:34.661] [progressListener/INFO] [net.minecraft.server.level.progress.LoggerChunkProgressListener/]: Time elapsed: 292 ms
[11dic2025 14:06:34.750] [Server thread/DEBUG] [mixin/]: Mixing accessor.EntityTrackerAccessor from fabric-networking-api-v1.mixins.json into net.minecraft.server.level.ChunkMap$TrackedEntity
[11dic2025 14:06:34.750] [Server thread/DEBUG] [mixin/]: fabric-networking-api-v1.mixins.json:accessor.EntityTrackerAccessor from mod fabric_networking_api_v1: Class version 65 required is higher than the class version supported by the current version of Mixin (JAVA_17 supports class version 61)
[11dic2025 14:06:34.765] [Server thread/INFO] [net.minecraft.client.server.IntegratedServer/]: Changing view distance to 12, from 10
[11dic2025 14:06:34.765] [Server thread/INFO] [net.minecraft.client.server.IntegratedServer/]: Changing simulation distance to 12, from 0
[11dic2025 14:06:34.834] [Render thread/DEBUG] [io.netty.channel.MultithreadEventLoopGroup/]: -Dio.netty.eventLoopThreads: 20
[11dic2025 14:06:34.854] [Render thread/DEBUG] [io.netty.util.concurrent.GlobalEventExecutor/]: -Dio.netty.globalEventExecutor.quietPeriodSeconds: 1
[11dic2025 14:06:34.863] [Render thread/DEBUG] [io.netty.channel.nio.NioEventLoop/]: -Dio.netty.noKeySetOptimization: false
[11dic2025 14:06:34.863] [Render thread/DEBUG] [io.netty.channel.nio.NioEventLoop/]: -Dio.netty.selectorAutoRebuildThreshold: 512
[11dic2025 14:06:34.867] [Render thread/DEBUG] [io.netty.util.internal.PlatformDependent/]: org.jctools-core.MpscChunkedArrayQueue: available
[11dic2025 14:06:34.878] [Render thread/DEBUG] [io.netty.channel.DefaultChannelId/]: -Dio.netty.processId: 75997 (auto-detected)
[11dic2025 14:06:34.880] [Render thread/DEBUG] [io.netty.util.NetUtil/]: -Djava.net.preferIPv4Stack: false
[11dic2025 14:06:34.880] [Render thread/DEBUG] [io.netty.util.NetUtil/]: -Djava.net.preferIPv6Addresses: system
[11dic2025 14:06:34.886] [Render thread/DEBUG] [io.netty.util.NetUtilInitializations/]: Loopback interface: lo0 (lo0, 0:0:0:0:0:0:0:1%lo0)
[11dic2025 14:06:34.886] [Render thread/DEBUG] [io.netty.util.NetUtil/]: Failed to get SOMAXCONN from sysctl and file /proc/sys/net/core/somaxconn. Default: 128
[11dic2025 14:06:34.888] [Render thread/DEBUG] [io.netty.channel.DefaultChannelId/]: -Dio.netty.machineId: 56:54:e6:ff:fe:22:ba:ef (auto-detected)
[11dic2025 14:06:34.927] [Render thread/DEBUG] [mixin/]: Mixing ClientLoginNetworkHandlerAccessor from owo.mixins.json into net.minecraft.client.multiplayer.ClientHandshakePacketListenerImpl
[11dic2025 14:06:34.927] [Render thread/DEBUG] [mixin/]: owo.mixins.json:ClientLoginNetworkHandlerAccessor from mod owo: Class version 65 required is higher than the class version supported by the current version of Mixin (JAVA_16 supports class version 60)
[11dic2025 14:06:34.927] [Render thread/DEBUG] [mixin/]: Mixing accessor.ClientLoginNetworkHandlerAccessor from fabric-networking-api-v1.client.mixins.json into net.minecraft.client.multiplayer.ClientHandshakePacketListenerImpl
[11dic2025 14:06:34.927] [Render thread/DEBUG] [mixin/]: fabric-networking-api-v1.client.mixins.json:accessor.ClientLoginNetworkHandlerAccessor from mod fabric_networking_api_v1: Class version 65 required is higher than the class version supported by the current version of Mixin (JAVA_17 supports class version 61)
[11dic2025 14:06:34.927] [Render thread/DEBUG] [mixin/]: Mixing ClientLoginNetworkHandlerMixin from fabric-networking-api-v1.client.mixins.json into net.minecraft.client.multiplayer.ClientHandshakePacketListenerImpl
[11dic2025 14:06:34.927] [Render thread/DEBUG] [mixin/]: fabric-networking-api-v1.client.mixins.json:ClientLoginNetworkHandlerMixin from mod fabric_networking_api_v1: Class version 65 required is higher than the class version supported by the current version of Mixin (JAVA_17 supports class version 61)
[11dic2025 14:06:34.928] [Render thread/DEBUG] [mixin/]: fabric-networking-api-v1.client.mixins.json:ClientLoginNetworkHandlerMixin from mod fabric_networking_api_v1->@Inject::initAddon(Lorg/spongepowered/asm/mixin/injection/callback/CallbackInfo;)V doesn't use it's CallbackInfo
[11dic2025 14:06:34.928] [Render thread/DEBUG] [mixin/]: fabric-networking-api-v1.client.mixins.json:ClientLoginNetworkHandlerMixin from mod fabric_networking_api_v1->@Inject::initAddon(Lorg/spongepowered/asm/mixin/injection/callback/CallbackInfo;)V has 0 override(s) in child classes
[11dic2025 14:06:34.928] [Render thread/DEBUG] [mixin/]: fabric-networking-api-v1.client.mixins.json:ClientLoginNetworkHandlerMixin from mod fabric_networking_api_v1->@Inject::initAddon(Lorg/spongepowered/asm/mixin/injection/callback/CallbackInfo;)V won't be passed a CallbackInfo as a result
[11dic2025 14:06:34.929] [Render thread/DEBUG] [mixin/]: fabric-networking-api-v1.client.mixins.json:ClientLoginNetworkHandlerMixin from mod fabric_networking_api_v1->@Inject::handleQueryRequest(Lnet/minecraft/network/protocol/login/ClientboundCustomQueryPacket;Lorg/spongepowered/asm/mixin/injection/callback/CallbackInfo;)V does use it's CallbackInfo
[11dic2025 14:06:34.935] [Render thread/DEBUG] [mixin/]: Mixing LoginQueryResponseC2SPacketMixin from fabric-networking-api-v1.mixins.json into net.minecraft.network.protocol.login.ServerboundCustomQueryAnswerPacket
[11dic2025 14:06:34.935] [Render thread/DEBUG] [mixin/]: fabric-networking-api-v1.mixins.json:LoginQueryResponseC2SPacketMixin from mod fabric_networking_api_v1: Class version 65 required is higher than the class version supported by the current version of Mixin (JAVA_17 supports class version 61)
[11dic2025 14:06:34.936] [Render thread/DEBUG] [mixin/]: fabric-networking-api-v1.mixins.json:LoginQueryResponseC2SPacketMixin from mod fabric_networking_api_v1->@Inject::readResponse(ILnet/minecraft/network/FriendlyByteBuf;Lorg/spongepowered/asm/mixin/injection/callback/CallbackInfoReturnable;)V does use it's CallbackInfoReturnable
[11dic2025 14:06:34.939] [Render thread/DEBUG] [mixin/]: Mixing LoginQueryRequestS2CPacketMixin from fabric-networking-api-v1.mixins.json into net.minecraft.network.protocol.login.ClientboundCustomQueryPacket
[11dic2025 14:06:34.939] [Render thread/DEBUG] [mixin/]: fabric-networking-api-v1.mixins.json:LoginQueryRequestS2CPacketMixin from mod fabric_networking_api_v1: Class version 65 required is higher than the class version supported by the current version of Mixin (JAVA_17 supports class version 61)
[11dic2025 14:06:34.940] [Render thread/DEBUG] [mixin/]: fabric-networking-api-v1.mixins.json:LoginQueryRequestS2CPacketMixin from mod fabric_networking_api_v1->@Inject::readPayload(Lnet/minecraft/resources/ResourceLocation;Lnet/minecraft/network/FriendlyByteBuf;Lorg/spongepowered/asm/mixin/injection/callback/CallbackInfoReturnable;)V does use it's CallbackInfoReturnable
[11dic2025 14:06:34.944] [Render thread/DEBUG] [io.netty.util.Recycler/]: -Dio.netty.recycler.maxCapacityPerThread: 4096
[11dic2025 14:06:34.944] [Render thread/DEBUG] [io.netty.util.Recycler/]: -Dio.netty.recycler.ratio: 8
[11dic2025 14:06:34.944] [Render thread/DEBUG] [io.netty.util.Recycler/]: -Dio.netty.recycler.chunkSize: 32
[11dic2025 14:06:34.944] [Render thread/DEBUG] [io.netty.util.Recycler/]: -Dio.netty.recycler.blocking: false
[11dic2025 14:06:34.944] [Render thread/DEBUG] [io.netty.util.Recycler/]: -Dio.netty.recycler.batchFastThreadLocalOnly: true
[11dic2025 14:06:34.989] [Netty Server IO #1/DEBUG] [mixin/]: Mixing ServerLoginNetworkHandlerMixin from fabric-networking-api-v1.mixins.json into net.minecraft.server.network.ServerLoginPacketListenerImpl
[11dic2025 14:06:34.990] [Netty Server IO #1/DEBUG] [mixin/]: fabric-networking-api-v1.mixins.json:ServerLoginNetworkHandlerMixin from mod fabric_networking_api_v1: Class version 65 required is higher than the class version supported by the current version of Mixin (JAVA_17 supports class version 61)
[11dic2025 14:06:34.991] [Netty Server IO #1/DEBUG] [mixin/]: Mixing accessor.ServerLoginNetworkHandlerAccessor from fabric-networking-api-v1.mixins.json into net.minecraft.server.network.ServerLoginPacketListenerImpl
[11dic2025 14:06:34.991] [Netty Server IO #1/DEBUG] [mixin/]: fabric-networking-api-v1.mixins.json:accessor.ServerLoginNetworkHandlerAccessor from mod fabric_networking_api_v1: Class version 65 required is higher than the class version supported by the current version of Mixin (JAVA_17 supports class version 61)
[11dic2025 14:06:34.993] [Netty Server IO #1/DEBUG] [mixin/]: fabric-networking-api-v1.mixins.json:ServerLoginNetworkHandlerMixin from mod fabric_networking_api_v1->@Inject::initAddon(Lorg/spongepowered/asm/mixin/injection/callback/CallbackInfo;)V doesn't use it's CallbackInfo
[11dic2025 14:06:34.993] [Netty Server IO #1/DEBUG] [mixin/]: fabric-networking-api-v1.mixins.json:ServerLoginNetworkHandlerMixin from mod fabric_networking_api_v1->@Inject::initAddon(Lorg/spongepowered/asm/mixin/injection/callback/CallbackInfo;)V has 0 override(s) in child classes
[11dic2025 14:06:34.993] [Netty Server IO #1/DEBUG] [mixin/]: fabric-networking-api-v1.mixins.json:ServerLoginNetworkHandlerMixin from mod fabric_networking_api_v1->@Inject::initAddon(Lorg/spongepowered/asm/mixin/injection/callback/CallbackInfo;)V won't be passed a CallbackInfo as a result
[11dic2025 14:06:34.993] [Netty Server IO #1/DEBUG] [mixin/]: fabric-networking-api-v1.mixins.json:ServerLoginNetworkHandlerMixin from mod fabric_networking_api_v1->@Inject::handleCustomPayloadReceivedAsync(Lnet/minecraft/network/protocol/login/ServerboundCustomQueryAnswerPacket;Lorg/spongepowered/asm/mixin/injection/callback/CallbackInfo;)V does use it's CallbackInfo
[11dic2025 14:06:35.032] [Netty Local Client IO #0/DEBUG] [mixin/]: Mixing ClientConfigurationNetworkHandlerMixin from fabric-networking-api-v1.client.mixins.json into net.minecraft.client.multiplayer.ClientConfigurationPacketListenerImpl
[11dic2025 14:06:35.032] [Netty Local Client IO #0/DEBUG] [mixin/]: fabric-networking-api-v1.client.mixins.json:ClientConfigurationNetworkHandlerMixin from mod fabric_networking_api_v1: Class version 65 required is higher than the class version supported by the current version of Mixin (JAVA_17 supports class version 61)
[11dic2025 14:06:35.034] [Netty Local Client IO #0/DEBUG] [mixin/]: Mixing ClientConfigurationNetworkHandlerMixin from owo.mixins.json into net.minecraft.client.multiplayer.ClientConfigurationPacketListenerImpl
[11dic2025 14:06:35.034] [Netty Local Client IO #0/DEBUG] [mixin/]: owo.mixins.json:ClientConfigurationNetworkHandlerMixin from mod owo: Class version 65 required is higher than the class version supported by the current version of Mixin (JAVA_16 supports class version 60)
[11dic2025 14:06:35.036] [Netty Local Client IO #0/DEBUG] [mixin/]: fabric-networking-api-v1.client.mixins.json:ClientConfigurationNetworkHandlerMixin from mod fabric_networking_api_v1->@Inject::initAddon(Lorg/spongepowered/asm/mixin/injection/callback/CallbackInfo;)V doesn't use it's CallbackInfo
[11dic2025 14:06:35.036] [Netty Local Client IO #0/DEBUG] [mixin/]: fabric-networking-api-v1.client.mixins.json:ClientConfigurationNetworkHandlerMixin from mod fabric_networking_api_v1->@Inject::initAddon(Lorg/spongepowered/asm/mixin/injection/callback/CallbackInfo;)V has 0 override(s) in child classes
[11dic2025 14:06:35.036] [Netty Local Client IO #0/DEBUG] [mixin/]: fabric-networking-api-v1.client.mixins.json:ClientConfigurationNetworkHandlerMixin from mod fabric_networking_api_v1->@Inject::initAddon(Lorg/spongepowered/asm/mixin/injection/callback/CallbackInfo;)V won't be passed a CallbackInfo as a result
[11dic2025 14:06:35.036] [Netty Local Client IO #0/DEBUG] [mixin/]: fabric-networking-api-v1.client.mixins.json:ClientConfigurationNetworkHandlerMixin from mod fabric_networking_api_v1->@Inject::handleComplete(Lnet/minecraft/network/protocol/configuration/ClientboundFinishConfigurationPacket;Lorg/spongepowered/asm/mixin/injection/callback/CallbackInfo;)V doesn't use it's CallbackInfo
[11dic2025 14:06:35.036] [Netty Local Client IO #0/DEBUG] [mixin/]: fabric-networking-api-v1.client.mixins.json:ClientConfigurationNetworkHandlerMixin from mod fabric_networking_api_v1->@Inject::handleComplete(Lnet/minecraft/network/protocol/configuration/ClientboundFinishConfigurationPacket;Lorg/spongepowered/asm/mixin/injection/callback/CallbackInfo;)V has 0 override(s) in child classes
[11dic2025 14:06:35.036] [Netty Local Client IO #0/DEBUG] [mixin/]: fabric-networking-api-v1.client.mixins.json:ClientConfigurationNetworkHandlerMixin from mod fabric_networking_api_v1->@Inject::handleComplete(Lnet/minecraft/network/protocol/configuration/ClientboundFinishConfigurationPacket;Lorg/spongepowered/asm/mixin/injection/callback/CallbackInfo;)V won't be passed a CallbackInfo as a result
[11dic2025 14:06:35.049] [Netty Server IO #1/DEBUG] [mixin/]: Mixing ServerConfigurationNetworkHandlerMixin from fabric-networking-api-v1.mixins.json into net.minecraft.server.network.ServerConfigurationPacketListenerImpl
[11dic2025 14:06:35.049] [Netty Server IO #1/DEBUG] [mixin/]: fabric-networking-api-v1.mixins.json:ServerConfigurationNetworkHandlerMixin from mod fabric_networking_api_v1: Class version 65 required is higher than the class version supported by the current version of Mixin (JAVA_17 supports class version 61)
[11dic2025 14:06:35.050] [Netty Server IO #1/DEBUG] [mixin/]: fabric-networking-api-v1.mixins.json:ServerConfigurationNetworkHandlerMixin from mod fabric_networking_api_v1->@Inject::onPreConfiguration(Lorg/spongepowered/asm/mixin/injection/callback/CallbackInfo;)V doesn't use it's CallbackInfo
[11dic2025 14:06:35.050] [Netty Server IO #1/DEBUG] [mixin/]: fabric-networking-api-v1.mixins.json:ServerConfigurationNetworkHandlerMixin from mod fabric_networking_api_v1->@Inject::onPreConfiguration(Lorg/spongepowered/asm/mixin/injection/callback/CallbackInfo;)V has 0 override(s) in child classes
[11dic2025 14:06:35.050] [Netty Server IO #1/DEBUG] [mixin/]: fabric-networking-api-v1.mixins.json:ServerConfigurationNetworkHandlerMixin from mod fabric_networking_api_v1->@Inject::onPreConfiguration(Lorg/spongepowered/asm/mixin/injection/callback/CallbackInfo;)V won't be passed a CallbackInfo as a result
[11dic2025 14:06:35.052] [Netty Server IO #1/DEBUG] [mixin/]: Mixing ServerCommonNetworkHandlerAccessor from owo.mixins.json into net.minecraft.server.network.ServerCommonPacketListenerImpl
[11dic2025 14:06:35.052] [Netty Server IO #1/DEBUG] [mixin/]: owo.mixins.json:ServerCommonNetworkHandlerAccessor from mod owo: Class version 65 required is higher than the class version supported by the current version of Mixin (JAVA_16 supports class version 60)
[11dic2025 14:06:35.052] [Netty Server IO #1/DEBUG] [mixin/]: Mixing ServerCommonNetworkHandlerMixin from fabric-networking-api-v1.mixins.json into net.minecraft.server.network.ServerCommonPacketListenerImpl
[11dic2025 14:06:35.052] [Netty Server IO #1/DEBUG] [mixin/]: fabric-networking-api-v1.mixins.json:ServerCommonNetworkHandlerMixin from mod fabric_networking_api_v1: Class version 65 required is higher than the class version supported by the current version of Mixin (JAVA_17 supports class version 61)
[11dic2025 14:06:35.053] [Netty Server IO #1/DEBUG] [mixin/]: Mixing accessor.ServerCommonNetworkHandlerAccessor from fabric-networking-api-v1.mixins.json into net.minecraft.server.network.ServerCommonPacketListenerImpl
[11dic2025 14:06:35.053] [Netty Server IO #1/DEBUG] [mixin/]: fabric-networking-api-v1.mixins.json:accessor.ServerCommonNetworkHandlerAccessor from mod fabric_networking_api_v1: Class version 65 required is higher than the class version supported by the current version of Mixin (JAVA_17 supports class version 61)
[11dic2025 14:06:35.080] [Netty Server IO #1/DEBUG] [net.neoforged.neoforge.network.filters.NetworkFilters/]: Injected net.neoforged.neoforge.network.filters.GenericPacketSplitter@53f75253 into net.minecraft.network.Connection@475f11a9
[11dic2025 14:06:35.090] [Netty Local Client IO #0/DEBUG] [net.neoforged.neoforge.network.filters.NetworkFilters/]: Injected net.neoforged.neoforge.network.filters.GenericPacketSplitter@50ab687 into net.minecraft.network.Connection@264115b8
[11dic2025 14:06:35.232] [Render thread/DEBUG] [mezz.jei.neoforge.startup.StartEventObserver/]: JEI StartEventObserver received event: class net.neoforged.neoforge.event.TagsUpdatedEvent
[11dic2025 14:06:35.290] [Render thread/DEBUG] [mixin/]: Mixing SessionSearchTreesMixin from jade.mixins.json into net.minecraft.client.multiplayer.SessionSearchTrees
[11dic2025 14:06:35.290] [Render thread/DEBUG] [mixin/]: jade.mixins.json:SessionSearchTreesMixin from mod jade: Class version 65 required is higher than the class version supported by the current version of Mixin (JAVA_16 supports class version 60)
[11dic2025 14:06:35.291] [Render thread/DEBUG] [mixin/]: jade.mixins.json:SessionSearchTreesMixin from mod jade->@Inject::jade$preGet(Ljava/util/stream/Stream;Lnet/minecraft/world/item/Item$TooltipContext;Lnet/minecraft/world/item/TooltipFlag;Lorg/spongepowered/asm/mixin/injection/callback/CallbackInfoReturnable;)V doesn't use it's CallbackInfoReturnable
[11dic2025 14:06:35.303] [Netty Server IO #1/DEBUG] [net.neoforged.neoforge.network.filters.NetworkFilters/]: Injected net.neoforged.neoforge.network.filters.GenericPacketSplitter@13f5fcbe into net.minecraft.network.Connection@475f11a9
[11dic2025 14:06:35.344] [Server thread/DEBUG] [mixin/]: Mixing offline.PlayerAdvancementTrackerMixin from owo.mixins.json into net.minecraft.server.PlayerAdvancements
[11dic2025 14:06:35.344] [Server thread/DEBUG] [mixin/]: owo.mixins.json:offline.PlayerAdvancementTrackerMixin from mod owo: Class version 65 required is higher than the class version supported by the current version of Mixin (JAVA_16 supports class version 60)
[11dic2025 14:06:35.347] [Server thread/DEBUG] [mixin/]: Mixing offline.ProgressMapAccessor from owo.mixins.json into net.minecraft.server.PlayerAdvancements$Data
[11dic2025 14:06:35.347] [Server thread/DEBUG] [mixin/]: owo.mixins.json:offline.ProgressMapAccessor from mod owo: Class version 65 required is higher than the class version supported by the current version of Mixin (JAVA_16 supports class version 60)
[11dic2025 14:06:35.354] [Server thread/DEBUG] [mixin/]: Mixing offline.AdvancementProgressAccessor from owo.mixins.json into net.minecraft.advancements.AdvancementProgress
[11dic2025 14:06:35.355] [Server thread/DEBUG] [mixin/]: owo.mixins.json:offline.AdvancementProgressAccessor from mod owo: Class version 65 required is higher than the class version supported by the current version of Mixin (JAVA_16 supports class version 60)
[11dic2025 14:06:35.398] [Server thread/INFO] [net.minecraft.server.players.PlayerList/]: Dev[local:E:38deadf4] logged in with entity id 6 at (9.151399835433079, -59.125, 7.010135387982064)
[11dic2025 14:06:35.399] [Server thread/DEBUG] [mixin/]: Mixing ServerPlayNetworkHandlerMixin from fabric-networking-api-v1.mixins.json into net.minecraft.server.network.ServerGamePacketListenerImpl
[11dic2025 14:06:35.400] [Server thread/DEBUG] [mixin/]: fabric-networking-api-v1.mixins.json:ServerPlayNetworkHandlerMixin from mod fabric_networking_api_v1: Class version 65 required is higher than the class version supported by the current version of Mixin (JAVA_17 supports class version 61)
[11dic2025 14:06:35.401] [Server thread/DEBUG] [mixin/]: fabric-networking-api-v1.mixins.json:ServerPlayNetworkHandlerMixin from mod fabric_networking_api_v1->@Inject::initAddon(Lorg/spongepowered/asm/mixin/injection/callback/CallbackInfo;)V doesn't use it's CallbackInfo
[11dic2025 14:06:35.401] [Server thread/DEBUG] [mixin/]: fabric-networking-api-v1.mixins.json:ServerPlayNetworkHandlerMixin from mod fabric_networking_api_v1->@Inject::initAddon(Lorg/spongepowered/asm/mixin/injection/callback/CallbackInfo;)V has 0 override(s) in child classes
[11dic2025 14:06:35.401] [Server thread/DEBUG] [mixin/]: fabric-networking-api-v1.mixins.json:ServerPlayNetworkHandlerMixin from mod fabric_networking_api_v1->@Inject::initAddon(Lorg/spongepowered/asm/mixin/injection/callback/CallbackInfo;)V won't be passed a CallbackInfo as a result
[11dic2025 14:06:35.534] [Server thread/INFO] [net.minecraft.server.MinecraftServer/]: Dev joined the game
[11dic2025 14:06:35.626] [Render thread/DEBUG] [mixin/]: Mixing MixinItemExtension from architectury.mixins.json into dev.architectury.extensions.ItemExtension
[11dic2025 14:06:35.626] [Render thread/DEBUG] [mixin/]: architectury.mixins.json:MixinItemExtension from mod architectury: Class version 65 required is higher than the class version supported by the current version of Mixin (JAVA_16 supports class version 60)
[11dic2025 14:06:35.759] [Render thread/DEBUG] [mezz.jei.neoforge.startup.StartEventObserver/]: JEI StartEventObserver received event: class net.neoforged.neoforge.client.event.RecipesUpdatedEvent
[11dic2025 14:06:35.759] [Render thread/DEBUG] [mezz.jei.neoforge.startup.StartEventObserver/]: JEI StartEventObserver transitioning state from LISTENING to JEI_STARTED
[11dic2025 14:06:35.762] [Render thread/INFO] [mezz.jei.core.util.LoggedTimer/]: Starting JEI...
[11dic2025 14:06:35.770] [Render thread/INFO] [mezz.jei.library.load.PluginCaller/]: Registering item subtypes...
[11dic2025 14:06:35.771] [Render thread/DEBUG] [mezz.jei.library.load.PluginCallerTimerRunnable/]: Registering item subtypes: jei:minecraft...
[11dic2025 14:06:35.773] [Render thread/DEBUG] [mezz.jei.library.load.PluginCallerTimerRunnable/]: Registering item subtypes: titanium:default...
[11dic2025 14:06:35.773] [Render thread/DEBUG] [mezz.jei.library.load.PluginCallerTimerRunnable/]: Registering item subtypes: jade:main...
[11dic2025 14:06:35.773] [Render thread/DEBUG] [mezz.jei.library.load.PluginCallerTimerRunnable/]: Registering item subtypes: jei:neoforge_gui...
[11dic2025 14:06:35.773] [Render thread/DEBUG] [mezz.jei.library.load.PluginCallerTimerRunnable/]: Registering item subtypes: jei:debug...
[11dic2025 14:06:35.773] [Render thread/DEBUG] [mezz.jei.library.load.PluginCallerTimerRunnable/]: Registering item subtypes: jei:gui...
[11dic2025 14:06:35.773] [Render thread/DEBUG] [mezz.jei.library.load.PluginCallerTimerRunnable/]: Registering item subtypes: kubejs:jei...
[11dic2025 14:06:35.773] [Render thread/DEBUG] [mezz.jei.library.load.PluginCallerTimerRunnable/]: Registering item subtypes: mekanism:jei_plugin...
[11dic2025 14:06:35.774] [Render thread/DEBUG] [mezz.jei.library.load.PluginCallerTimerRunnable/]: Registering item subtypes: pipez:pipez...
[11dic2025 14:06:35.774] [Render thread/DEBUG] [mezz.jei.library.load.PluginCallerTimerRunnable/]: Registering item subtypes: ftblibrary:jei...
[11dic2025 14:06:35.774] [Render thread/DEBUG] [mezz.jei.library.load.PluginCallerTimerRunnable/]: Registering item subtypes: mekanismgenerators:jei_plugin...
[11dic2025 14:06:35.774] [Render thread/DEBUG] [mezz.jei.library.load.PluginCallerTimerRunnable/]: Registering item subtypes: trashcans:jei_plugin...
[11dic2025 14:06:35.774] [Render thread/DEBUG] [mezz.jei.library.load.PluginCallerTimerRunnable/]: Registering item subtypes: jei:internal...
[11dic2025 14:06:35.774] [Render thread/INFO] [mezz.jei.library.load.PluginCaller/]: Registering item subtypes took 4.304 milliseconds
[11dic2025 14:06:35.775] [Render thread/INFO] [mezz.jei.library.load.PluginCaller/]: Registering fluid subtypes...
[11dic2025 14:06:35.776] [Render thread/DEBUG] [mezz.jei.library.load.PluginCallerTimerRunnable/]: Registering fluid subtypes: jei:minecraft...
[11dic2025 14:06:35.776] [Render thread/DEBUG] [mezz.jei.library.load.PluginCallerTimerRunnable/]: Registering fluid subtypes: titanium:default...
[11dic2025 14:06:35.776] [Render thread/DEBUG] [mezz.jei.library.load.PluginCallerTimerRunnable/]: Registering fluid subtypes: jade:main...
[11dic2025 14:06:35.776] [Render thread/DEBUG] [mezz.jei.library.load.PluginCallerTimerRunnable/]: Registering fluid subtypes: jei:neoforge_gui...
[11dic2025 14:06:35.776] [Render thread/DEBUG] [mezz.jei.library.load.PluginCallerTimerRunnable/]: Registering fluid subtypes: jei:debug...
[11dic2025 14:06:35.776] [Render thread/DEBUG] [mezz.jei.library.load.PluginCallerTimerRunnable/]: Registering fluid subtypes: jei:gui...
[11dic2025 14:06:35.777] [Render thread/DEBUG] [mezz.jei.library.load.PluginCallerTimerRunnable/]: Registering fluid subtypes: kubejs:jei...
[11dic2025 14:06:35.777] [Render thread/DEBUG] [mezz.jei.library.load.PluginCallerTimerRunnable/]: Registering fluid subtypes: mekanism:jei_plugin...
[11dic2025 14:06:35.777] [Render thread/DEBUG] [mezz.jei.library.load.PluginCallerTimerRunnable/]: Registering fluid subtypes: pipez:pipez...
[11dic2025 14:06:35.777] [Render thread/DEBUG] [mezz.jei.library.load.PluginCallerTimerRunnable/]: Registering fluid subtypes: ftblibrary:jei...
[11dic2025 14:06:35.777] [Render thread/DEBUG] [mezz.jei.library.load.PluginCallerTimerRunnable/]: Registering fluid subtypes: mekanismgenerators:jei_plugin...
[11dic2025 14:06:35.777] [Render thread/DEBUG] [mezz.jei.library.load.PluginCallerTimerRunnable/]: Registering fluid subtypes: trashcans:jei_plugin...
[11dic2025 14:06:35.777] [Render thread/DEBUG] [mezz.jei.library.load.PluginCallerTimerRunnable/]: Registering fluid subtypes: jei:internal...
[11dic2025 14:06:35.777] [Render thread/INFO] [mezz.jei.library.load.PluginCaller/]: Registering fluid subtypes took 1.897 milliseconds
[11dic2025 14:06:35.777] [Render thread/INFO] [mezz.jei.library.load.PluginCaller/]: Registering ingredients...
[11dic2025 14:06:35.779] [Render thread/DEBUG] [mezz.jei.library.load.PluginCallerTimerRunnable/]: Registering ingredients: jei:minecraft...
[11dic2025 14:06:35.797] [Render thread/DEBUG] [mezz.jei.library.plugins.vanilla.ingredients.ItemStackListFactory/]: Added  412/ 412 new items from 'Building Blocks' creative tab's displayItems
[11dic2025 14:06:35.798] [Render thread/DEBUG] [mezz.jei.library.plugins.vanilla.ingredients.ItemStackListFactory/]: Added    0/ 402 new items from 'Building Blocks' creative tab's searchTabDisplayItems
[11dic2025 14:06:35.802] [Render thread/DEBUG] [mezz.jei.library.plugins.vanilla.ingredients.ItemStackListFactory/]: Added  198/ 198 new items from 'Colored Blocks' creative tab's displayItems
[11dic2025 14:06:35.806] [Render thread/DEBUG] [mezz.jei.library.plugins.vanilla.ingredients.ItemStackListFactory/]: Added  211/ 237 new items from 'Natural Blocks' creative tab's displayItems
[11dic2025 14:06:35.806] [Render thread/DEBUG] [mezz.jei.library.plugins.vanilla.ingredients.ItemStackListFactory/]: Added    0/ 226 new items from 'Natural Blocks' creative tab's searchTabDisplayItems
[11dic2025 14:06:35.821] [Render thread/DEBUG] [mezz.jei.library.plugins.vanilla.ingredients.ItemStackListFactory/]: Added  281/ 368 new items from 'Functional Blocks' creative tab's displayItems
[11dic2025 14:06:35.821] [Render thread/DEBUG] [mezz.jei.library.plugins.vanilla.ingredients.ItemStackListFactory/]: Added    0/ 225 new items from 'Functional Blocks' creative tab's searchTabDisplayItems
[11dic2025 14:06:35.830] [Render thread/DEBUG] [mezz.jei.library.plugins.vanilla.ingredients.ItemStackListFactory/]: Added   37/ 194 new items from 'Redstone Blocks' creative tab's displayItems
[11dic2025 14:06:35.830] [Render thread/DEBUG] [mezz.jei.library.plugins.vanilla.ingredients.ItemStackListFactory/]: Added    0/  68 new items from 'Redstone Blocks' creative tab's searchTabDisplayItems
[11dic2025 14:06:35.830] [Render thread/DEBUG] [mezz.jei.library.plugins.vanilla.ingredients.ItemStackListFactory/]: Skipping creative tab: 'Saved Hotbars' because it is type: HOTBAR
[11dic2025 14:06:35.830] [Render thread/DEBUG] [mezz.jei.library.plugins.vanilla.ingredients.ItemStackListFactory/]: Skipping creative tab: 'Search Items' because it is type: SEARCH
[11dic2025 14:06:35.839] [Render thread/DEBUG] [mezz.jei.library.plugins.vanilla.ingredients.ItemStackListFactory/]: Added  190/ 207 new items from 'Tools & Utilities' creative tab's displayItems
[11dic2025 14:06:35.839] [Render thread/DEBUG] [mezz.jei.library.plugins.vanilla.ingredients.ItemStackListFactory/]: Added    0/ 138 new items from 'Tools & Utilities' creative tab's searchTabDisplayItems
[11dic2025 14:06:35.844] [Render thread/DEBUG] [mezz.jei.library.plugins.vanilla.ingredients.ItemStackListFactory/]: Added  104/ 124 new items from 'Combat' creative tab's displayItems
[11dic2025 14:06:35.845] [Render thread/DEBUG] [mezz.jei.library.plugins.vanilla.ingredients.ItemStackListFactory/]: Added    0/ 104 new items from 'Combat' creative tab's searchTabDisplayItems
[11dic2025 14:06:35.851] [Render thread/DEBUG] [mezz.jei.library.plugins.vanilla.ingredients.ItemStackListFactory/]: Added  191/ 194 new items from 'Food & Drinks' creative tab's displayItems
[11dic2025 14:06:35.851] [Render thread/DEBUG] [mezz.jei.library.plugins.vanilla.ingredients.ItemStackListFactory/]: Added    0/ 193 new items from 'Food & Drinks' creative tab's searchTabDisplayItems
[11dic2025 14:06:35.860] [Render thread/DEBUG] [mezz.jei.library.plugins.vanilla.ingredients.ItemStackListFactory/]: Added  276/ 290 new items from 'Ingredients' creative tab's displayItems
[11dic2025 14:06:35.860] [Render thread/DEBUG] [mezz.jei.library.plugins.vanilla.ingredients.ItemStackListFactory/]: Added   83/ 269 new items from 'Ingredients' creative tab's searchTabDisplayItems
[11dic2025 14:06:35.863] [Render thread/DEBUG] [mezz.jei.library.plugins.vanilla.ingredients.ItemStackListFactory/]: Added   80/  80 new items from 'Spawn Eggs' creative tab's displayItems
[11dic2025 14:06:35.864] [Render thread/DEBUG] [mezz.jei.library.plugins.vanilla.ingredients.ItemStackListFactory/]: Item Group has no display items and no search tab display items. Items from this group will be missing from the JEI ingredient list. Operator Utilities
[11dic2025 14:06:35.864] [Render thread/DEBUG] [mezz.jei.library.plugins.vanilla.ingredients.ItemStackListFactory/]: Skipping creative tab: 'Survival Inventory' because it is type: INVENTORY
[11dic2025 14:06:35.864] [Render thread/DEBUG] [mezz.jei.library.plugins.vanilla.ingredients.ItemStackListFactory/]: Added    6/   6 new items from 'The One Probe' creative tab's displayItems
[11dic2025 14:06:35.865] [Render thread/WARN] [mezz.jei.library.plugins.vanilla.ingredients.ItemStackListFactory/]: Item Group has no display items and no search tab display items. Items from this group will be missing from the JEI ingredient list. K.KubeJS
[11dic2025 14:06:35.879] [Render thread/DEBUG] [mezz.jei.library.plugins.vanilla.ingredients.ItemStackListFactory/]: Added  137/ 496 new items from 'Mekanism' creative tab's displayItems
[11dic2025 14:06:35.880] [Render thread/DEBUG] [mezz.jei.library.plugins.vanilla.ingredients.ItemStackListFactory/]: Added   12/  12 new items from 'Pipez' creative tab's displayItems
[11dic2025 14:06:35.881] [Render thread/WARN] [mezz.jei.library.plugins.vanilla.ingredients.ItemStackListFactory/]: Item Group has no display items and no search tab display items. Items from this group will be missing from the JEI ingredient list. FTB Suite
[11dic2025 14:06:35.882] [Render thread/DEBUG] [mezz.jei.library.plugins.vanilla.ingredients.ItemStackListFactory/]: Added   20/  34 new items from 'Mekanism: Generators' creative tab's displayItems
[11dic2025 14:06:35.888] [Render thread/INFO] [mezz.jei.library.load.PluginCallerTimerRunnable/]: Registering ingredients: jei:minecraft took 108.3 milliseconds
[11dic2025 14:06:35.888] [Render thread/DEBUG] [mezz.jei.library.load.PluginCallerTimerRunnable/]: Registering ingredients: titanium:default...
[11dic2025 14:06:35.888] [Render thread/DEBUG] [mezz.jei.library.load.PluginCallerTimerRunnable/]: Registering ingredients: jade:main...
[11dic2025 14:06:35.888] [Render thread/DEBUG] [mezz.jei.library.load.PluginCallerTimerRunnable/]: Registering ingredients: jei:neoforge_gui...
[11dic2025 14:06:35.888] [Render thread/DEBUG] [mezz.jei.library.load.PluginCallerTimerRunnable/]: Registering ingredients: jei:debug...
[11dic2025 14:06:35.888] [Render thread/DEBUG] [mezz.jei.library.load.PluginCallerTimerRunnable/]: Registering ingredients: jei:gui...
[11dic2025 14:06:35.888] [Render thread/DEBUG] [mezz.jei.library.load.PluginCallerTimerRunnable/]: Registering ingredients: kubejs:jei...
[11dic2025 14:06:35.888] [Render thread/DEBUG] [mezz.jei.library.load.PluginCallerTimerRunnable/]: Registering ingredients: mekanism:jei_plugin...
[11dic2025 14:06:35.889] [Render thread/DEBUG] [mezz.jei.library.load.PluginCallerTimerRunnable/]: Registering ingredients: pipez:pipez...
[11dic2025 14:06:35.889] [Render thread/DEBUG] [mezz.jei.library.load.PluginCallerTimerRunnable/]: Registering ingredients: ftblibrary:jei...
[11dic2025 14:06:35.889] [Render thread/DEBUG] [mezz.jei.library.load.PluginCallerTimerRunnable/]: Registering ingredients: mekanismgenerators:jei_plugin...
[11dic2025 14:06:35.889] [Render thread/DEBUG] [mezz.jei.library.load.PluginCallerTimerRunnable/]: Registering ingredients: trashcans:jei_plugin...
[11dic2025 14:06:35.889] [Render thread/DEBUG] [mezz.jei.library.load.PluginCallerTimerRunnable/]: Registering ingredients: jei:internal...
[11dic2025 14:06:35.889] [Render thread/INFO] [mezz.jei.library.load.PluginCaller/]: Registering ingredients took 111.2 milliseconds
[11dic2025 14:06:35.889] [Render thread/INFO] [mezz.jei.library.load.PluginCaller/]: Registering extra ingredients...
[11dic2025 14:06:35.889] [Render thread/DEBUG] [mezz.jei.library.load.PluginCallerTimerRunnable/]: Registering extra ingredients: jei:minecraft...
[11dic2025 14:06:35.889] [Render thread/DEBUG] [mezz.jei.library.load.PluginCallerTimerRunnable/]: Registering extra ingredients: titanium:default...
[11dic2025 14:06:35.889] [Render thread/DEBUG] [mezz.jei.library.load.PluginCallerTimerRunnable/]: Registering extra ingredients: jade:main...
[11dic2025 14:06:35.889] [Render thread/DEBUG] [mezz.jei.library.load.PluginCallerTimerRunnable/]: Registering extra ingredients: jei:neoforge_gui...
[11dic2025 14:06:35.889] [Render thread/DEBUG] [mezz.jei.library.load.PluginCallerTimerRunnable/]: Registering extra ingredients: jei:debug...
[11dic2025 14:06:35.889] [Render thread/DEBUG] [mezz.jei.library.load.PluginCallerTimerRunnable/]: Registering extra ingredients: jei:gui...
[11dic2025 14:06:35.889] [Render thread/DEBUG] [mezz.jei.library.load.PluginCallerTimerRunnable/]: Registering extra ingredients: kubejs:jei...
[11dic2025 14:06:35.889] [Render thread/DEBUG] [mezz.jei.library.load.PluginCallerTimerRunnable/]: Registering extra ingredients: mekanism:jei_plugin...
[11dic2025 14:06:35.889] [Render thread/DEBUG] [mezz.jei.library.load.PluginCallerTimerRunnable/]: Registering extra ingredients: pipez:pipez...
[11dic2025 14:06:35.889] [Render thread/DEBUG] [mezz.jei.library.load.PluginCallerTimerRunnable/]: Registering extra ingredients: ftblibrary:jei...
[11dic2025 14:06:35.889] [Render thread/DEBUG] [mezz.jei.library.load.PluginCallerTimerRunnable/]: Registering extra ingredients: mekanismgenerators:jei_plugin...
[11dic2025 14:06:35.889] [Render thread/DEBUG] [mezz.jei.library.load.PluginCallerTimerRunnable/]: Registering extra ingredients: trashcans:jei_plugin...
[11dic2025 14:06:35.889] [Render thread/DEBUG] [mezz.jei.library.load.PluginCallerTimerRunnable/]: Registering extra ingredients: jei:internal...
[11dic2025 14:06:35.889] [Render thread/INFO] [mezz.jei.library.load.PluginCaller/]: Registering extra ingredients took 400.2 microseconds
[11dic2025 14:06:35.890] [Render thread/INFO] [mezz.jei.library.load.PluginCaller/]: Registering search ingredient aliases...
[11dic2025 14:06:35.890] [Render thread/DEBUG] [mezz.jei.library.load.PluginCallerTimerRunnable/]: Registering search ingredient aliases: jei:minecraft...
[11dic2025 14:06:35.890] [Render thread/DEBUG] [mezz.jei.library.load.PluginCallerTimerRunnable/]: Registering search ingredient aliases: titanium:default...
[11dic2025 14:06:35.890] [Render thread/DEBUG] [mezz.jei.library.load.PluginCallerTimerRunnable/]: Registering search ingredient aliases: jade:main...
[11dic2025 14:06:35.890] [Render thread/DEBUG] [mezz.jei.library.load.PluginCallerTimerRunnable/]: Registering search ingredient aliases: jei:neoforge_gui...
[11dic2025 14:06:35.890] [Render thread/DEBUG] [mezz.jei.library.load.PluginCallerTimerRunnable/]: Registering search ingredient aliases: jei:debug...
[11dic2025 14:06:35.890] [Render thread/DEBUG] [mezz.jei.library.load.PluginCallerTimerRunnable/]: Registering search ingredient aliases: jei:gui...
[11dic2025 14:06:35.890] [Render thread/DEBUG] [mezz.jei.library.load.PluginCallerTimerRunnable/]: Registering search ingredient aliases: kubejs:jei...
[11dic2025 14:06:35.890] [Render thread/DEBUG] [mezz.jei.library.load.PluginCallerTimerRunnable/]: Registering search ingredient aliases: mekanism:jei_plugin...
[11dic2025 14:06:35.896] [Render thread/DEBUG] [mezz.jei.library.load.PluginCallerTimerRunnable/]: Registering search ingredient aliases: pipez:pipez...
[11dic2025 14:06:35.896] [Render thread/DEBUG] [mezz.jei.library.load.PluginCallerTimerRunnable/]: Registering search ingredient aliases: ftblibrary:jei...
[11dic2025 14:06:35.896] [Render thread/DEBUG] [mezz.jei.library.load.PluginCallerTimerRunnable/]: Registering search ingredient aliases: mekanismgenerators:jei_plugin...
[11dic2025 14:06:35.897] [Render thread/DEBUG] [mezz.jei.library.load.PluginCallerTimerRunnable/]: Registering search ingredient aliases: trashcans:jei_plugin...
[11dic2025 14:06:35.897] [Render thread/DEBUG] [mezz.jei.library.load.PluginCallerTimerRunnable/]: Registering search ingredient aliases: jei:internal...
[11dic2025 14:06:35.897] [Render thread/INFO] [mezz.jei.library.load.PluginCaller/]: Registering search ingredient aliases took 7.155 milliseconds
[11dic2025 14:06:35.904] [Render thread/INFO] [mezz.jei.library.load.PluginCaller/]: Registering Mod Info...
[11dic2025 14:06:35.904] [Render thread/DEBUG] [mezz.jei.library.load.PluginCallerTimerRunnable/]: Registering Mod Info: jei:minecraft...
[11dic2025 14:06:35.904] [Render thread/DEBUG] [mezz.jei.library.load.PluginCallerTimerRunnable/]: Registering Mod Info: titanium:default...
[11dic2025 14:06:35.904] [Render thread/DEBUG] [mezz.jei.library.load.PluginCallerTimerRunnable/]: Registering Mod Info: jade:main...
[11dic2025 14:06:35.904] [Render thread/DEBUG] [mezz.jei.library.load.PluginCallerTimerRunnable/]: Registering Mod Info: jei:neoforge_gui...
[11dic2025 14:06:35.904] [Render thread/DEBUG] [mezz.jei.library.load.PluginCallerTimerRunnable/]: Registering Mod Info: jei:debug...
[11dic2025 14:06:35.904] [Render thread/DEBUG] [mezz.jei.library.load.PluginCallerTimerRunnable/]: Registering Mod Info: jei:gui...
[11dic2025 14:06:35.904] [Render thread/DEBUG] [mezz.jei.library.load.PluginCallerTimerRunnable/]: Registering Mod Info: kubejs:jei...
[11dic2025 14:06:35.904] [Render thread/DEBUG] [mezz.jei.library.load.PluginCallerTimerRunnable/]: Registering Mod Info: mekanism:jei_plugin...
[11dic2025 14:06:35.904] [Render thread/DEBUG] [mezz.jei.library.load.PluginCallerTimerRunnable/]: Registering Mod Info: pipez:pipez...
[11dic2025 14:06:35.904] [Render thread/DEBUG] [mezz.jei.library.load.PluginCallerTimerRunnable/]: Registering Mod Info: ftblibrary:jei...
[11dic2025 14:06:35.904] [Render thread/DEBUG] [mezz.jei.library.load.PluginCallerTimerRunnable/]: Registering Mod Info: mekanismgenerators:jei_plugin...
[11dic2025 14:06:35.904] [Render thread/DEBUG] [mezz.jei.library.load.PluginCallerTimerRunnable/]: Registering Mod Info: trashcans:jei_plugin...
[11dic2025 14:06:35.904] [Render thread/DEBUG] [mezz.jei.library.load.PluginCallerTimerRunnable/]: Registering Mod Info: jei:internal...
[11dic2025 14:06:35.905] [Render thread/INFO] [mezz.jei.library.load.PluginCaller/]: Registering Mod Info took 615.8 microseconds
[11dic2025 14:06:35.918] [Render thread/INFO] [mezz.jei.library.load.PluginCaller/]: Registering categories...
[11dic2025 14:06:35.918] [Render thread/DEBUG] [mezz.jei.library.load.PluginCallerTimerRunnable/]: Registering categories: jei:minecraft...
[11dic2025 14:06:35.925] [Render thread/DEBUG] [mezz.jei.library.load.PluginCallerTimerRunnable/]: Registering categories: titanium:default...
[11dic2025 14:06:35.925] [Render thread/DEBUG] [mezz.jei.library.load.PluginCallerTimerRunnable/]: Registering categories: jade:main...
[11dic2025 14:06:35.925] [Render thread/DEBUG] [mezz.jei.library.load.PluginCallerTimerRunnable/]: Registering categories: jei:neoforge_gui...
[11dic2025 14:06:35.925] [Render thread/DEBUG] [mezz.jei.library.load.PluginCallerTimerRunnable/]: Registering categories: jei:debug...
[11dic2025 14:06:35.925] [Render thread/DEBUG] [mezz.jei.library.load.PluginCallerTimerRunnable/]: Registering categories: jei:gui...
[11dic2025 14:06:35.925] [Render thread/DEBUG] [mezz.jei.library.load.PluginCallerTimerRunnable/]: Registering categories: kubejs:jei...
[11dic2025 14:06:35.925] [Render thread/DEBUG] [mezz.jei.library.load.PluginCallerTimerRunnable/]: Registering categories: mekanism:jei_plugin...
[11dic2025 14:06:35.949] [Render thread/INFO] [mezz.jei.library.load.PluginCallerTimerRunnable/]: Registering categories: mekanism:jei_plugin took 23.47 milliseconds
[11dic2025 14:06:35.949] [Render thread/DEBUG] [mezz.jei.library.load.PluginCallerTimerRunnable/]: Registering categories: pipez:pipez...
[11dic2025 14:06:35.949] [Render thread/DEBUG] [mezz.jei.library.load.PluginCallerTimerRunnable/]: Registering categories: ftblibrary:jei...
[11dic2025 14:06:35.949] [Render thread/DEBUG] [mezz.jei.library.load.PluginCallerTimerRunnable/]: Registering categories: mekanismgenerators:jei_plugin...
[11dic2025 14:06:35.950] [Render thread/DEBUG] [mezz.jei.library.load.PluginCallerTimerRunnable/]: Registering categories: trashcans:jei_plugin...
[11dic2025 14:06:35.950] [Render thread/DEBUG] [mezz.jei.library.load.PluginCallerTimerRunnable/]: Registering categories: jei:internal...
[11dic2025 14:06:35.953] [Render thread/INFO] [mezz.jei.library.load.PluginCaller/]: Registering categories took 34.64 milliseconds
[11dic2025 14:06:35.953] [Render thread/INFO] [mezz.jei.library.load.PluginCaller/]: Registering vanilla category extensions...
[11dic2025 14:06:35.953] [Render thread/DEBUG] [mezz.jei.library.load.PluginCallerTimerRunnable/]: Registering vanilla category extensions: jei:minecraft...
[11dic2025 14:06:35.954] [Render thread/DEBUG] [mezz.jei.library.load.PluginCallerTimerRunnable/]: Registering vanilla category extensions: titanium:default...
[11dic2025 14:06:35.954] [Render thread/DEBUG] [mezz.jei.library.load.PluginCallerTimerRunnable/]: Registering vanilla category extensions: jade:main...
[11dic2025 14:06:35.954] [Render thread/DEBUG] [mezz.jei.library.load.PluginCallerTimerRunnable/]: Registering vanilla category extensions: jei:neoforge_gui...
[11dic2025 14:06:35.954] [Render thread/DEBUG] [mezz.jei.library.load.PluginCallerTimerRunnable/]: Registering vanilla category extensions: jei:debug...
[11dic2025 14:06:35.954] [Render thread/DEBUG] [mezz.jei.library.load.PluginCallerTimerRunnable/]: Registering vanilla category extensions: jei:gui...
[11dic2025 14:06:35.954] [Render thread/DEBUG] [mezz.jei.library.load.PluginCallerTimerRunnable/]: Registering vanilla category extensions: kubejs:jei...
[11dic2025 14:06:35.954] [Render thread/DEBUG] [mezz.jei.library.load.PluginCallerTimerRunnable/]: Registering vanilla category extensions: mekanism:jei_plugin...
[11dic2025 14:06:35.954] [Render thread/DEBUG] [mezz.jei.library.load.PluginCallerTimerRunnable/]: Registering vanilla category extensions: pipez:pipez...
[11dic2025 14:06:35.954] [Render thread/DEBUG] [mezz.jei.library.load.PluginCallerTimerRunnable/]: Registering vanilla category extensions: ftblibrary:jei...
[11dic2025 14:06:35.954] [Render thread/DEBUG] [mezz.jei.library.load.PluginCallerTimerRunnable/]: Registering vanilla category extensions: mekanismgenerators:jei_plugin...
[11dic2025 14:06:35.954] [Render thread/DEBUG] [mezz.jei.library.load.PluginCallerTimerRunnable/]: Registering vanilla category extensions: trashcans:jei_plugin...
[11dic2025 14:06:35.955] [Render thread/DEBUG] [mezz.jei.library.load.PluginCallerTimerRunnable/]: Registering vanilla category extensions: jei:internal...
[11dic2025 14:06:35.955] [Render thread/INFO] [mezz.jei.library.load.PluginCaller/]: Registering vanilla category extensions took 1.213 milliseconds
[11dic2025 14:06:35.955] [Render thread/INFO] [mezz.jei.library.load.PluginCaller/]: Registering recipe catalysts...
[11dic2025 14:06:35.955] [Render thread/DEBUG] [mezz.jei.library.load.PluginCallerTimerRunnable/]: Registering recipe catalysts: jei:minecraft...
[11dic2025 14:06:35.955] [Render thread/DEBUG] [mezz.jei.library.load.PluginCallerTimerRunnable/]: Registering recipe catalysts: titanium:default...
[11dic2025 14:06:35.955] [Render thread/DEBUG] [mezz.jei.library.load.PluginCallerTimerRunnable/]: Registering recipe catalysts: jade:main...
[11dic2025 14:06:35.955] [Render thread/DEBUG] [mezz.jei.library.load.PluginCallerTimerRunnable/]: Registering recipe catalysts: jei:neoforge_gui...
[11dic2025 14:06:35.955] [Render thread/DEBUG] [mezz.jei.library.load.PluginCallerTimerRunnable/]: Registering recipe catalysts: jei:debug...
[11dic2025 14:06:35.955] [Render thread/DEBUG] [mezz.jei.library.load.PluginCallerTimerRunnable/]: Registering recipe catalysts: jei:gui...
[11dic2025 14:06:35.955] [Render thread/DEBUG] [mezz.jei.library.load.PluginCallerTimerRunnable/]: Registering recipe catalysts: kubejs:jei...
[11dic2025 14:06:35.955] [Render thread/DEBUG] [mezz.jei.library.load.PluginCallerTimerRunnable/]: Registering recipe catalysts: mekanism:jei_plugin...
[11dic2025 14:06:35.956] [Render thread/DEBUG] [mezz.jei.library.load.PluginCallerTimerRunnable/]: Registering recipe catalysts: pipez:pipez...
[11dic2025 14:06:35.956] [Render thread/DEBUG] [mezz.jei.library.load.PluginCallerTimerRunnable/]: Registering recipe catalysts: ftblibrary:jei...
[11dic2025 14:06:35.956] [Render thread/DEBUG] [mezz.jei.library.load.PluginCallerTimerRunnable/]: Registering recipe catalysts: mekanismgenerators:jei_plugin...
[11dic2025 14:06:35.956] [Render thread/DEBUG] [mezz.jei.library.load.PluginCallerTimerRunnable/]: Registering recipe catalysts: trashcans:jei_plugin...
[11dic2025 14:06:35.956] [Render thread/DEBUG] [mezz.jei.library.load.PluginCallerTimerRunnable/]: Registering recipe catalysts: jei:internal...
[11dic2025 14:06:35.956] [Render thread/INFO] [mezz.jei.library.load.PluginCaller/]: Registering recipe catalysts took 1.276 milliseconds
[11dic2025 14:06:35.956] [Render thread/INFO] [mezz.jei.core.util.LoggedTimer/]: Building recipe registry...
[11dic2025 14:06:35.967] [Render thread/INFO] [mezz.jei.core.util.LoggedTimer/]: Building recipe registry took 10.24 milliseconds
[11dic2025 14:06:35.967] [Render thread/INFO] [mezz.jei.library.load.PluginCaller/]: Registering advanced plugins...
[11dic2025 14:06:35.968] [Render thread/DEBUG] [mezz.jei.library.load.PluginCallerTimerRunnable/]: Registering advanced plugins: jei:minecraft...
[11dic2025 14:06:35.968] [Render thread/DEBUG] [mezz.jei.library.load.PluginCallerTimerRunnable/]: Registering advanced plugins: titanium:default...
[11dic2025 14:06:35.968] [Render thread/DEBUG] [mezz.jei.library.load.PluginCallerTimerRunnable/]: Registering advanced plugins: jade:main...
[11dic2025 14:06:35.968] [Render thread/DEBUG] [mezz.jei.library.load.PluginCallerTimerRunnable/]: Registering advanced plugins: jei:neoforge_gui...
[11dic2025 14:06:35.968] [Render thread/DEBUG] [mezz.jei.library.load.PluginCallerTimerRunnable/]: Registering advanced plugins: jei:debug...
[11dic2025 14:06:35.968] [Render thread/DEBUG] [mezz.jei.library.load.PluginCallerTimerRunnable/]: Registering advanced plugins: jei:gui...
[11dic2025 14:06:35.968] [Render thread/DEBUG] [mezz.jei.library.load.PluginCallerTimerRunnable/]: Registering advanced plugins: kubejs:jei...
[11dic2025 14:06:35.968] [Render thread/DEBUG] [mezz.jei.library.load.PluginCallerTimerRunnable/]: Registering advanced plugins: mekanism:jei_plugin...
[11dic2025 14:06:35.968] [Render thread/DEBUG] [mezz.jei.library.load.PluginCallerTimerRunnable/]: Registering advanced plugins: pipez:pipez...
[11dic2025 14:06:35.968] [Render thread/DEBUG] [mezz.jei.library.load.PluginCallerTimerRunnable/]: Registering advanced plugins: ftblibrary:jei...
[11dic2025 14:06:35.968] [Render thread/DEBUG] [mezz.jei.library.load.PluginCallerTimerRunnable/]: Registering advanced plugins: mekanismgenerators:jei_plugin...
[11dic2025 14:06:35.968] [Render thread/DEBUG] [mezz.jei.library.load.PluginCallerTimerRunnable/]: Registering advanced plugins: trashcans:jei_plugin...
[11dic2025 14:06:35.968] [Render thread/DEBUG] [mezz.jei.library.load.PluginCallerTimerRunnable/]: Registering advanced plugins: jei:internal...
[11dic2025 14:06:35.968] [Render thread/INFO] [mezz.jei.library.load.PluginCaller/]: Registering advanced plugins took 385.0 microseconds
[11dic2025 14:06:35.968] [Render thread/INFO] [mezz.jei.library.load.PluginCaller/]: Registering recipes...
[11dic2025 14:06:35.969] [Render thread/DEBUG] [mezz.jei.library.load.PluginCallerTimerRunnable/]: Registering recipes: jei:minecraft...
[11dic2025 14:06:35.980] [Render thread/DEBUG] [mezz.jei.library.recipes.RecipeManagerInternal/]: Adding recipes: RecipeType[uid=minecraft:crafting, recipeClass=class net.minecraft.world.item.crafting.RecipeHolder]
[11dic2025 14:06:36.004] [Render thread/DEBUG] [mezz.jei.library.recipes.RecipeManagerInternal/]: Adding recipes: RecipeType[uid=minecraft:crafting, recipeClass=class net.minecraft.world.item.crafting.RecipeHolder]
[11dic2025 14:06:36.007] [Render thread/DEBUG] [mezz.jei.library.recipes.RecipeManagerInternal/]: Adding recipes: RecipeType[uid=minecraft:stonecutting, recipeClass=class net.minecraft.world.item.crafting.RecipeHolder]
[11dic2025 14:06:36.008] [Render thread/DEBUG] [mezz.jei.library.recipes.RecipeManagerInternal/]: Adding recipes: RecipeType[uid=minecraft:smelting, recipeClass=class net.minecraft.world.item.crafting.RecipeHolder]
[11dic2025 14:06:36.009] [Render thread/DEBUG] [mezz.jei.library.recipes.RecipeManagerInternal/]: Adding recipes: RecipeType[uid=minecraft:smoking, recipeClass=class net.minecraft.world.item.crafting.RecipeHolder]
[11dic2025 14:06:36.009] [Render thread/DEBUG] [mezz.jei.library.recipes.RecipeManagerInternal/]: Adding recipes: RecipeType[uid=minecraft:blasting, recipeClass=class net.minecraft.world.item.crafting.RecipeHolder]
[11dic2025 14:06:36.009] [Render thread/DEBUG] [mezz.jei.library.recipes.RecipeManagerInternal/]: Adding recipes: RecipeType[uid=minecraft:campfire_cooking, recipeClass=class net.minecraft.world.item.crafting.RecipeHolder]
[11dic2025 14:06:36.012] [Render thread/DEBUG] [mezz.jei.library.recipes.RecipeManagerInternal/]: Adding recipes: RecipeType[uid=minecraft:fuel, recipeClass=interface mezz.jei.api.recipe.vanilla.IJeiFuelingRecipe]
[11dic2025 14:06:36.020] [Render thread/DEBUG] [mezz.jei.library.recipes.RecipeManagerInternal/]: Adding recipes: RecipeType[uid=minecraft:anvil, recipeClass=interface mezz.jei.api.recipe.vanilla.IJeiAnvilRecipe]
[11dic2025 14:06:36.028] [Render thread/DEBUG] [mezz.jei.library.recipes.RecipeManagerInternal/]: Adding recipes: RecipeType[uid=minecraft:smithing, recipeClass=class net.minecraft.world.item.crafting.RecipeHolder]
[11dic2025 14:06:36.035] [Render thread/DEBUG] [mezz.jei.library.recipes.RecipeManagerInternal/]: Adding recipes: RecipeType[uid=minecraft:compostable, recipeClass=interface mezz.jei.api.recipe.vanilla.IJeiCompostingRecipe]
[11dic2025 14:06:36.055] [Render thread/DEBUG] [mezz.jei.library.recipes.RecipeManagerInternal/]: Adding recipes: RecipeType[uid=minecraft:brewing, recipeClass=interface mezz.jei.api.recipe.vanilla.IJeiBrewingRecipe]
[11dic2025 14:06:36.247] [Render thread/DEBUG] [mezz.jei.library.recipes.RecipeManagerInternal/]: Adding recipes: RecipeType[uid=minecraft:grindstone, recipeClass=interface mezz.jei.api.recipe.vanilla.IJeiGrindstoneRecipe]
[11dic2025 14:06:36.252] [Render thread/INFO] [mezz.jei.library.load.PluginCallerTimerRunnable/]: Registering recipes: jei:minecraft took 282.7 milliseconds
[11dic2025 14:06:36.252] [Render thread/DEBUG] [mezz.jei.library.load.PluginCallerTimerRunnable/]: Registering recipes: titanium:default...
[11dic2025 14:06:36.252] [Render thread/DEBUG] [mezz.jei.library.load.PluginCallerTimerRunnable/]: Registering recipes: jade:main...
[11dic2025 14:06:36.252] [Render thread/DEBUG] [mezz.jei.library.load.PluginCallerTimerRunnable/]: Registering recipes: jei:neoforge_gui...
[11dic2025 14:06:36.252] [Render thread/DEBUG] [mezz.jei.library.load.PluginCallerTimerRunnable/]: Registering recipes: jei:debug...
[11dic2025 14:06:36.252] [Render thread/DEBUG] [mezz.jei.library.load.PluginCallerTimerRunnable/]: Registering recipes: jei:gui...
[11dic2025 14:06:36.252] [Render thread/DEBUG] [mezz.jei.library.load.PluginCallerTimerRunnable/]: Registering recipes: kubejs:jei...
[11dic2025 14:06:36.253] [Render thread/DEBUG] [mezz.jei.library.load.PluginCallerTimerRunnable/]: Registering recipes: mekanism:jei_plugin...
[11dic2025 14:06:36.254] [Render thread/DEBUG] [mezz.jei.library.recipes.RecipeManagerInternal/]: Adding recipes: RecipeType[uid=mekanism:smelting, recipeClass=class net.minecraft.world.item.crafting.RecipeHolder]
[11dic2025 14:06:36.255] [Render thread/DEBUG] [mezz.jei.library.recipes.RecipeManagerInternal/]: Adding recipes: RecipeType[uid=mekanism:enriching, recipeClass=class net.minecraft.world.item.crafting.RecipeHolder]
[11dic2025 14:06:36.256] [Render thread/DEBUG] [mezz.jei.library.recipes.RecipeManagerInternal/]: Adding recipes: RecipeType[uid=mekanism:crushing, recipeClass=class net.minecraft.world.item.crafting.RecipeHolder]
[11dic2025 14:06:36.257] [Render thread/DEBUG] [mezz.jei.library.recipes.RecipeManagerInternal/]: Adding recipes: RecipeType[uid=mekanism:combining, recipeClass=class net.minecraft.world.item.crafting.RecipeHolder]
[11dic2025 14:06:36.258] [Render thread/DEBUG] [mezz.jei.library.recipes.RecipeManagerInternal/]: Adding recipes: RecipeType[uid=mekanism:purifying, recipeClass=class net.minecraft.world.item.crafting.RecipeHolder]
[11dic2025 14:06:36.261] [Render thread/DEBUG] [mezz.jei.library.recipes.RecipeManagerInternal/]: Adding recipes: RecipeType[uid=mekanism:compressing, recipeClass=class net.minecraft.world.item.crafting.RecipeHolder]
[11dic2025 14:06:36.261] [Render thread/DEBUG] [mezz.jei.library.recipes.RecipeManagerInternal/]: Adding recipes: RecipeType[uid=mekanism:injecting, recipeClass=class net.minecraft.world.item.crafting.RecipeHolder]
[11dic2025 14:06:36.265] [Render thread/DEBUG] [mezz.jei.library.recipes.RecipeManagerInternal/]: Adding recipes: RecipeType[uid=mekanism:sawing, recipeClass=class net.minecraft.world.item.crafting.RecipeHolder]
[11dic2025 14:06:36.266] [Render thread/DEBUG] [mezz.jei.library.recipes.RecipeManagerInternal/]: Adding recipes: RecipeType[uid=mekanism:metallurgic_infusing, recipeClass=class net.minecraft.world.item.crafting.RecipeHolder]
[11dic2025 14:06:36.267] [Render thread/DEBUG] [mezz.jei.library.recipes.RecipeManagerInternal/]: Adding recipes: RecipeType[uid=mekanism:crystallizing, recipeClass=class net.minecraft.world.item.crafting.RecipeHolder]
[11dic2025 14:06:36.269] [Render thread/DEBUG] [mezz.jei.library.recipes.RecipeManagerInternal/]: Adding recipes: RecipeType[uid=mekanism:dissolution, recipeClass=class net.minecraft.world.item.crafting.RecipeHolder]
[11dic2025 14:06:36.269] [Render thread/DEBUG] [mezz.jei.library.recipes.RecipeManagerInternal/]: Adding recipes: RecipeType[uid=mekanism:chemical_infusing, recipeClass=class net.minecraft.world.item.crafting.RecipeHolder]
[11dic2025 14:06:36.269] [Render thread/DEBUG] [mezz.jei.library.recipes.RecipeManagerInternal/]: Adding recipes: RecipeType[uid=mekanism:oxidizing, recipeClass=class net.minecraft.world.item.crafting.RecipeHolder]
[11dic2025 14:06:36.270] [Render thread/DEBUG] [mezz.jei.library.recipes.RecipeManagerInternal/]: Adding recipes: RecipeType[uid=mekanism:washing, recipeClass=class net.minecraft.world.item.crafting.RecipeHolder]
[11dic2025 14:06:36.270] [Render thread/DEBUG] [mezz.jei.library.recipes.RecipeManagerInternal/]: Adding recipes: RecipeType[uid=mekanism:activating, recipeClass=class net.minecraft.world.item.crafting.RecipeHolder]
[11dic2025 14:06:36.270] [Render thread/DEBUG] [mezz.jei.library.recipes.RecipeManagerInternal/]: Adding recipes: RecipeType[uid=mekanism:centrifuging, recipeClass=class net.minecraft.world.item.crafting.RecipeHolder]
[11dic2025 14:06:36.271] [Render thread/DEBUG] [mezz.jei.library.recipes.RecipeManagerInternal/]: Adding recipes: RecipeType[uid=mekanism:separating, recipeClass=class net.minecraft.world.item.crafting.RecipeHolder]
[11dic2025 14:06:36.271] [Render thread/DEBUG] [mezz.jei.library.recipes.RecipeManagerInternal/]: Adding recipes: RecipeType[uid=mekanism:evaporating, recipeClass=class net.minecraft.world.item.crafting.RecipeHolder]
[11dic2025 14:06:36.271] [Render thread/DEBUG] [mezz.jei.library.recipes.RecipeManagerInternal/]: Adding recipes: RecipeType[uid=mekanism:reaction, recipeClass=class net.minecraft.world.item.crafting.RecipeHolder]
[11dic2025 14:06:36.272] [Render thread/DEBUG] [mezz.jei.library.recipes.RecipeManagerInternal/]: Adding recipes: RecipeType[uid=mekanism:nucleosynthesizing, recipeClass=class net.minecraft.world.item.crafting.RecipeHolder]
[11dic2025 14:06:36.273] [Render thread/DEBUG] [mezz.jei.library.recipes.RecipeManagerInternal/]: Adding recipes: RecipeType[uid=mekanism:pigment_extracting, recipeClass=class net.minecraft.world.item.crafting.RecipeHolder]
[11dic2025 14:06:36.274] [Render thread/DEBUG] [mezz.jei.library.recipes.RecipeManagerInternal/]: Adding recipes: RecipeType[uid=mekanism:pigment_mixing, recipeClass=class net.minecraft.world.item.crafting.RecipeHolder]
[11dic2025 14:06:36.277] [Render thread/DEBUG] [mezz.jei.library.recipes.RecipeManagerInternal/]: Adding recipes: RecipeType[uid=mekanism:painting, recipeClass=class net.minecraft.world.item.crafting.RecipeHolder]
[11dic2025 14:06:36.280] [Render thread/DEBUG] [mezz.jei.library.recipes.RecipeManagerInternal/]: Adding recipes: RecipeType[uid=mekanism:condensentrating, recipeClass=class net.minecraft.world.item.crafting.RecipeHolder]
[11dic2025 14:06:36.280] [Render thread/DEBUG] [mezz.jei.library.recipes.RecipeManagerInternal/]: Adding recipes: RecipeType[uid=mekanism:decondensentrating, recipeClass=class net.minecraft.world.item.crafting.RecipeHolder]
[11dic2025 14:06:36.282] [Render thread/DEBUG] [mezz.jei.library.recipes.RecipeManagerInternal/]: Adding recipes: RecipeType[uid=mekanism:nutritional_liquifier, recipeClass=class mekanism.api.recipes.basic.BasicItemStackToFluidOptionalItemRecipe]
[11dic2025 14:06:36.284] [Render thread/DEBUG] [mezz.jei.library.recipes.RecipeManagerInternal/]: Adding recipes: RecipeType[uid=mekanism:sps_casing, recipeClass=class mekanism.client.recipe_viewer.recipe.SPSRecipeViewerRecipe]
[11dic2025 14:06:36.285] [Render thread/DEBUG] [mezz.jei.library.recipes.RecipeManagerInternal/]: Adding recipes: RecipeType[uid=mekanism:boiler_casing, recipeClass=class mekanism.client.recipe_viewer.recipe.BoilerRecipeViewerRecipe]
[11dic2025 14:06:36.286] [Render thread/DEBUG] [mezz.jei.library.recipes.RecipeManagerInternal/]: Adding recipes: RecipeType[uid=mekanism:energy_conversion, recipeClass=class net.minecraft.world.item.crafting.RecipeHolder]
[11dic2025 14:06:36.286] [Render thread/DEBUG] [mezz.jei.library.recipes.RecipeManagerInternal/]: Adding recipes: RecipeType[uid=mekanism:chemical_conversion, recipeClass=class net.minecraft.world.item.crafting.RecipeHolder]
[11dic2025 14:06:36.286] [Render thread/DEBUG] [mezz.jei.library.recipes.RecipeManagerInternal/]: Adding recipes: RecipeType[uid=minecraft:anvil, recipeClass=interface mezz.jei.api.recipe.vanilla.IJeiAnvilRecipe]
[11dic2025 14:06:36.286] [Render thread/DEBUG] [mezz.jei.library.recipes.RecipeManagerInternal/]: Adding recipes: RecipeType[uid=minecraft:anvil, recipeClass=interface mezz.jei.api.recipe.vanilla.IJeiAnvilRecipe]
[11dic2025 14:06:36.287] [Render thread/DEBUG] [mezz.jei.library.recipes.RecipeManagerInternal/]: Adding recipes: RecipeType[uid=jei:information, recipeClass=interface mezz.jei.api.recipe.vanilla.IJeiIngredientInfoRecipe]
[11dic2025 14:06:36.288] [Render thread/DEBUG] [mezz.jei.library.recipes.RecipeManagerInternal/]: Adding recipes: RecipeType[uid=jei:information, recipeClass=interface mezz.jei.api.recipe.vanilla.IJeiIngredientInfoRecipe]
[11dic2025 14:06:36.288] [Render thread/INFO] [mezz.jei.library.load.PluginCallerTimerRunnable/]: Registering recipes: mekanism:jei_plugin took 34.91 milliseconds
[11dic2025 14:06:36.288] [Render thread/DEBUG] [mezz.jei.library.load.PluginCallerTimerRunnable/]: Registering recipes: pipez:pipez...
[11dic2025 14:06:36.288] [Render thread/DEBUG] [mezz.jei.library.load.PluginCallerTimerRunnable/]: Registering recipes: ftblibrary:jei...
[11dic2025 14:06:36.288] [Render thread/DEBUG] [mezz.jei.library.load.PluginCallerTimerRunnable/]: Registering recipes: mekanismgenerators:jei_plugin...
[11dic2025 14:06:36.289] [Render thread/DEBUG] [mezz.jei.library.recipes.RecipeManagerInternal/]: Adding recipes: RecipeType[uid=mekanismgenerators:fission, recipeClass=class mekanism.generators.client.recipe_viewer.recipe.FissionRecipeViewerRecipe]
[11dic2025 14:06:36.289] [Render thread/DEBUG] [mezz.jei.library.load.PluginCallerTimerRunnable/]: Registering recipes: trashcans:jei_plugin...
[11dic2025 14:06:36.289] [Render thread/DEBUG] [mezz.jei.library.load.PluginCallerTimerRunnable/]: Registering recipes: jei:internal...
[11dic2025 14:06:36.290] [Render thread/DEBUG] [mezz.jei.library.plugins.jei.tags.TagInfoRecipeMaker/]: No valid ingredients found for minecraft:item tag: Candies (c:foods/candy)
[11dic2025 14:06:36.290] [Render thread/DEBUG] [mezz.jei.library.plugins.jei.tags.TagInfoRecipeMaker/]: No valid ingredients found for minecraft:item tag: Juice (c:drinks/juice)
[11dic2025 14:06:36.291] [Render thread/DEBUG] [mezz.jei.library.plugins.jei.tags.TagInfoRecipeMaker/]: No valid ingredients found for minecraft:item tag: Water (c:drinks/water)
[11dic2025 14:06:36.292] [Render thread/DEBUG] [mezz.jei.library.plugins.jei.tags.TagInfoRecipeMaker/]: No valid ingredients found for minecraft:item tag: Ropes (c:ropes)
[11dic2025 14:06:36.292] [Render thread/DEBUG] [mezz.jei.library.recipes.RecipeManagerInternal/]: Adding recipes: RecipeType[uid=minecraft:tag_recipes/item, recipeClass=interface mezz.jei.library.plugins.jei.tags.ITagInfoRecipe]
[11dic2025 14:06:36.303] [Render thread/DEBUG] [mezz.jei.library.plugins.jei.tags.TagInfoRecipeMaker/]: No valid ingredients found for minecraft:block tag: #minecraft:air (minecraft:air)
[11dic2025 14:06:36.303] [Render thread/DEBUG] [mezz.jei.library.plugins.jei.tags.TagInfoRecipeMaker/]: No valid ingredients found for minecraft:block tag: #minecraft:invalid_spawn_inside (minecraft:invalid_spawn_inside)
[11dic2025 14:06:36.303] [Render thread/DEBUG] [mezz.jei.library.plugins.jei.tags.TagInfoRecipeMaker/]: No valid ingredients found for minecraft:block tag: Needs Netherite Tools (neoforge:needs_netherite_tool)
[11dic2025 14:06:36.303] [Render thread/DEBUG] [mezz.jei.library.plugins.jei.tags.TagInfoRecipeMaker/]: No valid ingredients found for minecraft:block tag: #minecraft:candle_cakes (minecraft:candle_cakes)
[11dic2025 14:06:36.303] [Render thread/DEBUG] [mezz.jei.library.plugins.jei.tags.TagInfoRecipeMaker/]: No valid ingredients found for minecraft:block tag: #minecraft:incorrect_for_netherite_tool (minecraft:incorrect_for_netherite_tool)
[11dic2025 14:06:36.303] [Render thread/DEBUG] [mezz.jei.library.plugins.jei.tags.TagInfoRecipeMaker/]: No valid ingredients found for minecraft:block tag: #minecraft:strider_warm_blocks (minecraft:strider_warm_blocks)
[11dic2025 14:06:36.303] [Render thread/DEBUG] [mezz.jei.library.plugins.jei.tags.TagInfoRecipeMaker/]: No valid ingredients found for minecraft:block tag: #mekanism:incorrect_for_disassembler (mekanism:incorrect_for_disassembler)
[11dic2025 14:06:36.304] [Render thread/DEBUG] [mezz.jei.library.plugins.jei.tags.TagInfoRecipeMaker/]: No valid ingredients found for minecraft:block tag: #minecraft:portals (minecraft:portals)
[11dic2025 14:06:36.304] [Render thread/DEBUG] [mezz.jei.library.plugins.jei.tags.TagInfoRecipeMaker/]: No valid ingredients found for minecraft:block tag: #minecraft:fire (minecraft:fire)
[11dic2025 14:06:36.304] [Render thread/DEBUG] [mezz.jei.library.plugins.jei.tags.TagInfoRecipeMaker/]: No valid ingredients found for minecraft:block tag: #mekanism:miner_blacklist (mekanism:miner_blacklist)
[11dic2025 14:06:36.304] [Render thread/DEBUG] [mezz.jei.library.plugins.jei.tags.TagInfoRecipeMaker/]: No valid ingredients found for minecraft:block tag: #minecraft:incorrect_for_diamond_tool (minecraft:incorrect_for_diamond_tool)
[11dic2025 14:06:36.304] [Render thread/DEBUG] [mezz.jei.library.plugins.jei.tags.TagInfoRecipeMaker/]: No valid ingredients found for minecraft:block tag: #mekanism:incorrect_for_meka_tool (mekanism:incorrect_for_meka_tool)
[11dic2025 14:06:36.304] [Render thread/DEBUG] [mezz.jei.library.plugins.jei.tags.TagInfoRecipeMaker/]: No valid ingredients found for minecraft:block tag: Ropes (c:ropes)
[11dic2025 14:06:36.305] [Render thread/DEBUG] [mezz.jei.library.recipes.RecipeManagerInternal/]: Adding recipes: RecipeType[uid=minecraft:tag_recipes/block, recipeClass=interface mezz.jei.library.plugins.jei.tags.ITagInfoRecipe]
[11dic2025 14:06:36.314] [Render thread/DEBUG] [mezz.jei.library.plugins.jei.tags.TagInfoRecipeMaker/]: No valid ingredients found for minecraft:fluid tag: Rabbit Stew (c:rabbit_stew)
[11dic2025 14:06:36.314] [Render thread/DEBUG] [mezz.jei.library.plugins.jei.tags.TagInfoRecipeMaker/]: No valid ingredients found for minecraft:fluid tag: Mushroom Stew (c:mushroom_stew)
[11dic2025 14:06:36.314] [Render thread/DEBUG] [mezz.jei.library.plugins.jei.tags.TagInfoRecipeMaker/]: No valid ingredients found for minecraft:fluid tag: Potion (c:potion)
[11dic2025 14:06:36.314] [Render thread/DEBUG] [mezz.jei.library.plugins.jei.tags.TagInfoRecipeMaker/]: No valid ingredients found for minecraft:fluid tag: Beetroot Soup (c:beetroot_soup)
[11dic2025 14:06:36.314] [Render thread/DEBUG] [mezz.jei.library.plugins.jei.tags.TagInfoRecipeMaker/]: No valid ingredients found for minecraft:fluid tag: Experience (c:experience)
[11dic2025 14:06:36.314] [Render thread/DEBUG] [mezz.jei.library.plugins.jei.tags.TagInfoRecipeMaker/]: No valid ingredients found for minecraft:fluid tag: Suspicious Stew (c:suspicious_stew)
[11dic2025 14:06:36.314] [Render thread/DEBUG] [mezz.jei.library.plugins.jei.tags.TagInfoRecipeMaker/]: No valid ingredients found for minecraft:fluid tag: Honey (c:honey)
[11dic2025 14:06:36.314] [Render thread/DEBUG] [mezz.jei.library.recipes.RecipeManagerInternal/]: Adding recipes: RecipeType[uid=minecraft:tag_recipes/fluid, recipeClass=interface mezz.jei.library.plugins.jei.tags.ITagInfoRecipe]
[11dic2025 14:06:36.314] [Render thread/INFO] [mezz.jei.library.load.PluginCallerTimerRunnable/]: Registering recipes: jei:internal took 25.34 milliseconds
[11dic2025 14:06:36.314] [Render thread/INFO] [mezz.jei.library.load.PluginCaller/]: Registering recipes took 346.1 milliseconds
[11dic2025 14:06:36.318] [Render thread/INFO] [mezz.jei.library.load.PluginCaller/]: Registering recipes transfer handlers...
[11dic2025 14:06:36.318] [Render thread/DEBUG] [mezz.jei.library.load.PluginCallerTimerRunnable/]: Registering recipes transfer handlers: jei:minecraft...
[11dic2025 14:06:36.319] [Render thread/DEBUG] [mezz.jei.library.load.PluginCallerTimerRunnable/]: Registering recipes transfer handlers: titanium:default...
[11dic2025 14:06:36.319] [Render thread/DEBUG] [mezz.jei.library.load.PluginCallerTimerRunnable/]: Registering recipes transfer handlers: jade:main...
[11dic2025 14:06:36.319] [Render thread/DEBUG] [mezz.jei.library.load.PluginCallerTimerRunnable/]: Registering recipes transfer handlers: jei:neoforge_gui...
[11dic2025 14:06:36.319] [Render thread/DEBUG] [mezz.jei.library.load.PluginCallerTimerRunnable/]: Registering recipes transfer handlers: jei:debug...
[11dic2025 14:06:36.319] [Render thread/DEBUG] [mezz.jei.library.load.PluginCallerTimerRunnable/]: Registering recipes transfer handlers: jei:gui...
[11dic2025 14:06:36.319] [Render thread/DEBUG] [mezz.jei.library.load.PluginCallerTimerRunnable/]: Registering recipes transfer handlers: kubejs:jei...
[11dic2025 14:06:36.319] [Render thread/DEBUG] [mezz.jei.library.load.PluginCallerTimerRunnable/]: Registering recipes transfer handlers: mekanism:jei_plugin...
[11dic2025 14:06:36.320] [Render thread/DEBUG] [mezz.jei.library.load.PluginCallerTimerRunnable/]: Registering recipes transfer handlers: pipez:pipez...
[11dic2025 14:06:36.320] [Render thread/DEBUG] [mezz.jei.library.load.PluginCallerTimerRunnable/]: Registering recipes transfer handlers: ftblibrary:jei...
[11dic2025 14:06:36.320] [Render thread/DEBUG] [mezz.jei.library.load.PluginCallerTimerRunnable/]: Registering recipes transfer handlers: mekanismgenerators:jei_plugin...
[11dic2025 14:06:36.320] [Render thread/DEBUG] [mezz.jei.library.load.PluginCallerTimerRunnable/]: Registering recipes transfer handlers: trashcans:jei_plugin...
[11dic2025 14:06:36.320] [Render thread/DEBUG] [mezz.jei.library.load.PluginCallerTimerRunnable/]: Registering recipes transfer handlers: jei:internal...
[11dic2025 14:06:36.320] [Render thread/INFO] [mezz.jei.library.load.PluginCaller/]: Registering recipes transfer handlers took 2.218 milliseconds
[11dic2025 14:06:36.323] [Render thread/INFO] [mezz.jei.core.util.LoggedTimer/]: Building runtime...
[11dic2025 14:06:36.324] [Render thread/DEBUG] [mixin/]: Mixing itemgroup.CreativeInventoryScreenAccessor from owo.mixins.json into net.minecraft.client.gui.screens.inventory.CreativeModeInventoryScreen
[11dic2025 14:06:36.324] [Render thread/DEBUG] [mixin/]: owo.mixins.json:itemgroup.CreativeInventoryScreenAccessor from mod owo: Class version 65 required is higher than the class version supported by the current version of Mixin (JAVA_16 supports class version 60)
[11dic2025 14:06:36.324] [Render thread/DEBUG] [mixin/]: Renaming @Accessor method owo$getSelectedTab()Lnet/minecraft/world/item/CreativeModeTab; to getSelectedTab$owo_$md$d29a09$0 in owo.mixins.json:itemgroup.CreativeInventoryScreenAccessor from mod owo
[11dic2025 14:06:36.324] [Render thread/DEBUG] [mixin/]: Mixing itemgroup.CreativeInventoryScreenMixin from owo.mixins.json into net.minecraft.client.gui.screens.inventory.CreativeModeInventoryScreen
[11dic2025 14:06:36.325] [Render thread/DEBUG] [mixin/]: owo.mixins.json:itemgroup.CreativeInventoryScreenMixin from mod owo: Class version 65 required is higher than the class version supported by the current version of Mixin (JAVA_16 supports class version 60)
[11dic2025 14:06:36.325] [Render thread/DEBUG] [mixin/]: Renaming synthetic method lambda$owo$createSelectAction$2(Lio/wispforest/owo/itemgroup/OwoItemGroup;ILio/wispforest/owo/itemgroup/gui/ItemGroupButtonWidget;)V to mdd29a09$owo$lambda$owo$createSelectAction$2$1 in owo.mixins.json:itemgroup.CreativeInventoryScreenMixin from mod owo
[11dic2025 14:06:36.325] [Render thread/DEBUG] [mixin/]: Renaming synthetic method lambda$setSelectedTab$1(Lio/wispforest/owo/itemgroup/gui/ItemGroupButton;Lio/wispforest/owo/itemgroup/gui/ItemGroupButtonWidget;)V to mdd29a09$owo$lambda$setSelectedTab$1$2 in owo.mixins.json:itemgroup.CreativeInventoryScreenMixin from mod owo
[11dic2025 14:06:36.325] [Render thread/DEBUG] [mixin/]: Renaming synthetic method lambda$setSelectedTab$0(Lnet/minecraft/client/gui/screens/inventory/CreativeModeInventoryScreen;Lnet/minecraft/client/gui/components/events/GuiEventListener;)V to mdd29a09$owo$lambda$setSelectedTab$0$3 in owo.mixins.json:itemgroup.CreativeInventoryScreenMixin from mod owo
[11dic2025 14:06:36.328] [Render thread/DEBUG] [mixin/]: Mixing CreativeModeInventoryScreenMixin from kubejs.mixins.json into net.minecraft.client.gui.screens.inventory.CreativeModeInventoryScreen
[11dic2025 14:06:36.329] [Render thread/DEBUG] [mixin/]: Mixing itemgroup.MixinCreativeInventoryScreenMixin from owo.mixins.json into net.minecraft.client.gui.screens.inventory.CreativeModeInventoryScreen
[11dic2025 14:06:36.329] [Render thread/DEBUG] [mixin/]: owo.mixins.json:itemgroup.MixinCreativeInventoryScreenMixin from mod owo: Class version 65 required is higher than the class version supported by the current version of Mixin (JAVA_16 supports class version 60)
[11dic2025 14:06:36.335] [Render thread/DEBUG] [mixin/]: owo.mixins.json:itemgroup.CreativeInventoryScreenMixin from mod owo->@Inject::captureFeatures(Lnet/minecraft/client/player/LocalPlayer;Lnet/minecraft/world/flag/FeatureFlagSet;ZLorg/spongepowered/asm/mixin/injection/callback/CallbackInfo;)V doesn't use it's CallbackInfo
[11dic2025 14:06:36.335] [Render thread/DEBUG] [mixin/]: owo.mixins.json:itemgroup.CreativeInventoryScreenMixin from mod owo->@Inject::captureFeatures(Lnet/minecraft/client/player/LocalPlayer;Lnet/minecraft/world/flag/FeatureFlagSet;ZLorg/spongepowered/asm/mixin/injection/callback/CallbackInfo;)V has 0 override(s) in child classes
[11dic2025 14:06:36.335] [Render thread/DEBUG] [mixin/]: owo.mixins.json:itemgroup.CreativeInventoryScreenMixin from mod owo->@Inject::captureFeatures(Lnet/minecraft/client/player/LocalPlayer;Lnet/minecraft/world/flag/FeatureFlagSet;ZLorg/spongepowered/asm/mixin/injection/callback/CallbackInfo;)V won't be passed a CallbackInfo as a result
[11dic2025 14:06:36.335] [Render thread/DEBUG] [mixin/]: ArgsClassGenerator assigning org.spongepowered.asm.synthetic.args.Args$1 for descriptor (Lnet/minecraft/resources/ResourceLocation;IIII)V
[11dic2025 14:06:36.336] [Render thread/DEBUG] [mixin/]: owo.mixins.json:itemgroup.CreativeInventoryScreenMixin from mod owo->@Inject::renderOwoIcon(Lnet/minecraft/client/gui/GuiGraphics;Lnet/minecraft/world/item/CreativeModeTab;Lorg/spongepowered/asm/mixin/injection/callback/CallbackInfo;ZZIII)V doesn't use it's CallbackInfo
[11dic2025 14:06:36.336] [Render thread/DEBUG] [mixin/]: owo.mixins.json:itemgroup.CreativeInventoryScreenMixin from mod owo->@Inject::renderOwoIcon(Lnet/minecraft/client/gui/GuiGraphics;Lnet/minecraft/world/item/CreativeModeTab;Lorg/spongepowered/asm/mixin/injection/callback/CallbackInfo;ZZIII)V has 0 override(s) in child classes
[11dic2025 14:06:36.336] [Render thread/DEBUG] [mixin/]: owo.mixins.json:itemgroup.CreativeInventoryScreenMixin from mod owo->@Inject::renderOwoIcon(Lnet/minecraft/client/gui/GuiGraphics;Lnet/minecraft/world/item/CreativeModeTab;Lorg/spongepowered/asm/mixin/injection/callback/CallbackInfo;ZZIII)V won't be passed a CallbackInfo as a result
[11dic2025 14:06:36.336] [Render thread/DEBUG] [mixin/]: owo.mixins.json:itemgroup.CreativeInventoryScreenMixin from mod owo->@Inject::setSelectedTab(Lnet/minecraft/world/item/CreativeModeTab;Lorg/spongepowered/asm/mixin/injection/callback/CallbackInfo;)V doesn't use it's CallbackInfo
[11dic2025 14:06:36.336] [Render thread/DEBUG] [mixin/]: owo.mixins.json:itemgroup.CreativeInventoryScreenMixin from mod owo->@Inject::setSelectedTab(Lnet/minecraft/world/item/CreativeModeTab;Lorg/spongepowered/asm/mixin/injection/callback/CallbackInfo;)V has 0 override(s) in child classes
[11dic2025 14:06:36.336] [Render thread/DEBUG] [mixin/]: owo.mixins.json:itemgroup.CreativeInventoryScreenMixin from mod owo->@Inject::setSelectedTab(Lnet/minecraft/world/item/CreativeModeTab;Lorg/spongepowered/asm/mixin/injection/callback/CallbackInfo;)V won't be passed a CallbackInfo as a result
[11dic2025 14:06:36.336] [Render thread/DEBUG] [mixin/]: owo.mixins.json:itemgroup.CreativeInventoryScreenMixin from mod owo->@Inject::render(Lnet/minecraft/client/gui/GuiGraphics;IIFLorg/spongepowered/asm/mixin/injection/callback/CallbackInfo;)V doesn't use it's CallbackInfo
[11dic2025 14:06:36.336] [Render thread/DEBUG] [mixin/]: owo.mixins.json:itemgroup.CreativeInventoryScreenMixin from mod owo->@Inject::render(Lnet/minecraft/client/gui/GuiGraphics;IIFLorg/spongepowered/asm/mixin/injection/callback/CallbackInfo;)V has 0 override(s) in child classes
[11dic2025 14:06:36.336] [Render thread/DEBUG] [mixin/]: owo.mixins.json:itemgroup.CreativeInventoryScreenMixin from mod owo->@Inject::render(Lnet/minecraft/client/gui/GuiGraphics;IIFLorg/spongepowered/asm/mixin/injection/callback/CallbackInfo;)V won't be passed a CallbackInfo as a result
[11dic2025 14:06:36.336] [Render thread/DEBUG] [mixin/]: owo.mixins.json:itemgroup.CreativeInventoryScreenMixin from mod owo->@Inject::disposeCursorAdapter(Lorg/spongepowered/asm/mixin/injection/callback/CallbackInfo;)V doesn't use it's CallbackInfo
[11dic2025 14:06:36.336] [Render thread/DEBUG] [mixin/]: owo.mixins.json:itemgroup.CreativeInventoryScreenMixin from mod owo->@Inject::disposeCursorAdapter(Lorg/spongepowered/asm/mixin/injection/callback/CallbackInfo;)V has 0 override(s) in child classes
[11dic2025 14:06:36.336] [Render thread/DEBUG] [mixin/]: owo.mixins.json:itemgroup.CreativeInventoryScreenMixin from mod owo->@Inject::disposeCursorAdapter(Lorg/spongepowered/asm/mixin/injection/callback/CallbackInfo;)V won't be passed a CallbackInfo as a result
[11dic2025 14:06:36.339] [Render thread/INFO] [mezz.jei.library.load.PluginCaller/]: Registering gui handlers...
[11dic2025 14:06:36.339] [Render thread/DEBUG] [mezz.jei.library.load.PluginCallerTimerRunnable/]: Registering gui handlers: jei:minecraft...
[11dic2025 14:06:36.340] [Render thread/DEBUG] [mezz.jei.library.load.PluginCallerTimerRunnable/]: Registering gui handlers: titanium:default...
[11dic2025 14:06:36.340] [Render thread/DEBUG] [mezz.jei.library.load.PluginCallerTimerRunnable/]: Registering gui handlers: jade:main...
[11dic2025 14:06:36.340] [Render thread/DEBUG] [mezz.jei.library.load.PluginCallerTimerRunnable/]: Registering gui handlers: jei:neoforge_gui...
[11dic2025 14:06:36.340] [Render thread/DEBUG] [mezz.jei.library.load.PluginCallerTimerRunnable/]: Registering gui handlers: jei:debug...
[11dic2025 14:06:36.340] [Render thread/DEBUG] [mezz.jei.library.load.PluginCallerTimerRunnable/]: Registering gui handlers: jei:gui...
[11dic2025 14:06:36.343] [Render thread/DEBUG] [mezz.jei.library.load.PluginCallerTimerRunnable/]: Registering gui handlers: kubejs:jei...
[11dic2025 14:06:36.343] [Render thread/DEBUG] [mezz.jei.library.load.PluginCallerTimerRunnable/]: Registering gui handlers: mekanism:jei_plugin...
[11dic2025 14:06:36.343] [Render thread/DEBUG] [mezz.jei.library.load.PluginCallerTimerRunnable/]: Registering gui handlers: pipez:pipez...
[11dic2025 14:06:36.344] [Render thread/DEBUG] [mezz.jei.library.load.PluginCallerTimerRunnable/]: Registering gui handlers: ftblibrary:jei...
[11dic2025 14:06:36.344] [Render thread/DEBUG] [mezz.jei.library.load.PluginCallerTimerRunnable/]: Registering gui handlers: mekanismgenerators:jei_plugin...
[11dic2025 14:06:36.344] [Render thread/DEBUG] [mezz.jei.library.load.PluginCallerTimerRunnable/]: Registering gui handlers: trashcans:jei_plugin...
[11dic2025 14:06:36.344] [Render thread/DEBUG] [mezz.jei.library.load.PluginCallerTimerRunnable/]: Registering gui handlers: jei:internal...
[11dic2025 14:06:36.344] [Render thread/INFO] [mezz.jei.library.load.PluginCaller/]: Registering gui handlers took 4.926 milliseconds
[11dic2025 14:06:36.346] [Render thread/INFO] [mezz.jei.library.load.PluginCaller/]: Registering Runtime...
[11dic2025 14:06:36.346] [Render thread/DEBUG] [mezz.jei.library.load.PluginCallerTimerRunnable/]: Registering Runtime: jei:minecraft...
[11dic2025 14:06:36.346] [Render thread/DEBUG] [mezz.jei.library.load.PluginCallerTimerRunnable/]: Registering Runtime: titanium:default...
[11dic2025 14:06:36.346] [Render thread/DEBUG] [mezz.jei.library.load.PluginCallerTimerRunnable/]: Registering Runtime: jade:main...
[11dic2025 14:06:36.346] [Render thread/DEBUG] [mezz.jei.library.load.PluginCallerTimerRunnable/]: Registering Runtime: jei:neoforge_gui...
[11dic2025 14:06:36.347] [Render thread/INFO] [mezz.jei.gui.startup.JeiGuiStarter/]: Starting JEI GUI
[11dic2025 14:06:36.347] [Render thread/INFO] [mezz.jei.core.util.LoggedTimer/]: Building ingredient list...
[11dic2025 14:06:36.347] [Render thread/DEBUG] [mezz.jei.gui.ingredients.IngredientListElementFactory/]: Registering ingredients: ItemStack
[11dic2025 14:06:36.366] [Render thread/DEBUG] [mezz.jei.gui.ingredients.IngredientListElementFactory/]: Registering ingredients: FluidStack
[11dic2025 14:06:36.367] [Render thread/DEBUG] [mezz.jei.gui.ingredients.IngredientListElementFactory/]: Registering ingredients: ChemicalStack
[11dic2025 14:06:36.367] [Render thread/INFO] [mezz.jei.core.util.LoggedTimer/]: Building ingredient list took 20.06 milliseconds
[11dic2025 14:06:36.367] [Render thread/INFO] [mezz.jei.core.util.LoggedTimer/]: Building ingredient filter...
[11dic2025 14:06:36.383] [Render thread/INFO] [mezz.jei.gui.ingredients.IngredientFilter/]: Adding 2330 ingredients
[11dic2025 14:06:36.578] [Render thread/INFO] [mezz.jei.gui.ingredients.IngredientFilter/]: Added 2330 ingredients
[11dic2025 14:06:36.579] [Render thread/INFO] [mezz.jei.core.util.LoggedTimer/]: Building ingredient filter took 211.7 milliseconds
[11dic2025 14:06:36.613] [Render thread/INFO] [mezz.jei.library.load.PluginCallerTimerRunnable/]: Registering Runtime: jei:neoforge_gui took 266.4 milliseconds
[11dic2025 14:06:36.613] [Render thread/DEBUG] [mezz.jei.library.load.PluginCallerTimerRunnable/]: Registering Runtime: jei:debug...
[11dic2025 14:06:36.613] [Render thread/DEBUG] [mezz.jei.library.load.PluginCallerTimerRunnable/]: Registering Runtime: jei:gui...
[11dic2025 14:06:36.613] [Render thread/DEBUG] [mezz.jei.library.load.PluginCallerTimerRunnable/]: Registering Runtime: kubejs:jei...
[11dic2025 14:06:36.613] [Render thread/DEBUG] [mezz.jei.library.load.PluginCallerTimerRunnable/]: Registering Runtime: mekanism:jei_plugin...
[11dic2025 14:06:36.613] [Render thread/DEBUG] [mezz.jei.library.load.PluginCallerTimerRunnable/]: Registering Runtime: pipez:pipez...
[11dic2025 14:06:36.613] [Render thread/DEBUG] [mezz.jei.library.load.PluginCallerTimerRunnable/]: Registering Runtime: ftblibrary:jei...
[11dic2025 14:06:36.613] [Render thread/DEBUG] [mezz.jei.library.load.PluginCallerTimerRunnable/]: Registering Runtime: mekanismgenerators:jei_plugin...
[11dic2025 14:06:36.613] [Render thread/DEBUG] [mezz.jei.library.load.PluginCallerTimerRunnable/]: Registering Runtime: trashcans:jei_plugin...
[11dic2025 14:06:36.613] [Render thread/DEBUG] [mezz.jei.library.load.PluginCallerTimerRunnable/]: Registering Runtime: jei:internal...
[11dic2025 14:06:36.613] [Render thread/INFO] [mezz.jei.library.load.PluginCaller/]: Registering Runtime took 267.0 milliseconds
[11dic2025 14:06:36.613] [Render thread/INFO] [mezz.jei.core.util.LoggedTimer/]: Building runtime took 290.0 milliseconds
[11dic2025 14:06:36.613] [Render thread/INFO] [mezz.jei.library.load.PluginCaller/]: Sending Runtime...
[11dic2025 14:06:36.613] [Render thread/DEBUG] [mezz.jei.library.load.PluginCallerTimerRunnable/]: Sending Runtime: jei:minecraft...
[11dic2025 14:06:36.613] [Render thread/DEBUG] [mezz.jei.library.load.PluginCallerTimerRunnable/]: Sending Runtime: titanium:default...
[11dic2025 14:06:36.613] [Render thread/DEBUG] [mezz.jei.library.load.PluginCallerTimerRunnable/]: Sending Runtime: jade:main...
[11dic2025 14:06:36.613] [Render thread/DEBUG] [mezz.jei.library.load.PluginCallerTimerRunnable/]: Sending Runtime: jei:neoforge_gui...
[11dic2025 14:06:36.614] [Render thread/DEBUG] [mezz.jei.library.load.PluginCallerTimerRunnable/]: Sending Runtime: jei:debug...
[11dic2025 14:06:36.614] [Render thread/DEBUG] [mezz.jei.library.load.PluginCallerTimerRunnable/]: Sending Runtime: jei:gui...
[11dic2025 14:06:36.614] [Render thread/DEBUG] [mezz.jei.library.load.PluginCallerTimerRunnable/]: Sending Runtime: kubejs:jei...
[11dic2025 14:06:36.614] [Render thread/DEBUG] [mezz.jei.library.load.PluginCallerTimerRunnable/]: Sending Runtime: mekanism:jei_plugin...
[11dic2025 14:06:36.614] [Render thread/DEBUG] [mezz.jei.library.load.PluginCallerTimerRunnable/]: Sending Runtime: pipez:pipez...
[11dic2025 14:06:36.614] [Render thread/DEBUG] [mezz.jei.library.load.PluginCallerTimerRunnable/]: Sending Runtime: ftblibrary:jei...
[11dic2025 14:06:36.614] [Render thread/DEBUG] [mezz.jei.library.load.PluginCallerTimerRunnable/]: Sending Runtime: mekanismgenerators:jei_plugin...
[11dic2025 14:06:36.614] [Render thread/DEBUG] [mezz.jei.library.load.PluginCallerTimerRunnable/]: Sending Runtime: trashcans:jei_plugin...
[11dic2025 14:06:36.614] [Render thread/DEBUG] [mezz.jei.library.load.PluginCallerTimerRunnable/]: Sending Runtime: jei:internal...
[11dic2025 14:06:36.614] [Render thread/INFO] [mezz.jei.library.load.PluginCaller/]: Sending Runtime took 581.6 microseconds
[11dic2025 14:06:36.614] [Render thread/INFO] [mezz.jei.core.util.LoggedTimer/]: Starting JEI took 851.2 milliseconds
[11dic2025 14:06:36.623] [Render thread/INFO] [FTB Library/]: config has been updated! server = false - clear any cached data etc. here
[11dic2025 14:06:36.623] [Render thread/INFO] [FTB Library/]: received server config settings for config: ftblibrary-server
[11dic2025 14:06:36.627] [Render thread/INFO] [snownee.jade.Jade/]: Received config from the server: 
[11dic2025 14:06:36.627] [Render thread/INFO] [net.minecraft.advancements.AdvancementTree/]: Loaded 23 advancements
[11dic2025 14:06:37.768] [JEI Config Save Delay/DEBUG] [mezz.jei.common.config.file.ConfigSerializer/]: Saving config file: /Users/joshua.morotti/dev/personal/PipezRetriever/runs/client/config/jei/jei-debug.ini
[11dic2025 14:06:37.769] [JEI Config Save Delay/DEBUG] [mezz.jei.common.config.file.ConfigSerializer/]: Saving config file: /Users/joshua.morotti/dev/personal/PipezRetriever/runs/client/config/jei/jei-client.ini
[11dic2025 14:06:37.770] [JEI Config Save Delay/DEBUG] [mezz.jei.common.config.file.ConfigSerializer/]: Saving config file: /Users/joshua.morotti/dev/personal/PipezRetriever/runs/client/config/jei/jei-colors.ini
[11dic2025 14:06:37.771] [JEI Config Save Delay/DEBUG] [mezz.jei.common.config.file.ConfigSerializer/]: Saving config file: /Users/joshua.morotti/dev/personal/PipezRetriever/runs/client/config/jei/jei-mod-id-format.ini
[11dic2025 14:06:39.946] [JEI Config File Watcher/DEBUG] [mezz.jei.common.config.file.FileWatcherThread/]: Detected changes in files:
/Users/joshua.morotti/dev/personal/PipezRetriever/runs/client/config/jei/jei-mod-id-format.ini
/Users/joshua.morotti/dev/personal/PipezRetriever/runs/client/config/jei/jei-client.ini
/Users/joshua.morotti/dev/personal/PipezRetriever/runs/client/config/jei/jei-colors.ini
/Users/joshua.morotti/dev/personal/PipezRetriever/runs/client/config/jei/jei-debug.ini
[11dic2025 14:06:42.113] [Render thread/DEBUG] [mezz.jei.common.config.file.ConfigSerializer/]: Skipping loading config file, it was just saved by us: /Users/joshua.morotti/dev/personal/PipezRetriever/runs/client/config/jei/jei-debug.ini
[11dic2025 14:06:42.171] [Server thread/INFO] [net.minecraft.client.server.IntegratedServer/]: Saving and pausing game...
[11dic2025 14:06:42.183] [Server thread/INFO] [net.minecraft.server.MinecraftServer/]: Saving chunks for level 'ServerLevel[New World]'/minecraft:overworld
[11dic2025 14:06:42.191] [Server thread/INFO] [net.minecraft.server.MinecraftServer/]: Saving chunks for level 'ServerLevel[New World]'/minecraft:the_nether
[11dic2025 14:06:42.191] [Server thread/INFO] [net.minecraft.server.MinecraftServer/]: Saving chunks for level 'ServerLevel[New World]'/minecraft:the_end
[11dic2025 14:06:42.192] [Server thread/DEBUG] [net.neoforged.neoforge.common.CommonHooks/WP]: Gathered mod list to write to world save New World
[11dic2025 14:06:43.454] [Render thread/DEBUG] [mixin/]: Mixing ui.access.BaseOwoHandledScreenAccessor from owo.mixins.json into io.wispforest.owo.ui.base.BaseOwoHandledScreen
[11dic2025 14:06:43.454] [Render thread/DEBUG] [mixin/]: owo.mixins.json:ui.access.BaseOwoHandledScreenAccessor from mod owo: Class version 65 required is higher than the class version supported by the current version of Mixin (JAVA_16 supports class version 60)
[11dic2025 14:06:44.121] [Server thread/INFO] [net.minecraft.client.server.IntegratedServer/]: Saving and pausing game...
[11dic2025 14:06:44.125] [Server thread/INFO] [net.minecraft.server.MinecraftServer/]: Saving chunks for level 'ServerLevel[New World]'/minecraft:overworld
[11dic2025 14:06:44.127] [Server thread/INFO] [net.minecraft.server.MinecraftServer/]: Saving chunks for level 'ServerLevel[New World]'/minecraft:the_nether
[11dic2025 14:06:44.130] [Server thread/INFO] [net.minecraft.server.MinecraftServer/]: Saving chunks for level 'ServerLevel[New World]'/minecraft:the_end
[11dic2025 14:06:44.131] [Server thread/DEBUG] [net.neoforged.neoforge.common.CommonHooks/WP]: Gathered mod list to write to world save New World
