[11dic2025 14:06:08.003] [main/INFO] [cpw.mods.modlauncher.Launcher/MODLAUNCHER]: ModLauncher running: args [--launchTarget, forgeclientdev, --version, 21.1.194, --assetIndex, asset-index, --assetsDir, /Users/joshua.morotti/.gradle/caches/minecraft/assets, --gameDir, ., --fml.fmlVersion, 4.0.41, --fml.mcVersion, 1.21.1, --fml.neoForgeVersion, 21.1.194, --fml.neoFormVersion, 20240808.144430]
[11dic2025 14:06:08.004] [main/INFO] [cpw.mods.modlauncher.Launcher/MODLAUNCHER]: JVM identified as Microsoft OpenJDK 64-Bit Server VM 21.0.9+10-LTS
[11dic2025 14:06:08.005] [main/INFO] [cpw.mods.modlauncher.Launcher/MODLAUNCHER]: ModLauncher 11.0.5+main.901c6ea8 starting: java version 21.0.9 by Microsoft; OS Mac OS X arch aarch64 version 15.7.2
[11dic2025 14:06:08.066] [main/WARN] [net.neoforged.fml.loading.FMLConfig/CORE]: Configuration file /Users/joshua.morotti/dev/personal/PipezRetriever/runs/client/config/fml.toml is not correct. Correcting
[11dic2025 14:06:08.083] [main/INFO] [net.neoforged.fml.loading.ImmediateWindowHandler/]: Loading ImmediateWindowProvider fmlearlywindow
[11dic2025 14:06:08.356] [main/INFO] [EARLYDISPLAY/]: Trying GL version 4.6
[11dic2025 14:06:08.437] [main/INFO] [EARLYDISPLAY/]: Trying GL version 4.5
[11dic2025 14:06:08.450] [main/INFO] [EARLYDISPLAY/]: Trying GL version 4.4
[11dic2025 14:06:08.461] [main/INFO] [EARLYDISPLAY/]: Trying GL version 4.3
[11dic2025 14:06:08.469] [main/INFO] [EARLYDISPLAY/]: Trying GL version 4.2
[11dic2025 14:06:08.481] [main/INFO] [EARLYDISPLAY/]: Trying GL version 4.1
[11dic2025 14:06:08.497] [main/INFO] [EARLYDISPLAY/]: Requested GL version 4.1 got version 4.1
[11dic2025 14:06:08.652] [main/INFO] [mixin/]: SpongePowered MIXIN Subsystem Version=0.8.7 Source=union:/Users/joshua.morotti/.gradle/caches/modules-2/files-2.1/net.fabricmc/sponge-mixin/0.15.2+mixin.0.8.7/2af2f021d8e02a0220dc27a7a72b4666d66d44ca/sponge-mixin-0.15.2+mixin.0.8.7.jar%23134!/ Service=ModLauncher Env=CLIENT
[11dic2025 14:06:08.658] [main/WARN] [net.neoforged.fml.loading.FMLConfig/CORE]: Configuration file /Users/joshua.morotti/dev/personal/PipezRetriever/runs/client/config/fml.toml is not correct. Correcting
[11dic2025 14:06:08.965] [main/INFO] [net.neoforged.fml.loading.moddiscovery.ModDiscoverer/SCAN]: Found mod file "neoforge-21.1.194.jar" [locator: neoforge devenv provider ([/Users/joshua.morotti/dev/personal/PipezRetriever/.gradle/repositories/ng_dummy_ng/net/neoforged/neoforge/21.1.194/neoforge-21.1.194.jar])]
[11dic2025 14:06:08.982] [main/INFO] [net.neoforged.fml.loading.moddiscovery.ModDiscoverer/SCAN]: Found mod file "neoforge-21.1.194.jar" [locator: neoforge devenv provider ([/Users/joshua.morotti/dev/personal/PipezRetriever/.gradle/repositories/ng_dummy_ng/net/neoforged/neoforge/21.1.194/neoforge-21.1.194.jar])]
[11dic2025 14:06:08.991] [main/INFO] [net.neoforged.fml.loading.moddiscovery.ModDiscoverer/SCAN]: Found mod file "main" [locator: userdev mods and services, reader: mod manifest]
[11dic2025 14:06:08.998] [main/INFO] [net.neoforged.fml.loading.moddiscovery.ModDiscoverer/SCAN]: Found mod file "neoforge-21.1.194.jar" [locator: userdev mods and services, reader: mod manifest]
[11dic2025 14:06:09.001] [main/INFO] [net.neoforged.fml.loading.moddiscovery.ModDiscoverer/SCAN]: Found mod file "pipez-443900-5757713.jar" [locator: userdev mods and services, reader: mod manifest]
[11dic2025 14:06:09.007] [main/INFO] [net.neoforged.fml.loading.moddiscovery.ModDiscoverer/SCAN]: Found mod file "titanium-287342-6443608.jar" [locator: userdev mods and services, reader: mod manifest]
[11dic2025 14:06:09.011] [main/INFO] [net.neoforged.fml.loading.moddiscovery.ModDiscoverer/SCAN]: Found mod file "guideme-1173950-6488254.jar" [locator: userdev mods and services, reader: mod manifest]
[11dic2025 14:06:09.013] [main/INFO] [net.neoforged.fml.loading.moddiscovery.ModDiscoverer/SCAN]: Found mod file "athena-841890-5629395.jar" [locator: userdev mods and services, reader: mod manifest]
[11dic2025 14:06:09.014] [main/INFO] [net.neoforged.fml.loading.moddiscovery.ModDiscoverer/SCAN]: Found mod file "architectury-419699-5786327.jar" [locator: userdev mods and services, reader: mod manifest]
[11dic2025 14:06:09.016] [main/INFO] [net.neoforged.fml.loading.moddiscovery.ModDiscoverer/SCAN]: Found mod file "owolib-532610-5945693.jar" [locator: userdev mods and services, reader: mod manifest]
[11dic2025 14:06:09.018] [main/INFO] [net.neoforged.fml.loading.moddiscovery.ModDiscoverer/SCAN]: Found mod file "geckolib-388172-6920810.jar" [locator: userdev mods and services, reader: mod manifest]
[11dic2025 14:06:09.020] [main/INFO] [net.neoforged.fml.loading.moddiscovery.ModDiscoverer/SCAN]: Found mod file "glodium-957920-5821676.jar" [locator: userdev mods and services, reader: mod manifest]
[11dic2025 14:06:09.021] [main/INFO] [net.neoforged.fml.loading.moddiscovery.ModDiscoverer/SCAN]: Found mod file "ftlibrary-404465-6466106.jar" [locator: userdev mods and services, reader: mod manifest]
[11dic2025 14:06:09.023] [main/INFO] [net.neoforged.fml.loading.moddiscovery.ModDiscoverer/SCAN]: Found mod file "ftpessential-410811-6179042.jar" [locator: userdev mods and services, reader: mod manifest]
[11dic2025 14:06:09.024] [main/INFO] [net.neoforged.fml.loading.moddiscovery.ModDiscoverer/SCAN]: Found mod file "rhino-416294-6000610.jar" [locator: userdev mods and services, reader: mod manifest]
[11dic2025 14:06:09.026] [main/INFO] [net.neoforged.fml.loading.moddiscovery.ModDiscoverer/SCAN]: Found mod file "kubejs-238086-5810100.jar" [locator: userdev mods and services, reader: mod manifest]
[11dic2025 14:06:09.027] [main/INFO] [net.neoforged.fml.loading.moddiscovery.ModDiscoverer/SCAN]: Found mod file "jade-324717-6011258.jar" [locator: userdev mods and services, reader: mod manifest]
[11dic2025 14:06:09.030] [main/INFO] [net.neoforged.fml.loading.moddiscovery.ModDiscoverer/SCAN]: Found mod file "trashcans-394535-5891067.jar" [locator: userdev mods and services, reader: mod manifest]
[11dic2025 14:06:09.033] [main/INFO] [net.neoforged.fml.loading.moddiscovery.ModDiscoverer/SCAN]: Found mod file "supermarticonfig-438332-5546996.jar" [locator: userdev mods and services, reader: mod manifest]
[11dic2025 14:06:09.035] [main/INFO] [net.neoforged.fml.loading.moddiscovery.ModDiscoverer/SCAN]: Found mod file "supermarticore-454372-6076757.jar" [locator: userdev mods and services, reader: mod manifest]
[11dic2025 14:06:09.040] [main/INFO] [net.neoforged.fml.loading.moddiscovery.ModDiscoverer/SCAN]: Found mod file "mekanism-268560-7132168.jar" [locator: userdev mods and services, reader: mod manifest]
[11dic2025 14:06:09.042] [main/INFO] [net.neoforged.fml.loading.moddiscovery.ModDiscoverer/SCAN]: Found mod file "mekanism-gen-268566-7132171.jar" [locator: userdev mods and services, reader: mod manifest]
[11dic2025 14:06:09.044] [main/INFO] [net.neoforged.fml.loading.moddiscovery.ModDiscoverer/SCAN]: Found mod file "oneprobe-245211-7292875.jar" [locator: userdev mods and services, reader: mod manifest]
[11dic2025 14:06:09.046] [main/INFO] [net.neoforged.fml.loading.moddiscovery.ModDiscoverer/SCAN]: Found mod file "jei-238222-6829086.jar" [locator: userdev mods and services, reader: mod manifest]
[11dic2025 14:06:09.069] [main/INFO] [net.neoforged.fml.loading.moddiscovery.ModDiscoverer/SCAN]: Found gamelibrary file "mixinextras-neoforge-0.4.1.jar" [locator: userdev mods and services, reader: mod manifest]
[11dic2025 14:06:09.138] [pool-2-thread-1/INFO] [EARLYDISPLAY/]: GL info: Apple M1 Pro GL version 4.1 Metal - 89.4, Apple
[11dic2025 14:06:09.290] [main/WARN] [net.neoforged.jarjar.selection.JarSelector/]: Attempted to select a dependency jar for JarJar which was passed in as source: library:mixinextras.neoforge. Using Mod File: /Users/joshua.morotti/.gradle/caches/modules-2/files-2.1/io.github.llamalad7/mixinextras-neoforge/0.4.1/eff97772ecd0dcf8e52cdbafd3b3ccec425f8314/mixinextras-neoforge-0.4.1.jar
[11dic2025 14:06:09.290] [main/INFO] [net.neoforged.fml.loading.moddiscovery.locators.JarInJarDependencyLocator/]: Found 12 dependencies adding them to mods collection
[11dic2025 14:06:09.290] [main/INFO] [net.neoforged.fml.loading.moddiscovery.ModDiscoverer/SCAN]: Found mod file "fabric-networking-api-v1-4.2.2+a92978fd19.jar" [parent: owolib-532610-5945693.jar, locator: jarinjar, reader: mod manifest]
[11dic2025 14:06:09.291] [main/INFO] [net.neoforged.fml.loading.moddiscovery.ModDiscoverer/SCAN]: Found library file "gson-0.1.5.jar" [parent: owolib-532610-5945693.jar, locator: jarinjar]
[11dic2025 14:06:09.291] [main/INFO] [net.neoforged.fml.loading.moddiscovery.ModDiscoverer/SCAN]: Found library file "animated-gif-lib-for-java-animated-gif-lib-1.7.jar" [parent: kubejs-238086-5810100.jar, locator: jarinjar]
[11dic2025 14:06:09.291] [main/INFO] [net.neoforged.fml.loading.moddiscovery.ModDiscoverer/SCAN]: Found mod file "fabric-api-base-0.4.42+d1308dedd1.jar" [parent: owolib-532610-5945693.jar, locator: jarinjar, reader: mod manifest]
[11dic2025 14:06:09.291] [main/INFO] [net.neoforged.fml.loading.moddiscovery.ModDiscoverer/SCAN]: Found library file "forgified-fabric-loader-2.5.29+0.16.0+1.21-full.jar" [parent: owolib-532610-5945693.jar, locator: jarinjar, reader: mod manifest]
[11dic2025 14:06:09.291] [main/INFO] [net.neoforged.fml.loading.moddiscovery.ModDiscoverer/SCAN]: Found library file "tiny-java-server-1.0.0-build.6.jar" [parent: kubejs-238086-5810100.jar, locator: jarinjar]
[11dic2025 14:06:09.291] [main/INFO] [net.neoforged.fml.loading.moddiscovery.ModDiscoverer/SCAN]: Found library file "jankson-0.1.5.jar" [parent: owolib-532610-5945693.jar, locator: jarinjar]
[11dic2025 14:06:09.291] [main/INFO] [net.neoforged.fml.loading.moddiscovery.ModDiscoverer/SCAN]: Found library file "endec-0.1.8.jar" [parent: owolib-532610-5945693.jar, locator: jarinjar]
[11dic2025 14:06:09.291] [main/INFO] [net.neoforged.fml.loading.moddiscovery.ModDiscoverer/SCAN]: Found library file "netty-0.1.4.jar" [parent: owolib-532610-5945693.jar, locator: jarinjar]
[11dic2025 14:06:09.291] [main/INFO] [net.neoforged.fml.loading.moddiscovery.ModDiscoverer/SCAN]: Found library file "net.neoforged.neoforge-coremods-21.1.194.jar" [parent: neoforge-21.1.194.jar, locator: jarinjar, reader: mod manifest]
[11dic2025 14:06:09.291] [main/INFO] [net.neoforged.fml.loading.moddiscovery.ModDiscoverer/SCAN]: Found mod file "fabric-screen-api-v1-2.0.24+79a4c2b0d1.jar" [parent: owolib-532610-5945693.jar, locator: jarinjar, reader: mod manifest]
[11dic2025 14:06:09.292] [main/INFO] [net.neoforged.fml.loading.moddiscovery.ModDiscoverer/SCAN]: Found library file "jankson-1.2.2.jar" [parent: owolib-532610-5945693.jar, locator: jarinjar]
[11dic2025 14:06:09.293] [main/INFO] [net.neoforged.fml.loading.moddiscovery.ModDiscoverer/]: 
     Mod List:
		Name Version (Mod Id)

		Architectury 13.0.8 (architectury)
		Athena 4.0.1 (athena)
		Forgified Fabric API Base 0.4.42+d1308dedd1 (fabric_api_base)
		Forgified Fabric Networking API (v1) 4.2.2+a92978fd19 (fabric_networking_api_v1)
		Forgified Fabric Screen API (v1) 2.0.24+79a4c2b0d1 (fabric_screen_api_v1)
		FTB Essentials 2101.1.6 (ftbessentials)
		FTB Library 2101.1.13 (ftblibrary)
		GeckoLib 4 4.7.7 (geckolib)
		Glodium 1.21-2.2-neoforge (glodium)
		GuideME 21.1.9 (guideme)
		Jade 15.9.2+neoforge (jade)
		Just Enough Items 19.22.1.316 (jei)
		KubeJS 2101.7.1-build.181 (kubejs)
		Mekanism 10.7.17 (mekanism)
		Mekanism: Generators 10.7.17 (mekanismgenerators)
		Minecraft 1.21.1 (minecraft)
		NeoForge 21.1.194 (neoforge)
		oωo 0.12.15-beta.12+1.21 (owo)
		Pipez 1.21.1-1.2.19 (pipez)
		Pipez Retriever 1.0.0 (pipezretriever)
		Rhino 2101.2.6-build.58 (rhino)
		SuperMartijn642's Config Library 1.1.8 (supermartijn642configlib)
		SuperMartijn642's Core Lib 1.1.18+a (supermartijn642corelib)
		The One Probe 1.21_neo-12.0.8 (theoneprobe)
		Titanium 4.0.37 (titanium)
		Trash Cans 1.0.18+c (trashcans)
[11dic2025 14:06:10.046] [main/INFO] [mixin/]: Compatibility level set to JAVA_17
[11dic2025 14:06:10.050] [main/INFO] [mixin/]: Compatibility level set to JAVA_21
[11dic2025 14:06:10.067] [main/INFO] [net.fabricmc.loader.impl.bootstrap.FabricLoaderBootstrap/]: Propagating FML mod list to Fabric Loader
[11dic2025 14:06:10.072] [main/INFO] [cpw.mods.modlauncher.LaunchServiceHandler/MODLAUNCHER]: Launching target 'forgeclientdev' with arguments [--version, 21.1.194, --gameDir, ., --assetsDir, /Users/joshua.morotti/.gradle/caches/minecraft/assets, --assetIndex, asset-index]
[11dic2025 14:06:10.132] [main/WARN] [mixin/]: Reference map 'geckolib.refmap.json' for geckolib.mixins.json could not be read. If this is a development environment you can ignore this message
[11dic2025 14:06:10.135] [main/WARN] [mixin/]: Reference map 'supermartijn642corelib.mixins.refmap.json' for supermartijn642corelib.mixins.json could not be read. If this is a development environment you can ignore this message
[11dic2025 14:06:10.667] [main/WARN] [mixin/]: Error loading class: mezz/modnametooltip/TooltipEventHandler (java.lang.ClassNotFoundException: mezz.modnametooltip.TooltipEventHandler)
[11dic2025 14:06:10.668] [main/WARN] [mixin/]: Error loading class: me/shedaniel/rei/impl/client/ClientHelperImpl (java.lang.ClassNotFoundException: me.shedaniel.rei.impl.client.ClientHelperImpl)
[11dic2025 14:06:10.783] [main/INFO] [MixinExtras|Service/]: Initializing MixinExtras via com.llamalad7.mixinextras.service.MixinExtrasServiceImpl(version=0.4.1).
[11dic2025 14:06:11.976] [Datafixer Bootstrap/INFO] [com.mojang.datafixers.DataFixerBuilder/]: 229 Datafixer optimizations took 185 milliseconds
[11dic2025 14:06:16.717] [main/WARN] [net.minecraft.commands.Commands/]: Ambiguity between arguments [teleport, location] and [teleport, destination] with inputs: [0.1 -0.5 .9, 0 0 0]
[11dic2025 14:06:16.718] [main/WARN] [net.minecraft.commands.Commands/]: Ambiguity between arguments [teleport, location] and [teleport, targets] with inputs: [0.1 -0.5 .9, 0 0 0]
[11dic2025 14:06:16.721] [main/WARN] [net.minecraft.commands.Commands/]: Ambiguity between arguments [teleport, destination] and [teleport, targets] with inputs: [Player, 0123, @e, dd12be42-52a9-4a91-a8a1-11c01849e498]
[11dic2025 14:06:16.722] [main/WARN] [net.minecraft.commands.Commands/]: Ambiguity between arguments [teleport, targets] and [teleport, destination] with inputs: [Player, 0123, dd12be42-52a9-4a91-a8a1-11c01849e498]
[11dic2025 14:06:16.723] [main/WARN] [net.minecraft.commands.Commands/]: Ambiguity between arguments [teleport, targets, location] and [teleport, targets, destination] with inputs: [0.1 -0.5 .9, 0 0 0]
[11dic2025 14:06:16.829] [Render thread/WARN] [net.minecraft.server.packs.VanillaPackResourcesBuilder/]: Assets URL 'union:/Users/joshua.morotti/dev/personal/PipezRetriever/.gradle/repositories/ng_dummy_ng/net/neoforged/neoforge/21.1.194/neoforge-21.1.194.jar%23188!/assets/.mcassetsroot' uses unexpected schema
[11dic2025 14:06:16.829] [Render thread/WARN] [net.minecraft.server.packs.VanillaPackResourcesBuilder/]: Assets URL 'union:/Users/joshua.morotti/dev/personal/PipezRetriever/.gradle/repositories/ng_dummy_ng/net/neoforged/neoforge/21.1.194/neoforge-21.1.194.jar%23188!/data/.mcassetsroot' uses unexpected schema
[11dic2025 14:06:16.846] [Render thread/INFO] [com.mojang.authlib.yggdrasil.YggdrasilAuthenticationService/]: Environment: Environment[sessionHost=https://sessionserver.mojang.com, servicesHost=https://api.minecraftservices.com, name=PROD]
[11dic2025 14:06:16.853] [Render thread/INFO] [net.minecraft.client.Minecraft/]: Setting user: Dev
[11dic2025 14:06:16.937] [Render thread/INFO] [net.minecraft.client.Minecraft/]: Backend library: LWJGL version 3.3.3+5
[11dic2025 14:06:17.315] [modloading-worker-0/INFO] [PluginManager/]: Scanning classes for titanium
[11dic2025 14:06:17.344] [modloading-worker-0/INFO] [net.neoforged.neoforge.common.NeoForgeMod/NEOFORGE-MOD]: NeoForge mod loading, version 21.1.194, for MC 1.21.1
[11dic2025 14:06:17.411] [modloading-worker-0/INFO] [owo/]: Noaaan: It's surprising how much knowledge is lost by the simple fact that people don't know it
[11dic2025 14:06:17.435] [modloading-worker-0/INFO] [mezz.jei.library.load.PluginCaller/]: Sending ConfigManager...
[11dic2025 14:06:17.447] [modloading-worker-0/INFO] [mezz.jei.library.load.PluginCaller/]: Sending ConfigManager took 10.66 milliseconds
[11dic2025 14:06:17.489] [modloading-worker-0/INFO] [KubeJS Startup/]: Capturing errors for startup scripts enabled
[11dic2025 14:06:17.490] [modloading-worker-0/INFO] [KubeJS Client/]: Capturing errors for client scripts enabled
[11dic2025 14:06:17.490] [modloading-worker-0/INFO] [KubeJS/]: Loading vanilla registries...
[11dic2025 14:06:17.578] [modloading-worker-0/INFO] [KubeJS/]: Looking for KubeJS plugins...
[11dic2025 14:06:17.590] [modloading-worker-0/INFO] [KubeJS/]: Found plugin source kubejs
[11dic2025 14:06:17.609] [modloading-worker-0/WARN] [KubeJS/]: Plugin dev.latvian.mods.kubejs.integration.gamestages.GameStagesIntegration does not have required mod 'gamestages' loaded, skipping
[11dic2025 14:06:17.611] [modloading-worker-0/INFO] [KubeJS/]: Done in 32.16 ms
[11dic2025 14:06:17.929] [modloading-worker-0/INFO] [KubeJS Startup/]: startup_scripts:main.js#2: Hello, World! (Loaded startup example script)
[11dic2025 14:06:17.929] [modloading-worker-0/INFO] [KubeJS Startup/]: Loaded script startup_scripts:main.js in 0.019 s
[11dic2025 14:06:17.931] [modloading-worker-0/INFO] [KubeJS Startup/]: Loaded 1/1 KubeJS startup scripts in 0.305 s with 0 errors and 0 warnings
[11dic2025 14:06:17.945] [modloading-worker-0/INFO] [KubeJS Client/]: client_scripts:main.js#2: Hello, World! (Loaded client example script)
[11dic2025 14:06:17.945] [modloading-worker-0/INFO] [KubeJS Client/]: Loaded script client_scripts:main.js in 0.0 s
[11dic2025 14:06:17.945] [modloading-worker-0/INFO] [KubeJS Client/]: Loaded 1/1 KubeJS client scripts in 0.014 s with 0 errors and 0 warnings
[11dic2025 14:06:18.337] [modloading-worker-0/INFO] [com.lumengrid.pipezretriever.PipezRetriever/]: Pipez Retriever initializing...
[11dic2025 14:06:19.666] [Render thread/INFO] [net.neoforged.neoforge.gametest.GameTestHooks/]: Enabled Gametest Namespaces: [pipezretriever]
[11dic2025 14:06:20.116] [Render thread/INFO] [KubeJS/]: Loaded 32 asset packs: vanilla, KubeJS Virtual Resource Pack [Before Mods, assets], mod_resources, mod/rhino, mod/theoneprobe, mod/fabric_api_base, mod/ftbessentials, mod/supermartijn642configlib, mod/owo, mod/titanium, mod/jade, mod/geckolib, mod/jei, mod/kubejs, mod/supermartijn642corelib, mod/mekanism, mod/pipez, mod/neoforge, mod/architectury, mod/ftblibrary, mod/guideme, mod/mekanismgenerators, mod/fabric_screen_api_v1, mod/trashcans, mod/pipezretriever, mod/fabric_networking_api_v1, mod/athena, KubeJS Virtual Resource Pack [Internal, assets], KubeJS Virtual Resource Pack [After Mods, assets], KubeJS File Resource Pack [assets], mod/glodium, KubeJS Virtual Resource Pack [Last, assets]
[11dic2025 14:06:20.118] [Render thread/INFO] [net.minecraft.server.packs.resources.ReloadableResourceManager/]: Reloading ResourceManager: vanilla, KubeJS Virtual Resource Pack [Before Mods, assets], mod_resources, mod/rhino, mod/theoneprobe, mod/fabric_api_base, mod/ftbessentials, mod/supermartijn642configlib, mod/owo, mod/titanium, mod/jade, mod/geckolib, mod/jei, mod/kubejs, mod/supermartijn642corelib, mod/mekanism, mod/pipez, mod/neoforge, mod/architectury, mod/ftblibrary, mod/guideme, mod/mekanismgenerators, mod/fabric_screen_api_v1, mod/trashcans, mod/pipezretriever, mod/fabric_networking_api_v1, mod/athena, KubeJS Virtual Resource Pack [Internal, assets], KubeJS Virtual Resource Pack [After Mods, assets], KubeJS File Resource Pack [assets], mod/glodium, KubeJS Virtual Resource Pack [Last, assets]
[11dic2025 14:06:20.154] [Worker-Main-5/INFO] [mekanism.common.Mekanism/]: Version 10.7.17 initializing...
[11dic2025 14:06:20.171] [Worker-Main-5/INFO] [mekanism.common.Mekanism/]: Initialized HolidayManager.
[11dic2025 14:06:20.192] [Render thread/INFO] [KubeJS Client/]: Client resource reload complete!
[11dic2025 14:06:20.228] [Worker-Main-5/INFO] [mekanism.common.Mekanism/]: Fake player readout: UUID = 46e82cd0-d480-3d48-800a-77431ede078e, name = [Mekanism]
[11dic2025 14:06:20.228] [Worker-Main-5/INFO] [mekanism.common.Mekanism/]: Mod loaded.
[11dic2025 14:06:20.228] [Worker-Main-5/INFO] [mekanism.common.Mekanism/]: Loaded 'Mekanism: Generators' module.
[11dic2025 14:06:20.239] [Render thread/WARN] [net.minecraft.client.renderer.texture.TextureManager/]: Failed to load texture: minecraft:textures/gui/title/background/panorama_overlay.png
java.nio.file.NoSuchFileException: /Users/joshua.morotti/.gradle/caches/minecraft/assets/objects/9d/9dd32387135eefa7ab95996d52a5ca4cec8a3b30
	at java.base/sun.nio.fs.UnixException.translateToIOException(UnixException.java:92) ~[?:?]
	at java.base/sun.nio.fs.UnixException.rethrowAsIOException(UnixException.java:106) ~[?:?]
	at java.base/sun.nio.fs.UnixException.rethrowAsIOException(UnixException.java:111) ~[?:?]
	at java.base/sun.nio.fs.UnixFileSystemProvider.newByteChannel(UnixFileSystemProvider.java:261) ~[?:?]
	at java.base/java.nio.file.Files.newByteChannel(Files.java:380) ~[?:?]
	at TRANSFORMER/minecraft@1.21.1/net.minecraft.server.packs.linkfs.LinkFSProvider.newByteChannel(LinkFSProvider.java:66) ~[neoforge-21.1.194.jar%23188!/:?]
	at java.base/java.nio.file.Files.newByteChannel(Files.java:380) ~[?:?]
	at java.base/java.nio.file.Files.newByteChannel(Files.java:432) ~[?:?]
	at java.base/java.nio.file.spi.FileSystemProvider.newInputStream(FileSystemProvider.java:420) ~[?:?]
	at java.base/java.nio.file.Files.newInputStream(Files.java:160) ~[?:?]
	at TRANSFORMER/minecraft@1.21.1/net.minecraft.server.packs.resources.IoSupplier.lambda$create$0(IoSupplier.java:13) ~[neoforge-21.1.194.jar%23188!/:?]
	at TRANSFORMER/minecraft@1.21.1/net.minecraft.server.packs.resources.Resource.open(Resource.java:46) ~[neoforge-21.1.194.jar%23188!/:?]
	at TRANSFORMER/minecraft@1.21.1/net.minecraft.client.renderer.texture.SimpleTexture$TextureImage.load(SimpleTexture.java:86) ~[neoforge-21.1.194.jar%23188!/:?]
	at TRANSFORMER/minecraft@1.21.1/net.minecraft.client.renderer.texture.PreloadedTexture.lambda$new$0(PreloadedTexture.java:20) ~[neoforge-21.1.194.jar%23188!/:?]
	at java.base/java.util.concurrent.CompletableFuture$AsyncSupply.run(CompletableFuture.java:1768) ~[?:?]
	at java.base/java.util.concurrent.CompletableFuture$AsyncSupply.exec(CompletableFuture.java:1760) ~[?:?]
	at java.base/java.util.concurrent.ForkJoinTask.doExec(ForkJoinTask.java:387) ~[?:?]
	at java.base/java.util.concurrent.ForkJoinPool$WorkQueue.topLevelExec(ForkJoinPool.java:1312) ~[?:?]
	at java.base/java.util.concurrent.ForkJoinPool.scan(ForkJoinPool.java:1843) ~[?:?]
	at java.base/java.util.concurrent.ForkJoinPool.runWorker(ForkJoinPool.java:1808) ~[?:?]
	at java.base/java.util.concurrent.ForkJoinWorkerThread.run(ForkJoinWorkerThread.java:188) ~[?:?]
[11dic2025 14:06:20.240] [Render thread/WARN] [net.minecraft.client.renderer.texture.TextureManager/]: Failed to load texture: minecraft:textures/gui/title/background/panorama_1.png
java.nio.file.NoSuchFileException: /Users/joshua.morotti/.gradle/caches/minecraft/assets/objects/97/97d080a6827e54904eb7bbe0f04df20eb9070d1a
	at java.base/sun.nio.fs.UnixException.translateToIOException(UnixException.java:92) ~[?:?]
	at java.base/sun.nio.fs.UnixException.rethrowAsIOException(UnixException.java:106) ~[?:?]
	at java.base/sun.nio.fs.UnixException.rethrowAsIOException(UnixException.java:111) ~[?:?]
	at java.base/sun.nio.fs.UnixFileSystemProvider.newByteChannel(UnixFileSystemProvider.java:261) ~[?:?]
	at java.base/java.nio.file.Files.newByteChannel(Files.java:380) ~[?:?]
	at TRANSFORMER/minecraft@1.21.1/net.minecraft.server.packs.linkfs.LinkFSProvider.newByteChannel(LinkFSProvider.java:66) ~[neoforge-21.1.194.jar%23188!/:?]
	at java.base/java.nio.file.Files.newByteChannel(Files.java:380) ~[?:?]
	at java.base/java.nio.file.Files.newByteChannel(Files.java:432) ~[?:?]
	at java.base/java.nio.file.spi.FileSystemProvider.newInputStream(FileSystemProvider.java:420) ~[?:?]
	at java.base/java.nio.file.Files.newInputStream(Files.java:160) ~[?:?]
	at TRANSFORMER/minecraft@1.21.1/net.minecraft.server.packs.resources.IoSupplier.lambda$create$0(IoSupplier.java:13) ~[neoforge-21.1.194.jar%23188!/:?]
	at TRANSFORMER/minecraft@1.21.1/net.minecraft.server.packs.resources.Resource.open(Resource.java:46) ~[neoforge-21.1.194.jar%23188!/:?]
	at TRANSFORMER/minecraft@1.21.1/net.minecraft.client.renderer.texture.SimpleTexture$TextureImage.load(SimpleTexture.java:86) ~[neoforge-21.1.194.jar%23188!/:?]
	at TRANSFORMER/minecraft@1.21.1/net.minecraft.client.renderer.texture.PreloadedTexture.lambda$new$0(PreloadedTexture.java:20) ~[neoforge-21.1.194.jar%23188!/:?]
	at java.base/java.util.concurrent.CompletableFuture$AsyncSupply.run(CompletableFuture.java:1768) ~[?:?]
	at java.base/java.util.concurrent.CompletableFuture$AsyncSupply.exec(CompletableFuture.java:1760) ~[?:?]
	at java.base/java.util.concurrent.ForkJoinTask.doExec(ForkJoinTask.java:387) ~[?:?]
	at java.base/java.util.concurrent.ForkJoinPool$WorkQueue.topLevelExec(ForkJoinPool.java:1312) ~[?:?]
	at java.base/java.util.concurrent.ForkJoinPool.scan(ForkJoinPool.java:1843) ~[?:?]
	at java.base/java.util.concurrent.ForkJoinPool.runWorker(ForkJoinPool.java:1808) ~[?:?]
	at java.base/java.util.concurrent.ForkJoinWorkerThread.run(ForkJoinWorkerThread.java:188) ~[?:?]
[11dic2025 14:06:20.241] [Render thread/WARN] [net.minecraft.client.renderer.texture.TextureManager/]: Failed to load texture: minecraft:textures/gui/title/background/panorama_2.png
java.nio.file.NoSuchFileException: /Users/joshua.morotti/.gradle/caches/minecraft/assets/objects/d7/d79ff13dd8ff2f7b8d497a7516db1bb2d86d2ab8
	at java.base/sun.nio.fs.UnixException.translateToIOException(UnixException.java:92) ~[?:?]
	at java.base/sun.nio.fs.UnixException.rethrowAsIOException(UnixException.java:106) ~[?:?]
	at java.base/sun.nio.fs.UnixException.rethrowAsIOException(UnixException.java:111) ~[?:?]
	at java.base/sun.nio.fs.UnixFileSystemProvider.newByteChannel(UnixFileSystemProvider.java:261) ~[?:?]
	at java.base/java.nio.file.Files.newByteChannel(Files.java:380) ~[?:?]
	at TRANSFORMER/minecraft@1.21.1/net.minecraft.server.packs.linkfs.LinkFSProvider.newByteChannel(LinkFSProvider.java:66) ~[neoforge-21.1.194.jar%23188!/:?]
	at java.base/java.nio.file.Files.newByteChannel(Files.java:380) ~[?:?]
	at java.base/java.nio.file.Files.newByteChannel(Files.java:432) ~[?:?]
	at java.base/java.nio.file.spi.FileSystemProvider.newInputStream(FileSystemProvider.java:420) ~[?:?]
	at java.base/java.nio.file.Files.newInputStream(Files.java:160) ~[?:?]
	at TRANSFORMER/minecraft@1.21.1/net.minecraft.server.packs.resources.IoSupplier.lambda$create$0(IoSupplier.java:13) ~[neoforge-21.1.194.jar%23188!/:?]
	at TRANSFORMER/minecraft@1.21.1/net.minecraft.server.packs.resources.Resource.open(Resource.java:46) ~[neoforge-21.1.194.jar%23188!/:?]
	at TRANSFORMER/minecraft@1.21.1/net.minecraft.client.renderer.texture.SimpleTexture$TextureImage.load(SimpleTexture.java:86) ~[neoforge-21.1.194.jar%23188!/:?]
	at TRANSFORMER/minecraft@1.21.1/net.minecraft.client.renderer.texture.PreloadedTexture.lambda$new$0(PreloadedTexture.java:20) ~[neoforge-21.1.194.jar%23188!/:?]
	at java.base/java.util.concurrent.CompletableFuture$AsyncSupply.run(CompletableFuture.java:1768) ~[?:?]
	at java.base/java.util.concurrent.CompletableFuture$AsyncSupply.exec(CompletableFuture.java:1760) ~[?:?]
	at java.base/java.util.concurrent.ForkJoinTask.doExec(ForkJoinTask.java:387) ~[?:?]
	at java.base/java.util.concurrent.ForkJoinPool$WorkQueue.topLevelExec(ForkJoinPool.java:1312) ~[?:?]
	at java.base/java.util.concurrent.ForkJoinPool.scan(ForkJoinPool.java:1843) ~[?:?]
	at java.base/java.util.concurrent.ForkJoinPool.runWorker(ForkJoinPool.java:1808) ~[?:?]
	at java.base/java.util.concurrent.ForkJoinWorkerThread.run(ForkJoinWorkerThread.java:188) ~[?:?]
[11dic2025 14:06:20.241] [Render thread/WARN] [net.minecraft.client.renderer.texture.TextureManager/]: Failed to load texture: minecraft:textures/gui/title/background/panorama_3.png
java.nio.file.NoSuchFileException: /Users/joshua.morotti/.gradle/caches/minecraft/assets/objects/b6/b6265425a2c765dd5fc286d5f355a812cad938e2
	at java.base/sun.nio.fs.UnixException.translateToIOException(UnixException.java:92) ~[?:?]
	at java.base/sun.nio.fs.UnixException.rethrowAsIOException(UnixException.java:106) ~[?:?]
	at java.base/sun.nio.fs.UnixException.rethrowAsIOException(UnixException.java:111) ~[?:?]
	at java.base/sun.nio.fs.UnixFileSystemProvider.newByteChannel(UnixFileSystemProvider.java:261) ~[?:?]
	at java.base/java.nio.file.Files.newByteChannel(Files.java:380) ~[?:?]
	at TRANSFORMER/minecraft@1.21.1/net.minecraft.server.packs.linkfs.LinkFSProvider.newByteChannel(LinkFSProvider.java:66) ~[neoforge-21.1.194.jar%23188!/:?]
	at java.base/java.nio.file.Files.newByteChannel(Files.java:380) ~[?:?]
	at java.base/java.nio.file.Files.newByteChannel(Files.java:432) ~[?:?]
	at java.base/java.nio.file.spi.FileSystemProvider.newInputStream(FileSystemProvider.java:420) ~[?:?]
	at java.base/java.nio.file.Files.newInputStream(Files.java:160) ~[?:?]
	at TRANSFORMER/minecraft@1.21.1/net.minecraft.server.packs.resources.IoSupplier.lambda$create$0(IoSupplier.java:13) ~[neoforge-21.1.194.jar%23188!/:?]
	at TRANSFORMER/minecraft@1.21.1/net.minecraft.server.packs.resources.Resource.open(Resource.java:46) ~[neoforge-21.1.194.jar%23188!/:?]
	at TRANSFORMER/minecraft@1.21.1/net.minecraft.client.renderer.texture.SimpleTexture$TextureImage.load(SimpleTexture.java:86) ~[neoforge-21.1.194.jar%23188!/:?]
	at TRANSFORMER/minecraft@1.21.1/net.minecraft.client.renderer.texture.PreloadedTexture.lambda$new$0(PreloadedTexture.java:20) ~[neoforge-21.1.194.jar%23188!/:?]
	at java.base/java.util.concurrent.CompletableFuture$AsyncSupply.run(CompletableFuture.java:1768) ~[?:?]
	at java.base/java.util.concurrent.CompletableFuture$AsyncSupply.exec(CompletableFuture.java:1760) ~[?:?]
	at java.base/java.util.concurrent.ForkJoinTask.doExec(ForkJoinTask.java:387) ~[?:?]
	at java.base/java.util.concurrent.ForkJoinPool$WorkQueue.topLevelExec(ForkJoinPool.java:1312) ~[?:?]
	at java.base/java.util.concurrent.ForkJoinPool.scan(ForkJoinPool.java:1843) ~[?:?]
	at java.base/java.util.concurrent.ForkJoinPool.runWorker(ForkJoinPool.java:1808) ~[?:?]
	at java.base/java.util.concurrent.ForkJoinWorkerThread.run(ForkJoinWorkerThread.java:188) ~[?:?]
[11dic2025 14:06:20.241] [Render thread/WARN] [net.minecraft.client.renderer.texture.TextureManager/]: Failed to load texture: minecraft:textures/gui/title/background/panorama_4.png
java.nio.file.NoSuchFileException: /Users/joshua.morotti/.gradle/caches/minecraft/assets/objects/ce/cec25b0246d77e6f1dcef0d051ccb328ba39227a
	at java.base/sun.nio.fs.UnixException.translateToIOException(UnixException.java:92) ~[?:?]
	at java.base/sun.nio.fs.UnixException.rethrowAsIOException(UnixException.java:106) ~[?:?]
	at java.base/sun.nio.fs.UnixException.rethrowAsIOException(UnixException.java:111) ~[?:?]
	at java.base/sun.nio.fs.UnixFileSystemProvider.newByteChannel(UnixFileSystemProvider.java:261) ~[?:?]
	at java.base/java.nio.file.Files.newByteChannel(Files.java:380) ~[?:?]
	at TRANSFORMER/minecraft@1.21.1/net.minecraft.server.packs.linkfs.LinkFSProvider.newByteChannel(LinkFSProvider.java:66) ~[neoforge-21.1.194.jar%23188!/:?]
	at java.base/java.nio.file.Files.newByteChannel(Files.java:380) ~[?:?]
	at java.base/java.nio.file.Files.newByteChannel(Files.java:432) ~[?:?]
	at java.base/java.nio.file.spi.FileSystemProvider.newInputStream(FileSystemProvider.java:420) ~[?:?]
	at java.base/java.nio.file.Files.newInputStream(Files.java:160) ~[?:?]
	at TRANSFORMER/minecraft@1.21.1/net.minecraft.server.packs.resources.IoSupplier.lambda$create$0(IoSupplier.java:13) ~[neoforge-21.1.194.jar%23188!/:?]
	at TRANSFORMER/minecraft@1.21.1/net.minecraft.server.packs.resources.Resource.open(Resource.java:46) ~[neoforge-21.1.194.jar%23188!/:?]
	at TRANSFORMER/minecraft@1.21.1/net.minecraft.client.renderer.texture.SimpleTexture$TextureImage.load(SimpleTexture.java:86) ~[neoforge-21.1.194.jar%23188!/:?]
	at TRANSFORMER/minecraft@1.21.1/net.minecraft.client.renderer.texture.PreloadedTexture.lambda$new$0(PreloadedTexture.java:20) ~[neoforge-21.1.194.jar%23188!/:?]
	at java.base/java.util.concurrent.CompletableFuture$AsyncSupply.run(CompletableFuture.java:1768) ~[?:?]
	at java.base/java.util.concurrent.CompletableFuture$AsyncSupply.exec(CompletableFuture.java:1760) ~[?:?]
	at java.base/java.util.concurrent.ForkJoinTask.doExec(ForkJoinTask.java:387) ~[?:?]
	at java.base/java.util.concurrent.ForkJoinPool$WorkQueue.topLevelExec(ForkJoinPool.java:1312) ~[?:?]
	at java.base/java.util.concurrent.ForkJoinPool.scan(ForkJoinPool.java:1843) ~[?:?]
	at java.base/java.util.concurrent.ForkJoinPool.runWorker(ForkJoinPool.java:1808) ~[?:?]
	at java.base/java.util.concurrent.ForkJoinWorkerThread.run(ForkJoinWorkerThread.java:188) ~[?:?]
[11dic2025 14:06:20.242] [Render thread/WARN] [net.minecraft.client.renderer.texture.TextureManager/]: Failed to load texture: minecraft:textures/gui/title/background/panorama_5.png
java.nio.file.NoSuchFileException: /Users/joshua.morotti/.gradle/caches/minecraft/assets/objects/74/74703134a27a57d2de96860bca55d447759c0edc
	at java.base/sun.nio.fs.UnixException.translateToIOException(UnixException.java:92) ~[?:?]
	at java.base/sun.nio.fs.UnixException.rethrowAsIOException(UnixException.java:106) ~[?:?]
	at java.base/sun.nio.fs.UnixException.rethrowAsIOException(UnixException.java:111) ~[?:?]
	at java.base/sun.nio.fs.UnixFileSystemProvider.newByteChannel(UnixFileSystemProvider.java:261) ~[?:?]
	at java.base/java.nio.file.Files.newByteChannel(Files.java:380) ~[?:?]
	at TRANSFORMER/minecraft@1.21.1/net.minecraft.server.packs.linkfs.LinkFSProvider.newByteChannel(LinkFSProvider.java:66) ~[neoforge-21.1.194.jar%23188!/:?]
	at java.base/java.nio.file.Files.newByteChannel(Files.java:380) ~[?:?]
	at java.base/java.nio.file.Files.newByteChannel(Files.java:432) ~[?:?]
	at java.base/java.nio.file.spi.FileSystemProvider.newInputStream(FileSystemProvider.java:420) ~[?:?]
	at java.base/java.nio.file.Files.newInputStream(Files.java:160) ~[?:?]
	at TRANSFORMER/minecraft@1.21.1/net.minecraft.server.packs.resources.IoSupplier.lambda$create$0(IoSupplier.java:13) ~[neoforge-21.1.194.jar%23188!/:?]
	at TRANSFORMER/minecraft@1.21.1/net.minecraft.server.packs.resources.Resource.open(Resource.java:46) ~[neoforge-21.1.194.jar%23188!/:?]
	at TRANSFORMER/minecraft@1.21.1/net.minecraft.client.renderer.texture.SimpleTexture$TextureImage.load(SimpleTexture.java:86) ~[neoforge-21.1.194.jar%23188!/:?]
	at TRANSFORMER/minecraft@1.21.1/net.minecraft.client.renderer.texture.PreloadedTexture.lambda$new$0(PreloadedTexture.java:20) ~[neoforge-21.1.194.jar%23188!/:?]
	at java.base/java.util.concurrent.CompletableFuture$AsyncSupply.run(CompletableFuture.java:1768) ~[?:?]
	at java.base/java.util.concurrent.CompletableFuture$AsyncSupply.exec(CompletableFuture.java:1760) ~[?:?]
	at java.base/java.util.concurrent.ForkJoinTask.doExec(ForkJoinTask.java:387) ~[?:?]
	at java.base/java.util.concurrent.ForkJoinPool$WorkQueue.topLevelExec(ForkJoinPool.java:1312) ~[?:?]
	at java.base/java.util.concurrent.ForkJoinPool.scan(ForkJoinPool.java:1843) ~[?:?]
	at java.base/java.util.concurrent.ForkJoinPool.runWorker(ForkJoinPool.java:1808) ~[?:?]
	at java.base/java.util.concurrent.ForkJoinWorkerThread.run(ForkJoinWorkerThread.java:188) ~[?:?]
[11dic2025 14:06:20.242] [NeoForge Version Check/INFO] [net.neoforged.fml.VersionChecker/]: [pipez] Starting version check at https://update.maxhenkel.de/neoforge/pipez
[11dic2025 14:06:20.242] [Render thread/WARN] [net.minecraft.client.renderer.texture.TextureManager/]: Failed to load texture: minecraft:textures/gui/title/background/panorama_0.png
java.nio.file.NoSuchFileException: /Users/joshua.morotti/.gradle/caches/minecraft/assets/objects/dc/dca189017c6b77dc6e55ebfb0baca2b645b6e4cd
	at java.base/sun.nio.fs.UnixException.translateToIOException(UnixException.java:92) ~[?:?]
	at java.base/sun.nio.fs.UnixException.rethrowAsIOException(UnixException.java:106) ~[?:?]
	at java.base/sun.nio.fs.UnixException.rethrowAsIOException(UnixException.java:111) ~[?:?]
	at java.base/sun.nio.fs.UnixFileSystemProvider.newByteChannel(UnixFileSystemProvider.java:261) ~[?:?]
	at java.base/java.nio.file.Files.newByteChannel(Files.java:380) ~[?:?]
	at TRANSFORMER/minecraft@1.21.1/net.minecraft.server.packs.linkfs.LinkFSProvider.newByteChannel(LinkFSProvider.java:66) ~[neoforge-21.1.194.jar%23188!/:?]
	at java.base/java.nio.file.Files.newByteChannel(Files.java:380) ~[?:?]
	at java.base/java.nio.file.Files.newByteChannel(Files.java:432) ~[?:?]
	at java.base/java.nio.file.spi.FileSystemProvider.newInputStream(FileSystemProvider.java:420) ~[?:?]
	at java.base/java.nio.file.Files.newInputStream(Files.java:160) ~[?:?]
	at TRANSFORMER/minecraft@1.21.1/net.minecraft.server.packs.resources.IoSupplier.lambda$create$0(IoSupplier.java:13) ~[neoforge-21.1.194.jar%23188!/:?]
	at TRANSFORMER/minecraft@1.21.1/net.minecraft.server.packs.resources.Resource.open(Resource.java:46) ~[neoforge-21.1.194.jar%23188!/:?]
	at TRANSFORMER/minecraft@1.21.1/net.minecraft.client.renderer.texture.SimpleTexture$TextureImage.load(SimpleTexture.java:86) ~[neoforge-21.1.194.jar%23188!/:?]
	at TRANSFORMER/minecraft@1.21.1/net.minecraft.client.renderer.texture.PreloadedTexture.lambda$new$0(PreloadedTexture.java:20) ~[neoforge-21.1.194.jar%23188!/:?]
	at java.base/java.util.concurrent.CompletableFuture$AsyncSupply.run(CompletableFuture.java:1768) ~[?:?]
	at java.base/java.util.concurrent.CompletableFuture$AsyncSupply.exec(CompletableFuture.java:1760) ~[?:?]
	at java.base/java.util.concurrent.ForkJoinTask.doExec(ForkJoinTask.java:387) ~[?:?]
	at java.base/java.util.concurrent.ForkJoinPool$WorkQueue.topLevelExec(ForkJoinPool.java:1312) ~[?:?]
	at java.base/java.util.concurrent.ForkJoinPool.scan(ForkJoinPool.java:1843) ~[?:?]
	at java.base/java.util.concurrent.ForkJoinPool.runWorker(ForkJoinPool.java:1808) ~[?:?]
	at java.base/java.util.concurrent.ForkJoinWorkerThread.run(ForkJoinWorkerThread.java:188) ~[?:?]
[11dic2025 14:06:20.278] [Worker-Main-4/INFO] [net.minecraft.client.gui.font.providers.UnihexProvider/]: Found unifont_all_no_pua-15.1.05.hex, loading
[11dic2025 14:06:20.384] [Worker-Main-3/INFO] [net.minecraft.client.gui.font.providers.UnihexProvider/]: Found unifont_jp_patch-15.1.05.hex, loading
[11dic2025 14:06:20.679] [NeoForge Version Check/INFO] [net.neoforged.fml.VersionChecker/]: [pipez] Found status: BETA Current: 1.21.1-1.2.19 Target: 1.21.1-1.2.19
[11dic2025 14:06:20.687] [Render thread/INFO] [KubeJS/]: Started the local web server at http://localhost:61423
[11dic2025 14:06:21.616] [Worker-Main-5/WARN] [net.minecraft.client.resources.model.BlockStateModelLoader/]: Exception loading blockstate definition: 'titanium:blockstates/block_test.json' missing model for variant: 'titanium:block_test#subfacing=west'
[11dic2025 14:06:21.616] [Worker-Main-5/WARN] [net.minecraft.client.resources.model.BlockStateModelLoader/]: Exception loading blockstate definition: 'titanium:blockstates/block_test.json' missing model for variant: 'titanium:block_test#subfacing=east'
[11dic2025 14:06:21.616] [Worker-Main-5/WARN] [net.minecraft.client.resources.model.BlockStateModelLoader/]: Exception loading blockstate definition: 'titanium:blockstates/block_test.json' missing model for variant: 'titanium:block_test#subfacing=north'
[11dic2025 14:06:21.616] [Worker-Main-5/WARN] [net.minecraft.client.resources.model.BlockStateModelLoader/]: Exception loading blockstate definition: 'titanium:blockstates/block_test.json' missing model for variant: 'titanium:block_test#subfacing=south'
[11dic2025 14:06:21.616] [Worker-Main-5/WARN] [net.minecraft.client.resources.model.BlockStateModelLoader/]: Exception loading blockstate definition: 'titanium:blockstates/block_twenty_four_test.json' missing model for variant: 'titanium:block_twenty_four_test#facing=down,subfacing=west'
[11dic2025 14:06:21.617] [Worker-Main-5/WARN] [net.minecraft.client.resources.model.BlockStateModelLoader/]: Exception loading blockstate definition: 'titanium:blockstates/block_twenty_four_test.json' missing model for variant: 'titanium:block_twenty_four_test#facing=east,subfacing=south'
[11dic2025 14:06:21.617] [Worker-Main-5/WARN] [net.minecraft.client.resources.model.BlockStateModelLoader/]: Exception loading blockstate definition: 'titanium:blockstates/block_twenty_four_test.json' missing model for variant: 'titanium:block_twenty_four_test#facing=up,subfacing=south'
[11dic2025 14:06:21.617] [Worker-Main-5/WARN] [net.minecraft.client.resources.model.BlockStateModelLoader/]: Exception loading blockstate definition: 'titanium:blockstates/block_twenty_four_test.json' missing model for variant: 'titanium:block_twenty_four_test#facing=south,subfacing=north'
[11dic2025 14:06:21.617] [Worker-Main-5/WARN] [net.minecraft.client.resources.model.BlockStateModelLoader/]: Exception loading blockstate definition: 'titanium:blockstates/block_twenty_four_test.json' missing model for variant: 'titanium:block_twenty_four_test#facing=up,subfacing=north'
[11dic2025 14:06:21.617] [Worker-Main-5/WARN] [net.minecraft.client.resources.model.BlockStateModelLoader/]: Exception loading blockstate definition: 'titanium:blockstates/block_twenty_four_test.json' missing model for variant: 'titanium:block_twenty_four_test#facing=east,subfacing=north'
[11dic2025 14:06:21.617] [Worker-Main-5/WARN] [net.minecraft.client.resources.model.BlockStateModelLoader/]: Exception loading blockstate definition: 'titanium:blockstates/block_twenty_four_test.json' missing model for variant: 'titanium:block_twenty_four_test#facing=south,subfacing=south'
[11dic2025 14:06:21.617] [Worker-Main-5/WARN] [net.minecraft.client.resources.model.BlockStateModelLoader/]: Exception loading blockstate definition: 'titanium:blockstates/block_twenty_four_test.json' missing model for variant: 'titanium:block_twenty_four_test#facing=west,subfacing=south'
[11dic2025 14:06:21.617] [Worker-Main-5/WARN] [net.minecraft.client.resources.model.BlockStateModelLoader/]: Exception loading blockstate definition: 'titanium:blockstates/block_twenty_four_test.json' missing model for variant: 'titanium:block_twenty_four_test#facing=west,subfacing=north'
[11dic2025 14:06:21.617] [Worker-Main-5/WARN] [net.minecraft.client.resources.model.BlockStateModelLoader/]: Exception loading blockstate definition: 'titanium:blockstates/block_twenty_four_test.json' missing model for variant: 'titanium:block_twenty_four_test#facing=west,subfacing=west'
[11dic2025 14:06:21.617] [Worker-Main-5/WARN] [net.minecraft.client.resources.model.BlockStateModelLoader/]: Exception loading blockstate definition: 'titanium:blockstates/block_twenty_four_test.json' missing model for variant: 'titanium:block_twenty_four_test#facing=down,subfacing=south'
[11dic2025 14:06:21.617] [Worker-Main-5/WARN] [net.minecraft.client.resources.model.BlockStateModelLoader/]: Exception loading blockstate definition: 'titanium:blockstates/block_twenty_four_test.json' missing model for variant: 'titanium:block_twenty_four_test#facing=north,subfacing=south'
[11dic2025 14:06:21.617] [Worker-Main-5/WARN] [net.minecraft.client.resources.model.BlockStateModelLoader/]: Exception loading blockstate definition: 'titanium:blockstates/block_twenty_four_test.json' missing model for variant: 'titanium:block_twenty_four_test#facing=north,subfacing=west'
[11dic2025 14:06:21.618] [Worker-Main-5/WARN] [net.minecraft.client.resources.model.BlockStateModelLoader/]: Exception loading blockstate definition: 'titanium:blockstates/block_twenty_four_test.json' missing model for variant: 'titanium:block_twenty_four_test#facing=west,subfacing=east'
[11dic2025 14:06:21.618] [Worker-Main-5/WARN] [net.minecraft.client.resources.model.BlockStateModelLoader/]: Exception loading blockstate definition: 'titanium:blockstates/block_twenty_four_test.json' missing model for variant: 'titanium:block_twenty_four_test#facing=north,subfacing=east'
[11dic2025 14:06:21.618] [Worker-Main-5/WARN] [net.minecraft.client.resources.model.BlockStateModelLoader/]: Exception loading blockstate definition: 'titanium:blockstates/block_twenty_four_test.json' missing model for variant: 'titanium:block_twenty_four_test#facing=north,subfacing=north'
[11dic2025 14:06:21.618] [Worker-Main-5/WARN] [net.minecraft.client.resources.model.BlockStateModelLoader/]: Exception loading blockstate definition: 'titanium:blockstates/block_twenty_four_test.json' missing model for variant: 'titanium:block_twenty_four_test#facing=south,subfacing=east'
[11dic2025 14:06:21.618] [Worker-Main-5/WARN] [net.minecraft.client.resources.model.BlockStateModelLoader/]: Exception loading blockstate definition: 'titanium:blockstates/block_twenty_four_test.json' missing model for variant: 'titanium:block_twenty_four_test#facing=up,subfacing=west'
[11dic2025 14:06:21.619] [Worker-Main-5/WARN] [net.minecraft.client.resources.model.BlockStateModelLoader/]: Exception loading blockstate definition: 'titanium:blockstates/block_twenty_four_test.json' missing model for variant: 'titanium:block_twenty_four_test#facing=east,subfacing=west'
[11dic2025 14:06:21.619] [Worker-Main-5/WARN] [net.minecraft.client.resources.model.BlockStateModelLoader/]: Exception loading blockstate definition: 'titanium:blockstates/block_twenty_four_test.json' missing model for variant: 'titanium:block_twenty_four_test#facing=east,subfacing=east'
[11dic2025 14:06:21.619] [Worker-Main-5/WARN] [net.minecraft.client.resources.model.BlockStateModelLoader/]: Exception loading blockstate definition: 'titanium:blockstates/block_twenty_four_test.json' missing model for variant: 'titanium:block_twenty_four_test#facing=down,subfacing=north'
[11dic2025 14:06:21.619] [Worker-Main-5/WARN] [net.minecraft.client.resources.model.BlockStateModelLoader/]: Exception loading blockstate definition: 'titanium:blockstates/block_twenty_four_test.json' missing model for variant: 'titanium:block_twenty_four_test#facing=down,subfacing=east'
[11dic2025 14:06:21.619] [Worker-Main-5/WARN] [net.minecraft.client.resources.model.BlockStateModelLoader/]: Exception loading blockstate definition: 'titanium:blockstates/block_twenty_four_test.json' missing model for variant: 'titanium:block_twenty_four_test#facing=up,subfacing=east'
[11dic2025 14:06:21.619] [Worker-Main-5/WARN] [net.minecraft.client.resources.model.BlockStateModelLoader/]: Exception loading blockstate definition: 'titanium:blockstates/block_twenty_four_test.json' missing model for variant: 'titanium:block_twenty_four_test#facing=south,subfacing=west'
[11dic2025 14:06:21.619] [Worker-Main-5/WARN] [net.minecraft.client.resources.model.BlockStateModelLoader/]: Exception loading blockstate definition: 'titanium:blockstates/block_asset_test.json' missing model for variant: 'titanium:block_asset_test#subfacing=north'
[11dic2025 14:06:21.619] [Worker-Main-5/WARN] [net.minecraft.client.resources.model.BlockStateModelLoader/]: Exception loading blockstate definition: 'titanium:blockstates/block_asset_test.json' missing model for variant: 'titanium:block_asset_test#subfacing=west'
[11dic2025 14:06:21.619] [Worker-Main-5/WARN] [net.minecraft.client.resources.model.BlockStateModelLoader/]: Exception loading blockstate definition: 'titanium:blockstates/block_asset_test.json' missing model for variant: 'titanium:block_asset_test#subfacing=east'
[11dic2025 14:06:21.620] [Worker-Main-5/WARN] [net.minecraft.client.resources.model.BlockStateModelLoader/]: Exception loading blockstate definition: 'titanium:blockstates/block_asset_test.json' missing model for variant: 'titanium:block_asset_test#subfacing=south'
[11dic2025 14:06:21.620] [Worker-Main-5/WARN] [net.minecraft.client.resources.model.BlockStateModelLoader/]: Exception loading blockstate definition: 'titanium:blockstates/machine_test.json' missing model for variant: 'titanium:machine_test#'
[11dic2025 14:06:21.621] [Worker-Main-5/WARN] [net.minecraft.client.resources.model.BlockStateModelLoader/]: Exception loading blockstate definition: 'titanium:blockstates/creative_generator.json' missing model for variant: 'titanium:creative_generator#'
[11dic2025 14:06:21.673] [Worker-Main-5/WARN] [net.minecraft.client.resources.model.ModelBakery/]: Unable to load model: 'titanium:item/creative_generator' referenced from: titanium:item/creative_generator: java.io.FileNotFoundException: titanium:models/item/creative_generator.json
[11dic2025 14:06:21.675] [Worker-Main-5/WARN] [net.minecraft.client.resources.model.ModelBakery/]: Unable to load model: 'titanium:item/block_test' referenced from: titanium:item/block_test: java.io.FileNotFoundException: titanium:models/item/block_test.json
[11dic2025 14:06:21.676] [Worker-Main-5/WARN] [net.minecraft.client.resources.model.ModelBakery/]: Unable to load model: 'titanium:item/block_asset_test' referenced from: titanium:item/block_asset_test: java.io.FileNotFoundException: titanium:models/item/block_asset_test.json
[11dic2025 14:06:21.678] [Worker-Main-5/WARN] [net.minecraft.client.resources.model.ModelBakery/]: Unable to load model: 'titanium:item/machine_test' referenced from: titanium:item/machine_test: java.io.FileNotFoundException: titanium:models/item/machine_test.json
[11dic2025 14:06:21.679] [Worker-Main-5/WARN] [net.minecraft.client.resources.model.ModelBakery/]: Unable to load model: 'titanium:item/block_twenty_four_test' referenced from: titanium:item/block_twenty_four_test: java.io.FileNotFoundException: titanium:models/item/block_twenty_four_test.json
[11dic2025 14:06:22.476] [Worker-Main-8/INFO] [owo/]: Services frozen by 'io.wispforest.owo.Owo'
[11dic2025 14:06:22.494] [Worker-Main-5/INFO] [snownee.jade.Jade/]: Start loading plugin from snownee.jade.addon.vanilla.VanillaPlugin
[11dic2025 14:06:22.513] [Worker-Main-5/INFO] [snownee.jade.Jade/]: Bootstrapped plugin from snownee.jade.addon.vanilla.VanillaPlugin in 16.99 ms
[11dic2025 14:06:22.517] [Worker-Main-5/INFO] [snownee.jade.Jade/]: Loaded plugin from snownee.jade.addon.vanilla.VanillaPlugin in 21.20 ms
[11dic2025 14:06:22.517] [Worker-Main-5/INFO] [snownee.jade.Jade/]: Start loading plugin from snownee.jade.addon.universal.UniversalPlugin
[11dic2025 14:06:22.519] [Worker-Main-5/INFO] [snownee.jade.Jade/]: Bootstrapped plugin from snownee.jade.addon.universal.UniversalPlugin in 1.742 ms
[11dic2025 14:06:22.519] [Worker-Main-5/INFO] [snownee.jade.Jade/]: Loaded plugin from snownee.jade.addon.universal.UniversalPlugin in 1.906 ms
[11dic2025 14:06:22.519] [Worker-Main-5/INFO] [snownee.jade.Jade/]: Start loading plugin from snownee.jade.addon.debug.DebugPlugin
[11dic2025 14:06:22.520] [Worker-Main-5/INFO] [snownee.jade.Jade/]: Bootstrapped plugin from snownee.jade.addon.debug.DebugPlugin in 712.3 μs
[11dic2025 14:06:22.521] [Worker-Main-5/INFO] [snownee.jade.Jade/]: Loaded plugin from snownee.jade.addon.debug.DebugPlugin in 903.6 μs
[11dic2025 14:06:22.521] [Worker-Main-5/INFO] [snownee.jade.Jade/]: Start loading plugin from snownee.jade.addon.core.CorePlugin
[11dic2025 14:06:22.522] [Worker-Main-5/INFO] [snownee.jade.Jade/]: Bootstrapped plugin from snownee.jade.addon.core.CorePlugin in 1.475 ms
[11dic2025 14:06:22.523] [Worker-Main-5/INFO] [snownee.jade.Jade/]: Loaded plugin from snownee.jade.addon.core.CorePlugin in 1.653 ms
[11dic2025 14:06:22.523] [Worker-Main-5/INFO] [snownee.jade.Jade/]: Start loading plugin from snownee.jade.addon.access.AccessibilityPlugin
[11dic2025 14:06:22.524] [Worker-Main-5/INFO] [snownee.jade.Jade/]: Bootstrapped plugin from snownee.jade.addon.access.AccessibilityPlugin in 1.016 ms
[11dic2025 14:06:22.524] [Worker-Main-5/INFO] [snownee.jade.Jade/]: Loaded plugin from snownee.jade.addon.access.AccessibilityPlugin in 1.113 ms
[11dic2025 14:06:22.524] [Worker-Main-5/INFO] [snownee.jade.Jade/]: Start loading plugin from mekanism.common.integration.lookingat.jade.MekanismJadePlugin
[11dic2025 14:06:22.529] [Worker-Main-5/INFO] [snownee.jade.Jade/]: Bootstrapped plugin from mekanism.common.integration.lookingat.jade.MekanismJadePlugin in 4.362 ms
[11dic2025 14:06:22.529] [Worker-Main-5/INFO] [snownee.jade.Jade/]: Loaded plugin from mekanism.common.integration.lookingat.jade.MekanismJadePlugin in 5.086 ms
[11dic2025 14:06:22.530] [Worker-Main-5/INFO] [snownee.jade.Jade/]: Start loading plugin from de.maxhenkel.pipez.integration.waila.PluginPipes
[11dic2025 14:06:22.530] [Worker-Main-5/INFO] [snownee.jade.Jade/]: Bootstrapped plugin from de.maxhenkel.pipez.integration.waila.PluginPipes in 403.4 μs
[11dic2025 14:06:22.531] [Worker-Main-5/INFO] [snownee.jade.Jade/]: Loaded plugin from de.maxhenkel.pipez.integration.waila.PluginPipes in 555.4 μs
[11dic2025 14:06:22.562] [Render thread/INFO] [KubeJS Startup/]: Capturing errors for startup scripts disabled
[11dic2025 14:06:22.562] [Render thread/INFO] [KubeJS Client/]: Capturing errors for client scripts disabled
[11dic2025 14:06:22.652] [Render thread/INFO] [com.lumengrid.pipezretriever.PipezRetriever/]: Pipez Retriever network messages registered
[11dic2025 14:06:22.690] [Render thread/WARN] [net.minecraft.client.resources.language.ClientLanguage/]: Failed to load translations for en_us from pack vanilla
java.nio.file.NoSuchFileException: /Users/joshua.morotti/.gradle/caches/minecraft/assets/objects/a1/a1260ad0107b49e9ea070a1ed87934b50d6caefd
	at java.base/sun.nio.fs.UnixException.translateToIOException(UnixException.java:92) ~[?:?]
	at java.base/sun.nio.fs.UnixException.rethrowAsIOException(UnixException.java:106) ~[?:?]
	at java.base/sun.nio.fs.UnixException.rethrowAsIOException(UnixException.java:111) ~[?:?]
	at java.base/sun.nio.fs.UnixFileSystemProvider.newByteChannel(UnixFileSystemProvider.java:261) ~[?:?]
	at java.base/java.nio.file.Files.newByteChannel(Files.java:380) ~[?:?]
	at TRANSFORMER/minecraft@1.21.1/net.minecraft.server.packs.linkfs.LinkFSProvider.newByteChannel(LinkFSProvider.java:66) ~[neoforge-21.1.194.jar%23188!/:?]
	at java.base/java.nio.file.Files.newByteChannel(Files.java:380) ~[?:?]
	at java.base/java.nio.file.Files.newByteChannel(Files.java:432) ~[?:?]
	at java.base/java.nio.file.spi.FileSystemProvider.newInputStream(FileSystemProvider.java:420) ~[?:?]
	at java.base/java.nio.file.Files.newInputStream(Files.java:160) ~[?:?]
	at TRANSFORMER/minecraft@1.21.1/net.minecraft.server.packs.resources.IoSupplier.lambda$create$0(IoSupplier.java:13) ~[neoforge-21.1.194.jar%23188!/:?]
	at TRANSFORMER/minecraft@1.21.1/net.minecraft.server.packs.resources.Resource.open(Resource.java:46) ~[neoforge-21.1.194.jar%23188!/:?]
	at TRANSFORMER/minecraft@1.21.1/net.minecraft.client.resources.language.ClientLanguage.appendFrom(ClientLanguage.java:67) ~[neoforge-21.1.194.jar%23188!/:?]
	at TRANSFORMER/minecraft@1.21.1/net.minecraft.client.resources.language.ClientLanguage.loadFrom(ClientLanguage.java:50) ~[neoforge-21.1.194.jar%23188!/:?]
	at TRANSFORMER/minecraft@1.21.1/net.minecraft.client.resources.language.LanguageManager.onResourceManagerReload(LanguageManager.java:66) ~[neoforge-21.1.194.jar%23188!/:?]
	at TRANSFORMER/minecraft@1.21.1/net.minecraft.server.packs.resources.ResourceManagerReloadListener.lambda$reload$0(ResourceManagerReloadListener.java:21) ~[neoforge-21.1.194.jar%23188!/:?]
	at java.base/java.util.concurrent.CompletableFuture$UniRun.tryFire(CompletableFuture.java:787) ~[?:?]
	at java.base/java.util.concurrent.CompletableFuture$Completion.run(CompletableFuture.java:482) ~[?:?]
	at TRANSFORMER/minecraft@1.21.1/net.minecraft.server.packs.resources.SimpleReloadInstance.lambda$new$3(SimpleReloadInstance.java:86) ~[neoforge-21.1.194.jar%23188!/:?]
	at TRANSFORMER/minecraft@1.21.1/net.minecraft.util.thread.BlockableEventLoop.doRunTask(BlockableEventLoop.java:151) ~[neoforge-21.1.194.jar%23188!/:?]
	at TRANSFORMER/minecraft@1.21.1/net.minecraft.util.thread.ReentrantBlockableEventLoop.doRunTask(ReentrantBlockableEventLoop.java:24) ~[neoforge-21.1.194.jar%23188!/:?]
	at TRANSFORMER/minecraft@1.21.1/net.minecraft.util.thread.BlockableEventLoop.pollTask(BlockableEventLoop.java:122) ~[neoforge-21.1.194.jar%23188!/:?]
	at TRANSFORMER/minecraft@1.21.1/net.minecraft.util.thread.BlockableEventLoop.runAllTasks(BlockableEventLoop.java:111) ~[neoforge-21.1.194.jar%23188!/:?]
	at TRANSFORMER/minecraft@1.21.1/net.minecraft.client.Minecraft.runTick(Minecraft.java:1161) ~[neoforge-21.1.194.jar%23188!/:?]
	at TRANSFORMER/minecraft@1.21.1/net.minecraft.client.Minecraft.run(Minecraft.java:813) ~[neoforge-21.1.194.jar%23188!/:?]
	at TRANSFORMER/minecraft@1.21.1/net.minecraft.client.main.Main.main(Main.java:230) ~[neoforge-21.1.194.jar%23188!/:?]
	at java.base/jdk.internal.reflect.DirectMethodHandleAccessor.invoke(DirectMethodHandleAccessor.java:103) ~[?:?]
	at java.base/java.lang.reflect.Method.invoke(Method.java:580) ~[?:?]
	at MC-BOOTSTRAP/fml_loader@4.0.41/net.neoforged.fml.loading.targets.CommonLaunchHandler.runTarget(CommonLaunchHandler.java:136) ~[loader-4.0.41.jar%23142!/:4.0]
	at MC-BOOTSTRAP/fml_loader@4.0.41/net.neoforged.fml.loading.targets.CommonLaunchHandler.clientService(CommonLaunchHandler.java:124) ~[loader-4.0.41.jar%23142!/:4.0]
	at MC-BOOTSTRAP/fml_loader@4.0.41/net.neoforged.fml.loading.targets.NeoForgeClientDevLaunchHandler.runService(NeoForgeClientDevLaunchHandler.java:23) ~[loader-4.0.41.jar%23142!/:4.0]
	at MC-BOOTSTRAP/fml_loader@4.0.41/net.neoforged.fml.loading.targets.CommonLaunchHandler.lambda$launchService$4(CommonLaunchHandler.java:118) ~[loader-4.0.41.jar%23142!/:4.0]
	at MC-BOOTSTRAP/cpw.mods.modlauncher@11.0.5/cpw.mods.modlauncher.LaunchServiceHandlerDecorator.launch(LaunchServiceHandlerDecorator.java:30) [modlauncher-11.0.5.jar%23124!/:?]
	at MC-BOOTSTRAP/cpw.mods.modlauncher@11.0.5/cpw.mods.modlauncher.LaunchServiceHandler.launch(LaunchServiceHandler.java:53) [modlauncher-11.0.5.jar%23124!/:?]
	at MC-BOOTSTRAP/cpw.mods.modlauncher@11.0.5/cpw.mods.modlauncher.LaunchServiceHandler.launch(LaunchServiceHandler.java:71) [modlauncher-11.0.5.jar%23124!/:?]
	at MC-BOOTSTRAP/cpw.mods.modlauncher@11.0.5/cpw.mods.modlauncher.Launcher.run(Launcher.java:103) [modlauncher-11.0.5.jar%23124!/:?]
	at MC-BOOTSTRAP/cpw.mods.modlauncher@11.0.5/cpw.mods.modlauncher.Launcher.main(Launcher.java:74) [modlauncher-11.0.5.jar%23124!/:?]
	at MC-BOOTSTRAP/cpw.mods.modlauncher@11.0.5/cpw.mods.modlauncher.BootstrapLaunchConsumer.accept(BootstrapLaunchConsumer.java:26) [modlauncher-11.0.5.jar%23124!/:?]
	at MC-BOOTSTRAP/cpw.mods.modlauncher@11.0.5/cpw.mods.modlauncher.BootstrapLaunchConsumer.accept(BootstrapLaunchConsumer.java:23) [modlauncher-11.0.5.jar%23124!/:?]
	at cpw.mods.bootstraplauncher@2.0.2/cpw.mods.bootstraplauncher.BootstrapLauncher.run(BootstrapLauncher.java:210) [bootstraplauncher-2.0.2.jar:?]
	at cpw.mods.bootstraplauncher@2.0.2/cpw.mods.bootstraplauncher.BootstrapLauncher.main(BootstrapLauncher.java:69) [bootstraplauncher-2.0.2.jar:?]
[11dic2025 14:06:22.717] [Render thread/WARN] [net.minecraft.client.sounds.SoundEngine/]: Missing sound for event: minecraft:item.goat_horn.play
[11dic2025 14:06:22.717] [Render thread/WARN] [net.minecraft.client.sounds.SoundEngine/]: Missing sound for event: minecraft:entity.goat.screaming.horn_break
[11dic2025 14:06:22.824] [Render thread/INFO] [com.mojang.blaze3d.audio.Library/]: OpenAL initialized on device Altoparlanti MacBook Pro
[11dic2025 14:06:22.826] [Render thread/INFO] [net.minecraft.client.sounds.SoundEngine/SOUNDS]: Sound engine started
[11dic2025 14:06:22.920] [Render thread/INFO] [net.minecraft.client.renderer.texture.TextureAtlas/]: Created: 1024x1024x4 minecraft:textures/atlas/blocks.png-atlas
[11dic2025 14:06:22.944] [Render thread/INFO] [net.minecraft.client.renderer.texture.TextureAtlas/]: Created: 256x256x4 minecraft:textures/atlas/signs.png-atlas
[11dic2025 14:06:22.945] [Render thread/INFO] [net.minecraft.client.renderer.texture.TextureAtlas/]: Created: 512x512x4 minecraft:textures/atlas/shield_patterns.png-atlas
[11dic2025 14:06:22.946] [Render thread/INFO] [net.minecraft.client.renderer.texture.TextureAtlas/]: Created: 512x512x4 minecraft:textures/atlas/banner_patterns.png-atlas
[11dic2025 14:06:22.946] [Render thread/INFO] [net.minecraft.client.renderer.texture.TextureAtlas/]: Created: 1024x1024x4 minecraft:textures/atlas/armor_trims.png-atlas
[11dic2025 14:06:22.953] [Render thread/INFO] [net.minecraft.client.renderer.texture.TextureAtlas/]: Created: 128x64x4 minecraft:textures/atlas/decorated_pot.png-atlas
[11dic2025 14:06:22.954] [Render thread/INFO] [net.minecraft.client.renderer.texture.TextureAtlas/]: Created: 256x256x4 minecraft:textures/atlas/chest.png-atlas
[11dic2025 14:06:22.954] [Render thread/INFO] [net.minecraft.client.renderer.texture.TextureAtlas/]: Created: 512x256x4 minecraft:textures/atlas/shulker_boxes.png-atlas
[11dic2025 14:06:22.955] [Render thread/INFO] [net.minecraft.client.renderer.texture.TextureAtlas/]: Created: 512x256x4 minecraft:textures/atlas/beds.png-atlas
[11dic2025 14:06:23.038] [Render thread/INFO] [net.minecraft.client.renderer.texture.TextureAtlas/]: Created: 512x256x0 minecraft:textures/atlas/particles.png-atlas
[11dic2025 14:06:23.040] [Render thread/INFO] [net.minecraft.client.renderer.texture.TextureAtlas/]: Created: 512x256x0 minecraft:textures/atlas/paintings.png-atlas
[11dic2025 14:06:23.040] [Render thread/INFO] [net.minecraft.client.renderer.texture.TextureAtlas/]: Created: 256x128x0 minecraft:textures/atlas/mob_effects.png-atlas
[11dic2025 14:06:23.041] [Render thread/INFO] [net.minecraft.client.renderer.texture.TextureAtlas/]: Created: 64x64x0 minecraft:textures/atlas/map_decorations.png-atlas
[11dic2025 14:06:23.041] [Render thread/INFO] [net.minecraft.client.renderer.texture.TextureAtlas/]: Created: 1024x512x0 minecraft:textures/atlas/gui.png-atlas
[11dic2025 14:06:23.086] [Render thread/WARN] [net.minecraft.client.renderer.ShaderInstance/]: Shader rendertype_entity_translucent_emissive could not find sampler named Sampler2 in the specified shader program.
[11dic2025 14:06:23.189] [Render thread/INFO] [net.minecraft.client.renderer.texture.TextureAtlas/]: Created: 256x256x0 jei:textures/atlas/gui.png-atlas
[11dic2025 14:06:23.190] [Render thread/INFO] [net.minecraft.client.renderer.texture.TextureAtlas/]: Created: 512x256x0 mekanism:textures/atlas/robit.png-atlas
[11dic2025 14:06:23.193] [Render thread/INFO] [net.neoforged.neoforge.client.entity.animation.json.AnimationLoader/]: Loaded 0 entity animations
[11dic2025 14:06:23.193] [Render thread/INFO] [guideme.internal.GuideReloadListener/]: Data driven guides: []
[11dic2025 14:06:24.253] [Render thread/WARN] [net.minecraft.client.renderer.texture.TextureManager/]: Failed to load texture: minecraft:textures/gui/title/background/panorama_0.png
java.nio.file.NoSuchFileException: /Users/joshua.morotti/.gradle/caches/minecraft/assets/objects/dc/dca189017c6b77dc6e55ebfb0baca2b645b6e4cd
	at java.base/sun.nio.fs.UnixException.translateToIOException(UnixException.java:92) ~[?:?]
	at java.base/sun.nio.fs.UnixException.rethrowAsIOException(UnixException.java:106) ~[?:?]
	at java.base/sun.nio.fs.UnixException.rethrowAsIOException(UnixException.java:111) ~[?:?]
	at java.base/sun.nio.fs.UnixFileSystemProvider.newByteChannel(UnixFileSystemProvider.java:261) ~[?:?]
	at java.base/java.nio.file.Files.newByteChannel(Files.java:380) ~[?:?]
	at TRANSFORMER/minecraft@1.21.1/net.minecraft.server.packs.linkfs.LinkFSProvider.newByteChannel(LinkFSProvider.java:66) ~[neoforge-21.1.194.jar%23188!/:?]
	at java.base/java.nio.file.Files.newByteChannel(Files.java:380) ~[?:?]
	at java.base/java.nio.file.Files.newByteChannel(Files.java:432) ~[?:?]
	at java.base/java.nio.file.spi.FileSystemProvider.newInputStream(FileSystemProvider.java:420) ~[?:?]
	at java.base/java.nio.file.Files.newInputStream(Files.java:160) ~[?:?]
	at TRANSFORMER/minecraft@1.21.1/net.minecraft.server.packs.resources.IoSupplier.lambda$create$0(IoSupplier.java:13) ~[neoforge-21.1.194.jar%23188!/:?]
	at TRANSFORMER/minecraft@1.21.1/net.minecraft.server.packs.resources.Resource.open(Resource.java:46) ~[neoforge-21.1.194.jar%23188!/:?]
	at TRANSFORMER/minecraft@1.21.1/net.minecraft.client.renderer.texture.SimpleTexture$TextureImage.load(SimpleTexture.java:86) ~[neoforge-21.1.194.jar%23188!/:?]
	at TRANSFORMER/minecraft@1.21.1/net.minecraft.client.renderer.texture.SimpleTexture.getTextureImage(SimpleTexture.java:57) ~[neoforge-21.1.194.jar%23188!/:?]
	at TRANSFORMER/minecraft@1.21.1/net.minecraft.client.renderer.texture.SimpleTexture.load(SimpleTexture.java:30) ~[neoforge-21.1.194.jar%23188!/:?]
	at TRANSFORMER/minecraft@1.21.1/net.minecraft.client.renderer.texture.TextureManager.loadTexture(TextureManager.java:92) ~[neoforge-21.1.194.jar%23188!/:?]
	at TRANSFORMER/minecraft@1.21.1/net.minecraft.client.renderer.texture.TextureManager.register(TextureManager.java:63) ~[neoforge-21.1.194.jar%23188!/:?]
	at TRANSFORMER/minecraft@1.21.1/net.minecraft.client.renderer.texture.TextureManager.getTexture(TextureManager.java:113) ~[neoforge-21.1.194.jar%23188!/:?]
	at TRANSFORMER/minecraft@1.21.1/com.mojang.blaze3d.systems.RenderSystem._setShaderTexture(RenderSystem.java:725) ~[neoforge-21.1.194.jar%23188!/:?]
	at TRANSFORMER/minecraft@1.21.1/com.mojang.blaze3d.systems.RenderSystem.setShaderTexture(RenderSystem.java:718) ~[neoforge-21.1.194.jar%23188!/:?]
	at TRANSFORMER/minecraft@1.21.1/net.minecraft.client.renderer.CubeMap.render(CubeMap.java:57) ~[neoforge-21.1.194.jar%23188!/:?]
	at TRANSFORMER/minecraft@1.21.1/net.minecraft.client.renderer.PanoramaRenderer.render(PanoramaRenderer.java:31) ~[neoforge-21.1.194.jar%23188!/:?]
	at TRANSFORMER/minecraft@1.21.1/net.minecraft.client.gui.screens.TitleScreen.renderPanorama(TitleScreen.java:352) ~[neoforge-21.1.194.jar%23188!/:?]
	at TRANSFORMER/minecraft@1.21.1/net.minecraft.client.gui.screens.TitleScreen.render(TitleScreen.java:303) ~[neoforge-21.1.194.jar%23188!/:?]
	at TRANSFORMER/neoforge@21.1.194/net.neoforged.neoforge.client.loading.NeoForgeLoadingOverlay.render(NeoForgeLoadingOverlay.java:78) ~[neoforge-21.1.194.jar%23189!/:?]
	at TRANSFORMER/minecraft@1.21.1/net.minecraft.client.renderer.GameRenderer.render(GameRenderer.java:1087) ~[neoforge-21.1.194.jar%23188!/:?]
	at TRANSFORMER/minecraft@1.21.1/net.minecraft.client.Minecraft.runTick(Minecraft.java:1201) ~[neoforge-21.1.194.jar%23188!/:?]
	at TRANSFORMER/minecraft@1.21.1/net.minecraft.client.Minecraft.run(Minecraft.java:813) ~[neoforge-21.1.194.jar%23188!/:?]
	at TRANSFORMER/minecraft@1.21.1/net.minecraft.client.main.Main.main(Main.java:230) ~[neoforge-21.1.194.jar%23188!/:?]
	at java.base/jdk.internal.reflect.DirectMethodHandleAccessor.invoke(DirectMethodHandleAccessor.java:103) ~[?:?]
	at java.base/java.lang.reflect.Method.invoke(Method.java:580) ~[?:?]
	at MC-BOOTSTRAP/fml_loader@4.0.41/net.neoforged.fml.loading.targets.CommonLaunchHandler.runTarget(CommonLaunchHandler.java:136) ~[loader-4.0.41.jar%23142!/:4.0]
	at MC-BOOTSTRAP/fml_loader@4.0.41/net.neoforged.fml.loading.targets.CommonLaunchHandler.clientService(CommonLaunchHandler.java:124) ~[loader-4.0.41.jar%23142!/:4.0]
	at MC-BOOTSTRAP/fml_loader@4.0.41/net.neoforged.fml.loading.targets.NeoForgeClientDevLaunchHandler.runService(NeoForgeClientDevLaunchHandler.java:23) ~[loader-4.0.41.jar%23142!/:4.0]
	at MC-BOOTSTRAP/fml_loader@4.0.41/net.neoforged.fml.loading.targets.CommonLaunchHandler.lambda$launchService$4(CommonLaunchHandler.java:118) ~[loader-4.0.41.jar%23142!/:4.0]
	at MC-BOOTSTRAP/cpw.mods.modlauncher@11.0.5/cpw.mods.modlauncher.LaunchServiceHandlerDecorator.launch(LaunchServiceHandlerDecorator.java:30) [modlauncher-11.0.5.jar%23124!/:?]
	at MC-BOOTSTRAP/cpw.mods.modlauncher@11.0.5/cpw.mods.modlauncher.LaunchServiceHandler.launch(LaunchServiceHandler.java:53) [modlauncher-11.0.5.jar%23124!/:?]
	at MC-BOOTSTRAP/cpw.mods.modlauncher@11.0.5/cpw.mods.modlauncher.LaunchServiceHandler.launch(LaunchServiceHandler.java:71) [modlauncher-11.0.5.jar%23124!/:?]
	at MC-BOOTSTRAP/cpw.mods.modlauncher@11.0.5/cpw.mods.modlauncher.Launcher.run(Launcher.java:103) [modlauncher-11.0.5.jar%23124!/:?]
	at MC-BOOTSTRAP/cpw.mods.modlauncher@11.0.5/cpw.mods.modlauncher.Launcher.main(Launcher.java:74) [modlauncher-11.0.5.jar%23124!/:?]
	at MC-BOOTSTRAP/cpw.mods.modlauncher@11.0.5/cpw.mods.modlauncher.BootstrapLaunchConsumer.accept(BootstrapLaunchConsumer.java:26) [modlauncher-11.0.5.jar%23124!/:?]
	at MC-BOOTSTRAP/cpw.mods.modlauncher@11.0.5/cpw.mods.modlauncher.BootstrapLaunchConsumer.accept(BootstrapLaunchConsumer.java:23) [modlauncher-11.0.5.jar%23124!/:?]
	at cpw.mods.bootstraplauncher@2.0.2/cpw.mods.bootstraplauncher.BootstrapLauncher.run(BootstrapLauncher.java:210) [bootstraplauncher-2.0.2.jar:?]
	at cpw.mods.bootstraplauncher@2.0.2/cpw.mods.bootstraplauncher.BootstrapLauncher.main(BootstrapLauncher.java:69) [bootstraplauncher-2.0.2.jar:?]
[11dic2025 14:06:24.255] [Render thread/WARN] [net.minecraft.client.renderer.texture.TextureManager/]: Failed to load texture: minecraft:textures/gui/title/background/panorama_1.png
java.nio.file.NoSuchFileException: /Users/joshua.morotti/.gradle/caches/minecraft/assets/objects/97/97d080a6827e54904eb7bbe0f04df20eb9070d1a
	at java.base/sun.nio.fs.UnixException.translateToIOException(UnixException.java:92) ~[?:?]
	at java.base/sun.nio.fs.UnixException.rethrowAsIOException(UnixException.java:106) ~[?:?]
	at java.base/sun.nio.fs.UnixException.rethrowAsIOException(UnixException.java:111) ~[?:?]
	at java.base/sun.nio.fs.UnixFileSystemProvider.newByteChannel(UnixFileSystemProvider.java:261) ~[?:?]
	at java.base/java.nio.file.Files.newByteChannel(Files.java:380) ~[?:?]
	at TRANSFORMER/minecraft@1.21.1/net.minecraft.server.packs.linkfs.LinkFSProvider.newByteChannel(LinkFSProvider.java:66) ~[neoforge-21.1.194.jar%23188!/:?]
	at java.base/java.nio.file.Files.newByteChannel(Files.java:380) ~[?:?]
	at java.base/java.nio.file.Files.newByteChannel(Files.java:432) ~[?:?]
	at java.base/java.nio.file.spi.FileSystemProvider.newInputStream(FileSystemProvider.java:420) ~[?:?]
	at java.base/java.nio.file.Files.newInputStream(Files.java:160) ~[?:?]
	at TRANSFORMER/minecraft@1.21.1/net.minecraft.server.packs.resources.IoSupplier.lambda$create$0(IoSupplier.java:13) ~[neoforge-21.1.194.jar%23188!/:?]
	at TRANSFORMER/minecraft@1.21.1/net.minecraft.server.packs.resources.Resource.open(Resource.java:46) ~[neoforge-21.1.194.jar%23188!/:?]
	at TRANSFORMER/minecraft@1.21.1/net.minecraft.client.renderer.texture.SimpleTexture$TextureImage.load(SimpleTexture.java:86) ~[neoforge-21.1.194.jar%23188!/:?]
	at TRANSFORMER/minecraft@1.21.1/net.minecraft.client.renderer.texture.SimpleTexture.getTextureImage(SimpleTexture.java:57) ~[neoforge-21.1.194.jar%23188!/:?]
	at TRANSFORMER/minecraft@1.21.1/net.minecraft.client.renderer.texture.SimpleTexture.load(SimpleTexture.java:30) ~[neoforge-21.1.194.jar%23188!/:?]
	at TRANSFORMER/minecraft@1.21.1/net.minecraft.client.renderer.texture.TextureManager.loadTexture(TextureManager.java:92) ~[neoforge-21.1.194.jar%23188!/:?]
	at TRANSFORMER/minecraft@1.21.1/net.minecraft.client.renderer.texture.TextureManager.register(TextureManager.java:63) ~[neoforge-21.1.194.jar%23188!/:?]
	at TRANSFORMER/minecraft@1.21.1/net.minecraft.client.renderer.texture.TextureManager.getTexture(TextureManager.java:113) ~[neoforge-21.1.194.jar%23188!/:?]
	at TRANSFORMER/minecraft@1.21.1/com.mojang.blaze3d.systems.RenderSystem._setShaderTexture(RenderSystem.java:725) ~[neoforge-21.1.194.jar%23188!/:?]
	at TRANSFORMER/minecraft@1.21.1/com.mojang.blaze3d.systems.RenderSystem.setShaderTexture(RenderSystem.java:718) ~[neoforge-21.1.194.jar%23188!/:?]
	at TRANSFORMER/minecraft@1.21.1/net.minecraft.client.renderer.CubeMap.render(CubeMap.java:57) ~[neoforge-21.1.194.jar%23188!/:?]
	at TRANSFORMER/minecraft@1.21.1/net.minecraft.client.renderer.PanoramaRenderer.render(PanoramaRenderer.java:31) ~[neoforge-21.1.194.jar%23188!/:?]
	at TRANSFORMER/minecraft@1.21.1/net.minecraft.client.gui.screens.TitleScreen.renderPanorama(TitleScreen.java:352) ~[neoforge-21.1.194.jar%23188!/:?]
	at TRANSFORMER/minecraft@1.21.1/net.minecraft.client.gui.screens.TitleScreen.render(TitleScreen.java:303) ~[neoforge-21.1.194.jar%23188!/:?]
	at TRANSFORMER/neoforge@21.1.194/net.neoforged.neoforge.client.loading.NeoForgeLoadingOverlay.render(NeoForgeLoadingOverlay.java:78) ~[neoforge-21.1.194.jar%23189!/:?]
	at TRANSFORMER/minecraft@1.21.1/net.minecraft.client.renderer.GameRenderer.render(GameRenderer.java:1087) ~[neoforge-21.1.194.jar%23188!/:?]
	at TRANSFORMER/minecraft@1.21.1/net.minecraft.client.Minecraft.runTick(Minecraft.java:1201) ~[neoforge-21.1.194.jar%23188!/:?]
	at TRANSFORMER/minecraft@1.21.1/net.minecraft.client.Minecraft.run(Minecraft.java:813) ~[neoforge-21.1.194.jar%23188!/:?]
	at TRANSFORMER/minecraft@1.21.1/net.minecraft.client.main.Main.main(Main.java:230) ~[neoforge-21.1.194.jar%23188!/:?]
	at java.base/jdk.internal.reflect.DirectMethodHandleAccessor.invoke(DirectMethodHandleAccessor.java:103) ~[?:?]
	at java.base/java.lang.reflect.Method.invoke(Method.java:580) ~[?:?]
	at MC-BOOTSTRAP/fml_loader@4.0.41/net.neoforged.fml.loading.targets.CommonLaunchHandler.runTarget(CommonLaunchHandler.java:136) ~[loader-4.0.41.jar%23142!/:4.0]
	at MC-BOOTSTRAP/fml_loader@4.0.41/net.neoforged.fml.loading.targets.CommonLaunchHandler.clientService(CommonLaunchHandler.java:124) ~[loader-4.0.41.jar%23142!/:4.0]
	at MC-BOOTSTRAP/fml_loader@4.0.41/net.neoforged.fml.loading.targets.NeoForgeClientDevLaunchHandler.runService(NeoForgeClientDevLaunchHandler.java:23) ~[loader-4.0.41.jar%23142!/:4.0]
	at MC-BOOTSTRAP/fml_loader@4.0.41/net.neoforged.fml.loading.targets.CommonLaunchHandler.lambda$launchService$4(CommonLaunchHandler.java:118) ~[loader-4.0.41.jar%23142!/:4.0]
	at MC-BOOTSTRAP/cpw.mods.modlauncher@11.0.5/cpw.mods.modlauncher.LaunchServiceHandlerDecorator.launch(LaunchServiceHandlerDecorator.java:30) [modlauncher-11.0.5.jar%23124!/:?]
	at MC-BOOTSTRAP/cpw.mods.modlauncher@11.0.5/cpw.mods.modlauncher.LaunchServiceHandler.launch(LaunchServiceHandler.java:53) [modlauncher-11.0.5.jar%23124!/:?]
	at MC-BOOTSTRAP/cpw.mods.modlauncher@11.0.5/cpw.mods.modlauncher.LaunchServiceHandler.launch(LaunchServiceHandler.java:71) [modlauncher-11.0.5.jar%23124!/:?]
	at MC-BOOTSTRAP/cpw.mods.modlauncher@11.0.5/cpw.mods.modlauncher.Launcher.run(Launcher.java:103) [modlauncher-11.0.5.jar%23124!/:?]
	at MC-BOOTSTRAP/cpw.mods.modlauncher@11.0.5/cpw.mods.modlauncher.Launcher.main(Launcher.java:74) [modlauncher-11.0.5.jar%23124!/:?]
	at MC-BOOTSTRAP/cpw.mods.modlauncher@11.0.5/cpw.mods.modlauncher.BootstrapLaunchConsumer.accept(BootstrapLaunchConsumer.java:26) [modlauncher-11.0.5.jar%23124!/:?]
	at MC-BOOTSTRAP/cpw.mods.modlauncher@11.0.5/cpw.mods.modlauncher.BootstrapLaunchConsumer.accept(BootstrapLaunchConsumer.java:23) [modlauncher-11.0.5.jar%23124!/:?]
	at cpw.mods.bootstraplauncher@2.0.2/cpw.mods.bootstraplauncher.BootstrapLauncher.run(BootstrapLauncher.java:210) [bootstraplauncher-2.0.2.jar:?]
	at cpw.mods.bootstraplauncher@2.0.2/cpw.mods.bootstraplauncher.BootstrapLauncher.main(BootstrapLauncher.java:69) [bootstraplauncher-2.0.2.jar:?]
[11dic2025 14:06:24.256] [Render thread/WARN] [net.minecraft.client.renderer.texture.TextureManager/]: Failed to load texture: minecraft:textures/gui/title/background/panorama_2.png
java.nio.file.NoSuchFileException: /Users/joshua.morotti/.gradle/caches/minecraft/assets/objects/d7/d79ff13dd8ff2f7b8d497a7516db1bb2d86d2ab8
	at java.base/sun.nio.fs.UnixException.translateToIOException(UnixException.java:92) ~[?:?]
	at java.base/sun.nio.fs.UnixException.rethrowAsIOException(UnixException.java:106) ~[?:?]
	at java.base/sun.nio.fs.UnixException.rethrowAsIOException(UnixException.java:111) ~[?:?]
	at java.base/sun.nio.fs.UnixFileSystemProvider.newByteChannel(UnixFileSystemProvider.java:261) ~[?:?]
	at java.base/java.nio.file.Files.newByteChannel(Files.java:380) ~[?:?]
	at TRANSFORMER/minecraft@1.21.1/net.minecraft.server.packs.linkfs.LinkFSProvider.newByteChannel(LinkFSProvider.java:66) ~[neoforge-21.1.194.jar%23188!/:?]
	at java.base/java.nio.file.Files.newByteChannel(Files.java:380) ~[?:?]
	at java.base/java.nio.file.Files.newByteChannel(Files.java:432) ~[?:?]
	at java.base/java.nio.file.spi.FileSystemProvider.newInputStream(FileSystemProvider.java:420) ~[?:?]
	at java.base/java.nio.file.Files.newInputStream(Files.java:160) ~[?:?]
	at TRANSFORMER/minecraft@1.21.1/net.minecraft.server.packs.resources.IoSupplier.lambda$create$0(IoSupplier.java:13) ~[neoforge-21.1.194.jar%23188!/:?]
	at TRANSFORMER/minecraft@1.21.1/net.minecraft.server.packs.resources.Resource.open(Resource.java:46) ~[neoforge-21.1.194.jar%23188!/:?]
	at TRANSFORMER/minecraft@1.21.1/net.minecraft.client.renderer.texture.SimpleTexture$TextureImage.load(SimpleTexture.java:86) ~[neoforge-21.1.194.jar%23188!/:?]
	at TRANSFORMER/minecraft@1.21.1/net.minecraft.client.renderer.texture.SimpleTexture.getTextureImage(SimpleTexture.java:57) ~[neoforge-21.1.194.jar%23188!/:?]
	at TRANSFORMER/minecraft@1.21.1/net.minecraft.client.renderer.texture.SimpleTexture.load(SimpleTexture.java:30) ~[neoforge-21.1.194.jar%23188!/:?]
	at TRANSFORMER/minecraft@1.21.1/net.minecraft.client.renderer.texture.TextureManager.loadTexture(TextureManager.java:92) ~[neoforge-21.1.194.jar%23188!/:?]
	at TRANSFORMER/minecraft@1.21.1/net.minecraft.client.renderer.texture.TextureManager.register(TextureManager.java:63) ~[neoforge-21.1.194.jar%23188!/:?]
	at TRANSFORMER/minecraft@1.21.1/net.minecraft.client.renderer.texture.TextureManager.getTexture(TextureManager.java:113) ~[neoforge-21.1.194.jar%23188!/:?]
	at TRANSFORMER/minecraft@1.21.1/com.mojang.blaze3d.systems.RenderSystem._setShaderTexture(RenderSystem.java:725) ~[neoforge-21.1.194.jar%23188!/:?]
	at TRANSFORMER/minecraft@1.21.1/com.mojang.blaze3d.systems.RenderSystem.setShaderTexture(RenderSystem.java:718) ~[neoforge-21.1.194.jar%23188!/:?]
	at TRANSFORMER/minecraft@1.21.1/net.minecraft.client.renderer.CubeMap.render(CubeMap.java:57) ~[neoforge-21.1.194.jar%23188!/:?]
	at TRANSFORMER/minecraft@1.21.1/net.minecraft.client.renderer.PanoramaRenderer.render(PanoramaRenderer.java:31) ~[neoforge-21.1.194.jar%23188!/:?]
	at TRANSFORMER/minecraft@1.21.1/net.minecraft.client.gui.screens.TitleScreen.renderPanorama(TitleScreen.java:352) ~[neoforge-21.1.194.jar%23188!/:?]
	at TRANSFORMER/minecraft@1.21.1/net.minecraft.client.gui.screens.TitleScreen.render(TitleScreen.java:303) ~[neoforge-21.1.194.jar%23188!/:?]
	at TRANSFORMER/neoforge@21.1.194/net.neoforged.neoforge.client.loading.NeoForgeLoadingOverlay.render(NeoForgeLoadingOverlay.java:78) ~[neoforge-21.1.194.jar%23189!/:?]
	at TRANSFORMER/minecraft@1.21.1/net.minecraft.client.renderer.GameRenderer.render(GameRenderer.java:1087) ~[neoforge-21.1.194.jar%23188!/:?]
	at TRANSFORMER/minecraft@1.21.1/net.minecraft.client.Minecraft.runTick(Minecraft.java:1201) ~[neoforge-21.1.194.jar%23188!/:?]
	at TRANSFORMER/minecraft@1.21.1/net.minecraft.client.Minecraft.run(Minecraft.java:813) ~[neoforge-21.1.194.jar%23188!/:?]
	at TRANSFORMER/minecraft@1.21.1/net.minecraft.client.main.Main.main(Main.java:230) ~[neoforge-21.1.194.jar%23188!/:?]
	at java.base/jdk.internal.reflect.DirectMethodHandleAccessor.invoke(DirectMethodHandleAccessor.java:103) ~[?:?]
	at java.base/java.lang.reflect.Method.invoke(Method.java:580) ~[?:?]
	at MC-BOOTSTRAP/fml_loader@4.0.41/net.neoforged.fml.loading.targets.CommonLaunchHandler.runTarget(CommonLaunchHandler.java:136) ~[loader-4.0.41.jar%23142!/:4.0]
	at MC-BOOTSTRAP/fml_loader@4.0.41/net.neoforged.fml.loading.targets.CommonLaunchHandler.clientService(CommonLaunchHandler.java:124) ~[loader-4.0.41.jar%23142!/:4.0]
	at MC-BOOTSTRAP/fml_loader@4.0.41/net.neoforged.fml.loading.targets.NeoForgeClientDevLaunchHandler.runService(NeoForgeClientDevLaunchHandler.java:23) ~[loader-4.0.41.jar%23142!/:4.0]
	at MC-BOOTSTRAP/fml_loader@4.0.41/net.neoforged.fml.loading.targets.CommonLaunchHandler.lambda$launchService$4(CommonLaunchHandler.java:118) ~[loader-4.0.41.jar%23142!/:4.0]
	at MC-BOOTSTRAP/cpw.mods.modlauncher@11.0.5/cpw.mods.modlauncher.LaunchServiceHandlerDecorator.launch(LaunchServiceHandlerDecorator.java:30) [modlauncher-11.0.5.jar%23124!/:?]
	at MC-BOOTSTRAP/cpw.mods.modlauncher@11.0.5/cpw.mods.modlauncher.LaunchServiceHandler.launch(LaunchServiceHandler.java:53) [modlauncher-11.0.5.jar%23124!/:?]
	at MC-BOOTSTRAP/cpw.mods.modlauncher@11.0.5/cpw.mods.modlauncher.LaunchServiceHandler.launch(LaunchServiceHandler.java:71) [modlauncher-11.0.5.jar%23124!/:?]
	at MC-BOOTSTRAP/cpw.mods.modlauncher@11.0.5/cpw.mods.modlauncher.Launcher.run(Launcher.java:103) [modlauncher-11.0.5.jar%23124!/:?]
	at MC-BOOTSTRAP/cpw.mods.modlauncher@11.0.5/cpw.mods.modlauncher.Launcher.main(Launcher.java:74) [modlauncher-11.0.5.jar%23124!/:?]
	at MC-BOOTSTRAP/cpw.mods.modlauncher@11.0.5/cpw.mods.modlauncher.BootstrapLaunchConsumer.accept(BootstrapLaunchConsumer.java:26) [modlauncher-11.0.5.jar%23124!/:?]
	at MC-BOOTSTRAP/cpw.mods.modlauncher@11.0.5/cpw.mods.modlauncher.BootstrapLaunchConsumer.accept(BootstrapLaunchConsumer.java:23) [modlauncher-11.0.5.jar%23124!/:?]
	at cpw.mods.bootstraplauncher@2.0.2/cpw.mods.bootstraplauncher.BootstrapLauncher.run(BootstrapLauncher.java:210) [bootstraplauncher-2.0.2.jar:?]
	at cpw.mods.bootstraplauncher@2.0.2/cpw.mods.bootstraplauncher.BootstrapLauncher.main(BootstrapLauncher.java:69) [bootstraplauncher-2.0.2.jar:?]
[11dic2025 14:06:24.257] [Render thread/WARN] [net.minecraft.client.renderer.texture.TextureManager/]: Failed to load texture: minecraft:textures/gui/title/background/panorama_3.png
java.nio.file.NoSuchFileException: /Users/joshua.morotti/.gradle/caches/minecraft/assets/objects/b6/b6265425a2c765dd5fc286d5f355a812cad938e2
	at java.base/sun.nio.fs.UnixException.translateToIOException(UnixException.java:92) ~[?:?]
	at java.base/sun.nio.fs.UnixException.rethrowAsIOException(UnixException.java:106) ~[?:?]
	at java.base/sun.nio.fs.UnixException.rethrowAsIOException(UnixException.java:111) ~[?:?]
	at java.base/sun.nio.fs.UnixFileSystemProvider.newByteChannel(UnixFileSystemProvider.java:261) ~[?:?]
	at java.base/java.nio.file.Files.newByteChannel(Files.java:380) ~[?:?]
	at TRANSFORMER/minecraft@1.21.1/net.minecraft.server.packs.linkfs.LinkFSProvider.newByteChannel(LinkFSProvider.java:66) ~[neoforge-21.1.194.jar%23188!/:?]
	at java.base/java.nio.file.Files.newByteChannel(Files.java:380) ~[?:?]
	at java.base/java.nio.file.Files.newByteChannel(Files.java:432) ~[?:?]
	at java.base/java.nio.file.spi.FileSystemProvider.newInputStream(FileSystemProvider.java:420) ~[?:?]
	at java.base/java.nio.file.Files.newInputStream(Files.java:160) ~[?:?]
	at TRANSFORMER/minecraft@1.21.1/net.minecraft.server.packs.resources.IoSupplier.lambda$create$0(IoSupplier.java:13) ~[neoforge-21.1.194.jar%23188!/:?]
	at TRANSFORMER/minecraft@1.21.1/net.minecraft.server.packs.resources.Resource.open(Resource.java:46) ~[neoforge-21.1.194.jar%23188!/:?]
	at TRANSFORMER/minecraft@1.21.1/net.minecraft.client.renderer.texture.SimpleTexture$TextureImage.load(SimpleTexture.java:86) ~[neoforge-21.1.194.jar%23188!/:?]
	at TRANSFORMER/minecraft@1.21.1/net.minecraft.client.renderer.texture.SimpleTexture.getTextureImage(SimpleTexture.java:57) ~[neoforge-21.1.194.jar%23188!/:?]
	at TRANSFORMER/minecraft@1.21.1/net.minecraft.client.renderer.texture.SimpleTexture.load(SimpleTexture.java:30) ~[neoforge-21.1.194.jar%23188!/:?]
	at TRANSFORMER/minecraft@1.21.1/net.minecraft.client.renderer.texture.TextureManager.loadTexture(TextureManager.java:92) ~[neoforge-21.1.194.jar%23188!/:?]
	at TRANSFORMER/minecraft@1.21.1/net.minecraft.client.renderer.texture.TextureManager.register(TextureManager.java:63) ~[neoforge-21.1.194.jar%23188!/:?]
	at TRANSFORMER/minecraft@1.21.1/net.minecraft.client.renderer.texture.TextureManager.getTexture(TextureManager.java:113) ~[neoforge-21.1.194.jar%23188!/:?]
	at TRANSFORMER/minecraft@1.21.1/com.mojang.blaze3d.systems.RenderSystem._setShaderTexture(RenderSystem.java:725) ~[neoforge-21.1.194.jar%23188!/:?]
	at TRANSFORMER/minecraft@1.21.1/com.mojang.blaze3d.systems.RenderSystem.setShaderTexture(RenderSystem.java:718) ~[neoforge-21.1.194.jar%23188!/:?]
	at TRANSFORMER/minecraft@1.21.1/net.minecraft.client.renderer.CubeMap.render(CubeMap.java:57) ~[neoforge-21.1.194.jar%23188!/:?]
	at TRANSFORMER/minecraft@1.21.1/net.minecraft.client.renderer.PanoramaRenderer.render(PanoramaRenderer.java:31) ~[neoforge-21.1.194.jar%23188!/:?]
	at TRANSFORMER/minecraft@1.21.1/net.minecraft.client.gui.screens.TitleScreen.renderPanorama(TitleScreen.java:352) ~[neoforge-21.1.194.jar%23188!/:?]
	at TRANSFORMER/minecraft@1.21.1/net.minecraft.client.gui.screens.TitleScreen.render(TitleScreen.java:303) ~[neoforge-21.1.194.jar%23188!/:?]
	at TRANSFORMER/neoforge@21.1.194/net.neoforged.neoforge.client.loading.NeoForgeLoadingOverlay.render(NeoForgeLoadingOverlay.java:78) ~[neoforge-21.1.194.jar%23189!/:?]
	at TRANSFORMER/minecraft@1.21.1/net.minecraft.client.renderer.GameRenderer.render(GameRenderer.java:1087) ~[neoforge-21.1.194.jar%23188!/:?]
	at TRANSFORMER/minecraft@1.21.1/net.minecraft.client.Minecraft.runTick(Minecraft.java:1201) ~[neoforge-21.1.194.jar%23188!/:?]
	at TRANSFORMER/minecraft@1.21.1/net.minecraft.client.Minecraft.run(Minecraft.java:813) ~[neoforge-21.1.194.jar%23188!/:?]
	at TRANSFORMER/minecraft@1.21.1/net.minecraft.client.main.Main.main(Main.java:230) ~[neoforge-21.1.194.jar%23188!/:?]
	at java.base/jdk.internal.reflect.DirectMethodHandleAccessor.invoke(DirectMethodHandleAccessor.java:103) ~[?:?]
	at java.base/java.lang.reflect.Method.invoke(Method.java:580) ~[?:?]
	at MC-BOOTSTRAP/fml_loader@4.0.41/net.neoforged.fml.loading.targets.CommonLaunchHandler.runTarget(CommonLaunchHandler.java:136) ~[loader-4.0.41.jar%23142!/:4.0]
	at MC-BOOTSTRAP/fml_loader@4.0.41/net.neoforged.fml.loading.targets.CommonLaunchHandler.clientService(CommonLaunchHandler.java:124) ~[loader-4.0.41.jar%23142!/:4.0]
	at MC-BOOTSTRAP/fml_loader@4.0.41/net.neoforged.fml.loading.targets.NeoForgeClientDevLaunchHandler.runService(NeoForgeClientDevLaunchHandler.java:23) ~[loader-4.0.41.jar%23142!/:4.0]
	at MC-BOOTSTRAP/fml_loader@4.0.41/net.neoforged.fml.loading.targets.CommonLaunchHandler.lambda$launchService$4(CommonLaunchHandler.java:118) ~[loader-4.0.41.jar%23142!/:4.0]
	at MC-BOOTSTRAP/cpw.mods.modlauncher@11.0.5/cpw.mods.modlauncher.LaunchServiceHandlerDecorator.launch(LaunchServiceHandlerDecorator.java:30) [modlauncher-11.0.5.jar%23124!/:?]
	at MC-BOOTSTRAP/cpw.mods.modlauncher@11.0.5/cpw.mods.modlauncher.LaunchServiceHandler.launch(LaunchServiceHandler.java:53) [modlauncher-11.0.5.jar%23124!/:?]
	at MC-BOOTSTRAP/cpw.mods.modlauncher@11.0.5/cpw.mods.modlauncher.LaunchServiceHandler.launch(LaunchServiceHandler.java:71) [modlauncher-11.0.5.jar%23124!/:?]
	at MC-BOOTSTRAP/cpw.mods.modlauncher@11.0.5/cpw.mods.modlauncher.Launcher.run(Launcher.java:103) [modlauncher-11.0.5.jar%23124!/:?]
	at MC-BOOTSTRAP/cpw.mods.modlauncher@11.0.5/cpw.mods.modlauncher.Launcher.main(Launcher.java:74) [modlauncher-11.0.5.jar%23124!/:?]
	at MC-BOOTSTRAP/cpw.mods.modlauncher@11.0.5/cpw.mods.modlauncher.BootstrapLaunchConsumer.accept(BootstrapLaunchConsumer.java:26) [modlauncher-11.0.5.jar%23124!/:?]
	at MC-BOOTSTRAP/cpw.mods.modlauncher@11.0.5/cpw.mods.modlauncher.BootstrapLaunchConsumer.accept(BootstrapLaunchConsumer.java:23) [modlauncher-11.0.5.jar%23124!/:?]
	at cpw.mods.bootstraplauncher@2.0.2/cpw.mods.bootstraplauncher.BootstrapLauncher.run(BootstrapLauncher.java:210) [bootstraplauncher-2.0.2.jar:?]
	at cpw.mods.bootstraplauncher@2.0.2/cpw.mods.bootstraplauncher.BootstrapLauncher.main(BootstrapLauncher.java:69) [bootstraplauncher-2.0.2.jar:?]
[11dic2025 14:06:24.257] [Render thread/WARN] [net.minecraft.client.renderer.texture.TextureManager/]: Failed to load texture: minecraft:textures/gui/title/background/panorama_4.png
java.nio.file.NoSuchFileException: /Users/joshua.morotti/.gradle/caches/minecraft/assets/objects/ce/cec25b0246d77e6f1dcef0d051ccb328ba39227a
	at java.base/sun.nio.fs.UnixException.translateToIOException(UnixException.java:92) ~[?:?]
	at java.base/sun.nio.fs.UnixException.rethrowAsIOException(UnixException.java:106) ~[?:?]
	at java.base/sun.nio.fs.UnixException.rethrowAsIOException(UnixException.java:111) ~[?:?]
	at java.base/sun.nio.fs.UnixFileSystemProvider.newByteChannel(UnixFileSystemProvider.java:261) ~[?:?]
	at java.base/java.nio.file.Files.newByteChannel(Files.java:380) ~[?:?]
	at TRANSFORMER/minecraft@1.21.1/net.minecraft.server.packs.linkfs.LinkFSProvider.newByteChannel(LinkFSProvider.java:66) ~[neoforge-21.1.194.jar%23188!/:?]
	at java.base/java.nio.file.Files.newByteChannel(Files.java:380) ~[?:?]
	at java.base/java.nio.file.Files.newByteChannel(Files.java:432) ~[?:?]
	at java.base/java.nio.file.spi.FileSystemProvider.newInputStream(FileSystemProvider.java:420) ~[?:?]
	at java.base/java.nio.file.Files.newInputStream(Files.java:160) ~[?:?]
	at TRANSFORMER/minecraft@1.21.1/net.minecraft.server.packs.resources.IoSupplier.lambda$create$0(IoSupplier.java:13) ~[neoforge-21.1.194.jar%23188!/:?]
	at TRANSFORMER/minecraft@1.21.1/net.minecraft.server.packs.resources.Resource.open(Resource.java:46) ~[neoforge-21.1.194.jar%23188!/:?]
	at TRANSFORMER/minecraft@1.21.1/net.minecraft.client.renderer.texture.SimpleTexture$TextureImage.load(SimpleTexture.java:86) ~[neoforge-21.1.194.jar%23188!/:?]
	at TRANSFORMER/minecraft@1.21.1/net.minecraft.client.renderer.texture.SimpleTexture.getTextureImage(SimpleTexture.java:57) ~[neoforge-21.1.194.jar%23188!/:?]
	at TRANSFORMER/minecraft@1.21.1/net.minecraft.client.renderer.texture.SimpleTexture.load(SimpleTexture.java:30) ~[neoforge-21.1.194.jar%23188!/:?]
	at TRANSFORMER/minecraft@1.21.1/net.minecraft.client.renderer.texture.TextureManager.loadTexture(TextureManager.java:92) ~[neoforge-21.1.194.jar%23188!/:?]
	at TRANSFORMER/minecraft@1.21.1/net.minecraft.client.renderer.texture.TextureManager.register(TextureManager.java:63) ~[neoforge-21.1.194.jar%23188!/:?]
	at TRANSFORMER/minecraft@1.21.1/net.minecraft.client.renderer.texture.TextureManager.getTexture(TextureManager.java:113) ~[neoforge-21.1.194.jar%23188!/:?]
	at TRANSFORMER/minecraft@1.21.1/com.mojang.blaze3d.systems.RenderSystem._setShaderTexture(RenderSystem.java:725) ~[neoforge-21.1.194.jar%23188!/:?]
	at TRANSFORMER/minecraft@1.21.1/com.mojang.blaze3d.systems.RenderSystem.setShaderTexture(RenderSystem.java:718) ~[neoforge-21.1.194.jar%23188!/:?]
	at TRANSFORMER/minecraft@1.21.1/net.minecraft.client.renderer.CubeMap.render(CubeMap.java:57) ~[neoforge-21.1.194.jar%23188!/:?]
	at TRANSFORMER/minecraft@1.21.1/net.minecraft.client.renderer.PanoramaRenderer.render(PanoramaRenderer.java:31) ~[neoforge-21.1.194.jar%23188!/:?]
	at TRANSFORMER/minecraft@1.21.1/net.minecraft.client.gui.screens.TitleScreen.renderPanorama(TitleScreen.java:352) ~[neoforge-21.1.194.jar%23188!/:?]
	at TRANSFORMER/minecraft@1.21.1/net.minecraft.client.gui.screens.TitleScreen.render(TitleScreen.java:303) ~[neoforge-21.1.194.jar%23188!/:?]
	at TRANSFORMER/neoforge@21.1.194/net.neoforged.neoforge.client.loading.NeoForgeLoadingOverlay.render(NeoForgeLoadingOverlay.java:78) ~[neoforge-21.1.194.jar%23189!/:?]
	at TRANSFORMER/minecraft@1.21.1/net.minecraft.client.renderer.GameRenderer.render(GameRenderer.java:1087) ~[neoforge-21.1.194.jar%23188!/:?]
	at TRANSFORMER/minecraft@1.21.1/net.minecraft.client.Minecraft.runTick(Minecraft.java:1201) ~[neoforge-21.1.194.jar%23188!/:?]
	at TRANSFORMER/minecraft@1.21.1/net.minecraft.client.Minecraft.run(Minecraft.java:813) ~[neoforge-21.1.194.jar%23188!/:?]
	at TRANSFORMER/minecraft@1.21.1/net.minecraft.client.main.Main.main(Main.java:230) ~[neoforge-21.1.194.jar%23188!/:?]
	at java.base/jdk.internal.reflect.DirectMethodHandleAccessor.invoke(DirectMethodHandleAccessor.java:103) ~[?:?]
	at java.base/java.lang.reflect.Method.invoke(Method.java:580) ~[?:?]
	at MC-BOOTSTRAP/fml_loader@4.0.41/net.neoforged.fml.loading.targets.CommonLaunchHandler.runTarget(CommonLaunchHandler.java:136) ~[loader-4.0.41.jar%23142!/:4.0]
	at MC-BOOTSTRAP/fml_loader@4.0.41/net.neoforged.fml.loading.targets.CommonLaunchHandler.clientService(CommonLaunchHandler.java:124) ~[loader-4.0.41.jar%23142!/:4.0]
	at MC-BOOTSTRAP/fml_loader@4.0.41/net.neoforged.fml.loading.targets.NeoForgeClientDevLaunchHandler.runService(NeoForgeClientDevLaunchHandler.java:23) ~[loader-4.0.41.jar%23142!/:4.0]
	at MC-BOOTSTRAP/fml_loader@4.0.41/net.neoforged.fml.loading.targets.CommonLaunchHandler.lambda$launchService$4(CommonLaunchHandler.java:118) ~[loader-4.0.41.jar%23142!/:4.0]
	at MC-BOOTSTRAP/cpw.mods.modlauncher@11.0.5/cpw.mods.modlauncher.LaunchServiceHandlerDecorator.launch(LaunchServiceHandlerDecorator.java:30) [modlauncher-11.0.5.jar%23124!/:?]
	at MC-BOOTSTRAP/cpw.mods.modlauncher@11.0.5/cpw.mods.modlauncher.LaunchServiceHandler.launch(LaunchServiceHandler.java:53) [modlauncher-11.0.5.jar%23124!/:?]
	at MC-BOOTSTRAP/cpw.mods.modlauncher@11.0.5/cpw.mods.modlauncher.LaunchServiceHandler.launch(LaunchServiceHandler.java:71) [modlauncher-11.0.5.jar%23124!/:?]
	at MC-BOOTSTRAP/cpw.mods.modlauncher@11.0.5/cpw.mods.modlauncher.Launcher.run(Launcher.java:103) [modlauncher-11.0.5.jar%23124!/:?]
	at MC-BOOTSTRAP/cpw.mods.modlauncher@11.0.5/cpw.mods.modlauncher.Launcher.main(Launcher.java:74) [modlauncher-11.0.5.jar%23124!/:?]
	at MC-BOOTSTRAP/cpw.mods.modlauncher@11.0.5/cpw.mods.modlauncher.BootstrapLaunchConsumer.accept(BootstrapLaunchConsumer.java:26) [modlauncher-11.0.5.jar%23124!/:?]
	at MC-BOOTSTRAP/cpw.mods.modlauncher@11.0.5/cpw.mods.modlauncher.BootstrapLaunchConsumer.accept(BootstrapLaunchConsumer.java:23) [modlauncher-11.0.5.jar%23124!/:?]
	at cpw.mods.bootstraplauncher@2.0.2/cpw.mods.bootstraplauncher.BootstrapLauncher.run(BootstrapLauncher.java:210) [bootstraplauncher-2.0.2.jar:?]
	at cpw.mods.bootstraplauncher@2.0.2/cpw.mods.bootstraplauncher.BootstrapLauncher.main(BootstrapLauncher.java:69) [bootstraplauncher-2.0.2.jar:?]
[11dic2025 14:06:24.258] [Render thread/WARN] [net.minecraft.client.renderer.texture.TextureManager/]: Failed to load texture: minecraft:textures/gui/title/background/panorama_5.png
java.nio.file.NoSuchFileException: /Users/joshua.morotti/.gradle/caches/minecraft/assets/objects/74/74703134a27a57d2de96860bca55d447759c0edc
	at java.base/sun.nio.fs.UnixException.translateToIOException(UnixException.java:92) ~[?:?]
	at java.base/sun.nio.fs.UnixException.rethrowAsIOException(UnixException.java:106) ~[?:?]
	at java.base/sun.nio.fs.UnixException.rethrowAsIOException(UnixException.java:111) ~[?:?]
	at java.base/sun.nio.fs.UnixFileSystemProvider.newByteChannel(UnixFileSystemProvider.java:261) ~[?:?]
	at java.base/java.nio.file.Files.newByteChannel(Files.java:380) ~[?:?]
	at TRANSFORMER/minecraft@1.21.1/net.minecraft.server.packs.linkfs.LinkFSProvider.newByteChannel(LinkFSProvider.java:66) ~[neoforge-21.1.194.jar%23188!/:?]
	at java.base/java.nio.file.Files.newByteChannel(Files.java:380) ~[?:?]
	at java.base/java.nio.file.Files.newByteChannel(Files.java:432) ~[?:?]
	at java.base/java.nio.file.spi.FileSystemProvider.newInputStream(FileSystemProvider.java:420) ~[?:?]
	at java.base/java.nio.file.Files.newInputStream(Files.java:160) ~[?:?]
	at TRANSFORMER/minecraft@1.21.1/net.minecraft.server.packs.resources.IoSupplier.lambda$create$0(IoSupplier.java:13) ~[neoforge-21.1.194.jar%23188!/:?]
	at TRANSFORMER/minecraft@1.21.1/net.minecraft.server.packs.resources.Resource.open(Resource.java:46) ~[neoforge-21.1.194.jar%23188!/:?]
	at TRANSFORMER/minecraft@1.21.1/net.minecraft.client.renderer.texture.SimpleTexture$TextureImage.load(SimpleTexture.java:86) ~[neoforge-21.1.194.jar%23188!/:?]
	at TRANSFORMER/minecraft@1.21.1/net.minecraft.client.renderer.texture.SimpleTexture.getTextureImage(SimpleTexture.java:57) ~[neoforge-21.1.194.jar%23188!/:?]
	at TRANSFORMER/minecraft@1.21.1/net.minecraft.client.renderer.texture.SimpleTexture.load(SimpleTexture.java:30) ~[neoforge-21.1.194.jar%23188!/:?]
	at TRANSFORMER/minecraft@1.21.1/net.minecraft.client.renderer.texture.TextureManager.loadTexture(TextureManager.java:92) ~[neoforge-21.1.194.jar%23188!/:?]
	at TRANSFORMER/minecraft@1.21.1/net.minecraft.client.renderer.texture.TextureManager.register(TextureManager.java:63) ~[neoforge-21.1.194.jar%23188!/:?]
	at TRANSFORMER/minecraft@1.21.1/net.minecraft.client.renderer.texture.TextureManager.getTexture(TextureManager.java:113) ~[neoforge-21.1.194.jar%23188!/:?]
	at TRANSFORMER/minecraft@1.21.1/com.mojang.blaze3d.systems.RenderSystem._setShaderTexture(RenderSystem.java:725) ~[neoforge-21.1.194.jar%23188!/:?]
	at TRANSFORMER/minecraft@1.21.1/com.mojang.blaze3d.systems.RenderSystem.setShaderTexture(RenderSystem.java:718) ~[neoforge-21.1.194.jar%23188!/:?]
	at TRANSFORMER/minecraft@1.21.1/net.minecraft.client.renderer.CubeMap.render(CubeMap.java:57) ~[neoforge-21.1.194.jar%23188!/:?]
	at TRANSFORMER/minecraft@1.21.1/net.minecraft.client.renderer.PanoramaRenderer.render(PanoramaRenderer.java:31) ~[neoforge-21.1.194.jar%23188!/:?]
	at TRANSFORMER/minecraft@1.21.1/net.minecraft.client.gui.screens.TitleScreen.renderPanorama(TitleScreen.java:352) ~[neoforge-21.1.194.jar%23188!/:?]
	at TRANSFORMER/minecraft@1.21.1/net.minecraft.client.gui.screens.TitleScreen.render(TitleScreen.java:303) ~[neoforge-21.1.194.jar%23188!/:?]
	at TRANSFORMER/neoforge@21.1.194/net.neoforged.neoforge.client.loading.NeoForgeLoadingOverlay.render(NeoForgeLoadingOverlay.java:78) ~[neoforge-21.1.194.jar%23189!/:?]
	at TRANSFORMER/minecraft@1.21.1/net.minecraft.client.renderer.GameRenderer.render(GameRenderer.java:1087) ~[neoforge-21.1.194.jar%23188!/:?]
	at TRANSFORMER/minecraft@1.21.1/net.minecraft.client.Minecraft.runTick(Minecraft.java:1201) ~[neoforge-21.1.194.jar%23188!/:?]
	at TRANSFORMER/minecraft@1.21.1/net.minecraft.client.Minecraft.run(Minecraft.java:813) ~[neoforge-21.1.194.jar%23188!/:?]
	at TRANSFORMER/minecraft@1.21.1/net.minecraft.client.main.Main.main(Main.java:230) ~[neoforge-21.1.194.jar%23188!/:?]
	at java.base/jdk.internal.reflect.DirectMethodHandleAccessor.invoke(DirectMethodHandleAccessor.java:103) ~[?:?]
	at java.base/java.lang.reflect.Method.invoke(Method.java:580) ~[?:?]
	at MC-BOOTSTRAP/fml_loader@4.0.41/net.neoforged.fml.loading.targets.CommonLaunchHandler.runTarget(CommonLaunchHandler.java:136) ~[loader-4.0.41.jar%23142!/:4.0]
	at MC-BOOTSTRAP/fml_loader@4.0.41/net.neoforged.fml.loading.targets.CommonLaunchHandler.clientService(CommonLaunchHandler.java:124) ~[loader-4.0.41.jar%23142!/:4.0]
	at MC-BOOTSTRAP/fml_loader@4.0.41/net.neoforged.fml.loading.targets.NeoForgeClientDevLaunchHandler.runService(NeoForgeClientDevLaunchHandler.java:23) ~[loader-4.0.41.jar%23142!/:4.0]
	at MC-BOOTSTRAP/fml_loader@4.0.41/net.neoforged.fml.loading.targets.CommonLaunchHandler.lambda$launchService$4(CommonLaunchHandler.java:118) ~[loader-4.0.41.jar%23142!/:4.0]
	at MC-BOOTSTRAP/cpw.mods.modlauncher@11.0.5/cpw.mods.modlauncher.LaunchServiceHandlerDecorator.launch(LaunchServiceHandlerDecorator.java:30) [modlauncher-11.0.5.jar%23124!/:?]
	at MC-BOOTSTRAP/cpw.mods.modlauncher@11.0.5/cpw.mods.modlauncher.LaunchServiceHandler.launch(LaunchServiceHandler.java:53) [modlauncher-11.0.5.jar%23124!/:?]
	at MC-BOOTSTRAP/cpw.mods.modlauncher@11.0.5/cpw.mods.modlauncher.LaunchServiceHandler.launch(LaunchServiceHandler.java:71) [modlauncher-11.0.5.jar%23124!/:?]
	at MC-BOOTSTRAP/cpw.mods.modlauncher@11.0.5/cpw.mods.modlauncher.Launcher.run(Launcher.java:103) [modlauncher-11.0.5.jar%23124!/:?]
	at MC-BOOTSTRAP/cpw.mods.modlauncher@11.0.5/cpw.mods.modlauncher.Launcher.main(Launcher.java:74) [modlauncher-11.0.5.jar%23124!/:?]
	at MC-BOOTSTRAP/cpw.mods.modlauncher@11.0.5/cpw.mods.modlauncher.BootstrapLaunchConsumer.accept(BootstrapLaunchConsumer.java:26) [modlauncher-11.0.5.jar%23124!/:?]
	at MC-BOOTSTRAP/cpw.mods.modlauncher@11.0.5/cpw.mods.modlauncher.BootstrapLaunchConsumer.accept(BootstrapLaunchConsumer.java:23) [modlauncher-11.0.5.jar%23124!/:?]
	at cpw.mods.bootstraplauncher@2.0.2/cpw.mods.bootstraplauncher.BootstrapLauncher.run(BootstrapLauncher.java:210) [bootstraplauncher-2.0.2.jar:?]
	at cpw.mods.bootstraplauncher@2.0.2/cpw.mods.bootstraplauncher.BootstrapLauncher.main(BootstrapLauncher.java:69) [bootstraplauncher-2.0.2.jar:?]
[11dic2025 14:06:24.260] [Render thread/WARN] [net.minecraft.client.renderer.texture.TextureManager/]: Failed to load texture: minecraft:textures/gui/title/background/panorama_overlay.png
java.nio.file.NoSuchFileException: /Users/joshua.morotti/.gradle/caches/minecraft/assets/objects/9d/9dd32387135eefa7ab95996d52a5ca4cec8a3b30
	at java.base/sun.nio.fs.UnixException.translateToIOException(UnixException.java:92) ~[?:?]
	at java.base/sun.nio.fs.UnixException.rethrowAsIOException(UnixException.java:106) ~[?:?]
	at java.base/sun.nio.fs.UnixException.rethrowAsIOException(UnixException.java:111) ~[?:?]
	at java.base/sun.nio.fs.UnixFileSystemProvider.newByteChannel(UnixFileSystemProvider.java:261) ~[?:?]
	at java.base/java.nio.file.Files.newByteChannel(Files.java:380) ~[?:?]
	at TRANSFORMER/minecraft@1.21.1/net.minecraft.server.packs.linkfs.LinkFSProvider.newByteChannel(LinkFSProvider.java:66) ~[neoforge-21.1.194.jar%23188!/:?]
	at java.base/java.nio.file.Files.newByteChannel(Files.java:380) ~[?:?]
	at java.base/java.nio.file.Files.newByteChannel(Files.java:432) ~[?:?]
	at java.base/java.nio.file.spi.FileSystemProvider.newInputStream(FileSystemProvider.java:420) ~[?:?]
	at java.base/java.nio.file.Files.newInputStream(Files.java:160) ~[?:?]
	at TRANSFORMER/minecraft@1.21.1/net.minecraft.server.packs.resources.IoSupplier.lambda$create$0(IoSupplier.java:13) ~[neoforge-21.1.194.jar%23188!/:?]
	at TRANSFORMER/minecraft@1.21.1/net.minecraft.server.packs.resources.Resource.open(Resource.java:46) ~[neoforge-21.1.194.jar%23188!/:?]
	at TRANSFORMER/minecraft@1.21.1/net.minecraft.client.renderer.texture.SimpleTexture$TextureImage.load(SimpleTexture.java:86) ~[neoforge-21.1.194.jar%23188!/:?]
	at TRANSFORMER/minecraft@1.21.1/net.minecraft.client.renderer.texture.SimpleTexture.getTextureImage(SimpleTexture.java:57) ~[neoforge-21.1.194.jar%23188!/:?]
	at TRANSFORMER/minecraft@1.21.1/net.minecraft.client.renderer.texture.SimpleTexture.load(SimpleTexture.java:30) ~[neoforge-21.1.194.jar%23188!/:?]
	at TRANSFORMER/minecraft@1.21.1/net.minecraft.client.renderer.texture.TextureManager.loadTexture(TextureManager.java:92) ~[neoforge-21.1.194.jar%23188!/:?]
	at TRANSFORMER/minecraft@1.21.1/net.minecraft.client.renderer.texture.TextureManager.register(TextureManager.java:63) ~[neoforge-21.1.194.jar%23188!/:?]
	at TRANSFORMER/minecraft@1.21.1/net.minecraft.client.renderer.texture.TextureManager.getTexture(TextureManager.java:113) ~[neoforge-21.1.194.jar%23188!/:?]
	at TRANSFORMER/minecraft@1.21.1/com.mojang.blaze3d.systems.RenderSystem._setShaderTexture(RenderSystem.java:725) ~[neoforge-21.1.194.jar%23188!/:?]
	at TRANSFORMER/minecraft@1.21.1/com.mojang.blaze3d.systems.RenderSystem.setShaderTexture(RenderSystem.java:718) ~[neoforge-21.1.194.jar%23188!/:?]
	at TRANSFORMER/minecraft@1.21.1/net.minecraft.client.gui.GuiGraphics.innerBlit(GuiGraphics.java:965) ~[neoforge-21.1.194.jar%23188!/:?]
	at TRANSFORMER/minecraft@1.21.1/net.minecraft.client.gui.GuiGraphics.blit(GuiGraphics.java:923) ~[neoforge-21.1.194.jar%23188!/:?]
	at TRANSFORMER/minecraft@1.21.1/net.minecraft.client.gui.GuiGraphics.blit(GuiGraphics.java:865) ~[neoforge-21.1.194.jar%23188!/:?]
	at TRANSFORMER/minecraft@1.21.1/net.minecraft.client.renderer.PanoramaRenderer.render(PanoramaRenderer.java:34) ~[neoforge-21.1.194.jar%23188!/:?]
	at TRANSFORMER/minecraft@1.21.1/net.minecraft.client.gui.screens.TitleScreen.renderPanorama(TitleScreen.java:352) ~[neoforge-21.1.194.jar%23188!/:?]
	at TRANSFORMER/minecraft@1.21.1/net.minecraft.client.gui.screens.TitleScreen.render(TitleScreen.java:303) ~[neoforge-21.1.194.jar%23188!/:?]
	at TRANSFORMER/neoforge@21.1.194/net.neoforged.neoforge.client.loading.NeoForgeLoadingOverlay.render(NeoForgeLoadingOverlay.java:78) ~[neoforge-21.1.194.jar%23189!/:?]
	at TRANSFORMER/minecraft@1.21.1/net.minecraft.client.renderer.GameRenderer.render(GameRenderer.java:1087) ~[neoforge-21.1.194.jar%23188!/:?]
	at TRANSFORMER/minecraft@1.21.1/net.minecraft.client.Minecraft.runTick(Minecraft.java:1201) ~[neoforge-21.1.194.jar%23188!/:?]
	at TRANSFORMER/minecraft@1.21.1/net.minecraft.client.Minecraft.run(Minecraft.java:813) ~[neoforge-21.1.194.jar%23188!/:?]
	at TRANSFORMER/minecraft@1.21.1/net.minecraft.client.main.Main.main(Main.java:230) ~[neoforge-21.1.194.jar%23188!/:?]
	at java.base/jdk.internal.reflect.DirectMethodHandleAccessor.invoke(DirectMethodHandleAccessor.java:103) ~[?:?]
	at java.base/java.lang.reflect.Method.invoke(Method.java:580) ~[?:?]
	at MC-BOOTSTRAP/fml_loader@4.0.41/net.neoforged.fml.loading.targets.CommonLaunchHandler.runTarget(CommonLaunchHandler.java:136) ~[loader-4.0.41.jar%23142!/:4.0]
	at MC-BOOTSTRAP/fml_loader@4.0.41/net.neoforged.fml.loading.targets.CommonLaunchHandler.clientService(CommonLaunchHandler.java:124) ~[loader-4.0.41.jar%23142!/:4.0]
	at MC-BOOTSTRAP/fml_loader@4.0.41/net.neoforged.fml.loading.targets.NeoForgeClientDevLaunchHandler.runService(NeoForgeClientDevLaunchHandler.java:23) ~[loader-4.0.41.jar%23142!/:4.0]
	at MC-BOOTSTRAP/fml_loader@4.0.41/net.neoforged.fml.loading.targets.CommonLaunchHandler.lambda$launchService$4(CommonLaunchHandler.java:118) ~[loader-4.0.41.jar%23142!/:4.0]
	at MC-BOOTSTRAP/cpw.mods.modlauncher@11.0.5/cpw.mods.modlauncher.LaunchServiceHandlerDecorator.launch(LaunchServiceHandlerDecorator.java:30) [modlauncher-11.0.5.jar%23124!/:?]
	at MC-BOOTSTRAP/cpw.mods.modlauncher@11.0.5/cpw.mods.modlauncher.LaunchServiceHandler.launch(LaunchServiceHandler.java:53) [modlauncher-11.0.5.jar%23124!/:?]
	at MC-BOOTSTRAP/cpw.mods.modlauncher@11.0.5/cpw.mods.modlauncher.LaunchServiceHandler.launch(LaunchServiceHandler.java:71) [modlauncher-11.0.5.jar%23124!/:?]
	at MC-BOOTSTRAP/cpw.mods.modlauncher@11.0.5/cpw.mods.modlauncher.Launcher.run(Launcher.java:103) [modlauncher-11.0.5.jar%23124!/:?]
	at MC-BOOTSTRAP/cpw.mods.modlauncher@11.0.5/cpw.mods.modlauncher.Launcher.main(Launcher.java:74) [modlauncher-11.0.5.jar%23124!/:?]
	at MC-BOOTSTRAP/cpw.mods.modlauncher@11.0.5/cpw.mods.modlauncher.BootstrapLaunchConsumer.accept(BootstrapLaunchConsumer.java:26) [modlauncher-11.0.5.jar%23124!/:?]
	at MC-BOOTSTRAP/cpw.mods.modlauncher@11.0.5/cpw.mods.modlauncher.BootstrapLaunchConsumer.accept(BootstrapLaunchConsumer.java:23) [modlauncher-11.0.5.jar%23124!/:?]
	at cpw.mods.bootstraplauncher@2.0.2/cpw.mods.bootstraplauncher.BootstrapLauncher.run(BootstrapLauncher.java:210) [bootstraplauncher-2.0.2.jar:?]
	at cpw.mods.bootstraplauncher@2.0.2/cpw.mods.bootstraplauncher.BootstrapLauncher.main(BootstrapLauncher.java:69) [bootstraplauncher-2.0.2.jar:?]
[11dic2025 14:06:32.660] [Render thread/INFO] [KubeJS Server/]: Capturing errors for server scripts enabled
[11dic2025 14:06:32.676] [Render thread/INFO] [KubeJS Server/]: server_scripts:main.js#2: Hello, World! (Loaded server example script)
[11dic2025 14:06:32.677] [Render thread/INFO] [KubeJS Server/]: Loaded script server_scripts:main.js in 0.0 s
[11dic2025 14:06:32.678] [Render thread/INFO] [KubeJS Server/]: Loaded 1/1 KubeJS server scripts in 0.018 s with 0 errors and 0 warnings
[11dic2025 14:06:32.678] [Render thread/INFO] [KubeJS/]: Loaded 33 data packs: vanilla, KubeJS Virtual Resource Pack [Before Mods, data], mod_data, mod/rhino, mod/theoneprobe, mod/fabric_api_base, mod/ftbessentials, mod/supermartijn642configlib, mod/owo, mod/titanium, mod/jade, mod/geckolib, mod/jei, mod/kubejs, mod/supermartijn642corelib, mod/mekanism, mod/pipez, mod/neoforge, mod/architectury, mod/ftblibrary, mod/guideme, mod/mekanismgenerators, mod/fabric_screen_api_v1, mod/trashcans, mod/pipezretriever, mod/fabric_networking_api_v1, mod/athena, KubeJS Virtual Resource Pack [Internal, data], KubeJS Virtual Resource Pack [Registries, data], KubeJS Virtual Resource Pack [After Mods, data], KubeJS File Resource Pack [data], mod/glodium, KubeJS Virtual Resource Pack [Last, data]
[11dic2025 14:06:33.586] [Render thread/INFO] [net.minecraft.world.item.crafting.RecipeManager/]: Loaded 2929 recipes
[11dic2025 14:06:33.682] [Render thread/INFO] [net.minecraft.advancements.AdvancementTree/]: Loaded 1506 advancements
[11dic2025 14:06:34.143] [Render thread/INFO] [snownee.jade.Jade/]: LootTableMineableCollector took 3.726 ms
[11dic2025 14:06:34.193] [Server thread/INFO] [net.minecraft.client.server.IntegratedServer/]: Starting integrated minecraft server version 1.21.1
[11dic2025 14:06:34.194] [Server thread/INFO] [net.minecraft.server.MinecraftServer/]: Generating keypair
[11dic2025 14:06:34.364] [Server thread/INFO] [net.minecraft.server.MinecraftServer/]: Preparing start region for dimension minecraft:overworld
[11dic2025 14:06:34.365] [Server thread/INFO] [KubeJS Server/]: Capturing errors for server scripts disabled
[11dic2025 14:06:34.369] [Server thread/INFO] [KubeJS Server/]: Server resource reload complete!
[11dic2025 14:06:34.564] [progressListener/INFO] [net.minecraft.server.level.progress.LoggerChunkProgressListener/]: Preparing spawn area: 0%
[11dic2025 14:06:34.648] [Server thread/INFO] [net.neoforged.neoforge.server.permission.PermissionAPI/]: Successfully initialized permission handler neoforge:default_handler
[11dic2025 14:06:34.661] [progressListener/INFO] [net.minecraft.server.level.progress.LoggerChunkProgressListener/]: Time elapsed: 292 ms
[11dic2025 14:06:34.765] [Server thread/INFO] [net.minecraft.client.server.IntegratedServer/]: Changing view distance to 12, from 10
[11dic2025 14:06:34.765] [Server thread/INFO] [net.minecraft.client.server.IntegratedServer/]: Changing simulation distance to 12, from 0
[11dic2025 14:06:35.398] [Server thread/INFO] [net.minecraft.server.players.PlayerList/]: Dev[local:E:38deadf4] logged in with entity id 6 at (9.151399835433079, -59.125, 7.010135387982064)
[11dic2025 14:06:35.534] [Server thread/INFO] [net.minecraft.server.MinecraftServer/]: Dev joined the game
[11dic2025 14:06:35.762] [Render thread/INFO] [mezz.jei.core.util.LoggedTimer/]: Starting JEI...
[11dic2025 14:06:35.770] [Render thread/INFO] [mezz.jei.library.load.PluginCaller/]: Registering item subtypes...
[11dic2025 14:06:35.774] [Render thread/INFO] [mezz.jei.library.load.PluginCaller/]: Registering item subtypes took 4.304 milliseconds
[11dic2025 14:06:35.775] [Render thread/INFO] [mezz.jei.library.load.PluginCaller/]: Registering fluid subtypes...
[11dic2025 14:06:35.777] [Render thread/INFO] [mezz.jei.library.load.PluginCaller/]: Registering fluid subtypes took 1.897 milliseconds
[11dic2025 14:06:35.777] [Render thread/INFO] [mezz.jei.library.load.PluginCaller/]: Registering ingredients...
[11dic2025 14:06:35.865] [Render thread/WARN] [mezz.jei.library.plugins.vanilla.ingredients.ItemStackListFactory/]: Item Group has no display items and no search tab display items. Items from this group will be missing from the JEI ingredient list. K.KubeJS
[11dic2025 14:06:35.881] [Render thread/WARN] [mezz.jei.library.plugins.vanilla.ingredients.ItemStackListFactory/]: Item Group has no display items and no search tab display items. Items from this group will be missing from the JEI ingredient list. FTB Suite
[11dic2025 14:06:35.888] [Render thread/INFO] [mezz.jei.library.load.PluginCallerTimerRunnable/]: Registering ingredients: jei:minecraft took 108.3 milliseconds
[11dic2025 14:06:35.889] [Render thread/INFO] [mezz.jei.library.load.PluginCaller/]: Registering ingredients took 111.2 milliseconds
[11dic2025 14:06:35.889] [Render thread/INFO] [mezz.jei.library.load.PluginCaller/]: Registering extra ingredients...
[11dic2025 14:06:35.889] [Render thread/INFO] [mezz.jei.library.load.PluginCaller/]: Registering extra ingredients took 400.2 microseconds
[11dic2025 14:06:35.890] [Render thread/INFO] [mezz.jei.library.load.PluginCaller/]: Registering search ingredient aliases...
[11dic2025 14:06:35.897] [Render thread/INFO] [mezz.jei.library.load.PluginCaller/]: Registering search ingredient aliases took 7.155 milliseconds
[11dic2025 14:06:35.904] [Render thread/INFO] [mezz.jei.library.load.PluginCaller/]: Registering Mod Info...
[11dic2025 14:06:35.905] [Render thread/INFO] [mezz.jei.library.load.PluginCaller/]: Registering Mod Info took 615.8 microseconds
[11dic2025 14:06:35.918] [Render thread/INFO] [mezz.jei.library.load.PluginCaller/]: Registering categories...
[11dic2025 14:06:35.949] [Render thread/INFO] [mezz.jei.library.load.PluginCallerTimerRunnable/]: Registering categories: mekanism:jei_plugin took 23.47 milliseconds
[11dic2025 14:06:35.953] [Render thread/INFO] [mezz.jei.library.load.PluginCaller/]: Registering categories took 34.64 milliseconds
[11dic2025 14:06:35.953] [Render thread/INFO] [mezz.jei.library.load.PluginCaller/]: Registering vanilla category extensions...
[11dic2025 14:06:35.955] [Render thread/INFO] [mezz.jei.library.load.PluginCaller/]: Registering vanilla category extensions took 1.213 milliseconds
[11dic2025 14:06:35.955] [Render thread/INFO] [mezz.jei.library.load.PluginCaller/]: Registering recipe catalysts...
[11dic2025 14:06:35.956] [Render thread/INFO] [mezz.jei.library.load.PluginCaller/]: Registering recipe catalysts took 1.276 milliseconds
[11dic2025 14:06:35.956] [Render thread/INFO] [mezz.jei.core.util.LoggedTimer/]: Building recipe registry...
[11dic2025 14:06:35.967] [Render thread/INFO] [mezz.jei.core.util.LoggedTimer/]: Building recipe registry took 10.24 milliseconds
[11dic2025 14:06:35.967] [Render thread/INFO] [mezz.jei.library.load.PluginCaller/]: Registering advanced plugins...
[11dic2025 14:06:35.968] [Render thread/INFO] [mezz.jei.library.load.PluginCaller/]: Registering advanced plugins took 385.0 microseconds
[11dic2025 14:06:35.968] [Render thread/INFO] [mezz.jei.library.load.PluginCaller/]: Registering recipes...
[11dic2025 14:06:36.252] [Render thread/INFO] [mezz.jei.library.load.PluginCallerTimerRunnable/]: Registering recipes: jei:minecraft took 282.7 milliseconds
[11dic2025 14:06:36.288] [Render thread/INFO] [mezz.jei.library.load.PluginCallerTimerRunnable/]: Registering recipes: mekanism:jei_plugin took 34.91 milliseconds
[11dic2025 14:06:36.314] [Render thread/INFO] [mezz.jei.library.load.PluginCallerTimerRunnable/]: Registering recipes: jei:internal took 25.34 milliseconds
[11dic2025 14:06:36.314] [Render thread/INFO] [mezz.jei.library.load.PluginCaller/]: Registering recipes took 346.1 milliseconds
[11dic2025 14:06:36.318] [Render thread/INFO] [mezz.jei.library.load.PluginCaller/]: Registering recipes transfer handlers...
[11dic2025 14:06:36.320] [Render thread/INFO] [mezz.jei.library.load.PluginCaller/]: Registering recipes transfer handlers took 2.218 milliseconds
[11dic2025 14:06:36.323] [Render thread/INFO] [mezz.jei.core.util.LoggedTimer/]: Building runtime...
[11dic2025 14:06:36.339] [Render thread/INFO] [mezz.jei.library.load.PluginCaller/]: Registering gui handlers...
[11dic2025 14:06:36.344] [Render thread/INFO] [mezz.jei.library.load.PluginCaller/]: Registering gui handlers took 4.926 milliseconds
[11dic2025 14:06:36.346] [Render thread/INFO] [mezz.jei.library.load.PluginCaller/]: Registering Runtime...
[11dic2025 14:06:36.347] [Render thread/INFO] [mezz.jei.gui.startup.JeiGuiStarter/]: Starting JEI GUI
[11dic2025 14:06:36.347] [Render thread/INFO] [mezz.jei.core.util.LoggedTimer/]: Building ingredient list...
[11dic2025 14:06:36.367] [Render thread/INFO] [mezz.jei.core.util.LoggedTimer/]: Building ingredient list took 20.06 milliseconds
[11dic2025 14:06:36.367] [Render thread/INFO] [mezz.jei.core.util.LoggedTimer/]: Building ingredient filter...
[11dic2025 14:06:36.383] [Render thread/INFO] [mezz.jei.gui.ingredients.IngredientFilter/]: Adding 2330 ingredients
[11dic2025 14:06:36.578] [Render thread/INFO] [mezz.jei.gui.ingredients.IngredientFilter/]: Added 2330 ingredients
[11dic2025 14:06:36.579] [Render thread/INFO] [mezz.jei.core.util.LoggedTimer/]: Building ingredient filter took 211.7 milliseconds
[11dic2025 14:06:36.613] [Render thread/INFO] [mezz.jei.library.load.PluginCallerTimerRunnable/]: Registering Runtime: jei:neoforge_gui took 266.4 milliseconds
[11dic2025 14:06:36.613] [Render thread/INFO] [mezz.jei.library.load.PluginCaller/]: Registering Runtime took 267.0 milliseconds
[11dic2025 14:06:36.613] [Render thread/INFO] [mezz.jei.core.util.LoggedTimer/]: Building runtime took 290.0 milliseconds
[11dic2025 14:06:36.613] [Render thread/INFO] [mezz.jei.library.load.PluginCaller/]: Sending Runtime...
[11dic2025 14:06:36.614] [Render thread/INFO] [mezz.jei.library.load.PluginCaller/]: Sending Runtime took 581.6 microseconds
[11dic2025 14:06:36.614] [Render thread/INFO] [mezz.jei.core.util.LoggedTimer/]: Starting JEI took 851.2 milliseconds
[11dic2025 14:06:36.623] [Render thread/INFO] [FTB Library/]: config has been updated! server = false - clear any cached data etc. here
[11dic2025 14:06:36.623] [Render thread/INFO] [FTB Library/]: received server config settings for config: ftblibrary-server
[11dic2025 14:06:36.627] [Render thread/INFO] [snownee.jade.Jade/]: Received config from the server: 
[11dic2025 14:06:36.627] [Render thread/INFO] [net.minecraft.advancements.AdvancementTree/]: Loaded 23 advancements
[11dic2025 14:06:42.171] [Server thread/INFO] [net.minecraft.client.server.IntegratedServer/]: Saving and pausing game...
[11dic2025 14:06:42.183] [Server thread/INFO] [net.minecraft.server.MinecraftServer/]: Saving chunks for level 'ServerLevel[New World]'/minecraft:overworld
[11dic2025 14:06:42.191] [Server thread/INFO] [net.minecraft.server.MinecraftServer/]: Saving chunks for level 'ServerLevel[New World]'/minecraft:the_nether
[11dic2025 14:06:42.191] [Server thread/INFO] [net.minecraft.server.MinecraftServer/]: Saving chunks for level 'ServerLevel[New World]'/minecraft:the_end
[11dic2025 14:06:44.121] [Server thread/INFO] [net.minecraft.client.server.IntegratedServer/]: Saving and pausing game...
[11dic2025 14:06:44.125] [Server thread/INFO] [net.minecraft.server.MinecraftServer/]: Saving chunks for level 'ServerLevel[New World]'/minecraft:overworld
[11dic2025 14:06:44.127] [Server thread/INFO] [net.minecraft.server.MinecraftServer/]: Saving chunks for level 'ServerLevel[New World]'/minecraft:the_nether
[11dic2025 14:06:44.130] [Server thread/INFO] [net.minecraft.server.MinecraftServer/]: Saving chunks for level 'ServerLevel[New World]'/minecraft:the_end
[11dic2025 14:08:13.326] [Server thread/INFO] [net.minecraft.client.server.IntegratedServer/]: Saving and pausing game...
[11dic2025 14:08:13.334] [Server thread/INFO] [net.minecraft.server.MinecraftServer/]: Saving chunks for level 'ServerLevel[New World]'/minecraft:overworld
[11dic2025 14:08:13.336] [Server thread/INFO] [net.minecraft.server.MinecraftServer/]: Saving chunks for level 'ServerLevel[New World]'/minecraft:the_nether
[11dic2025 14:08:13.346] [Server thread/INFO] [net.minecraft.server.MinecraftServer/]: Saving chunks for level 'ServerLevel[New World]'/minecraft:the_end
[11dic2025 14:08:14.392] [Render thread/INFO] [mezz.jei.library.startup.JeiStarter/]: Stopping JEI
[11dic2025 14:08:14.392] [Render thread/INFO] [mezz.jei.library.load.PluginCaller/]: Sending Runtime Unavailable...
[11dic2025 14:08:14.393] [Render thread/INFO] [mezz.jei.neoforge.plugins.neoforge.NeoForgeGuiPlugin/]: Stopping JEI GUI
[11dic2025 14:08:14.395] [Render thread/INFO] [mezz.jei.library.load.PluginCaller/]: Sending Runtime Unavailable took 2.894 milliseconds
[11dic2025 14:08:14.431] [Server thread/INFO] [net.minecraft.server.network.ServerGamePacketListenerImpl/]: Dev lost connection: Disconnected
[11dic2025 14:08:14.431] [Server thread/INFO] [net.minecraft.server.MinecraftServer/]: Dev left the game
[11dic2025 14:08:14.440] [Server thread/INFO] [net.minecraft.server.network.ServerCommonPacketListenerImpl/]: Stopping singleplayer server as player logged out
[11dic2025 14:08:14.477] [Server thread/INFO] [net.minecraft.server.MinecraftServer/]: Stopping server
[11dic2025 14:08:14.477] [Server thread/INFO] [net.minecraft.server.MinecraftServer/]: Saving players
[11dic2025 14:08:14.477] [Server thread/INFO] [net.minecraft.server.MinecraftServer/]: Saving worlds
[11dic2025 14:08:14.654] [Server thread/INFO] [net.minecraft.server.MinecraftServer/]: Saving chunks for level 'ServerLevel[New World]'/minecraft:overworld
[11dic2025 14:08:14.704] [Server thread/INFO] [net.minecraft.server.MinecraftServer/]: Saving chunks for level 'ServerLevel[New World]'/minecraft:the_nether
[11dic2025 14:08:14.708] [Server thread/INFO] [net.minecraft.server.MinecraftServer/]: Saving chunks for level 'ServerLevel[New World]'/minecraft:the_end
[11dic2025 14:08:14.716] [Server thread/INFO] [net.minecraft.server.MinecraftServer/]: ThreadedAnvilChunkStorage (New World): All chunks are saved
[11dic2025 14:08:14.716] [Server thread/INFO] [net.minecraft.server.MinecraftServer/]: ThreadedAnvilChunkStorage (DIM-1): All chunks are saved
[11dic2025 14:08:14.716] [Server thread/INFO] [net.minecraft.server.MinecraftServer/]: ThreadedAnvilChunkStorage (DIM1): All chunks are saved
[11dic2025 14:08:14.716] [Server thread/INFO] [net.minecraft.server.MinecraftServer/]: ThreadedAnvilChunkStorage: All dimensions are saved
[11dic2025 14:08:14.736] [Server thread/INFO] [KubeJS/]: Closed KubeJS Virtual Resource Pack [Before Mods, data]
[11dic2025 14:08:14.736] [Server thread/INFO] [KubeJS/]: Closed KubeJS Virtual Resource Pack [Internal, data]
[11dic2025 14:08:14.736] [Server thread/INFO] [KubeJS/]: Closed KubeJS Virtual Resource Pack [Registries, data]
[11dic2025 14:08:14.736] [Server thread/INFO] [KubeJS/]: Closed KubeJS Virtual Resource Pack [After Mods, data]
[11dic2025 14:08:14.736] [Server thread/INFO] [KubeJS/]: Closed KubeJS Virtual Resource Pack [Last, data]
